Date;Time;Global_active_power;Global_reactive_power;Voltage;Global_intensity;Sub_metering_1;Sub_metering_2;Sub_metering_3;Temperature_C;Humidity_pct;Occupancy_Ratio
20/08/2025;11:00:00;2.128;0.427;238.86;8.91;0.0;0.0;55.0;31.6;48.1;0.67
20/08/2025;12:00:00;2.042;0.133;238.33;8.57;0.0;0.0;55.0;31.7;50.5;0.72
20/08/2025;13:00:00;2.096;0.119;242.48;8.64;0.0;0.0;55.0;33.7;41.1;0.73
20/08/2025;14:00:00;2.079;0.256;241.95;8.59;0.0;0.0;55.0;35.5;55.9;0.59
20/08/2025;15:00:00;2.194;0.418;239.32;9.17;0.0;0.0;55.0;33.0;43.7;0.6
20/08/2025;16:00:00;2.373;0.283;241.68;9.82;0.0;0.0;55.0;32.9;46.8;0.67
20/08/2025;17:00:00;2.866;0.574;239.27;11.98;0.0;0.0;55.0;35.1;46.8;0.67
20/08/2025;18:00:00;3.599;0.324;239.4;15.03;22.1;0.0;55.0;33.1;47.4;0.7
20/08/2025;19:00:00;3.67;0.208;244.35;15.02;23.5;0.0;55.0;30.2;47.0;0.24
20/08/2025;20:00:00;3.905;0.701;239.61;16.3;9.6;0.0;55.0;30.5;57.0;0.26
20/08/2025;21:00:00;3.629;0.568;238.86;15.19;4.0;0.0;55.0;27.7;57.0;0.28
20/08/2025;22:00:00;2.667;0.333;240.05;11.11;0.0;0.0;55.0;26.4;54.9;0.23
20/08/2025;23:00:00;1.993;0.386;234.5;8.5;0.0;0.0;55.0;26.3;51.4;0.33
21/08/2025;00:00:00;0.686;0.13;239.53;2.86;0.0;0.0;55.0;22.0;62.1;0.12
21/08/2025;01:00:00;0.749;0.079;240.71;3.11;0.0;0.0;55.0;21.5;54.9;0.12
21/08/2025;02:00:00;0.745;0.143;245.55;3.04;0.0;0.0;55.0;22.7;64.1;0.12
21/08/2025;03:00:00;0.693;0.075;240.26;2.89;0.0;0.0;55.0;21.9;57.5;0.12
21/08/2025;04:00:00;1.038;0.162;241.23;4.3;0.0;0.0;55.0;24.0;61.3;0.12
21/08/2025;05:00:00;0.825;0.068;240.97;3.43;0.0;0.0;55.0;22.7;55.7;0.12
21/08/2025;06:00:00;1.497;0.142;246.35;6.08;0.0;0.0;55.0;22.7;56.6;0.31
21/08/2025;07:00:00;2.853;0.36;242.81;11.75;0.0;3.4;55.0;28.1;58.1;0.29
21/08/2025;08:00:00;3.694;0.382;235.94;15.66;0.0;15.6;55.0;26.8;64.0;0.78
21/08/2025;09:00:00;3.214;0.231;243.44;13.2;0.0;10.3;55.0;28.5;59.4;0.68
21/08/2025;10:00:00;2.484;0.328;237.35;10.46;0.0;0.0;55.0;27.5;56.7;0.6
21/08/2025;11:00:00;1.983;0.272;238.17;8.33;0.0;0.0;55.0;30.1;53.3;0.68
21/08/2025;12:00:00;1.914;0.147;236.36;8.1;0.0;0.0;55.0;32.1;46.2;0.66
21/08/2025;13:00:00;1.906;0.152;245.1;7.77;0.0;0.0;55.0;31.0;51.1;0.65
21/08/2025;14:00:00;2.217;0.122;243.32;9.11;0.0;0.0;55.0;33.8;42.8;0.66
21/08/2025;15:00:00;1.895;0.105;243.45;7.78;0.0;0.0;55.0;32.5;50.3;0.63
21/08/2025;16:00:00;2.384;0.265;242.9;9.81;0.0;0.0;55.0;32.8;50.4;0.76
21/08/2025;17:00:00;2.805;0.21;241.93;11.59;0.0;0.0;55.0;31.8;39.1;0.76
21/08/2025;18:00:00;3.64;0.751;239.1;15.22;24.5;0.0;55.0;34.7;46.8;0.74
21/08/2025;19:00:00;3.645;0.306;240.58;15.15;9.3;0.0;55.0;30.9;51.8;0.25
21/08/2025;20:00:00;3.875;0.237;238.55;16.25;10.4;0.0;55.0;28.1;51.5;0.23
21/08/2025;21:00:00;3.661;0.435;237.62;15.41;4.1;0.0;55.0;29.6;52.5;0.24
21/08/2025;22:00:00;2.655;0.22;238.21;11.15;0.0;0.0;55.0;25.3;47.5;0.23
21/08/2025;23:00:00;5.773;0.349;246.59;23.41;0.0;0.0;55.0;26.2;49.6;0.23
22/08/2025;00:00:00;0.591;0.105;238.93;2.47;0.0;0.0;55.0;21.9;62.0;0.12
22/08/2025;01:00:00;2.952;0.427;242.8;12.16;0.0;0.0;55.0;22.1;56.7;0.12
22/08/2025;02:00:00;0.731;0.044;245.82;2.97;0.0;0.0;55.0;23.9;57.0;0.12
22/08/2025;03:00:00;0.866;0.112;242.19;3.57;0.0;0.0;55.0;24.5;52.1;0.12
22/08/2025;04:00:00;0.769;0.044;237.79;3.23;0.0;0.0;55.0;23.8;55.4;0.12
22/08/2025;05:00:00;1.017;0.112;237.94;4.28;0.0;0.0;55.0;23.9;43.8;0.12
22/08/2025;06:00:00;1.729;0.193;240.33;7.19;0.0;0.0;55.0;24.4;59.1;0.23
22/08/2025;07:00:00;2.365;0.449;246.32;9.6;0.0;11.4;55.0;23.7;64.5;0.31
22/08/2025;08:00:00;3.14;0.55;243.99;12.87;0.0;3.9;55.0;26.0;48.3;0.66
22/08/2025;09:00:00;3.182;0.644;241.5;13.18;0.0;3.7;55.0;27.7;47.5;0.69
22/08/2025;10:00:00;2.625;0.194;239.43;10.97;0.0;0.0;55.0;31.3;51.6;0.7
22/08/2025;11:00:00;2.119;0.298;241.06;8.79;0.0;0.0;55.0;31.4;56.6;0.73
22/08/2025;12:00:00;1.588;0.085;240.53;6.6;0.0;0.0;55.0;29.3;51.0;0.6
22/08/2025;13:00:00;1.888;0.359;240.51;7.85;0.0;0.0;55.0;33.2;41.7;0.75
22/08/2025;14:00:00;2.061;0.231;237.55;8.67;0.0;0.0;55.0;32.6;47.2;0.76
22/08/2025;15:00:00;1.877;0.116;237.5;7.91;0.0;0.0;55.0;32.4;43.3;0.63
22/08/2025;16:00:00;2.508;0.264;240.92;10.41;0.0;0.0;55.0;34.1;43.7;0.64
22/08/2025;17:00:00;2.993;0.296;236.75;12.64;0.0;0.0;55.0;34.3;45.5;0.74
22/08/2025;18:00:00;3.811;0.687;238.25;16.0;21.5;0.0;55.0;33.3;43.1;0.75
22/08/2025;19:00:00;3.626;0.259;240.08;15.1;10.5;0.0;55.0;29.6;46.8;0.23
22/08/2025;20:00:00;3.824;0.552;240.93;15.87;19.3;0.0;55.0;29.2;51.4;0.29
22/08/2025;21:00:00;3.399;0.629;243.12;13.98;12.9;0.0;55.0;28.9;52.4;0.33
22/08/2025;22:00:00;2.939;0.516;236.49;12.43;0.0;0.0;55.0;28.6;44.4;0.25
22/08/2025;23:00:00;1.773;0.371;236.5;7.5;0.0;0.0;55.0;25.2;56.2;0.33
23/08/2025;00:00:00;4.668;0.234;243.66;19.16;0.0;0.0;55.0;24.6;52.8;0.14
23/08/2025;01:00:00;0.944;0.104;244.69;3.86;0.0;0.0;55.0;22.4;60.1;0.14
23/08/2025;02:00:00;0.784;0.089;237.08;3.31;0.0;0.0;55.0;21.8;60.9;0.14
23/08/2025;03:00:00;0.974;0.054;237.63;4.1;0.0;0.0;55.0;24.6;52.0;0.14
23/08/2025;04:00:00;1.171;0.221;241.53;4.85;0.0;0.0;55.0;25.6;57.0;0.14
23/08/2025;05:00:00;1.256;0.21;240.14;5.23;0.0;0.0;55.0;24.0;51.1;0.14
23/08/2025;06:00:00;2.219;0.31;240.16;9.24;0.0;0.0;55.0;26.4;59.9;0.29
23/08/2025;07:00:00;2.821;0.335;237.81;11.86;0.0;15.6;55.0;26.4;49.3;0.35
23/08/2025;08:00:00;3.247;0.657;242.02;13.42;0.0;11.0;55.0;26.1;55.3;0.37
23/08/2025;09:00:00;2.944;0.28;239.34;12.3;0.0;12.8;55.0;28.9;50.3;0.3
23/08/2025;10:00:00;2.467;0.264;239.24;10.31;0.0;0.0;55.0;32.0;43.7;0.28
23/08/2025;11:00:00;1.784;0.378;236.83;7.53;0.0;0.0;55.0;30.8;54.2;0.27
23/08/2025;12:00:00;1.697;0.104;242.22;7.01;0.0;0.0;55.0;34.3;43.9;0.33
23/08/2025;13:00:00;1.39;0.254;238.99;5.81;0.0;0.0;55.0;28.8;42.9;0.39
23/08/2025;14:00:00;2.095;0.36;239.87;8.73;0.0;0.0;55.0;34.5;32.4;0.37
23/08/2025;15:00:00;1.928;0.392;243.33;7.92;0.0;0.0;55.0;33.5;43.2;0.31
23/08/2025;16:00:00;2.198;0.144;237.07;9.27;0.0;0.0;55.0;32.8;55.1;0.33
23/08/2025;17:00:00;2.621;0.563;239.76;10.93;0.0;0.0;55.0;32.9;54.4;0.29
23/08/2025;18:00:00;2.893;0.159;235.64;12.28;15.0;0.0;55.0;28.9;47.6;0.28
23/08/2025;19:00:00;4.062;0.436;238.53;17.03;14.0;0.0;55.0;30.6;48.1;0.32
23/08/2025;20:00:00;4.511;0.291;243.61;18.52;2.3;0.0;55.0;30.2;47.9;0.32
23/08/2025;21:00:00;3.944;0.231;235.68;16.73;2.9;0.0;55.0;30.6;43.2;0.33
23/08/2025;22:00:00;3.087;0.661;240.66;12.83;0.0;0.0;55.0;26.3;48.6;0.38
23/08/2025;23:00:00;1.813;0.312;244.49;7.41;0.0;0.0;55.0;24.7;59.6;0.34
24/08/2025;00:00:00;0.881;0.12;241.54;3.65;0.0;0.0;55.0;24.1;57.6;0.14
24/08/2025;01:00:00;1.051;0.072;238.37;4.41;0.0;0.0;55.0;25.4;55.4;0.14
24/08/2025;02:00:00;0.838;0.117;236.89;3.54;0.0;0.0;55.0;24.1;48.5;0.14
24/08/2025;03:00:00;1.063;0.111;234.6;4.53;0.0;0.0;55.0;22.6;56.8;0.14
24/08/2025;04:00:00;0.897;0.086;244.37;3.67;0.0;0.0;55.0;24.3;43.4;0.14
24/08/2025;05:00:00;1.098;0.17;238.82;4.6;0.0;0.0;55.0;24.2;59.2;0.14
24/08/2025;06:00:00;2.078;0.383;234.95;8.84;0.0;0.0;55.0;26.3;54.6;0.32
24/08/2025;07:00:00;2.654;0.333;237.14;11.19;0.0;18.4;55.0;24.8;47.8;0.33
24/08/2025;08:00:00;3.089;0.414;236.98;13.04;0.0;1.4;55.0;26.6;61.2;0.28
24/08/2025;09:00:00;2.869;0.461;238.61;12.02;0.0;19.4;55.0;27.8;43.2;0.35
24/08/2025;10:00:00;2.283;0.163;246.69;9.26;0.0;0.0;55.0;27.5;55.1;0.38
24/08/2025;11:00:00;1.811;0.346;242.58;7.47;0.0;0.0;55.0;31.3;52.1;0.28
24/08/2025;12:00:00;1.902;0.366;241.36;7.88;0.0;0.0;55.0;32.3;42.3;0.26
24/08/2025;13:00:00;1.704;0.242;243.35;7.0;0.0;0.0;55.0;32.7;48.0;0.35
24/08/2025;14:00:00;1.82;0.149;245.13;7.42;0.0;0.0;55.0;32.9;39.9;0.29
24/08/2025;15:00:00;1.8;0.243;241.48;7.46;0.0;0.0;55.0;31.3;35.2;0.34
24/08/2025;16:00:00;2.061;0.14;244.04;8.44;0.0;0.0;55.0;32.6;43.0;0.35
24/08/2025;17:00:00;2.483;0.446;238.21;10.42;0.0;0.0;55.0;32.2;45.6;0.3
24/08/2025;18:00:00;3.126;0.322;237.58;13.16;13.8;0.0;55.0;30.7;53.0;0.37
24/08/2025;19:00:00;4.159;0.428;237.11;17.54;3.5;0.0;55.0;30.7;50.2;0.33
24/08/2025;20:00:00;4.581;0.965;240.82;19.02;22.2;0.0;55.0;30.3;50.6;0.37
24/08/2025;21:00:00;3.971;0.483;232.64;17.07;13.9;0.0;55.0;31.2;44.4;0.36
24/08/2025;22:00:00;3.026;0.558;243.71;12.42;0.0;0.0;55.0;27.4;49.9;0.37
24/08/2025;23:00:00;2.0;0.317;238.62;8.38;0.0;0.0;55.0;26.3;48.7;0.26
25/08/2025;00:00:00;0.982;0.102;242.31;4.05;0.0;0.0;55.0;24.7;48.5;0.12
25/08/2025;01:00:00;0.657;0.047;236.1;2.78;0.0;0.0;55.0;21.2;54.5;0.12
25/08/2025;02:00:00;0.977;0.181;243.11;4.02;0.0;0.0;55.0;23.5;56.0;0.12
25/08/2025;03:00:00;0.775;0.139;243.87;3.18;0.0;0.0;55.0;23.5;52.8;0.12
25/08/2025;04:00:00;1.02;0.08;240.29;4.24;0.0;0.0;55.0;27.3;51.0;0.12
25/08/2025;05:00:00;1.025;0.095;241.48;4.25;0.0;0.0;55.0;23.8;58.9;0.12
25/08/2025;06:00:00;3.969;0.715;237.13;16.74;0.0;0.0;55.0;25.3;51.6;0.26
25/08/2025;07:00:00;2.62;0.569;240.13;10.91;0.0;1.0;55.0;25.8;47.1;0.26
25/08/2025;08:00:00;3.2;0.619;242.72;13.18;0.0;2.1;55.0;25.3;56.9;0.72
25/08/2025;09:00:00;3.308;0.55;239.15;13.83;0.0;17.2;55.0;30.1;51.6;0.71
25/08/2025;10:00:00;2.579;0.53;244.27;10.56;0.0;0.0;55.0;30.8;51.4;0.79
25/08/2025;11:00:00;2.109;0.208;235.01;8.98;0.0;0.0;55.0;32.1;51.9;0.62
25/08/2025;12:00:00;1.827;0.094;239.08;7.64;0.0;0.0;55.0;30.6;52.2;0.73
25/08/2025;13:00:00;2.128;0.222;234.62;9.07;0.0;0.0;55.0;34.8;46.7;0.74
25/08/2025;14:00:00;2.097;0.451;240.89;8.71;0.0;0.0;55.0;31.1;61.5;0.73
25/08/2025;15:00:00;2.068;0.413;239.4;8.64;0.0;0.0;55.0;34.3;40.6;0.58
25/08/2025;16:00:00;2.62;0.153;239.51;10.94;0.0;0.0;55.0;36.5;42.3;0.7
25/08/2025;17:00:00;2.825;0.382;242.07;11.67;0.0;0.0;55.0;31.2;54.2;0.69
25/08/2025;18:00:00;3.518;0.223;239.21;14.71;3.7;0.0;55.0;31.1;50.3;0.73
25/08/2025;19:00:00;3.907;0.719;247.86;15.76;3.7;0.0;55.0;31.0;53.4;0.23
25/08/2025;20:00:00;3.918;0.444;242.26;16.17;5.7;0.0;55.0;28.9;52.1;0.26
25/08/2025;21:00:00;3.278;0.672;240.08;13.65;21.8;0.0;55.0;26.1;60.4;0.27
25/08/2025;22:00:00;2.972;0.176;238.11;12.48;0.0;0.0;55.0;27.2;47.6;0.24
25/08/2025;23:00:00;1.911;0.334;237.45;8.05;0.0;0.0;55.0;24.3;61.7;0.31
26/08/2025;00:00:00;0.963;0.114;241.22;3.99;0.0;0.0;55.0;25.6;59.8;0.12
26/08/2025;01:00:00;0.758;0.072;238.53;3.18;0.0;0.0;55.0;22.7;50.2;0.12
26/08/2025;02:00:00;1.029;0.142;242.77;4.24;0.0;0.0;55.0;25.9;56.8;0.12
26/08/2025;03:00:00;0.692;0.092;239.77;2.89;0.0;0.0;55.0;22.2;56.4;0.12
26/08/2025;04:00:00;0.669;0.073;239.78;2.79;0.0;0.0;55.0;23.1;52.9;0.12
26/08/2025;05:00:00;1.397;0.224;240.32;5.81;0.0;0.0;55.0;25.3;44.7;0.12
26/08/2025;06:00:00;1.605;0.261;239.57;6.7;0.0;0.0;55.0;23.0;50.9;0.23
26/08/2025;07:00:00;2.646;0.167;240.78;10.99;0.0;16.6;55.0;26.2;57.0;0.31
26/08/2025;08:00:00;3.778;0.571;245.79;15.37;0.0;4.5;55.0;29.1;55.2;0.71
26/08/2025;09:00:00;2.824;0.482;241.51;11.69;0.0;2.7;55.0;26.0;52.6;0.68
26/08/2025;10:00:00;2.585;0.163;241.19;10.72;0.0;0.0;55.0;30.0;54.5;0.66
26/08/2025;11:00:00;4.252;0.689;242.2;17.56;0.0;0.0;55.0;31.3;54.1;0.7
26/08/2025;12:00:00;2.158;0.403;239.7;9.0;0.0;0.0;55.0;33.1;48.7;0.72
26/08/2025;13:00:00;1.858;0.356;237.3;7.83;0.0;0.0;55.0;30.9;46.1;0.64
26/08/2025;14:00:00;2.103;0.12;231.55;9.08;0.0;0.0;55.0;31.2;51.6;0.8
26/08/2025;15:00:00;2.343;0.395;234.26;10.0;0.0;0.0;55.0;34.2;49.5;0.64
26/08/2025;16:00:00;2.381;0.442;242.09;9.83;0.0;0.0;55.0;33.7;50.8;0.72
26/08/2025;17:00:00;3.074;0.361;241.03;12.76;0.0;0.0;55.0;33.1;52.2;0.76
26/08/2025;18:00:00;3.627;0.516;239.59;15.14;0.2;0.0;55.0;32.4;41.6;0.62
26/08/2025;19:00:00;3.613;0.344;246.61;14.65;7.7;0.0;55.0;29.9;48.0;0.26
26/08/2025;20:00:00;3.949;0.406;239.9;16.46;1.2;0.0;55.0;30.0;40.9;0.26
26/08/2025;21:00:00;3.501;0.474;233.39;15.0;15.6;0.0;55.0;28.8;55.1;0.26
26/08/2025;22:00:00;2.642;0.2;242.1;10.91;0.0;0.0;55.0;26.0;52.5;0.3
26/08/2025;23:00:00;2.029;0.229;243.25;8.34;0.0;0.0;55.0;28.7;53.6;0.28
27/08/2025;00:00:00;1.075;0.109;242.02;4.44;0.0;0.0;55.0;25.6;46.6;0.12
27/08/2025;01:00:00;0.472;0.043;243.29;1.94;0.0;0.0;55.0;22.3;63.6;0.12
27/08/2025;02:00:00;0.817;0.108;235.07;3.47;0.0;0.0;55.0;24.5;48.8;0.12
27/08/2025;03:00:00;0.697;0.134;240.27;2.9;0.0;0.0;55.0;21.9;60.7;0.12
27/08/2025;04:00:00;1.123;0.102;237.68;4.72;0.0;0.0;55.0;24.7;55.2;0.12
27/08/2025;05:00:00;1.178;0.191;241.46;4.88;0.0;0.0;55.0;25.8;52.8;0.12
27/08/2025;06:00:00;1.708;0.159;244.26;6.99;0.0;0.0;55.0;23.6;54.1;0.23
27/08/2025;07:00:00;2.704;0.201;238.97;11.32;0.0;19.1;55.0;27.3;49.3;0.31
27/08/2025;08:00:00;3.461;0.728;241.82;14.31;0.0;8.4;55.0;27.7;58.7;0.61
27/08/2025;09:00:00;3.16;0.498;237.55;13.3;0.0;2.0;55.0;29.6;50.8;0.58
27/08/2025;10:00:00;2.836;0.192;239.95;11.82;0.0;0.0;55.0;32.5;42.0;0.69
27/08/2025;11:00:00;1.989;0.313;238.56;8.34;0.0;0.0;55.0;30.5;48.1;0.66
27/08/2025;12:00:00;1.769;0.142;245.04;7.22;0.0;0.0;55.0;30.8;50.4;0.67
27/08/2025;13:00:00;2.031;0.408;236.98;8.57;0.0;0.0;55.0;31.4;53.8;0.78
27/08/2025;14:00:00;1.905;0.175;240.25;7.93;0.0;0.0;55.0;32.0;45.8;0.67
27/08/2025;15:00:00;2.107;0.394;243.83;8.64;0.0;0.0;55.0;33.3;45.1;0.61
27/08/2025;16:00:00;2.457;0.206;234.55;10.47;0.0;0.0;55.0;33.7;47.5;0.68
27/08/2025;17:00:00;3.076;0.446;241.21;12.75;0.0;0.0;55.0;33.1;52.3;0.78
27/08/2025;18:00:00;3.573;0.733;240.31;14.87;9.2;0.0;55.0;33.2;41.0;0.59
27/08/2025;19:00:00;3.619;0.363;238.09;15.2;8.6;0.0;55.0;30.9;52.2;0.23
27/08/2025;20:00:00;4.01;0.256;243.41;16.48;0.0;0.0;55.0;31.9;46.6;0.32
27/08/2025;21:00:00;3.697;0.532;244.8;15.1;22.0;0.0;55.0;28.0;50.4;0.26
27/08/2025;22:00:00;2.855;0.226;241.84;11.81;0.0;0.0;55.0;31.2;59.5;0.24
27/08/2025;23:00:00;1.969;0.342;239.17;8.23;0.0;0.0;55.0;26.8;52.0;0.28
28/08/2025;00:00:00;0.899;0.135;235.95;3.81;0.0;0.0;55.0;23.6;59.3;0.12
28/08/2025;01:00:00;0.929;0.101;240.5;3.86;0.0;0.0;55.0;22.5;60.0;0.12
28/08/2025;02:00:00;0.857;0.146;239.57;3.58;0.0;0.0;55.0;24.3;49.1;0.12
28/08/2025;03:00:00;0.791;0.072;239.74;3.3;0.0;0.0;55.0;23.1;46.7;0.12
28/08/2025;04:00:00;0.853;0.176;238.61;3.58;0.0;0.0;55.0;24.6;58.8;0.12
28/08/2025;05:00:00;1.177;0.128;238.36;4.94;0.0;0.0;55.0;24.8;49.2;0.12
28/08/2025;06:00:00;1.691;0.304;240.08;7.04;0.0;0.0;55.0;24.7;46.3;0.34
28/08/2025;07:00:00;2.359;0.222;236.55;9.97;0.0;16.8;55.0;24.6;59.8;0.25
28/08/2025;08:00:00;3.187;0.547;242.9;13.12;0.0;18.1;55.0;24.8;49.4;0.59
28/08/2025;09:00:00;3.054;0.169;237.86;12.84;0.0;12.4;55.0;27.7;48.4;0.76
28/08/2025;10:00:00;2.698;0.27;240.31;11.23;0.0;0.0;55.0;31.0;59.5;0.66
28/08/2025;11:00:00;2.096;0.138;239.09;8.77;0.0;0.0;55.0;31.2;41.1;0.67
28/08/2025;12:00:00;1.651;0.209;241.82;6.83;0.0;0.0;55.0;30.1;44.1;0.65
28/08/2025;13:00:00;2.209;0.274;241.67;9.14;0.0;0.0;55.0;33.0;45.7;0.72
28/08/2025;14:00:00;1.943;0.216;241.42;8.05;0.0;0.0;55.0;33.8;46.2;0.66
28/08/2025;15:00:00;1.974;0.428;236.73;8.34;0.0;0.0;55.0;32.1;44.3;0.66
28/08/2025;16:00:00;2.318;0.212;239.46;9.68;0.0;0.0;55.0;33.5;41.8;0.61
28/08/2025;17:00:00;2.98;0.55;244.49;12.19;0.0;0.0;55.0;32.8;55.7;0.73
28/08/2025;18:00:00;3.229;0.407;239.04;13.51;14.8;0.0;55.0;30.2;51.5;0.65
28/08/2025;19:00:00;3.665;0.392;242.94;15.09;2.3;0.0;55.0;31.4;52.2;0.27
28/08/2025;20:00:00;4.035;0.341;239.97;16.81;23.3;0.0;55.0;30.5;49.3;0.29
28/08/2025;21:00:00;3.638;0.574;239.13;15.21;18.7;0.0;55.0;30.0;51.8;0.27
28/08/2025;22:00:00;2.785;0.297;240.52;11.58;0.0;0.0;55.0;28.7;56.1;0.24
28/08/2025;23:00:00;1.805;0.34;237.67;7.59;0.0;0.0;55.0;23.8;50.4;0.28
29/08/2025;00:00:00;0.668;0.143;242.52;2.75;0.0;0.0;55.0;23.5;57.0;0.12
29/08/2025;01:00:00;0.716;0.063;237.61;3.01;0.0;0.0;55.0;24.8;58.0;0.12
29/08/2025;02:00:00;1.14;0.082;241.55;4.72;0.0;0.0;55.0;24.3;62.7;0.12
29/08/2025;03:00:00;0.889;0.092;243.02;3.66;0.0;0.0;55.0;24.2;64.8;0.12
29/08/2025;04:00:00;1.356;0.175;241.19;5.62;0.0;0.0;55.0;29.3;51.3;0.12
29/08/2025;05:00:00;1.079;0.109;238.41;4.53;0.0;0.0;55.0;24.9;60.2;0.12
29/08/2025;06:00:00;2.028;0.436;240.52;8.43;0.0;0.0;55.0;26.6;39.8;0.27
29/08/2025;07:00:00;2.646;0.483;237.94;11.12;0.0;19.5;55.0;27.3;60.3;0.3
29/08/2025;08:00:00;3.11;0.666;239.41;12.99;0.0;2.6;55.0;28.1;48.3;0.7
29/08/2025;09:00:00;2.938;0.333;238.53;12.32;0.0;12.0;55.0;27.9;50.9;0.61
29/08/2025;10:00:00;2.534;0.258;237.87;10.65;0.0;0.0;55.0;30.8;51.9;0.65
29/08/2025;11:00:00;2.003;0.239;241.77;8.29;0.0;0.0;55.0;29.7;49.8;0.7
29/08/2025;12:00:00;1.922;0.267;242.76;7.92;0.0;0.0;55.0;31.6;50.1;0.66
29/08/2025;13:00:00;1.848;0.325;242.95;7.61;0.0;0.0;55.0;32.0;56.7;0.64
29/08/2025;14:00:00;1.907;0.381;240.68;7.92;0.0;0.0;55.0;33.3;45.8;0.58
29/08/2025;15:00:00;2.452;0.316;244.11;10.04;0.0;0.0;55.0;36.9;39.5;0.74
29/08/2025;16:00:00;1.906;0.189;238.1;8.0;0.0;0.0;55.0;30.4;59.1;0.61
29/08/2025;17:00:00;2.725;0.284;243.6;11.19;0.0;0.0;55.0;33.8;50.0;0.76
29/08/2025;18:00:00;3.257;0.549;242.55;13.43;22.1;0.0;55.0;29.5;60.4;0.66
29/08/2025;19:00:00;3.721;0.545;240.11;15.5;5.2;0.0;55.0;30.2;54.6;0.31
29/08/2025;20:00:00;4.166;0.553;240.62;17.32;1.8;0.0;55.0;31.3;42.7;0.27
29/08/2025;21:00:00;3.531;0.298;242.9;14.54;15.5;0.0;55.0;28.5;54.8;0.3
29/08/2025;22:00:00;2.483;0.494;241.85;10.27;0.0;0.0;55.0;25.5;49.1;0.29
29/08/2025;23:00:00;1.621;0.296;240.73;6.73;0.0;0.0;55.0;24.8;54.6;0.27
30/08/2025;00:00:00;3.114;0.23;238.74;13.04;0.0;0.0;55.0;25.9;53.3;0.14
30/08/2025;01:00:00;0.838;0.094;237.41;3.53;0.0;0.0;55.0;23.0;47.9;0.14
30/08/2025;02:00:00;1.035;0.147;240.3;4.31;0.0;0.0;55.0;23.9;51.2;0.14
30/08/2025;03:00:00;0.842;0.107;236.8;3.55;0.0;0.0;55.0;23.5;66.7;0.14
30/08/2025;04:00:00;0.671;0.079;242.05;2.77;0.0;0.0;55.0;22.6;57.5;0.14
30/08/2025;05:00:00;1.307;0.225;235.03;5.56;0.0;0.0;55.0;27.3;51.7;0.14
30/08/2025;06:00:00;1.888;0.112;240.86;7.84;0.0;0.0;55.0;25.8;62.8;0.29
30/08/2025;07:00:00;2.549;0.332;239.22;10.65;0.0;16.2;55.0;22.9;54.1;0.34
30/08/2025;08:00:00;3.452;0.326;238.77;14.46;0.0;17.7;55.0;27.4;52.0;0.27
30/08/2025;09:00:00;3.133;0.202;239.23;13.1;0.0;0.1;55.0;27.4;57.4;0.37
30/08/2025;10:00:00;2.441;0.315;231.93;10.53;0.0;0.0;55.0;31.0;47.6;0.37
30/08/2025;11:00:00;1.793;0.142;238.76;7.51;0.0;0.0;55.0;29.7;46.9;0.34
30/08/2025;12:00:00;1.598;0.15;237.57;6.73;0.0;0.0;55.0;31.8;37.7;0.32
30/08/2025;13:00:00;1.633;0.222;237.61;6.87;0.0;0.0;55.0;33.5;42.9;0.38
30/08/2025;14:00:00;2.143;0.462;248.74;8.62;0.0;0.0;55.0;34.5;42.1;0.37
30/08/2025;15:00:00;1.473;0.245;236.11;6.24;0.0;0.0;55.0;31.6;49.9;0.32
30/08/2025;16:00:00;1.906;0.186;241.11;7.91;0.0;0.0;55.0;32.7;45.2;0.35
30/08/2025;17:00:00;2.815;0.324;237.77;11.84;0.0;0.0;55.0;32.0;59.6;0.33
30/08/2025;18:00:00;3.329;0.396;237.45;14.02;17.3;0.0;55.0;30.9;44.4;0.33
30/08/2025;19:00:00;4.164;0.317;236.23;17.63;19.0;0.0;55.0;33.5;54.6;0.3
30/08/2025;20:00:00;4.474;0.346;243.16;18.4;15.8;0.0;55.0;30.3;51.3;0.32
30/08/2025;21:00:00;6.001;0.451;243.37;24.66;9.2;0.0;55.0;26.5;57.2;0.26
30/08/2025;22:00:00;2.944;0.408;238.26;12.35;0.0;0.0;55.0;28.5;55.4;0.3
30/08/2025;23:00:00;2.315;0.381;242.55;9.54;0.0;0.0;55.0;29.1;40.0;0.35
31/08/2025;00:00:00;1.168;0.176;237.1;4.93;0.0;0.0;55.0;26.4;53.2;0.14
31/08/2025;01:00:00;0.612;0.132;238.88;2.56;0.0;0.0;55.0;21.8;55.7;0.14
31/08/2025;02:00:00;0.812;0.058;241.9;3.36;0.0;0.0;55.0;22.8;50.5;0.14
31/08/2025;03:00:00;1.153;0.251;237.2;4.86;0.0;0.0;55.0;25.3;56.5;0.14
31/08/2025;04:00:00;0.523;0.068;237.93;2.2;0.0;0.0;55.0;22.5;65.0;0.14
31/08/2025;05:00:00;1.168;0.102;240.07;4.86;0.0;0.0;55.0;24.7;41.3;0.14
31/08/2025;06:00:00;2.014;0.424;240.1;8.39;0.0;0.0;55.0;26.0;50.9;0.26
31/08/2025;07:00:00;2.476;0.321;236.98;10.45;0.0;3.7;55.0;24.5;48.6;0.29
31/08/2025;08:00:00;3.283;0.358;246.25;13.33;0.0;5.3;55.0;27.0;53.2;0.35
31/08/2025;09:00:00;2.742;0.237;237.64;11.54;0.0;7.1;55.0;23.5;53.9;0.3
31/08/2025;10:00:00;2.066;0.197;242.67;8.52;0.0;0.0;55.0;28.1;48.9;0.26
31/08/2025;11:00:00;1.677;0.363;241.67;6.94;0.0;0.0;55.0;30.5;53.4;0.37
31/08/2025;12:00:00;1.677;0.171;237.74;7.05;0.0;0.0;55.0;30.1;58.5;0.3
31/08/2025;13:00:00;1.931;0.417;241.3;8.0;0.0;0.0;55.0;35.2;59.6;0.26
31/08/2025;14:00:00;1.561;0.166;237.65;6.57;0.0;0.0;55.0;31.1;45.8;0.26
31/08/2025;15:00:00;1.803;0.161;240.2;7.51;0.0;0.0;55.0;32.7;39.1;0.29
31/08/2025;16:00:00;2.248;0.182;242.31;9.28;0.0;0.0;55.0;33.4;50.5;0.28
31/08/2025;17:00:00;2.887;0.347;238.44;12.11;0.0;0.0;55.0;34.9;54.5;0.36
31/08/2025;18:00:00;3.281;0.296;241.15;13.61;7.0;0.0;55.0;29.8;54.6;0.3
31/08/2025;19:00:00;4.196;0.707;238.39;17.6;13.5;0.0;55.0;32.6;56.3;0.36
31/08/2025;20:00:00;4.083;0.371;240.49;16.98;19.6;0.0;55.0;29.7;49.5;0.28
31/08/2025;21:00:00;3.862;0.742;240.3;16.07;13.6;0.0;55.0;26.9;49.8;0.32
31/08/2025;22:00:00;3.218;0.617;238.97;13.46;0.0;0.0;55.0;27.8;52.7;0.35
31/08/2025;23:00:00;2.116;0.209;234.87;9.01;0.0;0.0;55.0;26.2;51.8;0.34
01/09/2025;00:00:00;0.803;0.143;242.19;3.31;0.0;0.0;55.0;19.6;62.1;0.12
01/09/2025;01:00:00;0.656;0.128;245.57;2.67;0.0;0.0;55.0;19.8;63.4;0.12
01/09/2025;02:00:00;0.686;0.103;240.39;2.85;0.0;0.0;55.0;18.6;64.8;0.12
01/09/2025;03:00:00;0.913;0.103;238.28;3.83;0.0;0.0;55.0;19.2;61.6;0.12
01/09/2025;04:00:00;0.712;0.089;240.58;2.96;0.0;0.0;55.0;20.2;59.5;0.12
01/09/2025;05:00:00;0.901;0.166;243.21;3.71;0.0;0.0;55.0;22.0;60.7;0.12
01/09/2025;06:00:00;1.297;0.13;243.58;5.32;0.0;0.0;55.0;18.6;49.7;0.23
01/09/2025;07:00:00;2.538;0.271;242.55;10.47;0.0;5.8;55.0;24.7;55.7;0.25
01/09/2025;08:00:00;2.889;0.223;241.25;11.98;0.0;13.4;55.0;19.8;58.8;0.72
01/09/2025;09:00:00;2.76;0.325;241.89;11.41;0.0;1.9;55.0;23.8;56.4;0.7
01/09/2025;10:00:00;2.125;0.138;240.33;8.84;0.0;0.0;55.0;26.2;53.0;0.61
01/09/2025;11:00:00;1.76;0.184;237.32;7.41;0.0;0.0;55.0;26.9;55.0;0.72
01/09/2025;12:00:00;1.588;0.18;238.94;6.64;0.0;0.0;55.0;26.6;50.2;0.73
01/09/2025;13:00:00;1.592;0.149;239.1;6.66;0.0;0.0;55.0;28.0;57.6;0.63
01/09/2025;14:00:00;1.791;0.12;240.82;7.44;0.0;0.0;55.0;28.1;54.3;0.67
01/09/2025;15:00:00;1.898;0.263;235.06;8.08;0.0;0.0;55.0;28.1;52.7;0.65
01/09/2025;16:00:00;2.25;0.443;241.43;9.32;0.0;0.0;55.0;30.1;46.8;0.73
01/09/2025;17:00:00;2.724;0.292;234.36;11.62;0.0;0.0;55.0;28.9;55.4;0.76
01/09/2025;18:00:00;3.144;0.284;241.15;13.04;11.6;0.0;55.0;26.5;54.2;0.71
01/09/2025;19:00:00;3.545;0.349;243.28;14.57;7.5;0.0;55.0;27.8;48.3;0.26
01/09/2025;20:00:00;3.777;0.742;242.51;15.58;7.4;0.0;55.0;25.8;53.5;0.25
01/09/2025;21:00:00;3.126;0.437;237.49;13.16;5.7;0.0;55.0;25.2;57.4;0.27
01/09/2025;22:00:00;2.42;0.175;241.75;10.01;0.0;0.0;55.0;23.7;58.2;0.32
01/09/2025;23:00:00;3.733;0.637;241.97;15.43;0.0;0.0;55.0;20.3;60.6;0.27
02/09/2025;00:00:00;0.66;0.05;244.78;2.7;0.0;0.0;55.0;19.6;59.2;0.12
02/09/2025;01:00:00;0.778;0.047;241.02;3.23;0.0;0.0;55.0;20.8;62.9;0.12
02/09/2025;02:00:00;0.563;0.053;242.87;2.32;0.0;0.0;55.0;20.1;64.5;0.12
02/09/2025;03:00:00;0.763;0.06;238.78;3.2;0.0;0.0;55.0;19.0;62.9;0.12
02/09/2025;04:00:00;0.677;0.103;237.61;2.85;0.0;0.0;55.0;19.3;56.0;0.12
02/09/2025;05:00:00;0.898;0.119;242.42;3.7;0.0;0.0;55.0;21.6;51.8;0.12
02/09/2025;06:00:00;1.553;0.269;242.46;6.4;0.0;0.0;55.0;19.6;56.0;0.24
02/09/2025;07:00:00;2.528;0.346;238.22;10.61;0.0;9.9;55.0;22.3;66.3;0.32
02/09/2025;08:00:00;2.834;0.344;236.61;11.98;0.0;1.3;55.0;22.4;57.9;0.61
02/09/2025;09:00:00;2.727;0.38;240.35;11.35;0.0;7.1;55.0;23.7;66.1;0.7
02/09/2025;10:00:00;2.127;0.264;240.12;8.86;0.0;0.0;55.0;26.9;52.2;0.65
02/09/2025;11:00:00;1.83;0.103;240.65;7.6;0.0;0.0;55.0;27.7;50.9;0.77
02/09/2025;12:00:00;1.598;0.265;242.48;6.59;0.0;0.0;55.0;28.8;51.0;0.67
02/09/2025;13:00:00;1.945;0.415;242.88;8.01;0.0;0.0;55.0;30.3;49.7;0.8
02/09/2025;14:00:00;5.625;0.685;240.02;23.44;0.0;0.0;55.0;28.9;47.4;0.75
02/09/2025;15:00:00;2.022;0.247;237.21;8.52;0.0;0.0;55.0;30.0;44.6;0.73
02/09/2025;16:00:00;1.863;0.108;237.97;7.83;0.0;0.0;55.0;28.4;54.2;0.63
02/09/2025;17:00:00;2.489;0.501;238.33;10.44;0.0;0.0;55.0;28.8;56.6;0.59
02/09/2025;18:00:00;3.099;0.645;239.66;12.93;23.7;0.0;55.0;27.3;64.8;0.68
02/09/2025;19:00:00;3.415;0.643;238.56;14.32;3.1;0.0;55.0;26.6;50.9;0.31
02/09/2025;20:00:00;3.466;0.236;239.31;14.48;4.8;0.0;55.0;26.2;51.7;0.22
02/09/2025;21:00:00;3.067;0.623;240.21;12.77;14.2;0.0;55.0;22.8;52.3;0.23
02/09/2025;22:00:00;2.68;0.145;238.2;11.25;0.0;0.0;55.0;25.8;59.4;0.29
02/09/2025;23:00:00;1.661;0.209;240.9;6.9;0.0;0.0;55.0;20.0;62.5;0.3
03/09/2025;00:00:00;0.744;0.101;245.12;3.04;0.0;0.0;55.0;18.6;55.1;0.12
03/09/2025;01:00:00;0.779;0.149;239.53;3.25;0.0;0.0;55.0;21.4;52.8;0.12
03/09/2025;02:00:00;0.565;0.1;238.09;2.37;0.0;0.0;55.0;20.4;62.9;0.12
03/09/2025;03:00:00;0.677;0.126;240.86;2.81;0.0;0.0;55.0;19.9;60.4;0.12
03/09/2025;04:00:00;0.809;0.16;237.77;3.4;0.0;0.0;55.0;20.1;62.1;0.12
03/09/2025;05:00:00;0.907;0.119;239.59;3.79;0.0;0.0;55.0;19.7;54.3;0.12
03/09/2025;06:00:00;1.723;0.315;238.1;7.23;0.0;0.0;55.0;19.1;49.7;0.33
03/09/2025;07:00:00;2.234;0.138;237.0;9.43;0.0;1.4;55.0;21.6;52.7;0.23
03/09/2025;08:00:00;2.708;0.34;237.54;11.4;0.0;18.2;55.0;21.7;60.5;0.68
03/09/2025;09:00:00;2.933;0.162;238.15;12.31;0.0;15.4;55.0;25.5;64.6;0.64
03/09/2025;10:00:00;2.079;0.427;237.08;8.77;0.0;0.0;55.0;25.1;52.2;0.63
03/09/2025;11:00:00;1.474;0.314;243.58;6.05;0.0;0.0;55.0;25.3;65.6;0.73
03/09/2025;12:00:00;1.593;0.102;241.21;6.61;0.0;0.0;55.0;27.1;56.9;0.71
03/09/2025;13:00:00;1.639;0.23;242.64;6.75;0.0;0.0;55.0;28.9;44.3;0.78
03/09/2025;14:00:00;1.752;0.184;236.2;7.42;0.0;0.0;55.0;28.0;53.1;0.69
03/09/2025;15:00:00;1.666;0.18;239.18;6.97;0.0;0.0;55.0;27.8;56.5;0.62
03/09/2025;16:00:00;1.965;0.249;241.17;8.15;0.0;0.0;55.0;29.2;38.9;0.7
03/09/2025;17:00:00;2.527;0.18;244.63;10.33;0.0;0.0;55.0;28.7;54.7;0.6
03/09/2025;18:00:00;3.073;0.248;237.89;12.92;9.1;0.0;55.0;26.8;58.8;0.65
03/09/2025;19:00:00;3.281;0.486;236.4;13.88;12.2;0.0;55.0;25.8;55.8;0.25
03/09/2025;20:00:00;3.451;0.184;240.53;14.35;5.1;0.0;55.0;25.6;53.6;0.26
03/09/2025;21:00:00;2.961;0.45;238.11;12.44;7.3;0.0;55.0;21.8;56.1;0.32
03/09/2025;22:00:00;2.225;0.232;244.78;9.09;0.0;0.0;55.0;20.6;56.8;0.26
03/09/2025;23:00:00;1.75;0.335;241.52;7.24;0.0;0.0;55.0;20.4;52.2;0.31
04/09/2025;00:00:00;0.494;0.075;239.2;2.07;0.0;0.0;55.0;20.1;54.8;0.12
04/09/2025;01:00:00;0.69;0.118;239.21;2.89;0.0;0.0;55.0;20.1;56.2;0.12
04/09/2025;02:00:00;0.667;0.046;239.65;2.78;0.0;0.0;55.0;21.4;57.9;0.12
04/09/2025;03:00:00;0.827;0.079;234.89;3.52;0.0;0.0;55.0;20.3;55.4;0.12
04/09/2025;04:00:00;0.775;0.17;240.12;3.23;0.0;0.0;55.0;18.9;54.9;0.12
04/09/2025;05:00:00;4.804;0.594;238.64;20.13;0.0;0.0;55.0;19.6;62.5;0.12
04/09/2025;06:00:00;1.531;0.17;241.77;6.33;0.0;0.0;55.0;19.0;61.1;0.32
04/09/2025;07:00:00;2.132;0.423;237.49;8.98;0.0;2.8;55.0;21.5;54.5;0.3
04/09/2025;08:00:00;2.867;0.159;241.91;11.85;0.0;16.9;55.0;22.3;59.1;0.61
04/09/2025;09:00:00;2.811;0.396;241.52;11.64;0.0;4.7;55.0;24.5;52.5;0.6
04/09/2025;10:00:00;2.126;0.182;240.45;8.84;0.0;0.0;55.0;24.1;55.5;0.66
04/09/2025;11:00:00;1.731;0.195;243.51;7.11;0.0;0.0;55.0;27.3;57.5;0.65
04/09/2025;12:00:00;1.814;0.152;234.72;7.73;0.0;0.0;55.0;29.8;47.5;0.8
04/09/2025;13:00:00;1.497;0.084;241.24;6.2;0.0;0.0;55.0;28.2;46.0;0.65
04/09/2025;14:00:00;1.704;0.206;239.87;7.1;0.0;0.0;55.0;29.4;50.1;0.62
04/09/2025;15:00:00;2.008;0.37;239.79;8.38;0.0;0.0;55.0;30.0;43.6;0.8
04/09/2025;16:00:00;4.379;0.928;237.25;18.46;0.0;0.0;55.0;28.2;50.4;0.71
04/09/2025;17:00:00;2.511;0.392;236.02;10.64;0.0;0.0;55.0;28.7;50.1;0.69
04/09/2025;18:00:00;3.098;0.36;242.5;12.77;20.9;0.0;55.0;27.6;40.0;0.58
04/09/2025;19:00:00;3.272;0.592;242.21;13.51;12.2;0.0;55.0;26.6;55.7;0.23
04/09/2025;20:00:00;3.536;0.48;245.04;14.43;16.5;0.0;55.0;24.1;54.2;0.33
04/09/2025;21:00:00;3.242;0.365;245.5;13.21;6.8;0.0;55.0;24.0;61.1;0.32
04/09/2025;22:00:00;2.42;0.195;235.67;10.27;0.0;0.0;55.0;23.5;56.7;0.26
04/09/2025;23:00:00;1.747;0.324;239.57;7.29;0.0;0.0;55.0;23.7;59.1;0.25
05/09/2025;00:00:00;0.711;0.096;240.7;2.95;0.0;0.0;55.0;21.9;62.8;0.12
05/09/2025;01:00:00;0.826;0.177;242.69;3.4;0.0;0.0;55.0;22.9;55.4;0.12
05/09/2025;02:00:00;0.837;0.156;244.0;3.43;0.0;0.0;55.0;18.0;60.0;0.12
05/09/2025;03:00:00;0.431;0.052;237.12;1.82;0.0;0.0;55.0;20.3;50.3;0.12
05/09/2025;04:00:00;0.881;0.155;238.49;3.69;0.0;0.0;55.0;19.4;65.0;0.12
05/09/2025;05:00:00;0.811;0.103;243.84;3.32;0.0;0.0;55.0;23.0;55.3;0.12
05/09/2025;06:00:00;1.575;0.1;235.32;6.7;0.0;0.0;55.0;19.3;54.0;0.25
05/09/2025;07:00:00;2.578;0.355;236.99;10.88;0.0;0.5;55.0;20.2;61.9;0.32
05/09/2025;08:00:00;5.13;1.011;241.23;21.27;0.0;5.4;55.0;21.8;46.1;0.67
05/09/2025;09:00:00;2.696;0.527;245.75;10.97;0.0;7.1;55.0;20.8;55.6;0.79
05/09/2025;10:00:00;2.015;0.298;235.3;8.56;0.0;0.0;55.0;24.5;59.3;0.64
05/09/2025;11:00:00;1.762;0.202;240.17;7.34;0.0;0.0;55.0;25.4;51.9;0.71
05/09/2025;12:00:00;1.723;0.089;241.55;7.13;0.0;0.0;55.0;27.8;48.6;0.71
05/09/2025;13:00:00;1.626;0.167;244.12;6.66;0.0;0.0;55.0;28.8;49.2;0.68
05/09/2025;14:00:00;1.951;0.426;241.25;8.09;0.0;0.0;55.0;31.6;39.0;0.71
05/09/2025;15:00:00;1.703;0.295;234.84;7.25;0.0;0.0;55.0;30.4;53.6;0.57
05/09/2025;16:00:00;1.98;0.341;236.4;8.38;0.0;0.0;55.0;28.0;51.4;0.72
05/09/2025;17:00:00;2.287;0.41;243.84;9.38;0.0;0.0;55.0;27.0;51.5;0.66
05/09/2025;18:00:00;3.243;0.504;241.23;13.44;7.1;0.0;55.0;28.3;50.4;0.76
05/09/2025;19:00:00;3.179;0.476;236.85;13.42;8.4;0.0;55.0;24.5;54.9;0.32
05/09/2025;20:00:00;3.817;0.485;241.38;15.81;11.7;0.0;55.0;28.0;55.2;0.32
05/09/2025;21:00:00;3.335;0.418;240.86;13.85;5.6;0.0;55.0;25.8;53.5;0.28
05/09/2025;22:00:00;2.391;0.474;233.02;10.26;0.0;0.0;55.0;22.0;50.0;0.33
05/09/2025;23:00:00;1.627;0.19;234.12;6.95;0.0;0.0;55.0;18.9;62.1;0.23
06/09/2025;00:00:00;0.729;0.141;240.87;3.03;0.0;0.0;55.0;22.5;58.9;0.14
06/09/2025;01:00:00;0.616;0.119;245.7;2.51;0.0;0.0;55.0;19.5;59.8;0.14
06/09/2025;02:00:00;0.721;0.131;240.74;2.99;0.0;0.0;55.0;21.0;63.0;0.14
06/09/2025;03:00:00;0.697;0.039;233.14;2.99;0.0;0.0;55.0;16.6;61.3;0.14
06/09/2025;04:00:00;0.892;0.067;235.49;3.79;0.0;0.0;55.0;18.3;65.3;0.14
06/09/2025;05:00:00;1.129;0.117;241.75;4.67;0.0;0.0;55.0;19.7;65.7;0.14
06/09/2025;06:00:00;1.58;0.307;242.06;6.53;0.0;0.0;55.0;20.5;60.9;0.37
06/09/2025;07:00:00;2.6;0.516;239.46;10.86;0.0;16.2;55.0;20.8;54.0;0.33
06/09/2025;08:00:00;3.212;0.183;238.65;13.46;0.0;11.1;55.0;23.6;54.8;0.39
06/09/2025;09:00:00;2.417;0.254;242.22;9.98;0.0;10.3;55.0;22.4;62.7;0.36
06/09/2025;10:00:00;2.0;0.389;243.09;8.23;0.0;0.0;55.0;25.1;46.8;0.29
06/09/2025;11:00:00;1.594;0.147;241.94;6.59;0.0;0.0;55.0;26.7;51.1;0.29
06/09/2025;12:00:00;1.29;0.279;237.33;5.44;0.0;0.0;55.0;28.3;50.0;0.3
06/09/2025;13:00:00;1.473;0.196;242.52;6.07;0.0;0.0;55.0;29.4;46.6;0.37
06/09/2025;14:00:00;1.272;0.266;239.01;5.32;0.0;0.0;55.0;27.1;57.1;0.26
06/09/2025;15:00:00;1.399;0.172;238.32;5.87;0.0;0.0;55.0;26.7;54.9;0.28
06/09/2025;16:00:00;1.872;0.197;238.21;7.86;0.0;0.0;55.0;30.7;46.2;0.38
06/09/2025;17:00:00;4.692;0.524;240.06;19.54;0.0;0.0;55.0;28.8;54.4;0.34
06/09/2025;18:00:00;2.681;0.537;241.6;11.1;14.3;0.0;55.0;26.4;52.5;0.28
06/09/2025;19:00:00;4.069;0.432;234.34;17.36;14.9;0.0;55.0;28.8;46.9;0.28
06/09/2025;20:00:00;4.116;0.674;237.95;17.3;12.8;0.0;55.0;25.5;50.5;0.37
06/09/2025;21:00:00;3.665;0.476;238.71;15.35;9.1;0.0;55.0;25.8;56.0;0.38
06/09/2025;22:00:00;2.743;0.576;242.9;11.29;0.0;0.0;55.0;22.8;60.8;0.29
06/09/2025;23:00:00;1.864;0.144;237.57;7.84;0.0;0.0;55.0;24.6;52.3;0.31
07/09/2025;00:00:00;0.812;0.1;239.07;3.4;0.0;0.0;55.0;23.1;58.6;0.14
07/09/2025;01:00:00;0.739;0.053;242.27;3.05;0.0;0.0;55.0;19.3;66.9;0.14
07/09/2025;02:00:00;0.739;0.11;240.11;3.08;0.0;0.0;55.0;20.6;51.6;0.14
07/09/2025;03:00:00;0.618;0.073;244.29;2.53;0.0;0.0;55.0;20.0;60.2;0.14
07/09/2025;04:00:00;0.71;0.043;239.58;2.96;0.0;0.0;55.0;21.2;61.6;0.14
07/09/2025;05:00:00;1.006;0.196;245.27;4.1;0.0;0.0;55.0;18.2;59.3;0.14
07/09/2025;06:00:00;1.583;0.18;245.78;6.44;0.0;0.0;55.0;21.5;63.4;0.27
07/09/2025;07:00:00;2.658;0.356;241.28;11.02;0.0;7.9;55.0;23.1;66.9;0.35
07/09/2025;08:00:00;2.858;0.341;241.17;11.85;0.0;16.7;55.0;20.1;60.1;0.33
07/09/2025;09:00:00;2.692;0.358;241.57;11.15;0.0;10.7;55.0;22.2;55.5;0.37
07/09/2025;10:00:00;1.869;0.099;242.29;7.71;0.0;0.0;55.0;22.2;61.5;0.26
07/09/2025;11:00:00;1.468;0.277;240.35;6.11;0.0;0.0;55.0;26.1;57.7;0.37
07/09/2025;12:00:00;1.534;0.163;243.27;6.31;0.0;0.0;55.0;28.6;38.9;0.29
07/09/2025;13:00:00;1.55;0.268;241.4;6.42;0.0;0.0;55.0;30.6;49.9;0.34
07/09/2025;14:00:00;3.482;0.213;243.88;14.28;0.0;0.0;55.0;28.9;49.3;0.26
07/09/2025;15:00:00;1.7;0.236;235.93;7.21;0.0;0.0;55.0;31.4;51.2;0.34
07/09/2025;16:00:00;1.662;0.34;240.61;6.91;0.0;0.0;55.0;26.8;52.0;0.35
07/09/2025;17:00:00;1.864;0.219;242.84;7.68;0.0;0.0;55.0;25.8;53.4;0.3
07/09/2025;18:00:00;3.081;0.257;236.8;13.01;2.7;0.0;55.0;27.5;48.1;0.28
07/09/2025;19:00:00;3.815;0.255;241.21;15.82;24.8;0.0;55.0;27.1;56.4;0.33
07/09/2025;20:00:00;4.149;0.813;241.7;17.17;7.7;0.0;55.0;25.2;62.5;0.37
07/09/2025;21:00:00;3.448;0.312;244.84;14.08;0.8;0.0;55.0;20.9;53.4;0.3
07/09/2025;22:00:00;2.634;0.568;239.05;11.02;0.0;0.0;55.0;22.6;49.4;0.29
07/09/2025;23:00:00;1.724;0.159;240.59;7.17;0.0;0.0;55.0;19.5;58.9;0.29
08/09/2025;00:00:00;0.879;0.116;238.44;3.69;0.0;0.0;55.0;21.5;57.1;0.12
08/09/2025;01:00:00;0.956;0.122;239.61;3.99;0.0;0.0;55.0;20.2;64.1;0.12
08/09/2025;02:00:00;0.656;0.04;244.53;2.68;0.0;0.0;55.0;17.8;54.0;0.12
08/09/2025;03:00:00;0.828;0.116;239.92;3.45;0.0;0.0;55.0;18.2;57.1;0.12
08/09/2025;04:00:00;2.863;0.47;238.01;12.03;0.0;0.0;55.0;17.6;49.6;0.12
08/09/2025;05:00:00;0.869;0.153;239.49;3.63;0.0;0.0;55.0;19.6;65.6;0.12
08/09/2025;06:00:00;1.564;0.217;238.55;6.56;0.0;0.0;55.0;21.9;58.1;0.34
08/09/2025;07:00:00;2.358;0.444;238.76;9.88;0.0;2.3;55.0;20.0;56.1;0.29
08/09/2025;08:00:00;2.906;0.517;238.49;12.19;0.0;2.3;55.0;23.5;49.0;0.65
08/09/2025;09:00:00;2.905;0.241;238.6;12.17;0.0;0.2;55.0;23.2;49.7;0.73
08/09/2025;10:00:00;2.199;0.26;236.68;9.29;0.0;0.0;55.0;24.1;57.2;0.72
08/09/2025;11:00:00;1.831;0.136;240.19;7.62;0.0;0.0;55.0;26.3;47.8;0.7
08/09/2025;12:00:00;1.435;0.104;237.26;6.05;0.0;0.0;55.0;26.0;54.1;0.62
08/09/2025;13:00:00;1.604;0.274;243.2;6.6;0.0;0.0;55.0;27.5;62.6;0.57
08/09/2025;14:00:00;1.253;0.176;239.13;5.24;0.0;0.0;55.0;27.0;51.0;0.72
08/09/2025;15:00:00;2.068;0.315;241.14;8.57;0.0;0.0;55.0;31.9;44.0;0.64
08/09/2025;16:00:00;2.097;0.366;241.15;8.7;0.0;0.0;55.0;28.9;53.2;0.74
08/09/2025;17:00:00;2.102;0.204;234.86;8.95;0.0;0.0;55.0;27.3;46.4;0.62
08/09/2025;18:00:00;3.189;0.377;239.25;13.33;9.5;0.0;55.0;27.9;60.7;0.69
08/09/2025;19:00:00;3.473;0.532;244.81;14.19;21.5;0.0;55.0;26.3;60.4;0.31
08/09/2025;20:00:00;3.325;0.221;237.83;13.98;18.9;0.0;55.0;25.0;53.6;0.26
08/09/2025;21:00:00;3.15;0.604;246.36;12.79;0.5;0.0;55.0;24.9;50.0;0.32
08/09/2025;22:00:00;6.521;0.707;241.52;27.0;0.0;0.0;55.0;23.8;53.2;0.26
08/09/2025;23:00:00;1.638;0.265;241.45;6.78;0.0;0.0;55.0;20.7;56.4;0.31
09/09/2025;00:00:00;0.813;0.178;240.67;3.38;0.0;0.0;55.0;19.6;60.6;0.12
09/09/2025;01:00:00;0.831;0.109;242.93;3.42;0.0;0.0;55.0;19.3;64.2;0.12
09/09/2025;02:00:00;0.744;0.064;243.08;3.06;0.0;0.0;55.0;15.7;56.6;0.12
09/09/2025;03:00:00;0.825;0.072;239.95;3.44;0.0;0.0;55.0;16.7;66.1;0.12
09/09/2025;04:00:00;0.494;0.03;238.8;2.07;0.0;0.0;55.0;21.2;60.5;0.12
09/09/2025;05:00:00;0.923;0.166;236.01;3.91;0.0;0.0;55.0;22.1;54.2;0.12
09/09/2025;06:00:00;1.152;0.115;242.28;4.76;0.0;0.0;55.0;20.1;52.9;0.23
09/09/2025;07:00:00;2.121;0.168;240.18;8.83;0.0;12.8;55.0;22.4;57.1;0.32
09/09/2025;08:00:00;3.003;0.514;237.64;12.63;0.0;8.0;55.0;23.2;50.6;0.72
09/09/2025;09:00:00;3.018;0.309;238.37;12.66;0.0;1.3;55.0;28.6;56.6;0.66
09/09/2025;10:00:00;2.199;0.334;239.81;9.17;0.0;0.0;55.0;27.0;47.2;0.57
09/09/2025;11:00:00;1.811;0.219;237.25;7.63;0.0;0.0;55.0;26.3;56.1;0.78
09/09/2025;12:00:00;1.569;0.168;240.14;6.53;0.0;0.0;55.0;26.1;53.1;0.72
09/09/2025;13:00:00;1.471;0.196;235.46;6.25;0.0;0.0;55.0;25.9;50.9;0.65
09/09/2025;14:00:00;1.821;0.188;238.51;7.63;0.0;0.0;55.0;29.1;50.6;0.73
09/09/2025;15:00:00;1.57;0.311;236.75;6.63;0.0;0.0;55.0;27.9;57.5;0.63
09/09/2025;16:00:00;1.76;0.11;240.56;7.32;0.0;0.0;55.0;26.7;47.1;0.67
09/09/2025;17:00:00;2.47;0.136;237.26;10.41;0.0;0.0;55.0;27.4;50.5;0.79
09/09/2025;18:00:00;3.045;0.363;238.43;12.77;1.1;0.0;55.0;25.9;49.9;0.77
09/09/2025;19:00:00;3.459;0.275;246.33;14.04;23.4;0.0;55.0;29.0;51.0;0.28
09/09/2025;20:00:00;3.854;0.68;242.42;15.9;20.6;0.0;55.0;26.6;49.7;0.32
09/09/2025;21:00:00;3.269;0.36;241.68;13.53;9.9;0.0;55.0;24.0;46.4;0.27
09/09/2025;22:00:00;2.447;0.231;243.63;10.05;0.0;0.0;55.0;24.9;49.2;0.25
09/09/2025;23:00:00;1.657;0.184;241.43;6.86;0.0;0.0;55.0;21.6;65.3;0.34
10/09/2025;00:00:00;0.937;0.082;236.07;3.97;0.0;0.0;55.0;19.2;60.3;0.12
10/09/2025;01:00:00;0.715;0.072;236.31;3.03;0.0;0.0;55.0;22.0;57.9;0.12
10/09/2025;02:00:00;0.744;0.109;232.41;3.2;0.0;0.0;55.0;20.0;57.0;0.12
10/09/2025;03:00:00;0.63;0.124;240.57;2.62;0.0;0.0;55.0;17.4;60.2;0.12
10/09/2025;04:00:00;0.71;0.08;237.03;2.99;0.0;0.0;55.0;18.9;57.1;0.12
10/09/2025;05:00:00;1.121;0.117;238.4;4.7;0.0;0.0;55.0;18.4;62.3;0.12
10/09/2025;06:00:00;1.579;0.289;239.1;6.6;0.0;0.0;55.0;18.4;60.2;0.28
10/09/2025;07:00:00;2.28;0.123;238.3;9.57;0.0;9.6;55.0;22.9;50.2;0.22
10/09/2025;08:00:00;3.209;0.325;239.9;13.38;0.0;19.0;55.0;25.6;55.2;0.65
10/09/2025;09:00:00;2.906;0.369;239.21;12.15;0.0;2.4;55.0;21.9;44.6;0.7
10/09/2025;10:00:00;2.185;0.332;238.93;9.14;0.0;0.0;55.0;26.1;55.6;0.64
10/09/2025;11:00:00;1.567;0.12;235.67;6.65;0.0;0.0;55.0;25.5;46.9;0.68
10/09/2025;12:00:00;1.556;0.192;240.68;6.47;0.0;0.0;55.0;26.8;52.5;0.75
10/09/2025;13:00:00;1.626;0.238;246.09;6.61;0.0;0.0;55.0;27.4;46.5;0.61
10/09/2025;14:00:00;1.487;0.203;240.77;6.18;0.0;0.0;55.0;27.5;52.4;0.73
10/09/2025;15:00:00;1.864;0.275;246.35;7.57;0.0;0.0;55.0;29.1;54.0;0.67
10/09/2025;16:00:00;4.025;0.654;238.41;16.88;0.0;0.0;55.0;27.6;59.8;0.66
10/09/2025;17:00:00;2.307;0.264;239.29;9.64;0.0;0.0;55.0;28.7;43.7;0.72
10/09/2025;18:00:00;2.971;0.181;239.94;12.38;22.0;0.0;55.0;27.5;57.3;0.67
10/09/2025;19:00:00;3.371;0.2;239.52;14.07;14.2;0.0;55.0;26.1;54.1;0.29
10/09/2025;20:00:00;3.627;0.711;243.26;14.91;17.6;0.0;55.0;23.9;53.0;0.26
10/09/2025;21:00:00;3.211;0.53;233.87;13.73;23.1;0.0;55.0;23.1;59.7;0.26
10/09/2025;22:00:00;2.439;0.439;238.73;10.22;0.0;0.0;55.0;23.8;54.1;0.26
10/09/2025;23:00:00;1.784;0.371;244.66;7.29;0.0;0.0;55.0;22.3;60.2;0.29
11/09/2025;00:00:00;0.653;0.116;238.61;2.74;0.0;0.0;55.0;19.0;54.2;0.12
11/09/2025;01:00:00;0.52;0.087;242.6;2.14;0.0;0.0;55.0;19.8;55.4;0.12
11/09/2025;02:00:00;0.699;0.113;241.69;2.89;0.0;0.0;55.0;20.3;62.9;0.12
11/09/2025;03:00:00;0.522;0.049;239.8;2.18;0.0;0.0;55.0;16.5;68.6;0.12
11/09/2025;04:00:00;0.842;0.179;240.89;3.5;0.0;0.0;55.0;20.0;58.2;0.12
11/09/2025;05:00:00;1.036;0.147;239.76;4.32;0.0;0.0;55.0;18.7;45.5;0.12
11/09/2025;06:00:00;1.413;0.124;234.05;6.04;0.0;0.0;55.0;21.3;56.3;0.22
11/09/2025;07:00:00;2.261;0.194;241.29;9.37;0.0;3.0;55.0;20.4;58.3;0.25
11/09/2025;08:00:00;3.045;0.574;238.27;12.78;0.0;14.8;55.0;20.0;57.2;0.79
11/09/2025;09:00:00;2.628;0.243;236.14;11.13;0.0;10.3;55.0;21.6;58.8;0.6
11/09/2025;10:00:00;1.988;0.113;241.08;8.24;0.0;0.0;55.0;25.4;51.7;0.66
11/09/2025;11:00:00;1.832;0.225;240.9;7.6;0.0;0.0;55.0;26.9;57.1;0.66
11/09/2025;12:00:00;1.383;0.261;242.75;5.7;0.0;0.0;55.0;26.2;47.6;0.69
11/09/2025;13:00:00;1.867;0.225;239.27;7.8;0.0;0.0;55.0;29.3;57.2;0.72
11/09/2025;14:00:00;1.651;0.308;242.4;6.81;0.0;0.0;55.0;26.3;61.1;0.68
11/09/2025;15:00:00;5.611;1.07;240.06;23.37;0.0;0.0;55.0;28.9;46.7;0.79
11/09/2025;16:00:00;2.058;0.403;240.97;8.54;0.0;0.0;55.0;27.0;48.2;0.72
11/09/2025;17:00:00;2.234;0.335;241.2;9.26;0.0;0.0;55.0;27.4;54.6;0.73
11/09/2025;18:00:00;3.292;0.556;236.27;13.93;4.3;0.0;55.0;27.6;46.4;0.74
11/09/2025;19:00:00;3.452;0.326;241.06;14.32;20.3;0.0;55.0;25.2;51.8;0.27
11/09/2025;20:00:00;3.576;0.239;240.29;14.88;15.5;0.0;55.0;24.7;60.1;0.27
11/09/2025;21:00:00;3.328;0.468;239.24;13.91;21.8;0.0;55.0;25.5;57.7;0.33
11/09/2025;22:00:00;2.385;0.124;240.32;9.92;0.0;0.0;55.0;21.8;66.8;0.29
11/09/2025;23:00:00;1.643;0.212;247.14;6.65;0.0;0.0;55.0;22.8;57.1;0.3
12/09/2025;00:00:00;1.011;0.068;234.63;4.31;0.0;0.0;55.0;18.8;56.3;0.12
12/09/2025;01:00:00;0.626;0.043;239.63;2.61;0.0;0.0;55.0;20.5;58.3;0.12
12/09/2025;02:00:00;0.855;0.169;242.27;3.53;0.0;0.0;55.0;21.3;56.6;0.12
12/09/2025;03:00:00;0.614;0.098;236.51;2.6;0.0;0.0;55.0;15.3;61.5;0.12
12/09/2025;04:00:00;0.939;0.15;241.04;3.9;0.0;0.0;55.0;18.0;59.9;0.12
12/09/2025;05:00:00;1.181;0.14;240.85;4.9;0.0;0.0;55.0;20.5;53.3;0.12
12/09/2025;06:00:00;1.582;0.19;235.55;6.72;0.0;0.0;55.0;20.2;59.7;0.24
12/09/2025;07:00:00;2.332;0.237;238.36;9.79;0.0;9.2;55.0;22.1;49.7;0.32
12/09/2025;08:00:00;2.936;0.364;244.99;11.98;0.0;13.8;55.0;21.8;53.4;0.81
12/09/2025;09:00:00;2.653;0.397;235.55;11.26;0.0;17.5;55.0;24.1;54.5;0.71
12/09/2025;10:00:00;2.127;0.174;238.77;8.91;0.0;0.0;55.0;25.1;43.1;0.63
12/09/2025;11:00:00;2.101;0.198;239.54;8.77;0.0;0.0;55.0;28.3;55.6;0.73
12/09/2025;12:00:00;1.697;0.228;240.01;7.07;0.0;0.0;55.0;27.9;41.8;0.8
12/09/2025;13:00:00;1.997;0.23;238.84;8.36;0.0;0.0;55.0;28.8;54.7;0.72
12/09/2025;14:00:00;1.64;0.31;240.23;6.83;0.0;0.0;55.0;28.2;45.4;0.74
12/09/2025;15:00:00;1.862;0.353;239.9;7.76;0.0;0.0;55.0;28.3;49.8;0.78
12/09/2025;16:00:00;1.995;0.214;241.99;8.24;0.0;0.0;55.0;28.2;54.5;0.67
12/09/2025;17:00:00;2.512;0.318;242.36;10.36;0.0;0.0;55.0;28.9;62.3;0.7
12/09/2025;18:00:00;6.607;1.2;241.23;27.39;1.9;0.0;55.0;26.9;53.5;0.68
12/09/2025;19:00:00;3.309;0.631;240.66;13.75;23.9;0.0;55.0;26.9;42.9;0.23
12/09/2025;20:00:00;6.013;0.521;235.62;25.52;12.9;0.0;55.0;28.4;56.4;0.22
12/09/2025;21:00:00;3.323;0.324;240.32;13.83;0.2;0.0;55.0;25.3;53.0;0.33
12/09/2025;22:00:00;2.425;0.156;243.12;9.98;0.0;0.0;55.0;22.2;57.0;0.27
12/09/2025;23:00:00;1.828;0.302;235.49;7.76;0.0;0.0;55.0;23.3;58.5;0.28
13/09/2025;00:00:00;0.682;0.071;236.31;2.88;0.0;0.0;55.0;19.9;47.4;0.14
13/09/2025;01:00:00;0.595;0.084;244.18;2.44;0.0;0.0;55.0;16.6;61.1;0.14
13/09/2025;02:00:00;0.897;0.162;235.81;3.8;0.0;0.0;55.0;17.7;58.2;0.14
13/09/2025;03:00:00;0.556;0.107;239.71;2.32;0.0;0.0;55.0;16.2;67.6;0.14
13/09/2025;04:00:00;0.698;0.074;238.46;2.93;0.0;0.0;55.0;18.6;63.1;0.14
13/09/2025;05:00:00;0.889;0.08;244.01;3.64;0.0;0.0;55.0;19.7;50.5;0.14
13/09/2025;06:00:00;1.827;0.355;240.85;7.59;0.0;0.0;55.0;23.0;62.3;0.26
13/09/2025;07:00:00;2.639;0.303;242.22;10.9;0.0;2.1;55.0;22.0;59.1;0.28
13/09/2025;08:00:00;2.911;0.552;240.16;12.12;0.0;3.5;55.0;22.4;48.8;0.29
13/09/2025;09:00:00;2.778;0.21;245.59;11.31;0.0;18.5;55.0;25.2;54.5;0.29
13/09/2025;10:00:00;1.779;0.365;237.92;7.48;0.0;0.0;55.0;22.0;62.0;0.35
13/09/2025;11:00:00;1.711;0.226;240.96;7.1;0.0;0.0;55.0;26.9;46.8;0.28
13/09/2025;12:00:00;1.26;0.099;243.52;5.17;0.0;0.0;55.0;28.7;58.3;0.35
13/09/2025;13:00:00;1.245;0.176;244.15;5.1;0.0;0.0;55.0;26.1;45.9;0.27
13/09/2025;14:00:00;1.58;0.313;239.25;6.6;0.0;0.0;55.0;30.5;46.0;0.27
13/09/2025;15:00:00;5.341;0.621;234.33;22.79;0.0;0.0;55.0;29.5;46.1;0.32
13/09/2025;16:00:00;1.829;0.147;238.92;7.65;0.0;0.0;55.0;28.2;58.7;0.38
13/09/2025;17:00:00;2.502;0.37;244.88;10.22;0.0;0.0;55.0;29.3;48.5;0.37
13/09/2025;18:00:00;3.438;0.66;237.86;14.46;17.9;0.0;55.0;30.9;43.8;0.39
13/09/2025;19:00:00;4.052;0.286;240.82;16.83;1.6;0.0;55.0;26.8;55.2;0.34
13/09/2025;20:00:00;4.061;0.232;239.14;16.98;15.5;0.0;55.0;25.7;57.2;0.35
13/09/2025;21:00:00;3.517;0.209;239.8;14.67;12.7;0.0;55.0;23.3;59.1;0.34
13/09/2025;22:00:00;2.593;0.231;243.67;10.64;0.0;0.0;55.0;21.4;55.9;0.34
13/09/2025;23:00:00;1.878;0.096;240.71;7.8;0.0;0.0;55.0;22.7;57.5;0.27
14/09/2025;00:00:00;0.707;0.087;245.72;2.88;0.0;0.0;55.0;19.2;55.8;0.14
14/09/2025;01:00:00;0.712;0.12;242.73;2.93;0.0;0.0;55.0;19.8;67.0;0.14
14/09/2025;02:00:00;0.713;0.122;240.37;2.97;0.0;0.0;55.0;18.5;65.4;0.14
14/09/2025;03:00:00;0.702;0.111;239.74;2.93;0.0;0.0;55.0;19.7;64.0;0.14
14/09/2025;04:00:00;0.696;0.07;240.93;2.89;0.0;0.0;55.0;19.7;62.6;0.14
14/09/2025;05:00:00;1.041;0.182;236.55;4.4;0.0;0.0;55.0;21.2;60.0;0.14
14/09/2025;06:00:00;1.626;0.241;237.04;6.86;0.0;0.0;55.0;19.7;52.4;0.26
14/09/2025;07:00:00;2.642;0.519;242.12;10.91;0.0;2.5;55.0;21.1;60.7;0.39
14/09/2025;08:00:00;2.899;0.38;242.57;11.95;0.0;7.3;55.0;21.2;58.0;0.27
14/09/2025;09:00:00;2.549;0.205;236.3;10.79;0.0;9.1;55.0;23.3;62.0;0.29
14/09/2025;10:00:00;2.248;0.355;242.41;9.28;0.0;0.0;55.0;25.9;57.7;0.38
14/09/2025;11:00:00;1.575;0.119;239.51;6.57;0.0;0.0;55.0;27.6;55.0;0.32
14/09/2025;12:00:00;1.284;0.275;237.67;5.4;0.0;0.0;55.0;26.2;45.1;0.27
14/09/2025;13:00:00;1.386;0.235;239.12;5.8;0.0;0.0;55.0;29.6;50.2;0.31
14/09/2025;14:00:00;1.314;0.235;242.49;5.42;0.0;0.0;55.0;30.9;46.9;0.27
14/09/2025;15:00:00;3.692;0.611;241.7;15.28;0.0;0.0;55.0;29.6;52.0;0.28
14/09/2025;16:00:00;1.712;0.114;240.83;7.11;0.0;0.0;55.0;31.6;47.0;0.26
14/09/2025;17:00:00;2.169;0.28;241.06;9.0;0.0;0.0;55.0;27.2;51.3;0.31
14/09/2025;18:00:00;3.105;0.499;236.81;13.11;8.2;0.0;55.0;25.7;56.2;0.36
14/09/2025;19:00:00;3.442;0.306;241.53;14.25;4.9;0.0;55.0;23.8;53.2;0.33
14/09/2025;20:00:00;3.935;0.651;238.72;16.48;7.1;0.0;55.0;27.5;53.0;0.34
14/09/2025;21:00:00;3.78;0.716;245.66;15.39;16.6;0.0;55.0;25.0;46.8;0.28
14/09/2025;22:00:00;2.577;0.249;238.94;10.78;0.0;0.0;55.0;22.6;52.1;0.3
14/09/2025;23:00:00;1.827;0.153;246.23;7.42;0.0;0.0;55.0;21.9;60.1;0.37
15/09/2025;00:00:00;0.791;0.158;239.55;3.3;0.0;0.0;55.0;18.8;53.2;0.12
15/09/2025;01:00:00;0.866;0.044;239.73;3.61;0.0;0.0;55.0;23.3;62.0;0.12
15/09/2025;02:00:00;0.787;0.074;239.18;3.29;0.0;0.0;55.0;19.4;63.8;0.12
15/09/2025;03:00:00;0.811;0.097;236.48;3.43;0.0;0.0;55.0;19.2;57.7;0.12
15/09/2025;04:00:00;0.538;0.088;243.71;2.21;0.0;0.0;55.0;20.3;73.2;0.12
15/09/2025;05:00:00;0.77;0.169;240.27;3.2;0.0;0.0;55.0;20.4;64.3;0.12
15/09/2025;06:00:00;1.729;0.195;241.76;7.15;0.0;0.0;55.0;20.8;53.0;0.31
15/09/2025;07:00:00;2.199;0.465;244.52;8.99;0.0;14.6;55.0;20.3;61.9;0.31
15/09/2025;08:00:00;2.907;0.327;239.63;12.13;0.0;14.9;55.0;23.4;56.0;0.59
15/09/2025;09:00:00;2.894;0.487;239.74;12.07;0.0;2.8;55.0;26.8;49.1;0.77
15/09/2025;10:00:00;2.19;0.171;240.41;9.11;0.0;0.0;55.0;27.3;47.2;0.59
15/09/2025;11:00:00;1.836;0.236;236.41;7.77;0.0;0.0;55.0;28.9;56.3;0.6
15/09/2025;12:00:00;1.475;0.292;234.88;6.28;0.0;0.0;55.0;26.8;50.0;0.69
15/09/2025;13:00:00;1.437;0.15;235.79;6.09;0.0;0.0;55.0;26.8;52.4;0.7
15/09/2025;14:00:00;1.815;0.123;243.48;7.46;0.0;0.0;55.0;28.6;46.9;0.77
15/09/2025;15:00:00;1.733;0.241;239.09;7.25;0.0;0.0;55.0;29.1;47.4;0.69
15/09/2025;16:00:00;2.063;0.257;242.2;8.52;0.0;0.0;55.0;30.5;49.4;0.65
15/09/2025;17:00:00;2.036;0.181;239.28;8.51;0.0;0.0;55.0;25.8;55.7;0.73
15/09/2025;18:00:00;3.478;0.709;235.58;14.76;10.5;0.0;55.0;29.8;37.6;0.63
15/09/2025;19:00:00;3.478;0.53;242.42;14.35;4.4;0.0;55.0;26.3;53.5;0.27
15/09/2025;20:00:00;3.476;0.379;237.51;14.63;17.8;0.0;55.0;24.7;50.9;0.28
15/09/2025;21:00:00;2.919;0.64;241.62;12.08;6.2;0.0;55.0;22.5;63.4;0.23
15/09/2025;22:00:00;2.34;0.172;242.59;9.65;0.0;0.0;55.0;20.2;72.9;0.28
15/09/2025;23:00:00;1.685;0.327;239.88;7.03;0.0;0.0;55.0;22.7;54.4;0.27
16/09/2025;00:00:00;0.543;0.048;241.33;2.25;0.0;0.0;55.0;20.6;49.3;0.12
16/09/2025;01:00:00;0.39;0.035;236.02;1.65;0.0;0.0;55.0;17.7;60.8;0.12
16/09/2025;02:00:00;0.633;0.085;248.19;2.55;0.0;0.0;55.0;17.2;59.6;0.12
16/09/2025;03:00:00;0.515;0.084;241.23;2.14;0.0;0.0;55.0;18.5;69.5;0.12
16/09/2025;04:00:00;0.768;0.129;242.19;3.17;0.0;0.0;55.0;21.7;65.4;0.12
16/09/2025;05:00:00;0.961;0.052;242.62;3.96;0.0;0.0;55.0;19.3;63.3;0.12
16/09/2025;06:00:00;1.462;0.144;239.61;6.1;0.0;0.0;55.0;18.2;56.9;0.3
16/09/2025;07:00:00;2.249;0.365;240.22;9.36;0.0;18.9;55.0;21.1;60.9;0.34
16/09/2025;08:00:00;3.164;0.637;243.04;13.02;0.0;19.8;55.0;22.3;57.9;0.66
16/09/2025;09:00:00;2.681;0.439;238.97;11.22;0.0;5.8;55.0;20.0;59.6;0.68
16/09/2025;10:00:00;2.083;0.198;241.1;8.64;0.0;0.0;55.0;25.2;46.4;0.68
16/09/2025;11:00:00;2.018;0.275;241.31;8.36;0.0;0.0;55.0;26.2;58.8;0.71
16/09/2025;12:00:00;1.663;0.266;237.94;6.99;0.0;0.0;55.0;28.6;52.1;0.79
16/09/2025;13:00:00;1.885;0.138;241.24;7.82;0.0;0.0;55.0;31.1;49.0;0.8
16/09/2025;14:00:00;1.845;0.263;235.26;7.84;0.0;0.0;55.0;30.5;47.0;0.69
16/09/2025;15:00:00;1.605;0.209;242.57;6.62;0.0;0.0;55.0;28.6;47.6;0.69
16/09/2025;16:00:00;2.094;0.225;244.4;8.57;0.0;0.0;55.0;27.2;54.3;0.66
16/09/2025;17:00:00;2.769;0.432;242.54;11.42;0.0;0.0;55.0;32.2;39.9;0.65
16/09/2025;18:00:00;5.215;0.825;244.19;21.36;14.2;0.0;55.0;27.6;56.2;0.68
16/09/2025;19:00:00;3.476;0.748;237.87;14.61;14.0;0.0;55.0;26.5;47.9;0.32
16/09/2025;20:00:00;3.566;0.438;239.37;14.9;3.0;0.0;55.0;25.3;43.9;0.23
16/09/2025;21:00:00;3.223;0.452;240.35;13.41;8.9;0.0;55.0;24.3;64.1;0.34
16/09/2025;22:00:00;2.281;0.175;240.36;9.49;0.0;0.0;55.0;22.5;52.1;0.34
16/09/2025;23:00:00;1.505;0.216;238.78;6.3;0.0;0.0;55.0;20.6;54.3;0.33
17/09/2025;00:00:00;0.958;0.054;237.44;4.04;0.0;0.0;55.0;19.6;64.4;0.12
17/09/2025;01:00:00;0.534;0.04;244.84;2.18;0.0;0.0;55.0;19.6;68.0;0.12
17/09/2025;02:00:00;0.9;0.071;237.67;3.79;0.0;0.0;55.0;18.4;52.1;0.12
17/09/2025;03:00:00;0.602;0.095;244.64;2.46;0.0;0.0;55.0;17.9;55.3;0.12
17/09/2025;04:00:00;4.642;0.68;241.39;19.23;0.0;0.0;55.0;19.3;54.5;0.12
17/09/2025;05:00:00;0.995;0.185;240.57;4.14;0.0;0.0;55.0;19.3;63.6;0.12
17/09/2025;06:00:00;1.717;0.221;241.52;7.11;0.0;0.0;55.0;22.7;64.4;0.3
17/09/2025;07:00:00;2.312;0.302;244.27;9.47;0.0;13.6;55.0;17.5;55.0;0.23
17/09/2025;08:00:00;2.932;0.227;232.65;12.6;0.0;5.1;55.0;24.3;62.0;0.67
17/09/2025;09:00:00;2.814;0.496;241.01;11.68;0.0;1.9;55.0;25.9;50.2;0.68
17/09/2025;10:00:00;1.784;0.09;240.42;7.42;0.0;0.0;55.0;22.2;58.3;0.74
17/09/2025;11:00:00;1.722;0.211;240.52;7.16;0.0;0.0;55.0;26.0;47.3;0.67
17/09/2025;12:00:00;1.405;0.115;242.63;5.79;0.0;0.0;55.0;27.0;52.2;0.64
17/09/2025;13:00:00;1.331;0.241;238.29;5.58;0.0;0.0;55.0;26.2;52.9;0.77
17/09/2025;14:00:00;1.582;0.26;236.78;6.68;0.0;0.0;55.0;27.7;50.7;0.66
17/09/2025;15:00:00;1.448;0.246;236.12;6.13;0.0;0.0;55.0;27.3;54.5;0.72
17/09/2025;16:00:00;2.345;0.176;237.46;9.88;0.0;0.0;55.0;31.5;44.2;0.77
17/09/2025;17:00:00;2.499;0.409;241.92;10.33;0.0;0.0;55.0;29.7;46.2;0.78
17/09/2025;18:00:00;3.124;0.523;241.41;12.94;12.8;0.0;55.0;29.4;53.0;0.64
17/09/2025;19:00:00;3.242;0.164;242.47;13.37;15.0;0.0;55.0;27.6;59.0;0.33
17/09/2025;20:00:00;3.69;0.384;238.71;15.46;1.3;0.0;55.0;23.6;55.4;0.33
17/09/2025;21:00:00;2.958;0.192;238.84;12.38;11.1;0.0;55.0;23.2;58.3;0.29
17/09/2025;22:00:00;2.41;0.4;244.63;9.85;0.0;0.0;55.0;23.4;59.4;0.28
17/09/2025;23:00:00;1.377;0.118;242.86;5.67;0.0;0.0;55.0;19.7;62.8;0.23
18/09/2025;00:00:00;0.596;0.057;242.11;2.46;0.0;0.0;55.0;21.5;52.4;0.12
18/09/2025;01:00:00;0.906;0.057;234.89;3.86;0.0;0.0;55.0;19.3;55.1;0.12
18/09/2025;02:00:00;0.732;0.097;245.48;2.98;0.0;0.0;55.0;18.6;56.1;0.12
18/09/2025;03:00:00;0.616;0.034;239.74;2.57;0.0;0.0;55.0;20.1;68.0;0.12
18/09/2025;04:00:00;4.543;0.88;240.48;18.89;0.0;0.0;55.0;19.8;61.1;0.12
18/09/2025;05:00:00;0.872;0.048;241.25;3.62;0.0;0.0;55.0;19.1;61.4;0.12
18/09/2025;06:00:00;1.534;0.093;240.46;6.38;0.0;0.0;55.0;22.2;58.5;0.24
18/09/2025;07:00:00;2.32;0.369;239.52;9.69;0.0;14.5;55.0;19.9;51.9;0.24
18/09/2025;08:00:00;2.979;0.613;240.41;12.39;0.0;4.8;55.0;23.6;65.2;0.61
18/09/2025;09:00:00;2.836;0.572;241.78;11.73;0.0;19.8;55.0;24.9;56.9;0.67
18/09/2025;10:00:00;2.23;0.143;242.38;9.2;0.0;0.0;55.0;24.8;58.2;0.79
18/09/2025;11:00:00;1.822;0.18;243.42;7.48;0.0;0.0;55.0;27.0;44.0;0.77
18/09/2025;12:00:00;1.366;0.189;236.93;5.76;0.0;0.0;55.0;25.7;57.8;0.64
18/09/2025;13:00:00;1.759;0.096;238.47;7.38;0.0;0.0;55.0;29.7;48.8;0.74
18/09/2025;14:00:00;1.715;0.24;242.39;7.08;0.0;0.0;55.0;28.6;44.9;0.6
18/09/2025;15:00:00;1.779;0.224;235.6;7.55;0.0;0.0;55.0;28.2;47.1;0.6
18/09/2025;16:00:00;1.957;0.294;240.45;8.14;0.0;0.0;55.0;30.4;43.8;0.6
18/09/2025;17:00:00;2.426;0.501;237.8;10.2;0.0;0.0;55.0;27.3;46.2;0.78
18/09/2025;18:00:00;2.868;0.277;241.54;11.87;17.9;0.0;55.0;25.4;54.4;0.71
18/09/2025;19:00:00;3.253;0.516;237.63;13.69;0.8;0.0;55.0;24.2;53.1;0.22
18/09/2025;20:00:00;3.613;0.445;238.99;15.12;11.5;0.0;55.0;26.2;55.1;0.29
18/09/2025;21:00:00;3.343;0.414;239.19;13.98;2.0;0.0;55.0;22.1;65.1;0.33
18/09/2025;22:00:00;2.644;0.423;240.69;10.99;0.0;0.0;55.0;25.3;53.5;0.29
18/09/2025;23:00:00;1.805;0.382;242.68;7.44;0.0;0.0;55.0;18.4;48.5;0.31
19/09/2025;00:00:00;0.655;0.129;242.89;2.7;0.0;0.0;55.0;23.0;54.8;0.12
19/09/2025;01:00:00;0.697;0.111;240.57;2.9;0.0;0.0;55.0;20.0;64.4;0.12
19/09/2025;02:00:00;0.771;0.099;236.89;3.25;0.0;0.0;55.0;19.0;58.8;0.12
19/09/2025;03:00:00;0.579;0.071;247.22;2.34;0.0;0.0;55.0;18.2;67.5;0.12
19/09/2025;04:00:00;0.75;0.138;239.76;3.13;0.0;0.0;55.0;19.8;60.8;0.12
19/09/2025;05:00:00;1.066;0.093;240.77;4.43;0.0;0.0;55.0;19.6;49.5;0.12
19/09/2025;06:00:00;1.508;0.226;240.68;6.26;0.0;0.0;55.0;22.1;57.3;0.25
19/09/2025;07:00:00;2.159;0.293;240.99;8.96;0.0;11.6;55.0;21.7;58.5;0.27
19/09/2025;08:00:00;3.251;0.521;237.63;13.68;0.0;19.7;55.0;22.9;61.5;0.7
19/09/2025;09:00:00;2.531;0.207;241.23;10.49;0.0;3.9;55.0;23.5;64.7;0.64
19/09/2025;10:00:00;2.204;0.371;245.1;8.99;0.0;0.0;55.0;25.2;58.8;0.74
19/09/2025;11:00:00;1.698;0.266;234.37;7.24;0.0;0.0;55.0;27.0;55.0;0.68
19/09/2025;12:00:00;1.272;0.103;240.09;5.3;0.0;0.0;55.0;25.0;57.8;0.62
19/09/2025;13:00:00;1.592;0.201;236.86;6.72;0.0;0.0;55.0;26.3;52.5;0.68
19/09/2025;14:00:00;1.858;0.307;242.77;7.65;0.0;0.0;55.0;29.9;43.1;0.77
19/09/2025;15:00:00;1.919;0.39;243.2;7.89;0.0;0.0;55.0;29.3;51.2;0.72
19/09/2025;16:00:00;1.808;0.128;239.64;7.54;0.0;0.0;55.0;28.6;53.4;0.77
19/09/2025;17:00:00;2.493;0.128;240.17;10.38;0.0;0.0;55.0;28.4;45.7;0.64
19/09/2025;18:00:00;2.984;0.233;237.53;12.56;21.4;0.0;55.0;28.1;58.6;0.59
19/09/2025;19:00:00;3.091;0.674;233.4;13.24;14.4;0.0;55.0;25.7;58.9;0.27
19/09/2025;20:00:00;3.72;0.672;239.24;15.55;21.1;0.0;55.0;24.1;48.2;0.28
19/09/2025;21:00:00;3.331;0.514;239.4;13.91;0.3;0.0;55.0;24.3;61.8;0.34
19/09/2025;22:00:00;2.413;0.175;240.12;10.05;0.0;0.0;55.0;21.2;55.9;0.34
19/09/2025;23:00:00;1.828;0.221;230.82;7.92;0.0;0.0;55.0;22.1;52.8;0.32
20/09/2025;00:00:00;0.74;0.127;235.17;3.15;0.0;0.0;55.0;17.9;65.5;0.14
20/09/2025;01:00:00;0.615;0.124;235.85;2.61;0.0;0.0;55.0;21.2;57.2;0.14
20/09/2025;02:00:00;0.69;0.079;240.23;2.87;0.0;0.0;55.0;19.9;68.0;0.14
20/09/2025;03:00:00;0.637;0.14;241.64;2.64;0.0;0.0;55.0;19.4;54.6;0.14
20/09/2025;04:00:00;0.709;0.052;236.74;3.0;0.0;0.0;55.0;20.6;49.2;0.14
20/09/2025;05:00:00;0.853;0.099;239.23;3.57;0.0;0.0;55.0;22.2;55.3;0.14
20/09/2025;06:00:00;1.553;0.309;238.38;6.52;0.0;0.0;55.0;22.0;60.8;0.27
20/09/2025;07:00:00;2.659;0.427;245.69;10.82;0.0;8.5;55.0;18.7;54.8;0.37
20/09/2025;08:00:00;2.984;0.56;238.92;12.49;0.0;5.9;55.0;20.8;51.1;0.34
20/09/2025;09:00:00;2.525;0.516;238.8;10.57;0.0;2.5;55.0;23.1;57.1;0.3
20/09/2025;10:00:00;1.852;0.252;237.72;7.79;0.0;0.0;55.0;25.3;46.8;0.32
20/09/2025;11:00:00;1.556;0.14;234.68;6.63;0.0;0.0;55.0;27.3;54.1;0.38
20/09/2025;12:00:00;1.086;0.182;241.81;4.49;0.0;0.0;55.0;26.4;51.5;0.34
20/09/2025;13:00:00;1.405;0.205;239.25;5.87;0.0;0.0;55.0;28.6;54.0;0.31
20/09/2025;14:00:00;1.417;0.257;238.91;5.93;0.0;0.0;55.0;27.7;45.3;0.27
20/09/2025;15:00:00;1.732;0.237;240.51;7.2;0.0;0.0;55.0;28.1;58.4;0.29
20/09/2025;16:00:00;1.545;0.29;235.58;6.56;0.0;0.0;55.0;26.7;52.1;0.39
20/09/2025;17:00:00;2.288;0.465;244.96;9.34;0.0;0.0;55.0;26.9;56.7;0.31
20/09/2025;18:00:00;2.794;0.496;234.9;11.89;18.4;0.0;55.0;25.5;58.8;0.32
20/09/2025;19:00:00;3.502;0.618;244.97;14.3;19.1;0.0;55.0;25.0;48.6;0.32
20/09/2025;20:00:00;4.03;0.604;239.96;16.79;2.1;0.0;55.0;26.9;57.3;0.38
20/09/2025;21:00:00;3.469;0.452;238.92;14.52;20.2;0.0;55.0;22.6;49.2;0.34
20/09/2025;22:00:00;2.883;0.621;241.88;11.92;0.0;0.0;55.0;26.7;46.2;0.35
20/09/2025;23:00:00;1.725;0.275;239.03;7.22;0.0;0.0;55.0;22.2;66.4;0.31
21/09/2025;00:00:00;0.658;0.127;242.61;2.71;0.0;0.0;55.0;20.7;63.4;0.14
21/09/2025;01:00:00;0.622;0.084;240.86;2.58;0.0;0.0;55.0;18.4;70.1;0.14
21/09/2025;02:00:00;0.614;0.089;242.0;2.54;0.0;0.0;55.0;20.2;56.4;0.14
21/09/2025;03:00:00;0.427;0.069;242.91;1.76;0.0;0.0;55.0;18.1;60.4;0.14
21/09/2025;04:00:00;0.78;0.136;239.51;3.26;0.0;0.0;55.0;19.4;61.6;0.14
21/09/2025;05:00:00;1.119;0.141;242.7;4.61;0.0;0.0;55.0;23.5;55.5;0.14
21/09/2025;06:00:00;1.633;0.181;241.45;6.76;0.0;0.0;55.0;20.3;54.4;0.35
21/09/2025;07:00:00;2.694;0.244;243.74;11.05;0.0;13.6;55.0;23.2;51.3;0.37
21/09/2025;08:00:00;3.106;0.379;238.97;13.0;0.0;17.5;55.0;21.7;58.1;0.34
21/09/2025;09:00:00;2.633;0.226;243.82;10.8;0.0;10.7;55.0;23.9;49.9;0.27
21/09/2025;10:00:00;2.332;0.282;237.84;9.81;0.0;0.0;55.0;28.0;46.6;0.31
21/09/2025;11:00:00;1.743;0.346;234.38;7.44;0.0;0.0;55.0;25.6;55.9;0.39
21/09/2025;12:00:00;1.865;0.403;236.18;7.9;0.0;0.0;55.0;30.3;49.7;0.3
21/09/2025;13:00:00;1.361;0.202;239.07;5.69;0.0;0.0;55.0;29.4;55.6;0.37
21/09/2025;14:00:00;1.182;0.088;240.74;4.91;0.0;0.0;55.0;28.0;49.9;0.27
21/09/2025;15:00:00;1.548;0.19;240.04;6.45;0.0;0.0;55.0;29.9;47.5;0.3
21/09/2025;16:00:00;1.909;0.291;242.2;7.88;0.0;0.0;55.0;30.3;52.3;0.3
21/09/2025;17:00:00;2.513;0.284;236.64;10.62;0.0;0.0;55.0;29.3;46.9;0.26
21/09/2025;18:00:00;2.889;0.245;244.83;11.8;5.2;0.0;55.0;25.2;51.0;0.27
21/09/2025;19:00:00;3.489;0.309;243.77;14.31;1.0;0.0;55.0;25.4;51.0;0.28
21/09/2025;20:00:00;3.93;0.513;242.62;16.2;23.6;0.0;55.0;24.9;53.4;0.37
21/09/2025;21:00:00;3.493;0.303;243.54;14.34;15.9;0.0;55.0;23.9;64.2;0.26
21/09/2025;22:00:00;2.531;0.234;235.65;10.74;0.0;0.0;55.0;23.6;48.6;0.29
21/09/2025;23:00:00;1.739;0.345;241.96;7.19;0.0;0.0;55.0;21.8;63.5;0.25
22/09/2025;00:00:00;0.553;0.101;242.07;2.29;0.0;0.0;55.0;18.5;63.3;0.12
22/09/2025;01:00:00;0.498;0.03;242.71;2.05;0.0;0.0;55.0;20.2;66.0;0.12
22/09/2025;02:00:00;0.583;0.061;242.37;2.41;0.0;0.0;55.0;20.1;74.0;0.12
22/09/2025;03:00:00;0.752;0.106;241.24;3.12;0.0;0.0;55.0;19.8;65.7;0.12
22/09/2025;04:00:00;0.796;0.048;241.13;3.3;0.0;0.0;55.0;20.8;62.4;0.12
22/09/2025;05:00:00;0.951;0.158;243.34;3.91;0.0;0.0;55.0;20.9;51.1;0.12
22/09/2025;06:00:00;1.713;0.198;238.25;7.19;0.0;0.0;55.0;21.2;51.5;0.32
22/09/2025;07:00:00;2.337;0.275;241.03;9.7;0.0;8.7;55.0;21.4;59.1;0.24
22/09/2025;08:00:00;3.019;0.287;238.45;12.66;0.0;4.7;55.0;20.2;49.7;0.74
22/09/2025;09:00:00;2.808;0.3;239.57;11.72;0.0;8.3;55.0;24.6;57.8;0.68
22/09/2025;10:00:00;2.115;0.416;232.52;9.09;0.0;0.0;55.0;25.6;43.2;0.59
22/09/2025;11:00:00;1.737;0.32;237.56;7.31;0.0;0.0;55.0;26.9;58.6;0.65
22/09/2025;12:00:00;1.29;0.27;238.78;5.4;0.0;0.0;55.0;25.6;52.3;0.76
22/09/2025;13:00:00;1.668;0.282;238.82;6.98;0.0;0.0;55.0;26.7;53.7;0.68
22/09/2025;14:00:00;1.869;0.277;239.07;7.82;0.0;0.0;55.0;30.4;46.3;0.65
22/09/2025;15:00:00;1.736;0.163;236.68;7.34;0.0;0.0;55.0;28.9;41.8;0.77
22/09/2025;16:00:00;2.35;0.384;239.07;9.83;0.0;0.0;55.0;29.9;56.7;0.77
22/09/2025;17:00:00;2.469;0.504;243.04;10.16;0.0;0.0;55.0;28.4;58.4;0.77
22/09/2025;18:00:00;3.091;0.191;239.16;12.93;11.2;0.0;55.0;27.6;50.6;0.68
22/09/2025;19:00:00;3.638;0.456;243.63;14.93;24.1;0.0;55.0;27.9;55.4;0.29
22/09/2025;20:00:00;3.54;0.267;243.45;14.54;22.3;0.0;55.0;24.5;52.8;0.27
22/09/2025;21:00:00;3.321;0.624;238.36;13.93;20.7;0.0;55.0;24.1;56.5;0.23
22/09/2025;22:00:00;2.29;0.354;241.59;9.48;0.0;0.0;55.0;22.0;60.6;0.27
22/09/2025;23:00:00;1.848;0.369;236.32;7.82;0.0;0.0;55.0;20.8;60.5;0.29
23/09/2025;00:00:00;0.603;0.037;237.05;2.54;0.0;0.0;55.0;20.0;65.1;0.12
23/09/2025;01:00:00;0.854;0.174;240.31;3.55;0.0;0.0;55.0;20.0;61.0;0.12
23/09/2025;02:00:00;0.425;0.026;241.42;1.76;0.0;0.0;55.0;18.5;59.8;0.12
23/09/2025;03:00:00;0.571;0.056;244.52;2.33;0.0;0.0;55.0;20.9;53.9;0.12
23/09/2025;04:00:00;0.783;0.06;239.54;3.27;0.0;0.0;55.0;17.8;57.7;0.12
23/09/2025;05:00:00;0.892;0.067;240.49;3.71;0.0;0.0;55.0;19.4;62.9;0.12
23/09/2025;06:00:00;1.511;0.12;240.27;6.29;0.0;0.0;55.0;19.8;51.0;0.22
23/09/2025;07:00:00;2.382;0.314;245.02;9.72;0.0;8.1;55.0;23.7;61.0;0.25
23/09/2025;08:00:00;2.843;0.521;243.76;11.66;0.0;1.7;55.0;23.0;54.6;0.63
23/09/2025;09:00:00;2.689;0.545;241.08;11.15;0.0;3.5;55.0;25.5;49.9;0.62
23/09/2025;10:00:00;2.063;0.302;242.22;8.52;0.0;0.0;55.0;23.1;50.5;0.76
23/09/2025;11:00:00;1.658;0.127;240.98;6.88;0.0;0.0;55.0;26.9;56.3;0.63
23/09/2025;12:00:00;1.957;0.124;243.01;8.06;0.0;0.0;55.0;28.9;51.2;0.74
23/09/2025;13:00:00;1.595;0.214;242.41;6.58;0.0;0.0;55.0;28.5;59.6;0.61
23/09/2025;14:00:00;1.862;0.335;239.15;7.78;0.0;0.0;55.0;30.4;43.7;0.59
23/09/2025;15:00:00;1.837;0.285;240.28;7.64;0.0;0.0;55.0;28.2;48.9;0.72
23/09/2025;16:00:00;2.103;0.313;240.45;8.74;0.0;0.0;55.0;30.9;49.2;0.65
23/09/2025;17:00:00;2.511;0.146;240.43;10.44;0.0;0.0;55.0;31.8;45.2;0.69
23/09/2025;18:00:00;3.257;0.391;238.58;13.65;3.5;0.0;55.0;27.0;52.8;0.75
23/09/2025;19:00:00;3.252;0.467;240.94;13.5;14.4;0.0;55.0;25.8;55.3;0.32
23/09/2025;20:00:00;3.76;0.57;238.57;15.76;16.8;0.0;55.0;27.5;54.8;0.34
23/09/2025;21:00:00;3.38;0.172;238.36;14.18;13.0;0.0;55.0;26.4;60.8;0.3
23/09/2025;22:00:00;2.323;0.195;239.67;9.69;0.0;0.0;55.0;21.9;50.3;0.27
23/09/2025;23:00:00;1.73;0.366;240.75;7.19;0.0;0.0;55.0;20.9;59.4;0.25
24/09/2025;00:00:00;0.697;0.095;243.43;2.86;0.0;0.0;55.0;20.0;55.1;0.12
24/09/2025;01:00:00;0.681;0.115;241.99;2.81;0.0;0.0;55.0;17.7;62.4;0.12
24/09/2025;02:00:00;0.819;0.084;243.11;3.37;0.0;0.0;55.0;17.8;62.3;0.12
24/09/2025;03:00:00;0.775;0.116;244.96;3.16;0.0;0.0;55.0;17.5;55.5;0.12
24/09/2025;04:00:00;0.659;0.073;238.36;2.77;0.0;0.0;55.0;18.0;55.5;0.12
24/09/2025;05:00:00;0.802;0.081;241.99;3.31;0.0;0.0;55.0;19.6;61.3;0.12
24/09/2025;06:00:00;1.504;0.18;242.1;6.21;0.0;0.0;55.0;20.8;57.9;0.33
24/09/2025;07:00:00;2.43;0.311;240.72;10.1;0.0;15.7;55.0;23.8;54.2;0.31
24/09/2025;08:00:00;2.884;0.307;242.5;11.89;0.0;4.8;55.0;21.2;60.7;0.79
24/09/2025;09:00:00;2.885;0.271;240.25;12.01;0.0;9.2;55.0;25.5;57.7;0.69
24/09/2025;10:00:00;2.078;0.324;241.88;8.59;0.0;0.0;55.0;25.0;51.8;0.64
24/09/2025;11:00:00;1.45;0.166;236.03;6.14;0.0;0.0;55.0;26.4;49.0;0.7
24/09/2025;12:00:00;1.62;0.137;240.01;6.75;0.0;0.0;55.0;28.5;45.3;0.77
24/09/2025;13:00:00;1.25;0.224;241.98;5.17;0.0;0.0;55.0;26.6;53.3;0.77
24/09/2025;14:00:00;1.66;0.287;242.88;6.83;0.0;0.0;55.0;29.4;43.8;0.6
24/09/2025;15:00:00;1.906;0.383;237.59;8.02;0.0;0.0;55.0;29.2;51.5;0.61
24/09/2025;16:00:00;1.89;0.273;239.77;7.88;0.0;0.0;55.0;29.6;56.8;0.72
24/09/2025;17:00:00;2.343;0.228;237.02;9.89;0.0;0.0;55.0;28.8;49.6;0.69
24/09/2025;18:00:00;3.447;0.678;238.91;14.43;9.2;0.0;55.0;31.2;46.7;0.77
24/09/2025;19:00:00;3.149;0.307;240.88;13.07;21.4;0.0;55.0;25.5;64.0;0.23
24/09/2025;20:00:00;3.386;0.547;242.9;13.94;5.7;0.0;55.0;24.5;62.4;0.27
24/09/2025;21:00:00;3.21;0.264;242.53;13.23;0.6;0.0;55.0;23.1;52.1;0.32
24/09/2025;22:00:00;2.278;0.358;240.62;9.47;0.0;0.0;55.0;21.9;57.6;0.28
24/09/2025;23:00:00;1.49;0.288;238.18;6.26;0.0;0.0;55.0;20.5;59.6;0.32
25/09/2025;00:00:00;0.465;0.066;239.61;1.94;0.0;0.0;55.0;22.2;57.6;0.12
25/09/2025;01:00:00;3.161;0.411;247.1;12.79;0.0;0.0;55.0;21.8;66.0;0.12
25/09/2025;02:00:00;0.832;0.182;236.08;3.52;0.0;0.0;55.0;18.3;60.2;0.12
25/09/2025;03:00:00;0.649;0.035;236.62;2.74;0.0;0.0;55.0;17.8;61.4;0.12
25/09/2025;04:00:00;0.758;0.081;240.49;3.15;0.0;0.0;55.0;19.9;61.9;0.12
25/09/2025;05:00:00;0.881;0.182;241.98;3.64;0.0;0.0;55.0;18.8;65.3;0.12
25/09/2025;06:00:00;1.6;0.255;242.42;6.6;0.0;0.0;55.0;21.4;62.0;0.25
25/09/2025;07:00:00;2.209;0.314;240.81;9.17;0.0;11.5;55.0;21.8;59.6;0.34
25/09/2025;08:00:00;2.913;0.461;235.75;12.36;0.0;7.8;55.0;20.4;50.3;0.72
25/09/2025;09:00:00;2.984;0.313;239.39;12.47;0.0;15.8;55.0;26.3;50.9;0.68
25/09/2025;10:00:00;4.72;0.293;235.06;20.08;0.0;0.0;55.0;28.0;56.1;0.66
25/09/2025;11:00:00;1.751;0.169;241.11;7.26;0.0;0.0;55.0;25.6;55.2;0.66
25/09/2025;12:00:00;1.754;0.188;241.28;7.27;0.0;0.0;55.0;27.0;57.0;0.7
25/09/2025;13:00:00;1.607;0.211;239.65;6.7;0.0;0.0;55.0;28.8;60.8;0.61
25/09/2025;14:00:00;1.735;0.203;236.69;7.33;0.0;0.0;55.0;29.3;45.1;0.74
25/09/2025;15:00:00;1.653;0.229;237.71;6.96;0.0;0.0;55.0;30.0;56.1;0.67
25/09/2025;16:00:00;2.288;0.191;235.46;9.72;0.0;0.0;55.0;31.8;47.3;0.69
25/09/2025;17:00:00;2.463;0.2;239.86;10.27;0.0;0.0;55.0;28.1;56.6;0.65
25/09/2025;18:00:00;2.921;0.321;248.87;11.74;8.3;0.0;55.0;26.3;53.1;0.62
25/09/2025;19:00:00;3.167;0.413;239.71;13.21;1.7;0.0;55.0;24.4;65.5;0.32
25/09/2025;20:00:00;3.659;0.395;238.82;15.32;21.9;0.0;55.0;24.2;55.7;0.29
25/09/2025;21:00:00;3.287;0.487;240.61;13.66;6.8;0.0;55.0;24.0;52.0;0.31
25/09/2025;22:00:00;2.814;0.289;236.78;11.88;0.0;0.0;55.0;25.4;56.2;0.33
25/09/2025;23:00:00;1.535;0.123;236.88;6.48;0.0;0.0;55.0;20.7;59.4;0.3
26/09/2025;00:00:00;0.611;0.12;238.27;2.56;0.0;0.0;55.0;20.8;63.5;0.12
26/09/2025;01:00:00;0.84;0.071;242.48;3.47;0.0;0.0;55.0;19.6;60.9;0.12
26/09/2025;02:00:00;0.691;0.148;240.93;2.87;0.0;0.0;55.0;21.0;70.0;0.12
26/09/2025;03:00:00;0.698;0.152;239.55;2.91;0.0;0.0;55.0;22.8;55.6;0.12
26/09/2025;04:00:00;0.687;0.116;242.1;2.84;0.0;0.0;55.0;18.4;59.2;0.12
26/09/2025;05:00:00;0.938;0.127;244.78;3.83;0.0;0.0;55.0;18.9;56.2;0.12
26/09/2025;06:00:00;1.693;0.313;242.06;6.99;0.0;0.0;55.0;22.0;57.2;0.29
26/09/2025;07:00:00;2.268;0.45;237.15;9.56;0.0;1.2;55.0;22.5;57.5;0.26
26/09/2025;08:00:00;3.289;0.561;234.73;14.01;0.0;0.7;55.0;25.5;55.4;0.64
26/09/2025;09:00:00;2.933;0.198;235.12;12.48;0.0;18.3;55.0;24.9;54.8;0.76
26/09/2025;10:00:00;1.911;0.097;242.43;7.88;0.0;0.0;55.0;24.8;51.5;0.57
26/09/2025;11:00:00;1.769;0.146;237.88;7.44;0.0;0.0;55.0;27.4;48.1;0.75
26/09/2025;12:00:00;1.738;0.143;242.29;7.18;0.0;0.0;55.0;29.2;49.2;0.71
26/09/2025;13:00:00;1.69;0.137;238.73;7.08;0.0;0.0;55.0;29.6;56.5;0.79
26/09/2025;14:00:00;1.708;0.233;241.09;7.09;0.0;0.0;55.0;29.6;57.5;0.67
26/09/2025;15:00:00;2.134;0.295;241.96;8.82;0.0;0.0;55.0;30.6;49.5;0.69
26/09/2025;16:00:00;2.079;0.36;237.81;8.74;0.0;0.0;55.0;30.6;45.2;0.57
26/09/2025;17:00:00;2.506;0.211;242.3;10.34;0.0;0.0;55.0;30.4;49.7;0.64
26/09/2025;18:00:00;3.472;0.228;238.15;14.58;17.9;0.0;55.0;28.5;62.1;0.76
26/09/2025;19:00:00;3.245;0.53;238.03;13.63;15.1;0.0;55.0;26.2;58.4;0.26
26/09/2025;20:00:00;3.464;0.458;242.3;14.3;17.3;0.0;55.0;25.5;56.7;0.25
26/09/2025;21:00:00;3.524;0.575;241.77;14.58;20.9;0.0;55.0;25.8;58.6;0.33
26/09/2025;22:00:00;2.451;0.281;241.29;10.16;0.0;0.0;55.0;21.5;64.9;0.32
26/09/2025;23:00:00;1.638;0.291;236.91;6.91;0.0;0.0;55.0;22.1;51.0;0.3
27/09/2025;00:00:00;0.81;0.135;238.92;3.39;0.0;0.0;55.0;19.9;56.5;0.14
27/09/2025;01:00:00;0.747;0.12;241.93;3.09;0.0;0.0;55.0;19.7;56.0;0.14
27/09/2025;02:00:00;0.569;0.031;246.39;2.31;0.0;0.0;55.0;21.1;60.5;0.14
27/09/2025;03:00:00;0.431;0.084;245.07;1.76;0.0;0.0;55.0;19.3;59.8;0.14
27/09/2025;04:00:00;0.701;0.08;238.69;2.94;0.0;0.0;55.0;19.2;62.8;0.14
27/09/2025;05:00:00;1.121;0.082;238.15;4.71;0.0;0.0;55.0;17.6;57.8;0.14
27/09/2025;06:00:00;1.712;0.305;244.84;6.99;0.0;0.0;55.0;21.6;64.0;0.39
27/09/2025;07:00:00;2.593;0.344;241.68;10.73;0.0;14.8;55.0;22.5;56.1;0.3
27/09/2025;08:00:00;3.261;0.181;238.69;13.66;0.0;5.9;55.0;26.0;57.1;0.32
27/09/2025;09:00:00;2.458;0.45;240.35;10.23;0.0;2.3;55.0;23.5;61.5;0.35
27/09/2025;10:00:00;1.998;0.248;236.5;8.45;0.0;0.0;55.0;25.6;59.5;0.38
27/09/2025;11:00:00;1.614;0.288;242.83;6.65;0.0;0.0;55.0;26.9;54.7;0.38
27/09/2025;12:00:00;1.407;0.251;243.92;5.77;0.0;0.0;55.0;29.9;54.6;0.26
27/09/2025;13:00:00;1.287;0.086;244.31;5.27;0.0;0.0;55.0;28.2;60.6;0.28
27/09/2025;14:00:00;1.545;0.238;243.15;6.35;0.0;0.0;55.0;29.2;53.6;0.36
27/09/2025;15:00:00;1.646;0.183;239.1;6.89;0.0;0.0;55.0;29.9;46.8;0.35
27/09/2025;16:00:00;1.901;0.272;242.5;7.84;0.0;0.0;55.0;29.1;54.0;0.27
27/09/2025;17:00:00;2.29;0.149;244.09;9.38;0.0;0.0;55.0;27.7;52.1;0.32
27/09/2025;18:00:00;2.984;0.448;242.65;12.3;2.4;0.0;55.0;27.8;40.4;0.36
27/09/2025;19:00:00;3.795;0.691;242.39;15.66;3.4;0.0;55.0;28.1;54.2;0.28
27/09/2025;20:00:00;3.916;0.853;240.54;16.28;3.4;0.0;55.0;23.8;56.0;0.37
27/09/2025;21:00:00;3.682;0.385;237.46;15.51;6.5;0.0;55.0;24.2;60.8;0.26
27/09/2025;22:00:00;2.576;0.197;245.19;10.5;0.0;0.0;55.0;21.7;53.3;0.36
27/09/2025;23:00:00;1.699;0.191;239.9;7.08;0.0;0.0;55.0;23.3;48.2;0.34
28/09/2025;00:00:00;0.763;0.041;243.4;3.14;0.0;0.0;55.0;18.2;60.7;0.14
28/09/2025;01:00:00;0.62;0.074;246.94;2.51;0.0;0.0;55.0;18.8;61.2;0.14
28/09/2025;02:00:00;0.557;0.114;242.54;2.3;0.0;0.0;55.0;19.7;59.1;0.14
28/09/2025;03:00:00;0.721;0.06;243.29;2.96;0.0;0.0;55.0;21.3;57.4;0.14
28/09/2025;04:00:00;0.886;0.116;237.38;3.73;0.0;0.0;55.0;19.1;53.8;0.14
28/09/2025;05:00:00;0.922;0.136;237.96;3.87;0.0;0.0;55.0;18.8;58.6;0.14
28/09/2025;06:00:00;1.882;0.152;243.54;7.73;0.0;0.0;55.0;23.3;54.0;0.34
28/09/2025;07:00:00;2.6;0.276;238.46;10.9;0.0;10.3;55.0;19.3;64.3;0.33
28/09/2025;08:00:00;3.066;0.628;236.24;12.98;0.0;5.5;55.0;19.4;60.8;0.38
28/09/2025;09:00:00;2.585;0.259;235.35;10.98;0.0;19.1;55.0;24.7;53.3;0.25
28/09/2025;10:00:00;1.753;0.277;239.39;7.32;0.0;0.0;55.0;24.5;63.4;0.29
28/09/2025;11:00:00;1.261;0.092;239.36;5.27;0.0;0.0;55.0;25.0;53.1;0.33
28/09/2025;12:00:00;1.505;0.247;242.79;6.2;0.0;0.0;55.0;28.6;54.3;0.28
28/09/2025;13:00:00;1.533;0.149;237.23;6.46;0.0;0.0;55.0;28.7;50.6;0.38
28/09/2025;14:00:00;1.27;0.113;243.86;5.21;0.0;0.0;55.0;28.0;60.2;0.34
28/09/2025;15:00:00;1.644;0.117;236.6;6.95;0.0;0.0;55.0;27.1;53.2;0.32
28/09/2025;16:00:00;1.803;0.105;236.68;7.62;0.0;0.0;55.0;30.1;50.9;0.37
28/09/2025;17:00:00;2.49;0.534;240.39;10.36;0.0;0.0;55.0;29.3;50.3;0.32
28/09/2025;18:00:00;3.221;0.388;240.15;13.41;10.4;0.0;55.0;27.4;53.5;0.33
28/09/2025;19:00:00;3.935;0.717;241.62;16.28;8.5;0.0;55.0;29.3;57.0;0.25
28/09/2025;20:00:00;3.761;0.776;236.71;15.89;21.3;0.0;55.0;23.7;59.7;0.3
28/09/2025;21:00:00;3.265;0.277;240.99;13.55;10.5;0.0;55.0;21.7;57.2;0.27
28/09/2025;22:00:00;2.591;0.513;235.3;11.01;0.0;0.0;55.0;21.7;65.6;0.35
28/09/2025;23:00:00;1.918;0.327;233.85;8.2;0.0;0.0;55.0;21.4;61.6;0.32
29/09/2025;00:00:00;0.552;0.082;245.12;2.25;0.0;0.0;55.0;20.8;55.5;0.12
29/09/2025;01:00:00;0.475;0.089;242.93;1.96;0.0;0.0;55.0;19.3;52.1;0.12
29/09/2025;02:00:00;0.74;0.051;239.99;3.08;0.0;0.0;55.0;19.7;56.6;0.12
29/09/2025;03:00:00;0.773;0.073;234.34;3.3;0.0;0.0;55.0;17.1;62.8;0.12
29/09/2025;04:00:00;0.984;0.071;238.72;4.12;0.0;0.0;55.0;21.3;60.3;0.12
29/09/2025;05:00:00;0.774;0.157;241.26;3.21;0.0;0.0;55.0;19.5;65.6;0.12
29/09/2025;06:00:00;1.56;0.104;238.71;6.54;0.0;0.0;55.0;22.1;51.2;0.28
29/09/2025;07:00:00;2.417;0.524;244.37;9.89;0.0;6.8;55.0;22.0;54.6;0.29
29/09/2025;08:00:00;3.046;0.209;241.76;12.6;0.0;2.1;55.0;23.4;49.8;0.65
29/09/2025;09:00:00;2.819;0.458;237.42;11.87;0.0;14.8;55.0;24.9;47.8;0.72
29/09/2025;10:00:00;2.336;0.379;235.53;9.92;0.0;0.0;55.0;26.0;50.5;0.73
29/09/2025;11:00:00;1.809;0.377;242.45;7.46;0.0;0.0;55.0;27.5;54.3;0.75
29/09/2025;12:00:00;1.931;0.203;242.35;7.97;0.0;0.0;55.0;29.5;54.6;0.72
29/09/2025;13:00:00;1.572;0.167;242.12;6.49;0.0;0.0;55.0;28.6;46.8;0.73
29/09/2025;14:00:00;1.619;0.314;244.72;6.61;0.0;0.0;55.0;29.9;46.4;0.68
29/09/2025;15:00:00;1.779;0.385;241.28;7.37;0.0;0.0;55.0;28.9;42.4;0.69
29/09/2025;16:00:00;1.972;0.109;240.26;8.21;0.0;0.0;55.0;31.0;50.7;0.78
29/09/2025;17:00:00;2.356;0.372;242.14;9.73;0.0;0.0;55.0;27.3;48.9;0.64
29/09/2025;18:00:00;3.151;0.288;243.46;12.94;20.0;0.0;55.0;30.2;58.5;0.73
29/09/2025;19:00:00;3.403;0.591;241.92;14.07;14.8;0.0;55.0;26.4;55.3;0.26
29/09/2025;20:00:00;3.423;0.621;240.09;14.26;18.7;0.0;55.0;23.1;55.0;0.26
29/09/2025;21:00:00;3.222;0.579;242.71;13.28;13.1;0.0;55.0;24.2;51.8;0.31
29/09/2025;22:00:00;2.401;0.298;240.27;9.99;0.0;0.0;55.0;21.7;49.6;0.29
29/09/2025;23:00:00;1.677;0.129;238.63;7.03;0.0;0.0;55.0;22.8;49.4;0.22
30/09/2025;00:00:00;0.661;0.099;240.34;2.75;0.0;0.0;55.0;19.5;55.7;0.12
30/09/2025;01:00:00;0.916;0.169;239.11;3.83;0.0;0.0;55.0;19.0;55.7;0.12
30/09/2025;02:00:00;0.744;0.153;239.76;3.1;0.0;0.0;55.0;16.3;56.3;0.12
30/09/2025;03:00:00;0.796;0.101;237.63;3.35;0.0;0.0;55.0;18.3;61.6;0.12
30/09/2025;04:00:00;0.876;0.08;242.8;3.61;0.0;0.0;55.0;15.5;64.5;0.12
30/09/2025;05:00:00;1.02;0.072;240.6;4.24;0.0;0.0;55.0;17.3;58.3;0.12
30/09/2025;06:00:00;1.785;0.331;241.99;7.38;0.0;0.0;55.0;21.6;66.8;0.25
30/09/2025;07:00:00;2.343;0.33;241.35;9.71;0.0;9.5;55.0;22.7;47.5;0.28
30/09/2025;08:00:00;3.034;0.499;237.47;12.78;0.0;9.7;55.0;23.3;56.0;0.66
30/09/2025;09:00:00;2.505;0.193;243.7;10.28;0.0;7.4;55.0;22.5;55.3;0.62
30/09/2025;10:00:00;2.095;0.107;239.37;8.75;0.0;0.0;55.0;25.2;51.5;0.66
30/09/2025;11:00:00;1.576;0.338;238.99;6.59;0.0;0.0;55.0;26.5;49.7;0.58
30/09/2025;12:00:00;1.672;0.314;240.6;6.95;0.0;0.0;55.0;25.8;53.7;0.79
30/09/2025;13:00:00;1.792;0.211;240.66;7.45;0.0;0.0;55.0;30.6;48.8;0.75
30/09/2025;14:00:00;1.788;0.228;247.28;7.23;0.0;0.0;55.0;30.1;48.3;0.62
30/09/2025;15:00:00;1.821;0.379;241.67;7.54;0.0;0.0;55.0;28.7;45.0;0.64
30/09/2025;16:00:00;2.095;0.179;238.64;8.78;0.0;0.0;55.0;28.9;43.2;0.74
30/09/2025;17:00:00;2.449;0.457;245.31;9.98;0.0;0.0;55.0;28.6;50.0;0.77
30/09/2025;18:00:00;2.983;0.158;235.44;12.67;14.9;0.0;55.0;24.5;52.8;0.73
30/09/2025;19:00:00;3.329;0.662;238.65;13.95;15.6;0.0;55.0;26.1;52.5;0.25
30/09/2025;20:00:00;3.156;0.474;238.44;13.24;1.5;0.0;55.0;24.3;54.4;0.27
30/09/2025;21:00:00;2.945;0.386;239.99;12.27;22.4;0.0;55.0;22.5;53.8;0.27
30/09/2025;22:00:00;2.575;0.438;240.97;10.69;0.0;0.0;55.0;22.3;55.5;0.34
30/09/2025;23:00:00;1.958;0.12;241.22;8.12;0.0;0.0;55.0;24.2;50.8;0.24
01/10/2025;00:00:00;0.759;0.063;241.17;3.15;0.0;0.0;55.0;15.4;69.7;0.12
01/10/2025;01:00:00;0.921;0.11;241.76;3.81;0.0;0.0;55.0;12.8;60.2;0.12
01/10/2025;02:00:00;0.661;0.103;239.83;2.76;0.0;0.0;55.0;14.0;61.3;0.12
01/10/2025;03:00:00;0.672;0.05;243.61;2.76;0.0;0.0;55.0;15.1;58.7;0.12
01/10/2025;04:00:00;0.922;0.106;235.49;3.92;0.0;0.0;55.0;14.6;59.1;0.12
01/10/2025;05:00:00;1.065;0.1;232.85;4.57;0.0;0.0;55.0;13.8;63.5;0.12
01/10/2025;06:00:00;1.668;0.266;242.07;6.89;0.0;0.0;55.0;13.5;63.1;0.29
01/10/2025;07:00:00;2.202;0.454;239.07;9.21;0.0;7.5;55.0;16.5;58.9;0.23
01/10/2025;08:00:00;3.137;0.245;244.81;12.81;0.0;14.9;55.0;17.3;59.1;0.74
01/10/2025;09:00:00;2.737;0.225;242.92;11.27;0.0;11.3;55.0;19.3;55.3;0.7
01/10/2025;10:00:00;1.898;0.289;241.65;7.86;0.0;0.0;55.0;20.2;60.2;0.6
01/10/2025;11:00:00;1.444;0.184;238.64;6.05;0.0;0.0;55.0;22.1;67.0;0.73
01/10/2025;12:00:00;1.175;0.202;241.89;4.86;0.0;0.0;55.0;20.7;53.4;0.71
01/10/2025;13:00:00;1.505;0.149;238.89;6.3;0.0;0.0;55.0;24.3;56.9;0.78
01/10/2025;14:00:00;1.141;0.163;240.17;4.75;0.0;0.0;55.0;23.1;56.1;0.69
01/10/2025;15:00:00;1.444;0.167;239.09;6.04;0.0;0.0;55.0;26.1;56.9;0.64
01/10/2025;16:00:00;1.319;0.129;240.73;5.48;0.0;0.0;55.0;21.8;60.4;0.69
01/10/2025;17:00:00;2.379;0.414;239.3;9.94;0.0;0.0;55.0;24.9;55.5;0.73
01/10/2025;18:00:00;2.635;0.488;242.8;10.85;0.5;0.0;55.0;21.8;56.7;0.76
01/10/2025;19:00:00;3.115;0.33;241.27;12.91;4.6;0.0;55.0;19.5;56.6;0.33
01/10/2025;20:00:00;3.265;0.509;238.57;13.68;17.8;0.0;55.0;18.6;55.7;0.22
01/10/2025;21:00:00;3.418;0.275;238.75;14.32;14.0;0.0;55.0;17.5;59.9;0.33
01/10/2025;22:00:00;2.364;0.436;236.44;10.0;0.0;0.0;55.0;17.3;54.1;0.24
01/10/2025;23:00:00;1.449;0.142;234.53;6.18;0.0;0.0;55.0;16.3;58.4;0.33
02/10/2025;00:00:00;0.921;0.073;242.61;3.8;0.0;0.0;55.0;13.6;69.1;0.12
02/10/2025;01:00:00;0.732;0.153;239.0;3.06;0.0;0.0;55.0;13.6;64.0;0.12
02/10/2025;02:00:00;0.672;0.082;236.59;2.84;0.0;0.0;55.0;16.4;65.8;0.12
02/10/2025;03:00:00;0.622;0.099;241.24;2.58;0.0;0.0;55.0;15.6;69.3;0.12
02/10/2025;04:00:00;0.841;0.158;237.98;3.54;0.0;0.0;55.0;13.8;62.5;0.12
02/10/2025;05:00:00;1.038;0.173;239.81;4.33;0.0;0.0;55.0;13.7;64.5;0.12
02/10/2025;06:00:00;1.483;0.217;236.38;6.28;0.0;0.0;55.0;14.6;61.2;0.25
02/10/2025;07:00:00;2.235;0.253;241.82;9.24;0.0;11.0;55.0;16.4;57.2;0.32
02/10/2025;08:00:00;2.935;0.605;240.25;12.22;0.0;3.0;55.0;15.2;57.5;0.65
02/10/2025;09:00:00;2.234;0.162;241.4;9.25;0.0;14.2;55.0;17.6;64.5;0.59
02/10/2025;10:00:00;1.758;0.352;238.8;7.36;0.0;0.0;55.0;16.8;62.0;0.74
02/10/2025;11:00:00;1.636;0.279;240.69;6.8;0.0;0.0;55.0;21.1;66.8;0.74
02/10/2025;12:00:00;1.302;0.192;235.92;5.52;0.0;0.0;55.0;22.5;61.3;0.71
02/10/2025;13:00:00;1.122;0.118;246.37;4.56;0.0;0.0;55.0;21.6;53.5;0.72
02/10/2025;14:00:00;1.209;0.09;241.16;5.01;0.0;0.0;55.0;25.2;58.4;0.66
02/10/2025;15:00:00;1.283;0.161;244.78;5.24;0.0;0.0;55.0;21.2;55.9;0.72
02/10/2025;16:00:00;1.664;0.305;239.25;6.96;0.0;0.0;55.0;20.6;64.0;0.76
02/10/2025;17:00:00;2.3;0.406;237.06;9.7;0.0;0.0;55.0;22.7;53.8;0.65
02/10/2025;18:00:00;2.936;0.469;238.62;12.31;1.7;0.0;55.0;23.1;50.7;0.63
02/10/2025;19:00:00;3.0;0.656;239.88;12.5;23.2;0.0;55.0;23.0;52.0;0.27
02/10/2025;20:00:00;3.227;0.695;239.67;13.47;12.4;0.0;55.0;18.6;55.8;0.23
02/10/2025;21:00:00;2.874;0.339;245.21;11.72;1.4;0.0;55.0;19.6;54.5;0.31
02/10/2025;22:00:00;2.287;0.189;237.6;9.62;0.0;0.0;55.0;16.6;58.2;0.34
02/10/2025;23:00:00;1.633;0.21;238.31;6.85;0.0;0.0;55.0;15.2;66.5;0.31
03/10/2025;00:00:00;0.652;0.126;242.0;2.69;0.0;0.0;55.0;15.8;70.7;0.12
03/10/2025;01:00:00;0.964;0.123;235.56;4.09;0.0;0.0;55.0;14.6;56.0;0.12
03/10/2025;02:00:00;0.79;0.085;239.89;3.29;0.0;0.0;55.0;10.8;72.1;0.12
03/10/2025;03:00:00;0.698;0.123;240.4;2.9;0.0;0.0;55.0;15.2;59.8;0.12
03/10/2025;04:00:00;0.5;0.08;241.21;2.07;0.0;0.0;55.0;15.2;63.9;0.12
03/10/2025;05:00:00;1.115;0.239;240.98;4.63;0.0;0.0;55.0;12.7;55.9;0.12
03/10/2025;06:00:00;3.576;0.513;245.57;14.56;0.0;0.0;55.0;15.1;65.0;0.25
03/10/2025;07:00:00;2.44;0.523;237.52;10.27;0.0;14.8;55.0;16.2;51.4;0.33
03/10/2025;08:00:00;2.947;0.293;238.2;12.37;0.0;11.8;55.0;17.1;62.3;0.73
03/10/2025;09:00:00;2.401;0.473;241.71;9.94;0.0;8.9;55.0;17.2;61.9;0.66
03/10/2025;10:00:00;1.586;0.174;240.63;6.59;0.0;0.0;55.0;18.3;60.7;0.62
03/10/2025;11:00:00;1.296;0.243;240.98;5.38;0.0;0.0;55.0;20.5;54.4;0.71
03/10/2025;12:00:00;1.383;0.287;236.07;5.86;0.0;0.0;55.0;23.3;58.5;0.75
03/10/2025;13:00:00;1.337;0.208;246.11;5.43;0.0;0.0;55.0;23.1;57.8;0.73
03/10/2025;14:00:00;1.125;0.196;241.26;4.66;0.0;0.0;55.0;22.3;55.5;0.67
03/10/2025;15:00:00;1.505;0.32;235.57;6.39;0.0;0.0;55.0;24.2;58.4;0.64
03/10/2025;16:00:00;1.313;0.149;241.71;5.43;0.0;0.0;55.0;18.6;59.1;0.64
03/10/2025;17:00:00;1.769;0.242;236.91;7.47;0.0;0.0;55.0;24.1;57.8;0.68
03/10/2025;18:00:00;2.752;0.558;242.6;11.34;23.2;0.0;55.0;18.9;58.6;0.75
03/10/2025;19:00:00;5.398;0.887;236.32;22.84;2.0;0.0;55.0;20.0;59.5;0.3
03/10/2025;20:00:00;3.501;0.695;242.82;14.42;24.4;0.0;55.0;17.6;63.2;0.31
03/10/2025;21:00:00;2.828;0.439;236.58;11.95;7.0;0.0;55.0;16.1;59.6;0.22
03/10/2025;22:00:00;2.237;0.393;237.27;9.43;0.0;0.0;55.0;18.4;53.5;0.23
03/10/2025;23:00:00;1.721;0.09;240.39;7.16;0.0;0.0;55.0;14.8;63.9;0.26
04/10/2025;00:00:00;0.636;0.069;238.29;2.67;0.0;0.0;55.0;15.0;68.4;0.14
04/10/2025;01:00:00;0.807;0.146;238.45;3.38;0.0;0.0;55.0;13.6;65.0;0.14
04/10/2025;02:00:00;0.692;0.082;235.72;2.94;0.0;0.0;55.0;13.9;64.9;0.14
04/10/2025;03:00:00;0.701;0.078;239.08;2.93;0.0;0.0;55.0;13.1;63.7;0.14
04/10/2025;04:00:00;0.887;0.188;242.47;3.66;0.0;0.0;55.0;11.2;69.1;0.14
04/10/2025;05:00:00;1.105;0.159;245.26;4.51;0.0;0.0;55.0;15.2;61.3;0.14
04/10/2025;06:00:00;1.805;0.149;242.32;7.45;0.0;0.0;55.0;13.7;61.2;0.34
04/10/2025;07:00:00;2.804;0.365;241.92;11.59;0.0;16.3;55.0;13.2;69.4;0.35
04/10/2025;08:00:00;2.965;0.41;235.27;12.6;0.0;19.1;55.0;16.1;58.9;0.29
04/10/2025;09:00:00;2.762;0.602;239.92;11.51;0.0;3.7;55.0;20.3;62.6;0.39
04/10/2025;10:00:00;1.772;0.305;238.18;7.44;0.0;0.0;55.0;20.6;63.5;0.28
04/10/2025;11:00:00;1.197;0.166;235.77;5.08;0.0;0.0;55.0;20.0;61.3;0.28
04/10/2025;12:00:00;0.88;0.109;236.44;3.72;0.0;0.0;55.0;21.0;51.3;0.29
04/10/2025;13:00:00;1.285;0.264;241.87;5.31;0.0;0.0;55.0;21.8;57.1;0.39
04/10/2025;14:00:00;1.273;0.203;238.44;5.34;0.0;0.0;55.0;25.9;52.6;0.39
04/10/2025;15:00:00;0.906;0.1;235.87;3.84;0.0;0.0;55.0;23.6;53.1;0.36
04/10/2025;16:00:00;1.411;0.182;238.22;5.92;0.0;0.0;55.0;23.5;56.3;0.34
04/10/2025;17:00:00;1.825;0.178;240.81;7.58;0.0;0.0;55.0;23.9;59.1;0.32
04/10/2025;18:00:00;2.775;0.592;238.11;11.66;4.9;0.0;55.0;21.9;54.6;0.39
04/10/2025;19:00:00;3.503;0.593;236.61;14.81;8.0;0.0;55.0;20.1;57.5;0.35
04/10/2025;20:00:00;3.759;0.439;237.42;15.83;9.3;0.0;55.0;19.0;58.0;0.38
04/10/2025;21:00:00;3.268;0.265;242.48;13.48;22.4;0.0;55.0;17.9;65.9;0.3
04/10/2025;22:00:00;2.601;0.208;234.18;11.11;0.0;0.0;55.0;16.7;59.8;0.3
04/10/2025;23:00:00;1.753;0.23;239.25;7.33;0.0;0.0;55.0;16.6;55.0;0.37
05/10/2025;00:00:00;0.832;0.108;239.68;3.47;0.0;0.0;55.0;14.5;54.9;0.14
05/10/2025;01:00:00;0.791;0.096;237.88;3.33;0.0;0.0;55.0;14.8;64.4;0.14
05/10/2025;02:00:00;1.18;0.23;237.32;4.97;0.0;0.0;55.0;13.0;60.2;0.14
05/10/2025;03:00:00;0.778;0.168;242.75;3.2;0.0;0.0;55.0;13.1;67.2;0.14
05/10/2025;04:00:00;1.023;0.113;242.74;4.21;0.0;0.0;55.0;10.2;59.6;0.14
05/10/2025;05:00:00;0.972;0.097;240.29;4.04;0.0;0.0;55.0;15.0;59.7;0.14
05/10/2025;06:00:00;1.694;0.307;238.48;7.1;0.0;0.0;55.0;15.0;55.8;0.32
05/10/2025;07:00:00;4.852;0.614;240.32;20.19;0.0;9.1;55.0;17.0;63.0;0.34
05/10/2025;08:00:00;3.053;0.266;241.13;12.66;0.0;9.0;55.0;12.4;67.8;0.32
05/10/2025;09:00:00;2.803;0.226;239.69;11.7;0.0;5.5;55.0;21.1;59.2;0.39
05/10/2025;10:00:00;1.8;0.176;241.21;7.46;0.0;0.0;55.0;19.1;53.7;0.35
05/10/2025;11:00:00;1.065;0.053;239.01;4.46;0.0;0.0;55.0;22.2;52.9;0.29
05/10/2025;12:00:00;0.874;0.184;231.18;3.78;0.0;0.0;55.0;20.0;59.6;0.38
05/10/2025;13:00:00;1.074;0.132;239.46;4.49;0.0;0.0;55.0;23.2;47.4;0.29
05/10/2025;14:00:00;0.879;0.056;241.92;3.64;0.0;0.0;55.0;21.2;56.2;0.3
05/10/2025;15:00:00;0.946;0.074;240.09;3.94;0.0;0.0;55.0;22.1;64.3;0.27
05/10/2025;16:00:00;1.515;0.159;240.96;6.29;0.0;0.0;55.0;25.7;52.9;0.38
05/10/2025;17:00:00;1.764;0.254;239.24;7.37;0.0;0.0;55.0;22.0;49.3;0.29
05/10/2025;18:00:00;2.498;0.424;239.46;10.43;0.8;0.0;55.0;21.9;53.9;0.29
05/10/2025;19:00:00;5.805;0.594;240.48;24.14;0.0;0.0;55.0;21.8;53.8;0.38
05/10/2025;20:00:00;7.652;1.2;245.44;31.18;15.4;0.0;55.0;20.0;69.1;0.36
05/10/2025;21:00:00;3.334;0.598;242.36;13.76;3.8;0.0;55.0;18.2;68.1;0.27
05/10/2025;22:00:00;2.608;0.497;241.99;10.78;0.0;0.0;55.0;17.3;64.3;0.36
05/10/2025;23:00:00;1.848;0.194;240.57;7.68;0.0;0.0;55.0;19.1;57.4;0.38
06/10/2025;00:00:00;0.733;0.084;236.27;3.1;0.0;0.0;55.0;14.4;68.9;0.12
06/10/2025;01:00:00;0.643;0.091;243.43;2.64;0.0;0.0;55.0;14.0;57.6;0.12
06/10/2025;02:00:00;0.484;0.061;242.54;1.99;0.0;0.0;55.0;14.7;68.0;0.12
06/10/2025;03:00:00;0.628;0.059;241.02;2.6;0.0;0.0;55.0;14.7;67.3;0.12
06/10/2025;04:00:00;0.735;0.161;239.88;3.06;0.0;0.0;55.0;15.0;61.7;0.12
06/10/2025;05:00:00;0.873;0.17;241.53;3.62;0.0;0.0;55.0;14.6;68.4;0.12
06/10/2025;06:00:00;1.753;0.159;239.35;7.32;0.0;0.0;55.0;12.7;62.0;0.22
06/10/2025;07:00:00;2.263;0.456;242.04;9.35;0.0;19.1;55.0;18.0;53.7;0.31
06/10/2025;08:00:00;3.094;0.463;237.65;13.02;0.0;17.4;55.0;15.0;67.3;0.59
06/10/2025;09:00:00;2.514;0.131;234.65;10.72;0.0;11.2;55.0;18.5;59.2;0.68
06/10/2025;10:00:00;1.928;0.21;236.64;8.15;0.0;0.0;55.0;18.2;62.9;0.71
06/10/2025;11:00:00;1.421;0.077;240.39;5.91;0.0;0.0;55.0;20.4;67.2;0.76
06/10/2025;12:00:00;1.285;0.083;239.16;5.37;0.0;0.0;55.0;22.0;53.2;0.72
06/10/2025;13:00:00;1.329;0.107;239.59;5.55;0.0;0.0;55.0;22.8;55.4;0.65
06/10/2025;14:00:00;1.419;0.188;236.37;6.0;0.0;0.0;55.0;23.5;63.5;0.75
06/10/2025;15:00:00;1.266;0.145;240.85;5.26;0.0;0.0;55.0;25.4;57.4;0.66
06/10/2025;16:00:00;1.612;0.121;237.1;6.8;0.0;0.0;55.0;23.5;52.1;0.62
06/10/2025;17:00:00;1.909;0.223;241.39;7.91;0.0;0.0;55.0;22.0;52.1;0.77
06/10/2025;18:00:00;2.716;0.276;236.04;11.51;6.3;0.0;55.0;23.0;53.4;0.7
06/10/2025;19:00:00;3.106;0.372;237.65;13.07;0.7;0.0;55.0;22.3;52.9;0.24
06/10/2025;20:00:00;3.195;0.253;237.28;13.46;1.6;0.0;55.0;17.5;61.6;0.29
06/10/2025;21:00:00;3.212;0.494;241.61;13.29;16.8;0.0;55.0;18.9;59.7;0.33
06/10/2025;22:00:00;2.257;0.13;238.71;9.46;0.0;0.0;55.0;17.8;61.6;0.23
06/10/2025;23:00:00;1.852;0.215;241.19;7.68;0.0;0.0;55.0;15.1;58.2;0.23
07/10/2025;00:00:00;0.704;0.142;243.19;2.9;0.0;0.0;55.0;16.5;60.8;0.12
07/10/2025;01:00:00;0.994;0.121;244.98;4.06;0.0;0.0;55.0;13.4;53.4;0.12
07/10/2025;02:00:00;0.939;0.117;240.65;3.9;0.0;0.0;55.0;13.4;64.4;0.12
07/10/2025;03:00:00;0.765;0.047;236.91;3.23;0.0;0.0;55.0;12.7;70.1;0.12
07/10/2025;04:00:00;0.7;0.107;243.5;2.87;0.0;0.0;55.0;13.2;56.7;0.12
07/10/2025;05:00:00;1.132;0.237;244.23;4.63;0.0;0.0;55.0;12.0;67.2;0.12
07/10/2025;06:00:00;1.637;0.163;239.83;6.82;0.0;0.0;55.0;12.3;61.5;0.26
07/10/2025;07:00:00;2.467;0.288;243.69;10.12;0.0;2.3;55.0;17.9;64.1;0.3
07/10/2025;08:00:00;2.943;0.441;240.93;12.22;0.0;5.0;55.0;15.4;62.8;0.72
07/10/2025;09:00:00;2.521;0.166;235.35;10.71;0.0;9.9;55.0;16.5;63.2;0.64
07/10/2025;10:00:00;1.802;0.381;238.23;7.56;0.0;0.0;55.0;16.1;61.9;0.79
07/10/2025;11:00:00;1.485;0.192;238.59;6.22;0.0;0.0;55.0;19.5;65.4;0.74
07/10/2025;12:00:00;1.069;0.074;238.98;4.47;0.0;0.0;55.0;19.6;60.5;0.7
07/10/2025;13:00:00;1.471;0.157;237.39;6.2;0.0;0.0;55.0;24.8;51.0;0.73
07/10/2025;14:00:00;1.359;0.154;237.3;5.73;0.0;0.0;55.0;24.3;55.4;0.59
07/10/2025;15:00:00;1.234;0.134;243.77;5.06;0.0;0.0;55.0;22.0;55.0;0.77
07/10/2025;16:00:00;1.953;0.328;235.14;8.31;0.0;0.0;55.0;26.2;54.2;0.7
07/10/2025;17:00:00;2.006;0.218;237.97;8.43;0.0;0.0;55.0;23.8;53.3;0.6
07/10/2025;18:00:00;2.48;0.261;241.74;10.26;10.2;0.0;55.0;21.0;54.2;0.68
07/10/2025;19:00:00;3.192;0.334;238.44;13.39;21.0;0.0;55.0;16.8;62.0;0.25
07/10/2025;20:00:00;3.29;0.6;241.12;13.64;16.8;0.0;55.0;22.7;56.5;0.3
07/10/2025;21:00:00;3.073;0.315;238.88;12.86;21.7;0.0;55.0;15.9;67.0;0.26
07/10/2025;22:00:00;2.47;0.129;241.22;10.24;0.0;0.0;55.0;14.2;60.9;0.32
07/10/2025;23:00:00;1.655;0.186;237.09;6.98;0.0;0.0;55.0;17.0;50.9;0.25
08/10/2025;00:00:00;0.741;0.072;234.8;3.15;0.0;0.0;55.0;18.1;58.1;0.12
08/10/2025;01:00:00;0.58;0.119;238.88;2.43;0.0;0.0;55.0;15.7;53.7;0.12
08/10/2025;02:00:00;0.959;0.126;234.99;4.08;0.0;0.0;55.0;14.0;65.3;0.12
08/10/2025;03:00:00;0.884;0.079;239.81;3.69;0.0;0.0;55.0;13.9;54.9;0.12
08/10/2025;04:00:00;0.837;0.182;236.82;3.54;0.0;0.0;55.0;14.5;57.9;0.12
08/10/2025;05:00:00;0.791;0.073;236.85;3.34;0.0;0.0;55.0;14.8;60.7;0.12
08/10/2025;06:00:00;1.429;0.257;244.12;5.85;0.0;0.0;55.0;14.9;70.2;0.25
08/10/2025;07:00:00;2.364;0.379;240.77;9.82;0.0;2.4;55.0;15.7;56.5;0.3
08/10/2025;08:00:00;2.774;0.357;235.7;11.77;0.0;19.8;55.0;16.6;61.2;0.77
08/10/2025;09:00:00;2.642;0.314;239.86;11.02;0.0;12.0;55.0;16.9;63.8;0.7
08/10/2025;10:00:00;1.766;0.35;239.6;7.37;0.0;0.0;55.0;18.9;66.7;0.73
08/10/2025;11:00:00;1.298;0.17;234.21;5.54;0.0;0.0;55.0;18.0;63.9;0.7
08/10/2025;12:00:00;1.088;0.124;240.97;4.51;0.0;0.0;55.0;21.4;62.8;0.76
08/10/2025;13:00:00;1.211;0.133;242.67;4.99;0.0;0.0;55.0;20.8;62.0;0.71
08/10/2025;14:00:00;1.31;0.127;238.82;5.48;0.0;0.0;55.0;21.2;51.4;0.68
08/10/2025;15:00:00;1.395;0.167;239.18;5.83;0.0;0.0;55.0;23.3;57.6;0.68
08/10/2025;16:00:00;3.87;0.272;238.44;16.23;0.0;0.0;55.0;24.9;58.7;0.55
08/10/2025;17:00:00;2.111;0.129;241.08;8.76;0.0;0.0;55.0;23.7;50.7;0.68
08/10/2025;18:00:00;2.708;0.385;239.3;11.32;15.0;0.0;55.0;19.2;56.2;0.64
08/10/2025;19:00:00;3.092;0.393;239.41;12.91;19.9;0.0;55.0;19.0;55.2;0.29
08/10/2025;20:00:00;2.995;0.238;237.73;12.6;21.4;0.0;55.0;20.7;61.7;0.28
08/10/2025;21:00:00;3.146;0.214;245.72;12.8;22.8;0.0;55.0;16.5;60.8;0.29
08/10/2025;22:00:00;2.441;0.182;239.27;10.2;0.0;0.0;55.0;16.4;59.7;0.29
08/10/2025;23:00:00;1.636;0.17;241.96;6.76;0.0;0.0;55.0;16.3;54.9;0.34
09/10/2025;00:00:00;0.578;0.073;240.74;2.4;0.0;0.0;55.0;13.0;63.7;0.12
09/10/2025;01:00:00;0.795;0.066;232.83;3.42;0.0;0.0;55.0;13.8;60.5;0.12
09/10/2025;02:00:00;0.966;0.172;238.96;4.04;0.0;0.0;55.0;11.2;66.7;0.12
09/10/2025;03:00:00;0.824;0.068;236.77;3.48;0.0;0.0;55.0;12.1;59.0;0.12
09/10/2025;04:00:00;0.851;0.06;242.73;3.51;0.0;0.0;55.0;13.7;64.4;0.12
09/10/2025;05:00:00;1.291;0.283;236.45;5.46;0.0;0.0;55.0;11.3;63.2;0.12
09/10/2025;06:00:00;1.84;0.232;241.39;7.62;0.0;0.0;55.0;15.1;56.1;0.27
09/10/2025;07:00:00;2.292;0.181;242.79;9.44;0.0;1.4;55.0;15.5;55.4;0.29
09/10/2025;08:00:00;2.969;0.6;240.79;12.33;0.0;11.0;55.0;17.5;54.5;0.66
09/10/2025;09:00:00;2.504;0.224;240.01;10.43;0.0;6.2;55.0;18.3;58.7;0.7
09/10/2025;10:00:00;1.869;0.387;238.89;7.82;0.0;0.0;55.0;21.3;57.9;0.74
09/10/2025;11:00:00;1.318;0.093;239.65;5.5;0.0;0.0;55.0;20.7;59.2;0.61
09/10/2025;12:00:00;1.379;0.266;236.25;5.84;0.0;0.0;55.0;20.9;59.2;0.73
09/10/2025;13:00:00;1.278;0.104;240.5;5.32;0.0;0.0;55.0;22.5;52.6;0.66
09/10/2025;14:00:00;1.537;0.322;242.94;6.33;0.0;0.0;55.0;23.6;60.8;0.68
09/10/2025;15:00:00;1.103;0.163;237.56;4.64;0.0;0.0;55.0;23.1;53.7;0.61
09/10/2025;16:00:00;1.335;0.11;240.05;5.56;0.0;0.0;55.0;22.9;58.3;0.61
09/10/2025;17:00:00;2.089;0.405;239.71;8.72;0.0;0.0;55.0;21.3;56.6;0.68
09/10/2025;18:00:00;2.758;0.321;240.88;11.45;14.8;0.0;55.0;20.5;59.8;0.58
09/10/2025;19:00:00;3.01;0.525;238.5;12.62;17.1;0.0;55.0;18.4;58.6;0.25
09/10/2025;20:00:00;2.803;0.447;235.78;11.89;15.8;0.0;55.0;21.9;58.8;0.3
09/10/2025;21:00:00;2.899;0.497;236.86;12.24;12.0;0.0;55.0;16.1;61.5;0.23
09/10/2025;22:00:00;2.375;0.257;233.51;10.17;0.0;0.0;55.0;15.7;65.9;0.27
09/10/2025;23:00:00;1.602;0.336;242.17;6.62;0.0;0.0;55.0;14.4;58.8;0.33
10/10/2025;00:00:00;0.718;0.104;241.11;2.98;0.0;0.0;55.0;15.8;52.9;0.12
10/10/2025;01:00:00;1.03;0.065;239.96;4.29;0.0;0.0;55.0;13.2;59.0;0.12
10/10/2025;02:00:00;0.868;0.053;238.05;3.65;0.0;0.0;55.0;15.0;67.7;0.12
10/10/2025;03:00:00;0.981;0.172;239.55;4.09;0.0;0.0;55.0;12.0;64.0;0.12
10/10/2025;04:00:00;0.824;0.16;239.92;3.44;0.0;0.0;55.0;13.6;64.0;0.12
10/10/2025;05:00:00;1.035;0.174;238.54;4.34;0.0;0.0;55.0;12.4;59.2;0.12
10/10/2025;06:00:00;1.69;0.164;238.65;7.08;0.0;0.0;55.0;17.7;60.6;0.32
10/10/2025;07:00:00;2.342;0.207;243.67;9.61;0.0;10.7;55.0;13.7;58.3;0.28
10/10/2025;08:00:00;2.934;0.429;236.5;12.41;0.0;13.4;55.0;17.2;56.3;0.66
10/10/2025;09:00:00;2.433;0.203;242.78;10.02;0.0;5.2;55.0;19.0;57.2;0.72
10/10/2025;10:00:00;1.831;0.21;235.48;7.78;0.0;0.0;55.0;19.9;60.7;0.72
10/10/2025;11:00:00;1.499;0.235;244.5;6.13;0.0;0.0;55.0;20.2;61.0;0.71
10/10/2025;12:00:00;1.12;0.11;233.31;4.8;0.0;0.0;55.0;21.3;60.2;0.75
10/10/2025;13:00:00;1.245;0.142;241.3;5.16;0.0;0.0;55.0;22.4;48.5;0.71
10/10/2025;14:00:00;1.18;0.131;238.16;4.96;0.0;0.0;55.0;22.6;56.3;0.57
10/10/2025;15:00:00;1.5;0.192;239.53;6.26;0.0;0.0;55.0;24.4;53.9;0.67
10/10/2025;16:00:00;1.843;0.303;239.62;7.69;0.0;0.0;55.0;26.1;45.8;0.63
10/10/2025;17:00:00;2.068;0.378;241.7;8.56;0.0;0.0;55.0;21.5;57.3;0.73
10/10/2025;18:00:00;2.561;0.418;234.51;10.92;23.7;0.0;55.0;19.5;57.6;0.65
10/10/2025;19:00:00;2.872;0.156;239.91;11.97;8.6;0.0;55.0;20.4;60.7;0.3
10/10/2025;20:00:00;3.27;0.662;240.52;13.6;5.3;0.0;55.0;23.2;56.3;0.23
10/10/2025;21:00:00;3.11;0.463;238.15;13.06;3.7;0.0;55.0;16.8;58.2;0.27
10/10/2025;22:00:00;2.204;0.455;239.69;9.2;0.0;0.0;55.0;19.2;63.7;0.29
10/10/2025;23:00:00;1.469;0.314;238.14;6.17;0.0;0.0;55.0;18.0;48.9;0.23
11/10/2025;00:00:00;0.667;0.086;241.55;2.76;0.0;0.0;55.0;13.6;63.2;0.14
11/10/2025;01:00:00;0.518;0.106;241.02;2.15;0.0;0.0;55.0;14.5;54.0;0.14
11/10/2025;02:00:00;0.573;0.064;240.61;2.38;0.0;0.0;55.0;15.6;57.3;0.14
11/10/2025;03:00:00;0.993;0.094;241.85;4.1;0.0;0.0;55.0;12.4;67.1;0.14
11/10/2025;04:00:00;0.812;0.051;243.49;3.33;0.0;0.0;55.0;12.9;57.7;0.14
11/10/2025;05:00:00;0.913;0.116;237.22;3.85;0.0;0.0;55.0;12.8;57.0;0.14
11/10/2025;06:00:00;1.717;0.287;246.22;6.97;0.0;0.0;55.0;12.9;76.0;0.26
11/10/2025;07:00:00;2.621;0.566;241.1;10.87;0.0;15.3;55.0;14.5;56.0;0.34
11/10/2025;08:00:00;2.669;0.37;238.6;11.18;0.0;7.0;55.0;14.9;70.8;0.26
11/10/2025;09:00:00;2.575;0.45;246.44;10.45;0.0;11.7;55.0;18.1;59.1;0.25
11/10/2025;10:00:00;5.297;1.072;238.84;22.18;0.0;0.0;55.0;18.1;57.3;0.27
11/10/2025;11:00:00;1.082;0.154;236.61;4.57;0.0;0.0;55.0;20.9;60.6;0.31
11/10/2025;12:00:00;0.902;0.071;238.57;3.78;0.0;0.0;55.0;19.2;65.7;0.36
11/10/2025;13:00:00;0.847;0.164;238.44;3.55;0.0;0.0;55.0;22.8;50.4;0.29
11/10/2025;14:00:00;1.063;0.157;243.04;4.37;0.0;0.0;55.0;24.1;52.6;0.34
11/10/2025;15:00:00;1.068;0.191;239.68;4.45;0.0;0.0;55.0;20.0;62.6;0.31
11/10/2025;16:00:00;1.324;0.214;240.28;5.51;0.0;0.0;55.0;23.4;57.1;0.29
11/10/2025;17:00:00;4.094;0.247;240.18;17.04;0.0;0.0;55.0;24.2;60.6;0.32
11/10/2025;18:00:00;6.489;0.511;243.27;26.67;3.4;0.0;55.0;19.7;61.2;0.36
11/10/2025;19:00:00;3.537;0.349;239.1;14.79;23.2;0.0;55.0;23.0;65.0;0.37
11/10/2025;20:00:00;3.691;0.363;239.43;15.41;3.1;0.0;55.0;19.9;59.4;0.37
11/10/2025;21:00:00;3.382;0.652;238.07;14.21;3.0;0.0;55.0;16.9;62.0;0.3
11/10/2025;22:00:00;2.543;0.386;238.82;10.65;0.0;0.0;55.0;16.6;62.7;0.36
11/10/2025;23:00:00;1.655;0.106;241.47;6.86;0.0;0.0;55.0;16.3;60.6;0.28
12/10/2025;00:00:00;0.832;0.096;242.04;3.44;0.0;0.0;55.0;14.6;67.0;0.14
12/10/2025;01:00:00;0.795;0.115;244.76;3.25;0.0;0.0;55.0;14.5;64.0;0.14
12/10/2025;02:00:00;0.996;0.092;239.71;4.16;0.0;0.0;55.0;11.8;68.9;0.14
12/10/2025;03:00:00;0.899;0.051;239.26;3.76;0.0;0.0;55.0;13.3;68.5;0.14
12/10/2025;04:00:00;0.9;0.103;241.11;3.73;0.0;0.0;55.0;11.0;67.7;0.14
12/10/2025;05:00:00;1.201;0.154;238.69;5.03;0.0;0.0;55.0;13.5;66.1;0.14
12/10/2025;06:00:00;1.751;0.357;238.21;7.35;0.0;0.0;55.0;13.1;58.9;0.28
12/10/2025;07:00:00;2.715;0.555;240.91;11.27;0.0;14.4;55.0;14.4;60.1;0.39
12/10/2025;08:00:00;2.925;0.395;238.9;12.24;0.0;16.7;55.0;18.6;63.8;0.34
12/10/2025;09:00:00;2.516;0.327;239.19;10.52;0.0;8.2;55.0;19.6;65.8;0.28
12/10/2025;10:00:00;1.697;0.27;241.7;7.02;0.0;0.0;55.0;20.2;48.5;0.26
12/10/2025;11:00:00;1.267;0.119;240.87;5.26;0.0;0.0;55.0;18.9;56.5;0.36
12/10/2025;12:00:00;0.675;0.067;245.6;2.75;0.0;0.0;55.0;21.1;57.7;0.26
12/10/2025;13:00:00;0.815;0.041;242.58;3.36;0.0;0.0;55.0;24.1;50.7;0.27
12/10/2025;14:00:00;1.062;0.067;237.85;4.47;0.0;0.0;55.0;23.0;51.9;0.33
12/10/2025;15:00:00;1.396;0.112;238.88;5.85;0.0;0.0;55.0;26.5;55.6;0.34
12/10/2025;16:00:00;1.288;0.205;236.16;5.45;0.0;0.0;55.0;23.4;63.6;0.35
12/10/2025;17:00:00;1.872;0.161;237.28;7.89;0.0;0.0;55.0;22.6;46.1;0.31
12/10/2025;18:00:00;2.463;0.175;243.53;10.11;0.4;0.0;55.0;21.1;56.7;0.36
12/10/2025;19:00:00;3.839;0.594;239.22;16.05;13.1;0.0;55.0;20.7;60.2;0.39
12/10/2025;20:00:00;3.865;0.621;236.12;16.37;19.4;0.0;55.0;19.1;63.0;0.29
12/10/2025;21:00:00;3.492;0.21;234.55;14.89;10.2;0.0;55.0;19.1;60.7;0.35
12/10/2025;22:00:00;2.658;0.482;235.88;11.27;0.0;0.0;55.0;18.1;68.7;0.38
12/10/2025;23:00:00;1.778;0.272;237.75;7.48;0.0;0.0;55.0;14.3;63.1;0.35
13/10/2025;00:00:00;0.691;0.081;240.01;2.88;0.0;0.0;55.0;12.5;71.0;0.12
13/10/2025;01:00:00;0.927;0.201;238.89;3.88;0.0;0.0;55.0;10.9;62.4;0.12
13/10/2025;02:00:00;0.657;0.034;241.96;2.72;0.0;0.0;55.0;13.9;63.5;0.12
13/10/2025;03:00:00;0.826;0.118;237.38;3.48;0.0;0.0;55.0;11.3;59.3;0.12
13/10/2025;04:00:00;0.881;0.068;243.43;3.62;0.0;0.0;55.0;9.9;71.0;0.12
13/10/2025;05:00:00;1.014;0.108;239.62;4.23;0.0;0.0;55.0;14.3;62.4;0.12
13/10/2025;06:00:00;1.474;0.107;241.28;6.11;0.0;0.0;55.0;18.2;61.6;0.22
13/10/2025;07:00:00;2.288;0.374;238.54;9.59;0.0;17.3;55.0;15.5;60.4;0.23
13/10/2025;08:00:00;2.966;0.351;242.85;12.21;0.0;14.9;55.0;18.0;63.0;0.64
13/10/2025;09:00:00;2.63;0.572;236.28;11.13;0.0;10.1;55.0;18.1;61.9;0.7
13/10/2025;10:00:00;2.144;0.346;236.54;9.07;0.0;0.0;55.0;19.1;54.1;0.61
13/10/2025;11:00:00;1.562;0.322;237.29;6.58;0.0;0.0;55.0;21.9;52.2;0.77
13/10/2025;12:00:00;0.981;0.089;243.29;4.03;0.0;0.0;55.0;21.1;57.4;0.6
13/10/2025;13:00:00;1.215;0.127;239.34;5.08;0.0;0.0;55.0;22.7;59.5;0.61
13/10/2025;14:00:00;1.214;0.136;237.34;5.11;0.0;0.0;55.0;23.3;65.1;0.61
13/10/2025;15:00:00;1.189;0.229;239.45;4.96;0.0;0.0;55.0;22.0;58.3;0.8
13/10/2025;16:00:00;1.567;0.135;240.48;6.52;0.0;0.0;55.0;24.3;60.0;0.77
13/10/2025;17:00:00;4.281;0.903;236.98;18.06;0.0;0.0;55.0;22.1;48.7;0.76
13/10/2025;18:00:00;2.801;0.161;240.45;11.65;18.5;0.0;55.0;20.4;68.1;0.75
13/10/2025;19:00:00;2.869;0.577;239.62;11.97;7.9;0.0;55.0;21.3;60.4;0.23
13/10/2025;20:00:00;3.409;0.432;238.58;14.29;0.4;0.0;55.0;17.9;59.8;0.24
13/10/2025;21:00:00;3.111;0.434;236.45;13.16;20.2;0.0;55.0;18.0;59.1;0.34
13/10/2025;22:00:00;2.505;0.55;242.49;10.33;0.0;0.0;55.0;16.7;55.5;0.31
13/10/2025;23:00:00;1.723;0.341;238.69;7.22;0.0;0.0;55.0;17.1;56.6;0.23
14/10/2025;00:00:00;0.677;0.138;231.78;2.92;0.0;0.0;55.0;15.2;71.8;0.12
14/10/2025;01:00:00;3.174;0.475;241.0;13.17;0.0;0.0;55.0;13.6;58.5;0.12
14/10/2025;02:00:00;0.598;0.127;241.07;2.48;0.0;0.0;55.0;14.4;57.8;0.12
14/10/2025;03:00:00;0.99;0.165;242.61;4.08;0.0;0.0;55.0;15.1;58.8;0.12
14/10/2025;04:00:00;0.702;0.133;241.16;2.91;0.0;0.0;55.0;14.0;57.2;0.12
14/10/2025;05:00:00;1.013;0.175;240.39;4.21;0.0;0.0;55.0;13.7;63.5;0.12
14/10/2025;06:00:00;1.626;0.297;238.64;6.81;0.0;0.0;55.0;12.5;69.8;0.25
14/10/2025;07:00:00;2.267;0.359;238.64;9.5;0.0;16.5;55.0;13.9;60.2;0.26
14/10/2025;08:00:00;3.306;0.574;241.89;13.67;0.0;2.7;55.0;16.2;54.5;0.69
14/10/2025;09:00:00;2.53;0.314;239.56;10.56;0.0;14.8;55.0;17.1;62.2;0.68
14/10/2025;10:00:00;1.955;0.333;235.98;8.28;0.0;0.0;55.0;19.0;58.9;0.64
14/10/2025;11:00:00;1.316;0.128;239.04;5.51;0.0;0.0;55.0;20.6;62.9;0.63
14/10/2025;12:00:00;1.398;0.221;239.85;5.83;0.0;0.0;55.0;22.3;54.3;0.76
14/10/2025;13:00:00;1.153;0.16;234.43;4.92;0.0;0.0;55.0;22.2;55.3;0.74
14/10/2025;14:00:00;1.264;0.256;242.09;5.22;0.0;0.0;55.0;23.6;54.8;0.6
14/10/2025;15:00:00;1.465;0.241;240.0;6.1;0.0;0.0;55.0;23.1;56.4;0.74
14/10/2025;16:00:00;1.413;0.214;236.18;5.98;0.0;0.0;55.0;19.9;56.5;0.7
14/10/2025;17:00:00;2.29;0.236;239.17;9.58;0.0;0.0;55.0;20.9;54.9;0.68
14/10/2025;18:00:00;2.771;0.545;239.71;11.56;10.5;0.0;55.0;21.3;48.1;0.72
14/10/2025;19:00:00;3.039;0.18;242.65;12.52;12.6;0.0;55.0;18.7;56.6;0.32
14/10/2025;20:00:00;3.265;0.663;242.57;13.46;5.6;0.0;55.0;20.2;61.8;0.31
14/10/2025;21:00:00;3.063;0.493;243.02;12.6;22.1;0.0;55.0;20.3;62.4;0.31
14/10/2025;22:00:00;2.155;0.177;241.05;8.94;0.0;0.0;55.0;18.5;57.2;0.23
14/10/2025;23:00:00;1.804;0.367;238.17;7.57;0.0;0.0;55.0;15.2;68.8;0.22
15/10/2025;00:00:00;2.948;0.311;237.46;12.41;0.0;0.0;55.0;16.7;60.9;0.12
15/10/2025;01:00:00;0.752;0.059;238.04;3.16;0.0;0.0;55.0;13.9;56.6;0.12
15/10/2025;02:00:00;0.962;0.1;239.82;4.01;0.0;0.0;55.0;12.7;56.0;0.12
15/10/2025;03:00:00;0.792;0.169;239.93;3.3;0.0;0.0;55.0;12.1;70.8;0.12
15/10/2025;04:00:00;0.746;0.133;242.88;3.07;0.0;0.0;55.0;12.7;62.4;0.12
15/10/2025;05:00:00;1.039;0.214;239.29;4.34;0.0;0.0;55.0;13.1;57.9;0.12
15/10/2025;06:00:00;1.617;0.163;234.33;6.9;0.0;0.0;55.0;14.7;51.3;0.31
15/10/2025;07:00:00;2.298;0.147;236.66;9.71;0.0;12.4;55.0;15.7;59.8;0.24
15/10/2025;08:00:00;2.703;0.394;237.27;11.39;0.0;11.6;55.0;16.7;63.1;0.6
15/10/2025;09:00:00;2.571;0.34;237.27;10.84;0.0;10.0;55.0;18.7;56.0;0.73
15/10/2025;10:00:00;1.56;0.269;232.14;6.72;0.0;0.0;55.0;21.1;52.3;0.74
15/10/2025;11:00:00;1.211;0.172;244.39;4.96;0.0;0.0;55.0;21.9;54.1;0.64
15/10/2025;12:00:00;1.354;0.159;233.89;5.79;0.0;0.0;55.0;19.3;65.2;0.77
15/10/2025;13:00:00;1.262;0.064;238.39;5.3;0.0;0.0;55.0;18.5;52.6;0.67
15/10/2025;14:00:00;1.138;0.147;241.84;4.71;0.0;0.0;55.0;24.2;51.8;0.59
15/10/2025;15:00:00;1.204;0.085;241.65;4.98;0.0;0.0;55.0;20.9;63.7;0.67
15/10/2025;16:00:00;1.572;0.325;235.88;6.66;0.0;0.0;55.0;22.5;58.9;0.74
15/10/2025;17:00:00;2.119;0.438;243.38;8.71;0.0;0.0;55.0;20.6;58.8;0.72
15/10/2025;18:00:00;2.858;0.533;242.97;11.76;14.2;0.0;55.0;18.8;56.1;0.7
15/10/2025;19:00:00;3.03;0.233;239.49;12.65;9.5;0.0;55.0;21.3;57.5;0.26
15/10/2025;20:00:00;3.317;0.249;240.08;13.82;5.3;0.0;55.0;20.4;55.4;0.31
15/10/2025;21:00:00;2.891;0.421;237.44;12.17;13.0;0.0;55.0;17.1;56.4;0.32
15/10/2025;22:00:00;2.501;0.434;240.71;10.39;0.0;0.0;55.0;12.8;58.7;0.3
15/10/2025;23:00:00;1.88;0.383;240.63;7.81;0.0;0.0;55.0;14.7;66.6;0.25
16/10/2025;00:00:00;0.851;0.172;238.64;3.57;0.0;0.0;55.0;15.1;62.1;0.12
16/10/2025;01:00:00;0.93;0.071;241.81;3.85;0.0;0.0;55.0;11.5;66.8;0.12
16/10/2025;02:00:00;0.826;0.181;240.93;3.43;0.0;0.0;55.0;13.4;64.4;0.12
16/10/2025;03:00:00;0.742;0.057;249.0;2.98;0.0;0.0;55.0;13.0;66.2;0.12
16/10/2025;04:00:00;0.762;0.147;237.48;3.21;0.0;0.0;55.0;14.0;61.9;0.12
16/10/2025;05:00:00;1.026;0.154;243.73;4.21;0.0;0.0;55.0;13.8;60.9;0.12
16/10/2025;06:00:00;1.663;0.275;237.61;7.0;0.0;0.0;55.0;13.0;59.9;0.23
16/10/2025;07:00:00;2.41;0.368;241.48;9.98;0.0;10.3;55.0;17.3;53.5;0.31
16/10/2025;08:00:00;3.072;0.608;232.72;13.2;0.0;4.9;55.0;16.5;55.6;0.7
16/10/2025;09:00:00;2.695;0.427;238.57;11.3;0.0;11.1;55.0;18.0;58.2;0.74
16/10/2025;10:00:00;1.721;0.334;241.32;7.13;0.0;0.0;55.0;17.9;52.1;0.63
16/10/2025;11:00:00;1.26;0.096;240.67;5.24;0.0;0.0;55.0;19.8;51.6;0.66
16/10/2025;12:00:00;1.032;0.204;234.39;4.4;0.0;0.0;55.0;20.2;63.4;0.61
16/10/2025;13:00:00;1.148;0.251;238.85;4.81;0.0;0.0;55.0;22.1;57.9;0.63
16/10/2025;14:00:00;1.146;0.186;244.13;4.69;0.0;0.0;55.0;25.4;51.8;0.61
16/10/2025;15:00:00;1.329;0.287;242.88;5.47;0.0;0.0;55.0;20.9;69.0;0.77
16/10/2025;16:00:00;1.687;0.147;242.69;6.95;0.0;0.0;55.0;20.4;49.8;0.72
16/10/2025;17:00:00;4.362;0.833;246.59;17.69;0.0;0.0;55.0;24.5;59.6;0.58
16/10/2025;18:00:00;2.556;0.201;235.11;10.87;13.5;0.0;55.0;21.2;56.9;0.6
16/10/2025;19:00:00;2.946;0.406;238.9;12.33;6.3;0.0;55.0;19.5;62.7;0.28
16/10/2025;20:00:00;3.464;0.564;240.09;14.43;19.6;0.0;55.0;20.9;58.3;0.33
16/10/2025;21:00:00;3.109;0.504;237.95;13.07;16.0;0.0;55.0;17.1;51.4;0.33
16/10/2025;22:00:00;2.28;0.374;240.35;9.49;0.0;0.0;55.0;19.4;59.3;0.24
16/10/2025;23:00:00;1.535;0.16;243.64;6.3;0.0;0.0;55.0;16.5;62.9;0.24
17/10/2025;00:00:00;0.781;0.168;240.31;3.25;0.0;0.0;55.0;13.7;52.5;0.12
17/10/2025;01:00:00;0.66;0.034;233.83;2.82;0.0;0.0;55.0;16.9;70.6;0.12
17/10/2025;02:00:00;0.955;0.149;241.9;3.95;0.0;0.0;55.0;12.3;66.1;0.12
17/10/2025;03:00:00;0.905;0.179;239.96;3.77;0.0;0.0;55.0;14.1;66.5;0.12
17/10/2025;04:00:00;0.666;0.134;233.9;2.85;0.0;0.0;55.0;13.6;57.7;0.12
17/10/2025;05:00:00;0.793;0.137;238.28;3.33;0.0;0.0;55.0;15.6;65.4;0.12
17/10/2025;06:00:00;1.687;0.249;235.14;7.17;0.0;0.0;55.0;16.8;66.4;0.23
17/10/2025;07:00:00;2.272;0.29;239.19;9.5;0.0;7.6;55.0;15.5;63.2;0.26
17/10/2025;08:00:00;2.796;0.353;238.59;11.72;0.0;14.3;55.0;15.6;61.9;0.66
17/10/2025;09:00:00;2.74;0.335;235.73;11.62;0.0;6.1;55.0;18.7;55.0;0.73
17/10/2025;10:00:00;2.016;0.341;240.7;8.37;0.0;0.0;55.0;18.3;58.7;0.79
17/10/2025;11:00:00;1.778;0.31;236.97;7.5;0.0;0.0;55.0;23.5;53.0;0.69
17/10/2025;12:00:00;1.102;0.152;243.71;4.52;0.0;0.0;55.0;21.7;59.9;0.6
17/10/2025;13:00:00;1.297;0.228;240.47;5.4;0.0;0.0;55.0;21.8;52.7;0.69
17/10/2025;14:00:00;1.146;0.16;239.27;4.79;0.0;0.0;55.0;23.1;58.7;0.75
17/10/2025;15:00:00;1.4;0.093;243.51;5.75;0.0;0.0;55.0;21.0;53.4;0.65
17/10/2025;16:00:00;1.677;0.327;240.73;6.96;0.0;0.0;55.0;21.4;56.0;0.78
17/10/2025;17:00:00;4.503;0.891;240.97;18.69;0.0;0.0;55.0;24.1;58.2;0.66
17/10/2025;18:00:00;2.873;0.274;239.82;11.98;14.0;0.0;55.0;20.6;54.4;0.78
17/10/2025;19:00:00;3.064;0.563;239.12;12.81;5.0;0.0;55.0;18.9;62.5;0.34
17/10/2025;20:00:00;3.187;0.436;241.13;13.22;4.4;0.0;55.0;20.1;61.1;0.28
17/10/2025;21:00:00;2.958;0.21;244.27;12.11;8.4;0.0;55.0;19.8;57.2;0.28
17/10/2025;22:00:00;2.099;0.247;230.43;9.11;0.0;0.0;55.0;17.8;66.0;0.24
17/10/2025;23:00:00;1.538;0.097;245.23;6.27;0.0;0.0;55.0;17.0;61.2;0.3
18/10/2025;00:00:00;0.862;0.158;237.18;3.63;0.0;0.0;55.0;13.3;69.2;0.14
18/10/2025;01:00:00;3.112;0.259;240.54;12.94;0.0;0.0;55.0;11.5;74.1;0.14
18/10/2025;02:00:00;0.684;0.053;235.19;2.91;0.0;0.0;55.0;15.4;60.9;0.14
18/10/2025;03:00:00;0.772;0.066;244.18;3.16;0.0;0.0;55.0;12.5;67.6;0.14
18/10/2025;04:00:00;0.689;0.061;236.13;2.92;0.0;0.0;55.0;12.8;61.0;0.14
18/10/2025;05:00:00;1.012;0.167;243.14;4.16;0.0;0.0;55.0;15.7;56.7;0.14
18/10/2025;06:00:00;1.722;0.273;239.32;7.19;0.0;0.0;55.0;15.3;61.2;0.28
18/10/2025;07:00:00;2.371;0.171;239.54;9.9;0.0;2.8;55.0;16.2;54.6;0.29
18/10/2025;08:00:00;2.887;0.5;236.47;12.21;0.0;6.6;55.0;20.0;53.7;0.35
18/10/2025;09:00:00;2.712;0.297;243.41;11.14;0.0;3.4;55.0;17.0;63.7;0.34
18/10/2025;10:00:00;1.886;0.241;239.59;7.87;0.0;0.0;55.0;20.7;55.3;0.37
18/10/2025;11:00:00;0.937;0.067;242.01;3.87;0.0;0.0;55.0;20.6;61.5;0.29
18/10/2025;12:00:00;0.953;0.162;234.21;4.07;0.0;0.0;55.0;21.9;58.3;0.38
18/10/2025;13:00:00;1.283;0.146;237.5;5.4;0.0;0.0;55.0;24.6;64.0;0.36
18/10/2025;14:00:00;0.98;0.154;240.7;4.07;0.0;0.0;55.0;23.6;58.1;0.31
18/10/2025;15:00:00;1.052;0.129;235.58;4.46;0.0;0.0;55.0;23.8;60.9;0.27
18/10/2025;16:00:00;3.746;0.218;241.01;15.54;0.0;0.0;55.0;24.4;56.9;0.29
18/10/2025;17:00:00;1.96;0.332;238.15;8.23;0.0;0.0;55.0;21.8;58.5;0.39
18/10/2025;18:00:00;2.693;0.388;237.82;11.32;19.9;0.0;55.0;20.3;64.0;0.3
18/10/2025;19:00:00;3.345;0.414;241.44;13.85;3.2;0.0;55.0;18.9;62.6;0.3
18/10/2025;20:00:00;3.778;0.318;240.48;15.71;4.7;0.0;55.0;16.3;62.4;0.28
18/10/2025;21:00:00;3.608;0.563;236.85;15.23;4.3;0.0;55.0;21.1;58.6;0.36
18/10/2025;22:00:00;4.771;0.462;243.14;19.62;0.0;0.0;55.0;15.1;65.1;0.29
18/10/2025;23:00:00;1.724;0.212;241.42;7.14;0.0;0.0;55.0;15.2;58.9;0.3
19/10/2025;00:00:00;0.915;0.055;234.36;3.9;0.0;0.0;55.0;14.0;59.6;0.14
19/10/2025;01:00:00;1.008;0.184;239.15;4.22;0.0;0.0;55.0;14.1;70.2;0.14
19/10/2025;02:00:00;1.001;0.065;241.05;4.15;0.0;0.0;55.0;14.4;72.2;0.14
19/10/2025;03:00:00;0.716;0.144;239.69;2.99;0.0;0.0;55.0;14.3;58.3;0.14
19/10/2025;04:00:00;0.899;0.178;230.69;3.9;0.0;0.0;55.0;12.3;61.2;0.14
19/10/2025;05:00:00;0.962;0.207;240.18;4.0;0.0;0.0;55.0;13.4;69.4;0.14
19/10/2025;06:00:00;1.762;0.36;242.12;7.28;0.0;0.0;55.0;14.9;65.2;0.36
19/10/2025;07:00:00;2.342;0.504;239.77;9.77;0.0;18.5;55.0;15.1;65.7;0.27
19/10/2025;08:00:00;2.897;0.582;240.16;12.07;0.0;6.2;55.0;19.1;63.6;0.36
19/10/2025;09:00:00;2.557;0.177;242.86;10.53;0.0;17.6;55.0;18.7;58.2;0.27
19/10/2025;10:00:00;1.714;0.213;235.56;7.28;0.0;0.0;55.0;20.4;59.7;0.27
19/10/2025;11:00:00;0.97;0.061;242.06;4.01;0.0;0.0;55.0;21.5;58.5;0.38
19/10/2025;12:00:00;1.245;0.178;240.95;5.17;0.0;0.0;55.0;23.3;51.5;0.37
19/10/2025;13:00:00;0.795;0.111;235.45;3.38;0.0;0.0;55.0;22.6;57.9;0.33
19/10/2025;14:00:00;0.816;0.169;241.95;3.37;0.0;0.0;55.0;20.9;63.9;0.37
19/10/2025;15:00:00;1.017;0.219;245.06;4.15;0.0;0.0;55.0;23.6;53.8;0.39
19/10/2025;16:00:00;1.18;0.111;240.93;4.9;0.0;0.0;55.0;21.9;57.7;0.34
19/10/2025;17:00:00;1.696;0.253;241.55;7.02;0.0;0.0;55.0;21.5;58.2;0.34
19/10/2025;18:00:00;2.558;0.33;237.02;10.79;21.6;0.0;55.0;22.4;55.0;0.36
19/10/2025;19:00:00;3.098;0.443;238.27;13.0;22.1;0.0;55.0;22.4;59.9;0.29
19/10/2025;20:00:00;3.711;0.521;237.15;15.65;17.3;0.0;55.0;19.3;55.5;0.28
19/10/2025;21:00:00;3.451;0.709;241.11;14.31;1.6;0.0;55.0;18.5;66.3;0.36
19/10/2025;22:00:00;2.854;0.577;238.55;11.96;0.0;0.0;55.0;19.3;62.1;0.3
19/10/2025;23:00:00;1.809;0.128;238.38;7.59;0.0;0.0;55.0;15.9;57.0;0.27
20/10/2025;00:00:00;0.636;0.069;241.97;2.63;0.0;0.0;55.0;18.4;68.2;0.12
20/10/2025;01:00:00;0.581;0.103;244.68;2.37;0.0;0.0;55.0;14.5;63.6;0.12
20/10/2025;02:00:00;0.953;0.159;239.75;3.98;0.0;0.0;55.0;10.5;62.4;0.12
20/10/2025;03:00:00;0.809;0.127;235.59;3.43;0.0;0.0;55.0;14.1;68.6;0.12
20/10/2025;04:00:00;0.762;0.167;240.11;3.18;0.0;0.0;55.0;13.7;65.9;0.12
20/10/2025;05:00:00;0.947;0.102;240.54;3.94;0.0;0.0;55.0;15.6;53.1;0.12
20/10/2025;06:00:00;1.83;0.252;242.33;7.55;0.0;0.0;55.0;15.5;59.4;0.33
20/10/2025;07:00:00;2.22;0.481;239.09;9.29;0.0;13.2;55.0;15.3;63.6;0.28
20/10/2025;08:00:00;2.724;0.458;242.47;11.23;0.0;5.4;55.0;14.9;51.7;0.68
20/10/2025;09:00:00;2.741;0.439;242.04;11.32;0.0;18.9;55.0;17.7;60.7;0.74
20/10/2025;10:00:00;1.937;0.148;239.17;8.1;0.0;0.0;55.0;18.0;60.8;0.7
20/10/2025;11:00:00;1.114;0.102;242.3;4.6;0.0;0.0;55.0;19.6;52.8;0.59
20/10/2025;12:00:00;1.255;0.143;242.6;5.17;0.0;0.0;55.0;22.4;57.8;0.65
20/10/2025;13:00:00;1.279;0.165;236.94;5.4;0.0;0.0;55.0;24.8;54.6;0.7
20/10/2025;14:00:00;3.54;0.476;242.69;14.59;0.0;0.0;55.0;23.4;49.7;0.68
20/10/2025;15:00:00;1.449;0.295;239.66;6.05;0.0;0.0;55.0;21.2;62.0;0.64
20/10/2025;16:00:00;1.544;0.105;239.31;6.45;0.0;0.0;55.0;23.5;59.8;0.63
20/10/2025;17:00:00;2.203;0.203;239.7;9.19;0.0;0.0;55.0;24.1;53.7;0.61
20/10/2025;18:00:00;2.472;0.184;243.48;10.15;23.6;0.0;55.0;20.6;56.9;0.63
20/10/2025;19:00:00;2.818;0.493;243.47;11.58;6.8;0.0;55.0;20.3;61.8;0.24
20/10/2025;20:00:00;3.579;0.769;241.33;14.83;9.0;0.0;55.0;19.3;57.9;0.3
20/10/2025;21:00:00;3.072;0.621;240.75;12.76;1.6;0.0;55.0;16.8;51.3;0.29
20/10/2025;22:00:00;2.425;0.419;239.71;10.12;0.0;0.0;55.0;17.7;62.7;0.29
20/10/2025;23:00:00;1.755;0.094;247.56;7.09;0.0;0.0;55.0;15.3;58.1;0.26
21/10/2025;00:00:00;0.633;0.069;238.08;2.66;0.0;0.0;55.0;15.1;60.4;0.12
21/10/2025;01:00:00;0.955;0.188;238.75;4.0;0.0;0.0;55.0;12.3;71.8;0.12
21/10/2025;02:00:00;0.927;0.149;240.85;3.85;0.0;0.0;55.0;12.5;63.7;0.12
21/10/2025;03:00:00;0.603;0.052;237.46;2.54;0.0;0.0;55.0;14.1;63.1;0.12
21/10/2025;04:00:00;1.072;0.139;242.94;4.41;0.0;0.0;55.0;12.6;66.9;0.12
21/10/2025;05:00:00;1.096;0.071;235.88;4.65;0.0;0.0;55.0;16.3;63.9;0.12
21/10/2025;06:00:00;3.695;0.512;238.0;15.53;0.0;0.0;55.0;13.9;58.7;0.3
21/10/2025;07:00:00;2.331;0.474;238.88;9.76;0.0;1.3;55.0;15.8;61.4;0.33
21/10/2025;08:00:00;2.884;0.163;237.19;12.16;0.0;18.5;55.0;18.1;60.1;0.64
21/10/2025;09:00:00;2.685;0.414;242.91;11.05;0.0;2.2;55.0;15.9;63.1;0.59
21/10/2025;10:00:00;1.629;0.146;236.32;6.89;0.0;0.0;55.0;16.7;62.5;0.57
21/10/2025;11:00:00;1.87;0.408;237.3;7.88;0.0;0.0;55.0;18.2;72.8;0.74
21/10/2025;12:00:00;1.277;0.078;238.1;5.36;0.0;0.0;55.0;23.4;49.8;0.66
21/10/2025;13:00:00;1.213;0.188;242.36;5.01;0.0;0.0;55.0;21.5;62.1;0.64
21/10/2025;14:00:00;1.759;0.165;244.07;7.21;0.0;0.0;55.0;26.7;59.0;0.74
21/10/2025;15:00:00;1.225;0.245;241.46;5.08;0.0;0.0;55.0;22.2;59.1;0.66
21/10/2025;16:00:00;1.542;0.109;236.32;6.52;0.0;0.0;55.0;23.1;52.7;0.66
21/10/2025;17:00:00;2.092;0.257;238.26;8.78;0.0;0.0;55.0;24.6;63.0;0.66
21/10/2025;18:00:00;2.728;0.222;244.4;11.16;6.5;0.0;55.0;24.5;43.8;0.64
21/10/2025;19:00:00;3.186;0.592;240.08;13.27;22.5;0.0;55.0;23.6;52.1;0.27
21/10/2025;20:00:00;3.292;0.361;235.95;13.95;3.1;0.0;55.0;21.1;63.4;0.26
21/10/2025;21:00:00;2.974;0.243;246.14;12.08;14.8;0.0;55.0;19.5;56.9;0.29
21/10/2025;22:00:00;2.312;0.401;238.4;9.7;0.0;0.0;55.0;17.6;68.3;0.31
21/10/2025;23:00:00;1.722;0.325;239.8;7.18;0.0;0.0;55.0;16.7;53.5;0.3
22/10/2025;00:00:00;0.682;0.088;238.08;2.86;0.0;0.0;55.0;13.6;57.9;0.12
22/10/2025;01:00:00;0.82;0.094;237.32;3.45;0.0;0.0;55.0;12.4;61.8;0.12
22/10/2025;02:00:00;0.915;0.144;243.63;3.75;0.0;0.0;55.0;13.2;66.0;0.12
22/10/2025;03:00:00;0.868;0.14;240.55;3.61;0.0;0.0;55.0;12.7;63.1;0.12
22/10/2025;04:00:00;0.772;0.125;240.88;3.21;0.0;0.0;55.0;12.5;62.0;0.12
22/10/2025;05:00:00;0.954;0.092;236.42;4.03;0.0;0.0;55.0;14.7;69.7;0.12
22/10/2025;06:00:00;1.63;0.342;239.16;6.81;0.0;0.0;55.0;15.9;69.2;0.3
22/10/2025;07:00:00;2.356;0.203;238.26;9.89;0.0;1.0;55.0;15.6;59.8;0.25
22/10/2025;08:00:00;2.837;0.322;237.69;11.94;0.0;12.9;55.0;18.9;50.7;0.66
22/10/2025;09:00:00;2.495;0.245;241.31;10.34;0.0;2.0;55.0;16.3;50.6;0.65
22/10/2025;10:00:00;1.861;0.388;239.05;7.78;0.0;0.0;55.0;19.0;60.4;0.76
22/10/2025;11:00:00;1.311;0.25;241.94;5.42;0.0;0.0;55.0;19.4;62.1;0.68
22/10/2025;12:00:00;1.316;0.247;242.02;5.44;0.0;0.0;55.0;18.7;59.7;0.77
22/10/2025;13:00:00;1.261;0.064;238.78;5.28;0.0;0.0;55.0;22.2;56.3;0.7
22/10/2025;14:00:00;1.325;0.221;241.27;5.49;0.0;0.0;55.0;22.6;52.3;0.65
22/10/2025;15:00:00;1.491;0.133;238.71;6.24;0.0;0.0;55.0;25.3;57.5;0.66
22/10/2025;16:00:00;1.418;0.304;237.79;5.96;0.0;0.0;55.0;23.8;63.8;0.63
22/10/2025;17:00:00;2.056;0.288;237.03;8.67;0.0;0.0;55.0;20.8;46.7;0.71
22/10/2025;18:00:00;2.871;0.419;240.24;11.95;5.6;0.0;55.0;24.3;54.6;0.69
22/10/2025;19:00:00;3.066;0.339;237.92;12.89;1.5;0.0;55.0;22.3;51.7;0.28
22/10/2025;20:00:00;3.143;0.444;243.86;12.89;1.4;0.0;55.0;20.2;50.8;0.25
22/10/2025;21:00:00;3.03;0.538;244.55;12.39;6.9;0.0;55.0;17.7;54.6;0.31
22/10/2025;22:00:00;2.153;0.313;241.33;8.92;0.0;0.0;55.0;15.3;64.1;0.23
22/10/2025;23:00:00;1.729;0.275;240.68;7.18;0.0;0.0;55.0;14.9;64.5;0.32
23/10/2025;00:00:00;0.644;0.084;240.05;2.68;0.0;0.0;55.0;16.1;68.8;0.12
23/10/2025;01:00:00;0.634;0.109;246.65;2.57;0.0;0.0;55.0;16.5;61.2;0.12
23/10/2025;02:00:00;0.512;0.104;245.49;2.09;0.0;0.0;55.0;15.5;53.2;0.12
23/10/2025;03:00:00;0.99;0.058;239.43;4.14;0.0;0.0;55.0;12.3;63.4;0.12
23/10/2025;04:00:00;0.927;0.063;239.44;3.87;0.0;0.0;55.0;11.5;58.3;0.12
23/10/2025;05:00:00;1.017;0.169;240.92;4.22;0.0;0.0;55.0;13.9;57.3;0.12
23/10/2025;06:00:00;1.688;0.193;236.7;7.13;0.0;0.0;55.0;11.8;67.9;0.31
23/10/2025;07:00:00;2.07;0.203;234.96;8.81;0.0;7.9;55.0;16.0;62.6;0.28
23/10/2025;08:00:00;2.928;0.235;236.25;12.39;0.0;5.0;55.0;16.5;64.2;0.74
23/10/2025;09:00:00;2.537;0.374;239.16;10.61;0.0;17.4;55.0;17.3;58.8;0.68
23/10/2025;10:00:00;1.985;0.217;237.35;8.36;0.0;0.0;55.0;16.9;64.8;0.76
23/10/2025;11:00:00;1.311;0.179;244.07;5.37;0.0;0.0;55.0;21.3;55.3;0.64
23/10/2025;12:00:00;1.149;0.245;235.89;4.87;0.0;0.0;55.0;20.7;63.4;0.73
23/10/2025;13:00:00;0.974;0.174;236.26;4.12;0.0;0.0;55.0;20.6;59.7;0.68
23/10/2025;14:00:00;1.169;0.217;234.86;4.98;0.0;0.0;55.0;18.5;58.5;0.67
23/10/2025;15:00:00;3.504;0.249;238.19;14.71;0.0;0.0;55.0;23.0;57.1;0.77
23/10/2025;16:00:00;1.959;0.206;238.88;8.2;0.0;0.0;55.0;25.5;53.9;0.73
23/10/2025;17:00:00;2.229;0.152;239.78;9.3;0.0;0.0;55.0;24.8;62.5;0.72
23/10/2025;18:00:00;2.677;0.575;239.9;11.16;3.8;0.0;55.0;20.8;58.9;0.62
23/10/2025;19:00:00;3.023;0.502;238.26;12.69;11.0;0.0;55.0;19.6;58.7;0.31
23/10/2025;20:00:00;3.371;0.18;237.05;14.22;12.9;0.0;55.0;20.0;57.2;0.31
23/10/2025;21:00:00;2.877;0.376;241.17;11.93;21.9;0.0;55.0;16.5;65.4;0.22
23/10/2025;22:00:00;2.186;0.207;237.48;9.2;0.0;0.0;55.0;17.2;64.2;0.26
23/10/2025;23:00:00;1.591;0.226;242.19;6.57;0.0;0.0;55.0;16.6;59.7;0.22
24/10/2025;00:00:00;0.764;0.061;235.85;3.24;0.0;0.0;55.0;16.3;55.6;0.12
24/10/2025;01:00:00;0.551;0.033;237.91;2.32;0.0;0.0;55.0;13.5;59.1;0.12
24/10/2025;02:00:00;0.765;0.08;245.72;3.11;0.0;0.0;55.0;12.9;63.2;0.12
24/10/2025;03:00:00;1.123;0.113;246.1;4.56;0.0;0.0;55.0;11.7;71.8;0.12
24/10/2025;04:00:00;0.989;0.17;236.19;4.19;0.0;0.0;55.0;11.9;63.6;0.12
24/10/2025;05:00:00;1.224;0.16;243.38;5.03;0.0;0.0;55.0;13.3;60.8;0.12
24/10/2025;06:00:00;1.498;0.149;244.52;6.13;0.0;0.0;55.0;15.0;53.6;0.29
24/10/2025;07:00:00;2.178;0.32;242.98;8.96;0.0;0.6;55.0;16.9;68.5;0.24
24/10/2025;08:00:00;3.072;0.191;239.81;12.81;0.0;18.4;55.0;15.5;64.8;0.7
24/10/2025;09:00:00;2.685;0.437;234.6;11.45;0.0;7.9;55.0;20.2;62.2;0.71
24/10/2025;10:00:00;1.88;0.141;240.24;7.83;0.0;0.0;55.0;18.9;64.1;0.69
24/10/2025;11:00:00;1.224;0.119;241.15;5.08;0.0;0.0;55.0;20.5;57.2;0.67
24/10/2025;12:00:00;1.283;0.126;240.67;5.33;0.0;0.0;55.0;20.4;58.5;0.61
24/10/2025;13:00:00;1.451;0.187;241.34;6.01;0.0;0.0;55.0;18.7;66.9;0.67
24/10/2025;14:00:00;1.148;0.243;237.73;4.83;0.0;0.0;55.0;24.2;56.0;0.67
24/10/2025;15:00:00;1.603;0.169;238.65;6.72;0.0;0.0;55.0;24.1;58.1;0.7
24/10/2025;16:00:00;1.395;0.137;233.3;5.98;0.0;0.0;55.0;22.4;60.8;0.6
24/10/2025;17:00:00;1.918;0.151;242.49;7.91;0.0;0.0;55.0;22.4;59.7;0.64
24/10/2025;18:00:00;2.73;0.318;237.49;11.49;11.9;0.0;55.0;22.3;55.9;0.7
24/10/2025;19:00:00;5.09;0.412;239.3;21.27;12.0;0.0;55.0;18.2;59.7;0.29
24/10/2025;20:00:00;3.349;0.246;240.71;13.91;18.1;0.0;55.0;18.5;63.5;0.32
24/10/2025;21:00:00;2.819;0.552;238.43;11.82;11.2;0.0;55.0;19.2;62.9;0.26
24/10/2025;22:00:00;2.378;0.14;237.0;10.03;0.0;0.0;55.0;14.8;68.4;0.24
24/10/2025;23:00:00;1.901;0.325;240.72;7.9;0.0;0.0;55.0;15.9;64.4;0.28
25/10/2025;00:00:00;0.788;0.067;235.01;3.35;0.0;0.0;55.0;12.4;67.4;0.14
25/10/2025;01:00:00;0.728;0.038;242.15;3.01;0.0;0.0;55.0;14.4;60.7;0.14
25/10/2025;02:00:00;0.81;0.15;241.85;3.35;0.0;0.0;55.0;13.1;61.0;0.14
25/10/2025;03:00:00;1.102;0.187;238.46;4.62;0.0;0.0;55.0;10.6;69.8;0.14
25/10/2025;04:00:00;0.823;0.088;238.62;3.45;0.0;0.0;55.0;14.9;59.6;0.14
25/10/2025;05:00:00;1.247;0.079;237.23;5.26;0.0;0.0;55.0;12.6;64.2;0.14
25/10/2025;06:00:00;1.708;0.19;238.93;7.15;0.0;0.0;55.0;13.2;70.7;0.27
25/10/2025;07:00:00;2.608;0.211;239.44;10.89;0.0;13.1;55.0;15.8;67.9;0.37
25/10/2025;08:00:00;2.51;0.523;239.11;10.5;0.0;13.2;55.0;18.4;61.2;0.3
25/10/2025;09:00:00;2.637;0.369;244.06;10.81;0.0;1.2;55.0;16.5;59.7;0.37
25/10/2025;10:00:00;1.588;0.34;235.1;6.75;0.0;0.0;55.0;19.4;58.3;0.35
25/10/2025;11:00:00;1.055;0.116;237.46;4.44;0.0;0.0;55.0;21.1;61.8;0.27
25/10/2025;12:00:00;1.09;0.158;242.05;4.5;0.0;0.0;55.0;22.6;56.2;0.37
25/10/2025;13:00:00;0.755;0.062;245.75;3.07;0.0;0.0;55.0;22.6;53.5;0.35
25/10/2025;14:00:00;0.992;0.186;237.58;4.17;0.0;0.0;55.0;22.3;62.7;0.26
25/10/2025;15:00:00;0.929;0.053;242.83;3.82;0.0;0.0;55.0;21.8;57.9;0.27
25/10/2025;16:00:00;1.513;0.255;236.78;6.39;0.0;0.0;55.0;23.0;53.1;0.34
25/10/2025;17:00:00;1.701;0.198;238.91;7.12;0.0;0.0;55.0;20.7;60.2;0.34
25/10/2025;18:00:00;2.411;0.358;240.03;10.04;19.9;0.0;55.0;17.2;65.5;0.36
25/10/2025;19:00:00;3.416;0.515;238.07;14.35;3.0;0.0;55.0;21.2;52.4;0.35
25/10/2025;20:00:00;3.821;0.653;238.83;16.0;16.7;0.0;55.0;20.6;56.9;0.34
25/10/2025;21:00:00;3.537;0.3;236.18;14.98;9.5;0.0;55.0;14.5;61.6;0.36
25/10/2025;22:00:00;2.473;0.347;241.89;10.23;0.0;0.0;55.0;15.2;64.5;0.33
25/10/2025;23:00:00;1.57;0.192;237.49;6.61;0.0;0.0;55.0;16.4;64.4;0.29
26/10/2025;00:00:00;0.673;0.066;238.14;2.83;0.0;0.0;55.0;17.6;57.6;0.14
26/10/2025;01:00:00;0.85;0.114;237.81;3.58;0.0;0.0;55.0;13.7;56.0;0.14
26/10/2025;02:00:00;0.942;0.2;237.96;3.96;0.0;0.0;55.0;12.1;69.9;0.14
26/10/2025;03:00:00;1.044;0.221;240.4;4.34;0.0;0.0;55.0;12.7;58.6;0.14
26/10/2025;04:00:00;0.725;0.071;240.18;3.02;0.0;0.0;55.0;15.2;63.6;0.14
26/10/2025;05:00:00;0.907;0.182;247.05;3.67;0.0;0.0;55.0;12.7;63.6;0.14
26/10/2025;06:00:00;1.908;0.38;239.31;7.97;0.0;0.0;55.0;13.3;64.6;0.26
26/10/2025;07:00:00;2.568;0.237;239.72;10.71;0.0;11.0;55.0;14.8;70.8;0.34
26/10/2025;08:00:00;3.013;0.457;243.74;12.36;0.0;19.3;55.0;15.3;77.4;0.39
26/10/2025;09:00:00;2.613;0.517;240.63;10.86;0.0;8.1;55.0;18.2;51.7;0.33
26/10/2025;10:00:00;1.861;0.256;239.72;7.76;0.0;0.0;55.0;21.7;61.9;0.32
26/10/2025;11:00:00;1.115;0.126;239.63;4.65;0.0;0.0;55.0;21.0;56.8;0.3
26/10/2025;12:00:00;1.032;0.166;240.54;4.29;0.0;0.0;55.0;21.2;62.7;0.29
26/10/2025;13:00:00;0.885;0.07;242.73;3.65;0.0;0.0;55.0;21.9;61.7;0.26
26/10/2025;14:00:00;0.786;0.061;243.77;3.23;0.0;0.0;55.0;20.5;65.1;0.29
26/10/2025;15:00:00;1.136;0.218;242.89;4.68;0.0;0.0;55.0;24.3;56.4;0.31
26/10/2025;16:00:00;1.344;0.077;241.31;5.57;0.0;0.0;55.0;22.7;51.8;0.28
26/10/2025;17:00:00;1.665;0.311;240.59;6.92;0.0;0.0;55.0;22.1;61.4;0.27
26/10/2025;18:00:00;3.078;0.306;245.71;12.53;7.5;0.0;55.0;26.3;53.9;0.35
26/10/2025;19:00:00;3.457;0.457;238.67;14.49;20.7;0.0;55.0;20.9;56.5;0.38
26/10/2025;20:00:00;3.827;0.545;241.96;15.82;13.5;0.0;55.0;18.2;57.5;0.38
26/10/2025;21:00:00;3.581;0.646;243.29;14.72;3.6;0.0;55.0;17.4;65.5;0.34
26/10/2025;22:00:00;2.595;0.52;242.92;10.68;0.0;0.0;55.0;18.4;67.7;0.26
26/10/2025;23:00:00;1.826;0.341;237.87;7.68;0.0;0.0;55.0;15.7;55.9;0.36
27/10/2025;00:00:00;0.848;0.125;247.88;3.42;0.0;0.0;55.0;12.3;67.7;0.12
27/10/2025;01:00:00;0.68;0.074;244.68;2.78;0.0;0.0;55.0;15.0;60.5;0.12
27/10/2025;02:00:00;0.904;0.126;242.97;3.72;0.0;0.0;55.0;12.2;57.3;0.12
27/10/2025;03:00:00;0.867;0.048;237.18;3.65;0.0;0.0;55.0;15.8;62.5;0.12
27/10/2025;04:00:00;0.687;0.063;242.74;2.83;0.0;0.0;55.0;14.8;58.4;0.12
27/10/2025;05:00:00;0.977;0.11;233.53;4.18;0.0;0.0;55.0;13.0;56.1;0.12
27/10/2025;06:00:00;1.737;0.181;239.35;7.26;0.0;0.0;55.0;16.4;57.4;0.3
27/10/2025;07:00:00;2.175;0.144;240.3;9.05;0.0;7.6;55.0;15.6;56.8;0.25
27/10/2025;08:00:00;3.025;0.177;238.74;12.67;0.0;4.6;55.0;18.0;56.8;0.75
27/10/2025;09:00:00;2.538;0.308;244.43;10.38;0.0;3.8;55.0;18.7;52.8;0.71
27/10/2025;10:00:00;1.755;0.11;240.29;7.3;0.0;0.0;55.0;18.0;58.0;0.77
27/10/2025;11:00:00;1.417;0.14;237.31;5.97;0.0;0.0;55.0;19.5;55.2;0.69
27/10/2025;12:00:00;1.395;0.182;242.11;5.76;0.0;0.0;55.0;23.1;57.8;0.65
27/10/2025;13:00:00;1.183;0.101;241.12;4.91;0.0;0.0;55.0;21.8;59.9;0.72
27/10/2025;14:00:00;0.931;0.059;235.09;3.96;0.0;0.0;55.0;22.2;57.9;0.58
27/10/2025;15:00:00;1.35;0.167;243.75;5.54;0.0;0.0;55.0;21.6;56.0;0.78
27/10/2025;16:00:00;1.46;0.184;240.28;6.08;0.0;0.0;55.0;23.5;54.3;0.62
27/10/2025;17:00:00;1.907;0.392;242.76;7.86;0.0;0.0;55.0;25.4;49.9;0.67
27/10/2025;18:00:00;2.703;0.194;241.15;11.21;22.7;0.0;55.0;19.9;54.4;0.75
27/10/2025;19:00:00;3.108;0.48;239.06;13.0;11.2;0.0;55.0;20.5;61.5;0.3
27/10/2025;20:00:00;3.452;0.36;241.19;14.31;5.6;0.0;55.0;21.4;48.5;0.26
27/10/2025;21:00:00;3.199;0.227;239.72;13.34;16.2;0.0;55.0;17.9;59.7;0.23
27/10/2025;22:00:00;2.45;0.286;240.81;10.17;0.0;0.0;55.0;17.4;58.9;0.32
27/10/2025;23:00:00;1.782;0.219;241.68;7.37;0.0;0.0;55.0;13.9;66.3;0.24
28/10/2025;00:00:00;0.542;0.061;240.41;2.25;0.0;0.0;55.0;15.1;55.2;0.12
28/10/2025;01:00:00;0.987;0.178;241.3;4.09;0.0;0.0;55.0;13.4;63.8;0.12
28/10/2025;02:00:00;0.87;0.168;238.96;3.64;0.0;0.0;55.0;14.6;64.4;0.12
28/10/2025;03:00:00;0.672;0.051;238.4;2.82;0.0;0.0;55.0;14.8;53.1;0.12
28/10/2025;04:00:00;0.829;0.065;242.17;3.42;0.0;0.0;55.0;17.1;55.4;0.12
28/10/2025;05:00:00;1.037;0.126;244.06;4.25;0.0;0.0;55.0;14.5;62.3;0.12
28/10/2025;06:00:00;1.778;0.186;238.55;7.45;0.0;0.0;55.0;15.0;65.0;0.32
28/10/2025;07:00:00;2.202;0.417;240.88;9.14;0.0;6.6;55.0;15.8;62.7;0.22
28/10/2025;08:00:00;2.919;0.641;236.05;12.36;0.0;17.7;55.0;16.2;64.3;0.76
28/10/2025;09:00:00;2.492;0.201;245.05;10.17;0.0;9.4;55.0;18.5;54.2;0.64
28/10/2025;10:00:00;1.972;0.354;243.21;8.11;0.0;0.0;55.0;18.9;51.4;0.66
28/10/2025;11:00:00;1.2;0.184;238.37;5.03;0.0;0.0;55.0;20.8;58.2;0.73
28/10/2025;12:00:00;0.927;0.148;239.01;3.88;0.0;0.0;55.0;23.5;49.4;0.64
28/10/2025;13:00:00;1.293;0.123;243.39;5.31;0.0;0.0;55.0;20.8;53.4;0.72
28/10/2025;14:00:00;1.498;0.1;240.49;6.23;0.0;0.0;55.0;24.5;59.4;0.79
28/10/2025;15:00:00;1.431;0.204;241.77;5.92;0.0;0.0;55.0;25.0;55.4;0.6
28/10/2025;16:00:00;1.394;0.215;237.24;5.87;0.0;0.0;55.0;22.7;53.4;0.7
28/10/2025;17:00:00;1.77;0.378;241.62;7.33;0.0;0.0;55.0;19.1;55.6;0.7
28/10/2025;18:00:00;2.569;0.423;239.58;10.72;9.8;0.0;55.0;20.6;61.0;0.66
28/10/2025;19:00:00;3.078;0.386;240.84;12.78;24.5;0.0;55.0;22.4;57.5;0.24
28/10/2025;20:00:00;3.294;0.721;238.89;13.79;9.1;0.0;55.0;19.3;52.9;0.33
28/10/2025;21:00:00;3.101;0.352;239.41;12.95;4.2;0.0;55.0;16.5;51.5;0.23
28/10/2025;22:00:00;2.261;0.176;240.29;9.41;0.0;0.0;55.0;15.9;71.1;0.32
28/10/2025;23:00:00;1.578;0.245;238.36;6.62;0.0;0.0;55.0;16.8;54.9;0.29
29/10/2025;00:00:00;0.78;0.074;246.35;3.17;0.0;0.0;55.0;15.3;64.8;0.12
29/10/2025;01:00:00;0.752;0.156;237.05;3.17;0.0;0.0;55.0;13.3;71.3;0.12
29/10/2025;02:00:00;0.8;0.098;241.4;3.31;0.0;0.0;55.0;12.6;65.0;0.12
29/10/2025;03:00:00;0.781;0.059;240.85;3.24;0.0;0.0;55.0;12.4;61.5;0.12
29/10/2025;04:00:00;0.841;0.062;242.13;3.47;0.0;0.0;55.0;11.8;57.8;0.12
29/10/2025;05:00:00;0.982;0.158;233.0;4.22;0.0;0.0;55.0;16.1;54.3;0.12
29/10/2025;06:00:00;1.647;0.185;235.28;7.0;0.0;0.0;55.0;14.0;65.1;0.23
29/10/2025;07:00:00;2.332;0.261;238.46;9.78;0.0;11.6;55.0;17.3;67.8;0.33
29/10/2025;08:00:00;2.943;0.454;242.58;12.13;0.0;12.2;55.0;19.0;57.2;0.77
29/10/2025;09:00:00;2.529;0.222;239.26;10.57;0.0;8.4;55.0;19.5;56.0;0.64
29/10/2025;10:00:00;2.168;0.162;239.15;9.07;0.0;0.0;55.0;18.6;63.0;0.8
29/10/2025;11:00:00;1.22;0.197;240.04;5.08;0.0;0.0;55.0;21.1;54.1;0.68
29/10/2025;12:00:00;1.426;0.073;237.65;6.0;0.0;0.0;55.0;21.5;58.6;0.68
29/10/2025;13:00:00;1.153;0.236;241.32;4.78;0.0;0.0;55.0;21.0;57.8;0.66
29/10/2025;14:00:00;1.207;0.098;240.54;5.02;0.0;0.0;55.0;23.3;53.7;0.62
29/10/2025;15:00:00;1.414;0.178;241.41;5.86;0.0;0.0;55.0;21.2;57.3;0.74
29/10/2025;16:00:00;1.479;0.127;244.25;6.05;0.0;0.0;55.0;24.6;63.5;0.72
29/10/2025;17:00:00;2.109;0.184;239.36;8.81;0.0;0.0;55.0;21.6;60.1;0.66
29/10/2025;18:00:00;2.92;0.561;240.31;12.15;15.8;0.0;55.0;21.8;62.4;0.73
29/10/2025;19:00:00;3.125;0.467;237.24;13.17;12.2;0.0;55.0;20.9;53.1;0.23
29/10/2025;20:00:00;5.255;0.541;236.49;22.22;18.8;0.0;55.0;18.9;64.8;0.26
29/10/2025;21:00:00;3.156;0.292;239.98;13.15;24.9;0.0;55.0;18.9;62.5;0.32
29/10/2025;22:00:00;2.526;0.218;240.29;10.51;0.0;0.0;55.0;16.0;54.1;0.27
29/10/2025;23:00:00;1.845;0.266;241.93;7.62;0.0;0.0;55.0;16.8;63.7;0.31
30/10/2025;00:00:00;0.68;0.119;241.61;2.82;0.0;0.0;55.0;12.4;61.9;0.12
30/10/2025;01:00:00;0.886;0.083;240.71;3.68;0.0;0.0;55.0;13.9;55.6;0.12
30/10/2025;02:00:00;0.912;0.097;244.72;3.73;0.0;0.0;55.0;16.1;62.2;0.12
30/10/2025;03:00:00;0.917;0.158;239.13;3.83;0.0;0.0;55.0;11.5;67.9;0.12
30/10/2025;04:00:00;0.744;0.13;239.47;3.11;0.0;0.0;55.0;12.2;65.4;0.12
30/10/2025;05:00:00;1.073;0.091;240.79;4.45;0.0;0.0;55.0;14.4;62.3;0.12
30/10/2025;06:00:00;1.679;0.193;236.69;7.09;0.0;0.0;55.0;14.7;61.0;0.25
30/10/2025;07:00:00;2.246;0.445;241.93;9.28;0.0;9.4;55.0;16.0;73.9;0.28
30/10/2025;08:00:00;2.852;0.501;240.2;11.87;0.0;6.9;55.0;17.4;54.5;0.74
30/10/2025;09:00:00;2.65;0.206;240.25;11.03;0.0;11.1;55.0;19.0;63.6;0.61
30/10/2025;10:00:00;1.761;0.204;241.52;7.29;0.0;0.0;55.0;21.0;57.7;0.64
30/10/2025;11:00:00;1.43;0.308;241.05;5.93;0.0;0.0;55.0;21.1;53.2;0.67
30/10/2025;12:00:00;1.291;0.18;241.15;5.35;0.0;0.0;55.0;21.2;57.2;0.56
30/10/2025;13:00:00;1.055;0.182;238.91;4.42;0.0;0.0;55.0;23.3;48.8;0.67
30/10/2025;14:00:00;1.542;0.101;244.39;6.31;0.0;0.0;55.0;25.7;50.9;0.64
30/10/2025;15:00:00;1.329;0.255;235.91;5.64;0.0;0.0;55.0;22.8;55.9;0.73
30/10/2025;16:00:00;1.513;0.231;238.08;6.36;0.0;0.0;55.0;21.4;49.6;0.75
30/10/2025;17:00:00;2.179;0.174;238.45;9.14;0.0;0.0;55.0;24.0;57.7;0.68
30/10/2025;18:00:00;2.534;0.29;237.98;10.65;15.7;0.0;55.0;21.4;52.5;0.64
30/10/2025;19:00:00;2.931;0.188;235.11;12.46;13.0;0.0;55.0;17.2;53.3;0.33
30/10/2025;20:00:00;3.122;0.568;244.6;12.76;9.7;0.0;55.0;20.6;52.5;0.3
30/10/2025;21:00:00;3.148;0.556;241.8;13.02;22.0;0.0;55.0;17.2;71.5;0.24
30/10/2025;22:00:00;2.302;0.307;238.23;9.66;0.0;0.0;55.0;16.6;51.3;0.29
30/10/2025;23:00:00;1.669;0.212;241.95;6.9;0.0;0.0;55.0;16.0;63.8;0.24
31/10/2025;00:00:00;0.653;0.084;239.55;2.73;0.0;0.0;55.0;14.8;58.8;0.12
31/10/2025;01:00:00;0.573;0.032;239.19;2.39;0.0;0.0;55.0;14.7;60.9;0.12
31/10/2025;02:00:00;0.924;0.104;237.31;3.89;0.0;0.0;55.0;12.5;67.4;0.12
31/10/2025;03:00:00;0.816;0.059;240.05;3.4;0.0;0.0;55.0;13.8;66.2;0.12
31/10/2025;04:00:00;0.852;0.069;238.23;3.58;0.0;0.0;55.0;12.8;60.8;0.12
31/10/2025;05:00:00;0.989;0.211;237.28;4.17;0.0;0.0;55.0;14.8;55.8;0.12
31/10/2025;06:00:00;1.406;0.133;242.68;5.79;0.0;0.0;55.0;15.4;65.2;0.23
31/10/2025;07:00:00;2.457;0.325;237.7;10.34;0.0;1.1;55.0;14.1;65.9;0.29
31/10/2025;08:00:00;3.098;0.623;243.93;12.7;0.0;14.2;55.0;18.3;58.3;0.68
31/10/2025;09:00:00;2.671;0.321;238.0;11.22;0.0;16.6;55.0;17.2;62.9;0.67
31/10/2025;10:00:00;1.9;0.266;235.79;8.06;0.0;0.0;55.0;20.5;55.8;0.76
31/10/2025;11:00:00;1.483;0.117;241.47;6.14;0.0;0.0;55.0;21.1;53.4;0.79
31/10/2025;12:00:00;1.606;0.158;238.75;6.73;0.0;0.0;55.0;24.3;55.0;0.73
31/10/2025;13:00:00;1.323;0.18;235.57;5.62;0.0;0.0;55.0;22.0;59.4;0.7
31/10/2025;14:00:00;1.439;0.161;240.71;5.98;0.0;0.0;55.0;22.3;58.1;0.68
31/10/2025;15:00:00;1.328;0.075;236.34;5.62;0.0;0.0;55.0;23.0;58.6;0.79
31/10/2025;16:00:00;1.456;0.172;234.43;6.21;0.0;0.0;55.0;22.4;52.7;0.74
31/10/2025;17:00:00;2.115;0.399;241.9;8.74;0.0;0.0;55.0;23.5;63.5;0.71
31/10/2025;18:00:00;2.63;0.183;244.17;10.77;10.2;0.0;55.0;19.1;57.4;0.58
31/10/2025;19:00:00;2.97;0.158;238.89;12.43;0.8;0.0;55.0;18.9;58.7;0.23
31/10/2025;20:00:00;3.31;0.232;243.39;13.6;19.2;0.0;55.0;17.7;53.7;0.32
31/10/2025;21:00:00;3.181;0.531;242.25;13.13;22.5;0.0;55.0;19.4;57.9;0.28
31/10/2025;22:00:00;2.36;0.437;241.87;9.76;0.0;0.0;55.0;19.3;61.6;0.32
31/10/2025;23:00:00;1.472;0.086;239.52;6.14;0.0;0.0;55.0;15.3;65.9;0.26
01/11/2025;00:00:00;0.986;0.198;238.33;4.14;0.0;0.0;55.0;8.2;75.6;0.14
01/11/2025;01:00:00;1.174;0.184;240.96;4.87;0.0;0.0;55.0;7.8;70.8;0.14
01/11/2025;02:00:00;1.437;0.198;241.81;5.94;0.0;0.0;55.0;8.9;68.7;0.14
01/11/2025;03:00:00;1.165;0.108;236.47;4.93;0.0;0.0;55.0;5.6;67.7;0.14
01/11/2025;04:00:00;1.18;0.134;239.09;4.94;0.0;0.0;55.0;7.5;65.1;0.14
01/11/2025;05:00:00;1.631;0.344;239.47;6.81;0.0;0.0;55.0;9.1;71.9;0.14
01/11/2025;06:00:00;1.977;0.405;239.21;8.27;0.0;0.0;55.0;9.2;71.8;0.3
01/11/2025;07:00:00;2.867;0.448;238.11;12.04;0.0;15.1;55.0;9.8;61.2;0.3
01/11/2025;08:00:00;3.27;0.485;236.27;13.84;0.0;3.1;55.0;12.2;68.2;0.26
01/11/2025;09:00:00;2.771;0.238;239.15;11.59;0.0;17.9;55.0;7.9;71.3;0.26
01/11/2025;10:00:00;1.71;0.363;239.22;7.15;0.0;0.0;55.0;14.3;57.4;0.32
01/11/2025;11:00:00;1.124;0.201;238.68;4.71;0.0;0.0;55.0;13.5;66.3;0.27
01/11/2025;12:00:00;0.834;0.096;241.82;3.45;0.0;0.0;55.0;12.8;58.9;0.28
01/11/2025;13:00:00;1.098;0.207;236.17;4.65;0.0;0.0;55.0;17.1;48.6;0.37
01/11/2025;14:00:00;0.828;0.071;240.79;3.44;0.0;0.0;55.0;18.9;58.5;0.33
01/11/2025;15:00:00;0.894;0.077;234.98;3.8;0.0;0.0;55.0;16.8;62.3;0.34
01/11/2025;16:00:00;1.159;0.214;239.81;4.83;0.0;0.0;55.0;18.3;59.2;0.28
01/11/2025;17:00:00;1.939;0.281;233.68;8.3;0.0;0.0;55.0;18.7;73.7;0.37
01/11/2025;18:00:00;2.656;0.384;237.51;11.18;22.5;0.0;55.0;17.5;62.3;0.37
01/11/2025;19:00:00;3.302;0.487;239.94;13.76;1.9;0.0;55.0;17.0;61.6;0.33
01/11/2025;20:00:00;3.863;0.276;236.01;16.37;22.0;0.0;55.0;14.4;65.0;0.38
01/11/2025;21:00:00;3.704;0.405;236.03;15.69;13.2;0.0;55.0;12.1;62.5;0.37
01/11/2025;22:00:00;3.026;0.446;242.75;12.47;0.0;0.0;55.0;8.3;72.4;0.35
01/11/2025;23:00:00;2.141;0.197;235.53;9.09;0.0;0.0;55.0;9.1;68.9;0.35
02/11/2025;00:00:00;1.3;0.176;239.67;5.43;0.0;0.0;55.0;7.2;70.2;0.14
02/11/2025;01:00:00;0.933;0.135;244.13;3.82;0.0;0.0;55.0;10.9;62.5;0.14
02/11/2025;02:00:00;1.39;0.292;240.4;5.78;0.0;0.0;55.0;6.9;61.1;0.14
02/11/2025;03:00:00;1.096;0.101;240.08;4.57;0.0;0.0;55.0;7.2;66.1;0.14
02/11/2025;04:00:00;1.096;0.137;238.0;4.6;0.0;0.0;55.0;8.0;69.4;0.14
02/11/2025;05:00:00;1.318;0.286;238.01;5.54;0.0;0.0;55.0;7.7;66.0;0.14
02/11/2025;06:00:00;1.891;0.155;239.53;7.89;0.0;0.0;55.0;11.0;67.1;0.29
02/11/2025;07:00:00;2.953;0.539;234.41;12.6;0.0;0.3;55.0;8.6;66.4;0.39
02/11/2025;08:00:00;3.019;0.242;242.84;12.43;0.0;6.7;55.0;11.0;67.8;0.34
02/11/2025;09:00:00;2.745;0.534;240.58;11.41;0.0;7.1;55.0;10.9;60.8;0.29
02/11/2025;10:00:00;1.997;0.266;235.11;8.5;0.0;0.0;55.0;11.3;66.3;0.32
02/11/2025;11:00:00;1.016;0.219;242.87;4.18;0.0;0.0;55.0;13.6;60.3;0.28
02/11/2025;12:00:00;0.909;0.072;241.9;3.76;0.0;0.0;55.0;15.5;54.3;0.39
02/11/2025;13:00:00;0.978;0.163;241.23;4.06;0.0;0.0;55.0;15.7;61.0;0.37
02/11/2025;14:00:00;0.707;0.119;246.26;2.87;0.0;0.0;55.0;15.8;69.4;0.26
02/11/2025;15:00:00;1.002;0.173;240.27;4.17;0.0;0.0;55.0;14.9;55.2;0.38
02/11/2025;16:00:00;1.402;0.094;244.28;5.74;0.0;0.0;55.0;16.7;61.6;0.35
02/11/2025;17:00:00;2.016;0.2;240.07;8.4;0.0;0.0;55.0;14.1;67.1;0.26
02/11/2025;18:00:00;2.673;0.287;241.27;11.08;5.4;0.0;55.0;16.7;72.6;0.35
02/11/2025;19:00:00;3.413;0.359;238.45;14.31;15.5;0.0;55.0;14.6;60.2;0.34
02/11/2025;20:00:00;3.875;0.638;234.72;16.51;11.4;0.0;55.0;11.1;62.4;0.28
02/11/2025;21:00:00;3.74;0.222;234.89;15.92;19.3;0.0;55.0;11.5;59.3;0.36
02/11/2025;22:00:00;3.017;0.525;239.76;12.58;0.0;0.0;55.0;9.6;72.4;0.27
02/11/2025;23:00:00;1.952;0.272;239.34;8.16;0.0;0.0;55.0;10.0;62.1;0.32
03/11/2025;00:00:00;1.077;0.086;236.7;4.55;0.0;0.0;55.0;10.5;64.2;0.12
03/11/2025;01:00:00;1.232;0.109;239.22;5.15;0.0;0.0;55.0;4.9;61.3;0.12
03/11/2025;02:00:00;1.053;0.07;241.26;4.36;0.0;0.0;55.0;7.3;72.9;0.12
03/11/2025;03:00:00;1.179;0.151;243.61;4.84;0.0;0.0;55.0;6.8;74.8;0.12
03/11/2025;04:00:00;1.276;0.193;238.06;5.36;0.0;0.0;55.0;8.2;72.1;0.12
03/11/2025;05:00:00;1.397;0.208;241.1;5.8;0.0;0.0;55.0;8.0;60.0;0.12
03/11/2025;06:00:00;2.083;0.445;244.87;8.51;0.0;0.0;55.0;7.3;71.6;0.31
03/11/2025;07:00:00;2.624;0.263;242.1;10.84;0.0;8.9;55.0;9.0;58.8;0.23
03/11/2025;08:00:00;3.378;0.606;237.85;14.2;0.0;18.9;55.0;9.5;67.1;0.74
03/11/2025;09:00:00;2.71;0.469;240.28;11.28;0.0;12.9;55.0;13.6;64.5;0.75
03/11/2025;10:00:00;2.119;0.128;240.52;8.81;0.0;0.0;55.0;13.3;65.3;0.75
03/11/2025;11:00:00;1.319;0.275;241.78;5.46;0.0;0.0;55.0;17.4;63.2;0.69
03/11/2025;12:00:00;1.312;0.273;240.11;5.46;0.0;0.0;55.0;15.4;62.0;0.73
03/11/2025;13:00:00;1.267;0.149;241.35;5.25;0.0;0.0;55.0;15.3;52.4;0.69
03/11/2025;14:00:00;1.353;0.164;242.86;5.57;0.0;0.0;55.0;14.6;65.4;0.77
03/11/2025;15:00:00;1.466;0.278;237.05;6.18;0.0;0.0;55.0;14.3;63.5;0.78
03/11/2025;16:00:00;1.534;0.206;236.3;6.49;0.0;0.0;55.0;14.5;58.3;0.63
03/11/2025;17:00:00;2.128;0.396;241.7;8.8;0.0;0.0;55.0;16.7;53.2;0.72
03/11/2025;18:00:00;2.429;0.136;239.57;10.14;19.6;0.0;55.0;16.3;69.1;0.73
03/11/2025;19:00:00;3.265;0.302;242.42;13.47;2.3;0.0;55.0;12.1;70.9;0.23
03/11/2025;20:00:00;3.58;0.234;243.05;14.73;8.2;0.0;55.0;14.6;66.2;0.28
03/11/2025;21:00:00;3.206;0.408;234.82;13.65;11.0;0.0;55.0;11.3;62.0;0.31
03/11/2025;22:00:00;2.455;0.479;237.66;10.33;0.0;0.0;55.0;10.9;53.1;0.23
03/11/2025;23:00:00;1.995;0.293;239.65;8.32;0.0;0.0;55.0;11.9;68.7;0.3
04/11/2025;00:00:00;0.896;0.124;237.13;3.78;0.0;0.0;55.0;9.8;68.4;0.12
04/11/2025;01:00:00;4.88;0.548;238.68;20.45;0.0;0.0;55.0;7.3;66.7;0.12
04/11/2025;02:00:00;1.267;0.077;236.42;5.36;0.0;0.0;55.0;5.8;75.4;0.12
04/11/2025;03:00:00;1.281;0.231;238.77;5.36;0.0;0.0;55.0;3.8;75.6;0.12
04/11/2025;04:00:00;1.387;0.204;237.3;5.84;0.0;0.0;55.0;6.1;70.4;0.12
04/11/2025;05:00:00;1.304;0.271;240.96;5.41;0.0;0.0;55.0;7.4;68.7;0.12
04/11/2025;06:00:00;2.133;0.263;242.53;8.79;0.0;0.0;55.0;7.0;69.1;0.34
04/11/2025;07:00:00;2.656;0.314;241.14;11.01;0.0;17.2;55.0;9.3;70.4;0.3
04/11/2025;08:00:00;3.415;0.736;247.27;13.81;0.0;11.2;55.0;10.8;61.5;0.71
04/11/2025;09:00:00;2.965;0.219;242.63;12.22;0.0;15.9;55.0;11.7;67.2;0.73
04/11/2025;10:00:00;2.047;0.19;242.52;8.44;0.0;0.0;55.0;12.3;59.9;0.76
04/11/2025;11:00:00;1.238;0.165;239.77;5.16;0.0;0.0;55.0;14.8;69.3;0.66
04/11/2025;12:00:00;1.27;0.177;239.14;5.31;0.0;0.0;55.0;16.2;64.1;0.65
04/11/2025;13:00:00;1.09;0.156;243.56;4.48;0.0;0.0;55.0;14.7;59.2;0.67
04/11/2025;14:00:00;1.207;0.104;239.29;5.05;0.0;0.0;55.0;18.9;59.6;0.77
04/11/2025;15:00:00;1.139;0.236;240.1;4.75;0.0;0.0;55.0;16.9;56.6;0.7
04/11/2025;16:00:00;1.553;0.263;239.52;6.48;0.0;0.0;55.0;16.9;68.4;0.67
04/11/2025;17:00:00;1.828;0.172;241.51;7.57;0.0;0.0;55.0;17.4;68.6;0.62
04/11/2025;18:00:00;2.669;0.267;242.5;11.01;2.3;0.0;55.0;15.9;65.2;0.7
04/11/2025;19:00:00;2.985;0.596;242.98;12.29;10.0;0.0;55.0;15.9;69.4;0.23
04/11/2025;20:00:00;3.469;0.398;239.15;14.5;4.2;0.0;55.0;13.7;64.2;0.34
04/11/2025;21:00:00;3.384;0.489;240.51;14.07;3.3;0.0;55.0;11.1;69.4;0.33
04/11/2025;22:00:00;2.523;0.178;240.93;10.47;0.0;0.0;55.0;11.2;71.5;0.26
04/11/2025;23:00:00;2.006;0.186;244.1;8.22;0.0;0.0;55.0;7.8;68.1;0.31
05/11/2025;00:00:00;0.855;0.103;235.0;3.64;0.0;0.0;55.0;8.6;67.9;0.12
05/11/2025;01:00:00;1.151;0.186;240.03;4.8;0.0;0.0;55.0;7.6;73.0;0.12
05/11/2025;02:00:00;1.166;0.114;238.2;4.9;0.0;0.0;55.0;6.9;72.1;0.12
05/11/2025;03:00:00;1.109;0.235;238.51;4.65;0.0;0.0;55.0;6.8;65.2;0.12
05/11/2025;04:00:00;1.394;0.122;237.62;5.87;0.0;0.0;55.0;4.3;60.0;0.12
05/11/2025;05:00:00;1.532;0.279;241.51;6.34;0.0;0.0;55.0;6.8;68.0;0.12
05/11/2025;06:00:00;2.071;0.232;233.14;8.88;0.0;0.0;55.0;8.6;57.0;0.27
05/11/2025;07:00:00;2.43;0.466;239.61;10.14;0.0;10.1;55.0;9.7;61.7;0.32
05/11/2025;08:00:00;3.186;0.659;234.9;13.57;0.0;4.8;55.0;9.2;62.7;0.6
05/11/2025;09:00:00;2.788;0.228;238.06;11.71;0.0;15.3;55.0;13.9;60.4;0.71
05/11/2025;10:00:00;2.256;0.301;239.4;9.43;0.0;0.0;55.0;12.0;68.9;0.68
05/11/2025;11:00:00;1.33;0.101;238.86;5.57;0.0;0.0;55.0;16.0;66.8;0.73
05/11/2025;12:00:00;1.412;0.24;241.91;5.84;0.0;0.0;55.0;16.2;64.0;0.74
05/11/2025;13:00:00;0.975;0.187;243.5;4.0;0.0;0.0;55.0;15.4;65.3;0.66
05/11/2025;14:00:00;1.376;0.16;245.48;5.6;0.0;0.0;55.0;19.5;62.1;0.76
05/11/2025;15:00:00;1.169;0.137;239.98;4.87;0.0;0.0;55.0;15.2;49.7;0.62
05/11/2025;16:00:00;1.601;0.136;243.25;6.58;0.0;0.0;55.0;18.2;59.9;0.59
05/11/2025;17:00:00;1.912;0.195;244.1;7.83;0.0;0.0;55.0;17.8;51.2;0.69
05/11/2025;18:00:00;2.645;0.278;238.67;11.08;3.8;0.0;55.0;14.5;65.3;0.67
05/11/2025;19:00:00;3.005;0.23;243.45;12.34;24.5;0.0;55.0;16.6;50.7;0.27
05/11/2025;20:00:00;3.265;0.335;233.91;13.96;23.1;0.0;55.0;12.9;63.2;0.28
05/11/2025;21:00:00;2.987;0.61;240.83;12.4;3.6;0.0;55.0;12.4;67.2;0.3
05/11/2025;22:00:00;2.675;0.282;244.5;10.94;0.0;0.0;55.0;11.1;59.9;0.33
05/11/2025;23:00:00;2.116;0.205;240.28;8.81;0.0;0.0;55.0;9.3;71.8;0.3
06/11/2025;00:00:00;1.088;0.126;239.47;4.54;0.0;0.0;55.0;9.7;69.2;0.12
06/11/2025;01:00:00;0.914;0.195;239.45;3.82;0.0;0.0;55.0;8.9;69.2;0.12
06/11/2025;02:00:00;1.381;0.249;244.11;5.66;0.0;0.0;55.0;4.5;74.3;0.12
06/11/2025;03:00:00;0.947;0.08;235.54;4.02;0.0;0.0;55.0;9.0;65.4;0.12
06/11/2025;04:00:00;1.416;0.252;238.91;5.93;0.0;0.0;55.0;4.7;71.4;0.12
06/11/2025;05:00:00;1.422;0.256;242.36;5.87;0.0;0.0;55.0;9.2;67.1;0.12
06/11/2025;06:00:00;1.895;0.401;240.89;7.87;0.0;0.0;55.0;10.2;66.2;0.28
06/11/2025;07:00:00;2.854;0.575;243.32;11.73;0.0;15.3;55.0;7.9;64.7;0.26
06/11/2025;08:00:00;3.184;0.211;241.91;13.16;0.0;15.7;55.0;10.1;60.1;0.63
06/11/2025;09:00:00;2.777;0.353;238.68;11.64;0.0;12.0;55.0;10.3;64.4;0.6
06/11/2025;10:00:00;4.207;0.713;241.63;17.41;0.0;0.0;55.0;13.0;62.1;0.67
06/11/2025;11:00:00;1.205;0.26;236.31;5.1;0.0;0.0;55.0;14.0;59.5;0.58
06/11/2025;12:00:00;1.133;0.073;234.35;4.84;0.0;0.0;55.0;16.7;65.3;0.66
06/11/2025;13:00:00;1.064;0.12;238.29;4.46;0.0;0.0;55.0;18.3;53.9;0.61
06/11/2025;14:00:00;1.198;0.16;240.22;4.99;0.0;0.0;55.0;18.9;58.4;0.75
06/11/2025;15:00:00;1.251;0.15;237.73;5.26;0.0;0.0;55.0;16.2;67.3;0.64
06/11/2025;16:00:00;1.404;0.179;240.49;5.84;0.0;0.0;55.0;16.5;65.7;0.8
06/11/2025;17:00:00;4.127;0.465;240.16;17.19;0.0;0.0;55.0;13.8;69.4;0.73
06/11/2025;18:00:00;2.776;0.597;234.79;11.82;0.8;0.0;55.0;14.3;60.0;0.6
06/11/2025;19:00:00;2.751;0.513;238.49;11.54;12.8;0.0;55.0;15.9;65.6;0.23
06/11/2025;20:00:00;3.375;0.591;242.63;13.91;13.2;0.0;55.0;15.7;56.5;0.25
06/11/2025;21:00:00;3.233;0.387;241.36;13.4;8.8;0.0;55.0;10.1;64.9;0.23
06/11/2025;22:00:00;2.676;0.535;238.05;11.24;0.0;0.0;55.0;9.8;65.6;0.29
06/11/2025;23:00:00;2.179;0.144;241.73;9.01;0.0;0.0;55.0;9.5;64.0;0.31
07/11/2025;00:00:00;1.047;0.078;244.91;4.28;0.0;0.0;55.0;8.9;65.5;0.12
07/11/2025;01:00:00;1.284;0.272;238.81;5.38;0.0;0.0;55.0;6.5;66.8;0.12
07/11/2025;02:00:00;1.135;0.166;242.08;4.69;0.0;0.0;55.0;7.8;63.2;0.12
07/11/2025;03:00:00;1.212;0.093;241.63;5.02;0.0;0.0;55.0;6.3;73.7;0.12
07/11/2025;04:00:00;1.191;0.252;238.66;4.99;0.0;0.0;55.0;7.1;67.8;0.12
07/11/2025;05:00:00;1.414;0.305;236.83;5.97;0.0;0.0;55.0;8.5;68.6;0.12
07/11/2025;06:00:00;1.855;0.371;244.62;7.58;0.0;0.0;55.0;8.5;68.4;0.26
07/11/2025;07:00:00;2.542;0.23;243.05;10.46;0.0;0.5;55.0;8.8;67.6;0.33
07/11/2025;08:00:00;3.156;0.307;239.22;13.19;0.0;19.0;55.0;10.5;66.4;0.6
07/11/2025;09:00:00;2.857;0.34;243.4;11.74;0.0;0.8;55.0;11.9;63.4;0.76
07/11/2025;10:00:00;1.775;0.264;241.55;7.35;0.0;0.0;55.0;12.7;71.3;0.65
07/11/2025;11:00:00;1.394;0.305;243.38;5.73;0.0;0.0;55.0;14.1;66.9;0.62
07/11/2025;12:00:00;1.122;0.238;234.98;4.77;0.0;0.0;55.0;17.9;60.1;0.77
07/11/2025;13:00:00;1.341;0.277;238.86;5.61;0.0;0.0;55.0;17.2;58.4;0.82
07/11/2025;14:00:00;1.042;0.068;244.41;4.26;0.0;0.0;55.0;16.4;60.7;0.79
07/11/2025;15:00:00;1.439;0.257;247.43;5.82;0.0;0.0;55.0;18.0;62.1;0.62
07/11/2025;16:00:00;1.407;0.28;238.91;5.89;0.0;0.0;55.0;16.3;68.8;0.64
07/11/2025;17:00:00;1.85;0.197;238.86;7.74;0.0;0.0;55.0;18.1;53.1;0.68
07/11/2025;18:00:00;2.693;0.235;241.91;11.13;16.9;0.0;55.0;16.1;64.8;0.76
07/11/2025;19:00:00;3.157;0.559;240.96;13.1;10.1;0.0;55.0;14.3;68.6;0.3
07/11/2025;20:00:00;3.488;0.228;241.49;14.44;7.5;0.0;55.0;14.0;55.8;0.27
07/11/2025;21:00:00;3.272;0.687;233.95;13.99;4.7;0.0;55.0;9.6;65.8;0.22
07/11/2025;22:00:00;2.529;0.194;239.33;10.57;0.0;0.0;55.0;9.0;61.9;0.28
07/11/2025;23:00:00;1.974;0.252;242.25;8.15;0.0;0.0;55.0;7.7;70.4;0.34
08/11/2025;00:00:00;1.124;0.244;233.41;4.82;0.0;0.0;55.0;8.7;65.7;0.14
08/11/2025;01:00:00;1.113;0.243;235.47;4.73;0.0;0.0;55.0;10.3;65.5;0.14
08/11/2025;02:00:00;1.114;0.203;235.03;4.74;0.0;0.0;55.0;10.5;63.9;0.14
08/11/2025;03:00:00;1.161;0.224;241.82;4.8;0.0;0.0;55.0;8.0;71.6;0.14
08/11/2025;04:00:00;1.31;0.281;237.4;5.52;0.0;0.0;55.0;7.9;69.2;0.14
08/11/2025;05:00:00;1.822;0.378;236.64;7.7;0.0;0.0;55.0;5.0;71.6;0.14
08/11/2025;06:00:00;2.342;0.365;240.15;9.75;0.0;0.0;55.0;7.7;69.1;0.38
08/11/2025;07:00:00;3.052;0.534;236.53;12.9;0.0;15.5;55.0;8.3;70.6;0.35
08/11/2025;08:00:00;6.951;1.049;241.26;28.81;0.0;7.3;55.0;9.8;65.3;0.33
08/11/2025;09:00:00;2.836;0.386;246.76;11.49;0.0;16.0;55.0;11.7;73.5;0.33
08/11/2025;10:00:00;1.913;0.382;238.97;8.01;0.0;0.0;55.0;12.6;58.2;0.33
08/11/2025;11:00:00;1.447;0.254;234.56;6.17;0.0;0.0;55.0;11.5;56.5;0.35
08/11/2025;12:00:00;1.06;0.208;238.73;4.44;0.0;0.0;55.0;16.7;52.0;0.31
08/11/2025;13:00:00;0.95;0.063;241.37;3.94;0.0;0.0;55.0;14.7;52.2;0.35
08/11/2025;14:00:00;0.836;0.124;241.09;3.47;0.0;0.0;55.0;17.2;64.0;0.27
08/11/2025;15:00:00;0.83;0.088;242.35;3.42;0.0;0.0;55.0;20.1;61.1;0.29
08/11/2025;16:00:00;1.248;0.171;238.34;5.24;0.0;0.0;55.0;15.5;68.1;0.37
08/11/2025;17:00:00;2.009;0.31;239.22;8.4;0.0;0.0;55.0;12.5;59.1;0.38
08/11/2025;18:00:00;2.639;0.511;233.13;11.32;19.1;0.0;55.0;15.1;66.0;0.33
08/11/2025;19:00:00;3.372;0.187;241.72;13.95;8.2;0.0;55.0;16.2;61.8;0.26
08/11/2025;20:00:00;3.895;0.303;236.33;16.48;15.6;0.0;55.0;16.2;62.2;0.38
08/11/2025;21:00:00;3.812;0.788;240.56;15.84;4.6;0.0;55.0;10.2;69.4;0.35
08/11/2025;22:00:00;2.797;0.6;237.56;11.78;0.0;0.0;55.0;11.5;61.5;0.31
08/11/2025;23:00:00;2.072;0.123;239.76;8.64;0.0;0.0;55.0;8.8;80.3;0.34
09/11/2025;00:00:00;1.158;0.123;242.68;4.77;0.0;0.0;55.0;8.3;74.4;0.14
09/11/2025;01:00:00;1.182;0.061;238.78;4.95;0.0;0.0;55.0;11.6;62.4;0.14
09/11/2025;02:00:00;1.355;0.242;237.93;5.69;0.0;0.0;55.0;4.9;65.0;0.14
09/11/2025;03:00:00;1.14;0.189;240.01;4.75;0.0;0.0;55.0;7.4;68.1;0.14
09/11/2025;04:00:00;1.262;0.184;238.2;5.3;0.0;0.0;55.0;7.9;69.0;0.14
09/11/2025;05:00:00;1.404;0.235;237.36;5.92;0.0;0.0;55.0;9.3;72.3;0.14
09/11/2025;06:00:00;2.142;0.303;245.23;8.73;0.0;0.0;55.0;8.6;61.7;0.3
09/11/2025;07:00:00;2.943;0.267;234.81;12.53;0.0;3.8;55.0;10.0;67.9;0.27
09/11/2025;08:00:00;3.236;0.577;241.83;13.38;0.0;17.2;55.0;10.1;58.7;0.28
09/11/2025;09:00:00;2.776;0.508;239.62;11.58;0.0;10.4;55.0;12.4;66.7;0.25
09/11/2025;10:00:00;1.839;0.359;237.69;7.74;0.0;0.0;55.0;12.8;63.6;0.28
09/11/2025;11:00:00;1.301;0.276;240.97;5.4;0.0;0.0;55.0;15.4;71.7;0.3
09/11/2025;12:00:00;1.012;0.179;240.1;4.21;0.0;0.0;55.0;15.0;54.7;0.26
09/11/2025;13:00:00;0.994;0.059;243.7;4.08;0.0;0.0;55.0;16.9;67.7;0.34
09/11/2025;14:00:00;0.993;0.053;236.82;4.19;0.0;0.0;55.0;16.8;52.5;0.33
09/11/2025;15:00:00;1.216;0.214;238.55;5.1;0.0;0.0;55.0;18.7;52.8;0.27
09/11/2025;16:00:00;1.386;0.083;242.83;5.71;0.0;0.0;55.0;16.8;52.6;0.34
09/11/2025;17:00:00;1.824;0.189;239.43;7.62;0.0;0.0;55.0;13.7;64.7;0.39
09/11/2025;18:00:00;2.68;0.196;241.53;11.1;19.4;0.0;55.0;17.4;54.6;0.38
09/11/2025;19:00:00;3.42;0.734;243.4;14.05;20.1;0.0;55.0;13.1;57.1;0.25
09/11/2025;20:00:00;4.174;0.433;241.57;17.28;0.1;0.0;55.0;12.3;65.6;0.36
09/11/2025;21:00:00;3.762;0.223;238.29;15.79;24.5;0.0;55.0;11.1;67.8;0.3
09/11/2025;22:00:00;2.931;0.62;239.02;12.26;0.0;0.0;55.0;12.8;64.4;0.26
09/11/2025;23:00:00;2.199;0.338;243.43;9.04;0.0;0.0;55.0;6.3;68.6;0.29
10/11/2025;00:00:00;0.938;0.053;240.43;3.9;0.0;0.0;55.0;13.2;73.0;0.12
10/11/2025;01:00:00;0.877;0.168;239.43;3.66;0.0;0.0;55.0;9.3;67.7;0.12
10/11/2025;02:00:00;0.955;0.073;241.07;3.96;0.0;0.0;55.0;7.5;72.4;0.12
10/11/2025;03:00:00;1.14;0.213;236.4;4.82;0.0;0.0;55.0;6.9;69.6;0.12
10/11/2025;04:00:00;1.373;0.209;239.34;5.74;0.0;0.0;55.0;7.6;62.8;0.12
10/11/2025;05:00:00;1.213;0.097;239.78;5.06;0.0;0.0;55.0;8.5;70.4;0.12
10/11/2025;06:00:00;1.878;0.334;239.73;7.83;0.0;0.0;55.0;9.4;63.6;0.26
10/11/2025;07:00:00;2.675;0.34;238.9;11.2;0.0;18.8;55.0;10.3;65.7;0.26
10/11/2025;08:00:00;3.352;0.531;239.14;14.02;0.0;19.4;55.0;10.8;67.3;0.75
10/11/2025;09:00:00;3.134;0.62;239.68;13.07;0.0;18.7;55.0;11.7;55.3;0.79
10/11/2025;10:00:00;2.065;0.195;244.09;8.46;0.0;0.0;55.0;13.1;55.9;0.76
10/11/2025;11:00:00;1.443;0.162;233.83;6.17;0.0;0.0;55.0;14.2;67.6;0.76
10/11/2025;12:00:00;1.078;0.237;241.96;4.46;0.0;0.0;55.0;17.2;57.3;0.7
10/11/2025;13:00:00;1.146;0.156;239.76;4.78;0.0;0.0;55.0;17.2;57.5;0.72
10/11/2025;14:00:00;1.251;0.181;239.83;5.22;0.0;0.0;55.0;12.4;65.3;0.75
10/11/2025;15:00:00;1.007;0.099;238.86;4.22;0.0;0.0;55.0;18.0;58.1;0.64
10/11/2025;16:00:00;1.714;0.207;241.41;7.1;0.0;0.0;55.0;17.1;62.8;0.67
10/11/2025;17:00:00;1.96;0.265;242.66;8.08;0.0;0.0;55.0;16.3;61.1;0.68
10/11/2025;18:00:00;2.983;0.28;234.69;12.71;17.3;0.0;55.0;15.0;63.4;0.69
10/11/2025;19:00:00;2.956;0.267;245.86;12.02;22.3;0.0;55.0;16.2;57.9;0.31
10/11/2025;20:00:00;3.324;0.505;240.4;13.83;22.8;0.0;55.0;14.7;63.6;0.32
10/11/2025;21:00:00;3.179;0.258;240.31;13.23;3.5;0.0;55.0;10.8;71.3;0.27
10/11/2025;22:00:00;2.501;0.36;236.1;10.59;0.0;0.0;55.0;11.3;62.5;0.3
10/11/2025;23:00:00;2.116;0.36;238.4;8.87;0.0;0.0;55.0;8.0;72.5;0.23
11/11/2025;00:00:00;1.28;0.107;243.81;5.25;0.0;0.0;55.0;6.4;69.0;0.12
11/11/2025;01:00:00;1.297;0.229;240.19;5.4;0.0;0.0;55.0;6.7;72.7;0.12
11/11/2025;02:00:00;1.25;0.139;241.16;5.18;0.0;0.0;55.0;8.5;68.3;0.12
11/11/2025;03:00:00;1.23;0.269;238.71;5.15;0.0;0.0;55.0;8.4;67.5;0.12
11/11/2025;04:00:00;1.05;0.227;245.52;4.28;0.0;0.0;55.0;7.9;69.8;0.12
11/11/2025;05:00:00;1.251;0.232;239.57;5.22;0.0;0.0;55.0;8.8;73.5;0.12
11/11/2025;06:00:00;1.962;0.212;243.17;8.07;0.0;0.0;55.0;9.2;68.2;0.33
11/11/2025;07:00:00;3.066;0.642;239.58;12.8;0.0;14.6;55.0;8.5;70.0;0.24
11/11/2025;08:00:00;3.228;0.709;240.97;13.39;0.0;6.1;55.0;11.4;63.5;0.65
11/11/2025;09:00:00;2.691;0.346;240.99;11.17;0.0;6.2;55.0;13.2;71.7;0.66
11/11/2025;10:00:00;1.961;0.303;242.59;8.09;0.0;0.0;55.0;14.4;66.1;0.63
11/11/2025;11:00:00;1.298;0.066;242.07;5.36;0.0;0.0;55.0;16.3;61.8;0.66
11/11/2025;12:00:00;1.218;0.07;238.67;5.11;0.0;0.0;55.0;16.6;60.5;0.67
11/11/2025;13:00:00;1.241;0.168;243.25;5.1;0.0;0.0;55.0;16.9;65.8;0.64
11/11/2025;14:00:00;1.247;0.191;237.23;5.26;0.0;0.0;55.0;18.4;56.6;0.78
11/11/2025;15:00:00;1.195;0.123;236.69;5.05;0.0;0.0;55.0;17.0;51.9;0.72
11/11/2025;16:00:00;1.54;0.103;239.18;6.44;0.0;0.0;55.0;15.5;62.4;0.76
11/11/2025;17:00:00;1.909;0.349;241.1;7.92;0.0;0.0;55.0;16.1;67.5;0.67
11/11/2025;18:00:00;2.549;0.309;237.14;10.75;24.9;0.0;55.0;14.4;70.8;0.7
11/11/2025;19:00:00;3.05;0.489;239.78;12.72;6.4;0.0;55.0;13.5;63.1;0.28
11/11/2025;20:00:00;3.242;0.52;236.12;13.73;24.5;0.0;55.0;13.1;64.2;0.24
11/11/2025;21:00:00;3.142;0.449;239.25;13.13;9.1;0.0;55.0;10.8;68.3;0.29
11/11/2025;22:00:00;2.507;0.201;242.72;10.33;0.0;0.0;55.0;10.2;64.9;0.3
11/11/2025;23:00:00;2.247;0.348;237.64;9.46;0.0;0.0;55.0;6.7;71.7;0.28
12/11/2025;00:00:00;1.248;0.131;236.58;5.27;0.0;0.0;55.0;8.8;66.9;0.12
12/11/2025;01:00:00;0.951;0.18;241.06;3.95;0.0;0.0;55.0;7.7;73.3;0.12
12/11/2025;02:00:00;1.43;0.118;237.79;6.01;0.0;0.0;55.0;5.9;73.3;0.12
12/11/2025;03:00:00;0.988;0.098;246.78;4.01;0.0;0.0;55.0;8.0;72.1;0.12
12/11/2025;04:00:00;1.222;0.153;240.54;5.08;0.0;0.0;55.0;8.6;66.5;0.12
12/11/2025;05:00:00;1.555;0.273;242.87;6.4;0.0;0.0;55.0;5.3;79.8;0.12
12/11/2025;06:00:00;2.067;0.357;236.32;8.75;0.0;0.0;55.0;7.3;71.0;0.24
12/11/2025;07:00:00;2.528;0.271;241.28;10.48;0.0;12.5;55.0;8.3;69.0;0.28
12/11/2025;08:00:00;3.024;0.414;237.18;12.75;0.0;4.7;55.0;9.3;63.2;0.62
12/11/2025;09:00:00;2.587;0.232;239.5;10.8;0.0;2.8;55.0;13.2;63.3;0.67
12/11/2025;10:00:00;2.077;0.376;237.89;8.73;0.0;0.0;55.0;13.0;64.6;0.71
12/11/2025;11:00:00;1.599;0.133;242.91;6.58;0.0;0.0;55.0;14.1;59.2;0.58
12/11/2025;12:00:00;1.161;0.22;240.9;4.82;0.0;0.0;55.0;12.5;62.9;0.61
12/11/2025;13:00:00;1.124;0.235;240.33;4.68;0.0;0.0;55.0;17.3;59.7;0.65
12/11/2025;14:00:00;3.315;0.725;243.81;13.6;0.0;0.0;55.0;15.0;62.7;0.72
12/11/2025;15:00:00;1.315;0.257;240.04;5.48;0.0;0.0;55.0;17.1;51.9;0.76
12/11/2025;16:00:00;4.988;0.437;242.89;20.54;0.0;0.0;55.0;17.2;59.9;0.6
12/11/2025;17:00:00;2.203;0.266;245.04;8.99;0.0;0.0;55.0;18.4;57.8;0.76
12/11/2025;18:00:00;2.672;0.174;240.39;11.12;24.2;0.0;55.0;13.6;63.4;0.58
12/11/2025;19:00:00;3.488;0.272;240.73;14.49;4.9;0.0;55.0;10.0;71.6;0.34
12/11/2025;20:00:00;3.416;0.2;242.67;14.08;11.4;0.0;55.0;13.6;73.8;0.32
12/11/2025;21:00:00;3.086;0.491;244.02;12.65;19.3;0.0;55.0;14.7;66.0;0.3
12/11/2025;22:00:00;2.644;0.372;240.36;11.0;0.0;0.0;55.0;12.6;58.2;0.31
12/11/2025;23:00:00;1.922;0.396;238.22;8.07;0.0;0.0;55.0;9.8;64.8;0.23
13/11/2025;00:00:00;1.153;0.148;242.43;4.75;0.0;0.0;55.0;7.7;71.2;0.12
13/11/2025;01:00:00;0.968;0.154;241.6;4.01;0.0;0.0;55.0;8.9;69.7;0.12
13/11/2025;02:00:00;1.19;0.141;242.4;4.91;0.0;0.0;55.0;5.7;74.8;0.12
13/11/2025;03:00:00;1.019;0.195;241.96;4.21;0.0;0.0;55.0;7.7;67.7;0.12
13/11/2025;04:00:00;1.083;0.225;240.58;4.5;0.0;0.0;55.0;7.9;66.2;0.12
13/11/2025;05:00:00;1.434;0.177;240.74;5.96;0.0;0.0;55.0;9.3;75.8;0.12
13/11/2025;06:00:00;1.92;0.123;241.97;7.93;0.0;0.0;55.0;12.6;64.6;0.27
13/11/2025;07:00:00;2.429;0.189;235.94;10.3;0.0;8.9;55.0;10.1;61.2;0.3
13/11/2025;08:00:00;3.341;0.576;243.72;13.71;0.0;6.8;55.0;9.9;73.8;0.74
13/11/2025;09:00:00;2.77;0.292;241.26;11.48;0.0;19.5;55.0;12.0;57.4;0.73
13/11/2025;10:00:00;2.306;0.423;237.63;9.7;0.0;0.0;55.0;10.6;48.4;0.67
13/11/2025;11:00:00;1.511;0.268;240.52;6.28;0.0;0.0;55.0;13.5;67.5;0.7
13/11/2025;12:00:00;1.264;0.212;243.69;5.19;0.0;0.0;55.0;14.9;67.0;0.76
13/11/2025;13:00:00;1.051;0.198;240.81;4.36;0.0;0.0;55.0;15.5;64.0;0.66
13/11/2025;14:00:00;0.914;0.163;237.95;3.84;0.0;0.0;55.0;17.1;54.2;0.59
13/11/2025;15:00:00;1.32;0.208;236.43;5.58;0.0;0.0;55.0;15.8;61.5;0.65
13/11/2025;16:00:00;1.468;0.074;246.9;5.95;0.0;0.0;55.0;18.5;58.2;0.61
13/11/2025;17:00:00;1.993;0.274;235.13;8.48;0.0;0.0;55.0;16.3;58.6;0.67
13/11/2025;18:00:00;2.534;0.383;240.94;10.52;2.9;0.0;55.0;15.5;69.0;0.61
13/11/2025;19:00:00;3.094;0.66;238.36;12.98;0.2;0.0;55.0;14.0;58.0;0.31
13/11/2025;20:00:00;3.548;0.57;242.92;14.61;23.4;0.0;55.0;13.5;65.2;0.33
13/11/2025;21:00:00;3.278;0.485;236.59;13.85;13.3;0.0;55.0;13.2;69.8;0.31
13/11/2025;22:00:00;2.529;0.359;244.5;10.34;0.0;0.0;55.0;9.4;68.8;0.27
13/11/2025;23:00:00;1.915;0.129;239.65;7.99;0.0;0.0;55.0;8.5;73.8;0.24
14/11/2025;00:00:00;0.949;0.116;239.38;3.96;0.0;0.0;55.0;8.0;70.8;0.12
14/11/2025;01:00:00;1.281;0.093;239.12;5.36;0.0;0.0;55.0;5.7;72.0;0.12
14/11/2025;02:00:00;1.346;0.079;238.34;5.65;0.0;0.0;55.0;5.9;71.5;0.12
14/11/2025;03:00:00;1.192;0.126;238.97;4.99;0.0;0.0;55.0;6.3;72.4;0.12
14/11/2025;04:00:00;3.259;0.521;242.01;13.47;0.0;0.0;55.0;8.5;65.7;0.12
14/11/2025;05:00:00;1.316;0.26;235.18;5.59;0.0;0.0;55.0;8.1;61.4;0.12
14/11/2025;06:00:00;2.254;0.423;237.9;9.48;0.0;0.0;55.0;8.8;72.2;0.33
14/11/2025;07:00:00;2.66;0.266;244.19;10.89;0.0;8.6;55.0;10.8;71.6;0.28
14/11/2025;08:00:00;3.308;0.191;239.75;13.8;0.0;15.0;55.0;10.5;67.3;0.69
14/11/2025;09:00:00;2.797;0.331;238.4;11.73;0.0;0.8;55.0;12.6;61.6;0.72
14/11/2025;10:00:00;2.027;0.21;236.43;8.57;0.0;0.0;55.0;13.1;56.1;0.72
14/11/2025;11:00:00;1.228;0.139;236.72;5.19;0.0;0.0;55.0;14.9;62.9;0.61
14/11/2025;12:00:00;1.152;0.167;242.75;4.75;0.0;0.0;55.0;14.7;55.9;0.76
14/11/2025;13:00:00;3.424;0.189;237.7;14.4;0.0;0.0;55.0;12.7;56.8;0.67
14/11/2025;14:00:00;1.062;0.12;242.25;4.38;0.0;0.0;55.0;16.6;61.0;0.69
14/11/2025;15:00:00;1.215;0.176;237.25;5.12;0.0;0.0;55.0;19.1;55.3;0.72
14/11/2025;16:00:00;1.425;0.176;239.65;5.95;0.0;0.0;55.0;18.2;61.6;0.62
14/11/2025;17:00:00;1.956;0.32;239.81;8.16;0.0;0.0;55.0;17.8;59.4;0.68
14/11/2025;18:00:00;2.62;0.214;237.89;11.01;22.7;0.0;55.0;17.4;57.5;0.72
14/11/2025;19:00:00;3.074;0.234;240.22;12.8;14.2;0.0;55.0;14.6;54.2;0.23
14/11/2025;20:00:00;3.416;0.35;234.08;14.59;21.2;0.0;55.0;13.6;59.3;0.32
14/11/2025;21:00:00;3.318;0.223;239.75;13.84;5.9;0.0;55.0;11.1;61.5;0.31
14/11/2025;22:00:00;2.522;0.227;241.25;10.46;0.0;0.0;55.0;10.2;60.1;0.26
14/11/2025;23:00:00;2.012;0.13;237.66;8.46;0.0;0.0;55.0;10.4;64.4;0.3
15/11/2025;00:00:00;0.93;0.11;240.6;3.87;0.0;0.0;55.0;10.3;60.4;0.14
15/11/2025;01:00:00;1.356;0.232;240.43;5.64;0.0;0.0;55.0;7.5;67.6;0.14
15/11/2025;02:00:00;1.194;0.118;240.54;4.97;0.0;0.0;55.0;6.5;70.4;0.14
15/11/2025;03:00:00;1.187;0.06;236.23;5.02;0.0;0.0;55.0;7.0;64.7;0.14
15/11/2025;04:00:00;1.256;0.182;240.27;5.23;0.0;0.0;55.0;8.1;70.1;0.14
15/11/2025;05:00:00;1.658;0.278;235.18;7.05;0.0;0.0;55.0;5.5;63.2;0.14
15/11/2025;06:00:00;2.457;0.286;238.24;10.31;0.0;0.0;55.0;5.0;64.8;0.37
15/11/2025;07:00:00;3.12;0.314;239.99;13.0;0.0;0.8;55.0;8.7;66.9;0.34
15/11/2025;08:00:00;3.42;0.456;240.58;14.21;0.0;7.8;55.0;8.9;70.7;0.38
15/11/2025;09:00:00;2.742;0.184;236.61;11.59;0.0;15.0;55.0;11.2;69.7;0.33
15/11/2025;10:00:00;1.724;0.275;239.2;7.21;0.0;0.0;55.0;13.1;72.0;0.28
15/11/2025;11:00:00;1.238;0.216;242.22;5.11;0.0;0.0;55.0;13.8;61.5;0.38
15/11/2025;12:00:00;1.116;0.189;237.26;4.7;0.0;0.0;55.0;17.7;59.6;0.35
15/11/2025;13:00:00;0.727;0.077;233.97;3.11;0.0;0.0;55.0;16.8;55.8;0.35
15/11/2025;14:00:00;0.846;0.163;241.48;3.5;0.0;0.0;55.0;17.3;54.3;0.39
15/11/2025;15:00:00;0.911;0.192;237.36;3.84;0.0;0.0;55.0;17.9;61.2;0.26
15/11/2025;16:00:00;1.139;0.114;238.21;4.78;0.0;0.0;55.0;15.1;58.4;0.31
15/11/2025;17:00:00;1.713;0.162;240.37;7.13;0.0;0.0;55.0;17.9;66.3;0.29
15/11/2025;18:00:00;2.833;0.481;240.22;11.79;20.1;0.0;55.0;15.4;54.8;0.34
15/11/2025;19:00:00;3.393;0.578;242.86;13.97;9.2;0.0;55.0;15.5;64.4;0.36
15/11/2025;20:00:00;4.032;0.552;239.32;16.85;18.8;0.0;55.0;11.7;60.0;0.39
15/11/2025;21:00:00;3.511;0.727;240.19;14.62;4.1;0.0;55.0;9.7;62.6;0.32
15/11/2025;22:00:00;2.685;0.201;235.26;11.41;0.0;0.0;55.0;11.9;67.5;0.36
15/11/2025;23:00:00;2.245;0.294;241.76;9.29;0.0;0.0;55.0;10.1;63.0;0.38
16/11/2025;00:00:00;1.384;0.077;238.06;5.81;0.0;0.0;55.0;7.1;66.1;0.14
16/11/2025;01:00:00;1.255;0.074;249.05;5.04;0.0;0.0;55.0;6.4;65.2;0.14
16/11/2025;02:00:00;1.043;0.062;239.4;4.36;0.0;0.0;55.0;8.9;76.2;0.14
16/11/2025;03:00:00;3.565;0.476;241.19;14.78;0.0;0.0;55.0;5.2;67.1;0.14
16/11/2025;04:00:00;0.78;0.117;241.79;3.23;0.0;0.0;55.0;9.6;67.0;0.14
16/11/2025;05:00:00;1.539;0.078;239.75;6.42;0.0;0.0;55.0;6.3;68.3;0.14
16/11/2025;06:00:00;1.96;0.309;241.22;8.13;0.0;0.0;55.0;9.4;68.0;0.38
16/11/2025;07:00:00;2.937;0.391;246.32;11.92;0.0;11.1;55.0;9.0;64.1;0.28
16/11/2025;08:00:00;2.84;0.25;237.89;11.94;0.0;9.1;55.0;11.6;64.1;0.29
16/11/2025;09:00:00;2.719;0.143;233.72;11.63;0.0;2.8;55.0;11.2;67.4;0.38
16/11/2025;10:00:00;1.78;0.136;236.35;7.53;0.0;0.0;55.0;13.0;59.6;0.27
16/11/2025;11:00:00;1.039;0.158;242.79;4.28;0.0;0.0;55.0;14.6;68.2;0.28
16/11/2025;12:00:00;0.922;0.149;238.66;3.86;0.0;0.0;55.0;14.0;69.1;0.31
16/11/2025;13:00:00;0.99;0.158;246.53;4.02;0.0;0.0;55.0;17.4;63.5;0.33
16/11/2025;14:00:00;0.899;0.068;242.04;3.71;0.0;0.0;55.0;16.1;61.9;0.34
16/11/2025;15:00:00;0.849;0.174;238.17;3.57;0.0;0.0;55.0;16.7;46.1;0.29
16/11/2025;16:00:00;1.406;0.169;237.82;5.91;0.0;0.0;55.0;15.3;64.3;0.38
16/11/2025;17:00:00;4.218;0.762;238.75;17.67;0.0;0.0;55.0;12.5;62.5;0.38
16/11/2025;18:00:00;2.625;0.206;234.22;11.21;3.7;0.0;55.0;15.2;61.0;0.31
16/11/2025;19:00:00;3.28;0.426;240.78;13.62;12.2;0.0;55.0;18.1;50.4;0.31
16/11/2025;20:00:00;3.481;0.483;241.94;14.39;8.4;0.0;55.0;14.5;65.3;0.35
16/11/2025;21:00:00;3.486;0.631;237.29;14.69;0.8;0.0;55.0;12.0;57.6;0.34
16/11/2025;22:00:00;2.749;0.428;235.66;11.66;0.0;0.0;55.0;10.3;66.7;0.31
16/11/2025;23:00:00;2.036;0.24;237.45;8.57;0.0;0.0;55.0;9.5;71.3;0.31
17/11/2025;00:00:00;0.938;0.092;242.79;3.86;0.0;0.0;55.0;9.3;64.6;0.12
17/11/2025;01:00:00;1.256;0.27;242.25;5.18;0.0;0.0;55.0;5.9;75.8;0.12
17/11/2025;02:00:00;1.172;0.115;240.6;4.87;0.0;0.0;55.0;8.8;63.6;0.12
17/11/2025;03:00:00;1.248;0.09;244.6;5.1;0.0;0.0;55.0;8.1;70.9;0.12
17/11/2025;04:00:00;1.253;0.127;235.27;5.33;0.0;0.0;55.0;8.2;61.3;0.12
17/11/2025;05:00:00;1.232;0.13;239.42;5.15;0.0;0.0;55.0;8.3;72.9;0.12
17/11/2025;06:00:00;1.949;0.14;241.57;8.07;0.0;0.0;55.0;8.5;72.0;0.26
17/11/2025;07:00:00;2.748;0.468;242.21;11.35;0.0;13.8;55.0;10.5;68.3;0.31
17/11/2025;08:00:00;2.867;0.445;242.25;11.83;0.0;1.2;55.0;11.6;63.2;0.57
17/11/2025;09:00:00;2.919;0.303;242.03;12.06;0.0;15.5;55.0;11.5;58.2;0.63
17/11/2025;10:00:00;1.975;0.432;243.69;8.1;0.0;0.0;55.0;12.4;62.5;0.75
17/11/2025;11:00:00;1.487;0.24;242.13;6.14;0.0;0.0;55.0;14.7;68.2;0.73
17/11/2025;12:00:00;1.268;0.215;236.77;5.36;0.0;0.0;55.0;17.9;60.8;0.71
17/11/2025;13:00:00;1.209;0.175;238.73;5.06;0.0;0.0;55.0;14.5;55.1;0.68
17/11/2025;14:00:00;1.466;0.211;235.25;6.23;0.0;0.0;55.0;14.6;57.1;0.68
17/11/2025;15:00:00;1.238;0.066;242.79;5.1;0.0;0.0;55.0;17.2;66.9;0.71
17/11/2025;16:00:00;1.316;0.238;243.34;5.41;0.0;0.0;55.0;16.9;63.3;0.72
17/11/2025;17:00:00;2.076;0.425;236.58;8.78;0.0;0.0;55.0;16.6;55.0;0.78
17/11/2025;18:00:00;2.657;0.188;238.94;11.12;5.2;0.0;55.0;15.9;52.8;0.7
17/11/2025;19:00:00;3.154;0.584;235.08;13.42;10.4;0.0;55.0;14.2;59.9;0.29
17/11/2025;20:00:00;3.385;0.477;239.66;14.13;11.7;0.0;55.0;15.5;52.7;0.22
17/11/2025;21:00:00;3.338;0.329;237.68;14.04;4.7;0.0;55.0;9.6;65.9;0.26
17/11/2025;22:00:00;2.731;0.564;236.73;11.54;0.0;0.0;55.0;9.5;79.1;0.29
17/11/2025;23:00:00;2.021;0.107;239.93;8.42;0.0;0.0;55.0;9.3;58.9;0.32
18/11/2025;00:00:00;1.451;0.14;245.27;5.92;0.0;0.0;55.0;6.0;68.7;0.12
18/11/2025;01:00:00;1.107;0.222;242.23;4.57;0.0;0.0;55.0;7.4;75.0;0.12
18/11/2025;02:00:00;0.934;0.123;239.3;3.9;0.0;0.0;55.0;9.7;70.4;0.12
18/11/2025;03:00:00;1.287;0.195;239.86;5.36;0.0;0.0;55.0;7.0;68.0;0.12
18/11/2025;04:00:00;1.085;0.193;245.26;4.42;0.0;0.0;55.0;7.5;67.7;0.12
18/11/2025;05:00:00;1.54;0.116;243.52;6.32;0.0;0.0;55.0;5.8;64.0;0.12
18/11/2025;06:00:00;2.02;0.175;239.13;8.45;0.0;0.0;55.0;7.5;67.0;0.32
18/11/2025;07:00:00;2.597;0.571;241.4;10.76;0.0;18.0;55.0;8.9;68.5;0.26
18/11/2025;08:00:00;3.543;0.32;237.2;14.94;0.0;5.8;55.0;10.2;71.7;0.71
18/11/2025;09:00:00;2.747;0.389;240.07;11.44;0.0;10.4;55.0;13.9;60.2;0.62
18/11/2025;10:00:00;2.094;0.211;242.14;8.65;0.0;0.0;55.0;14.1;62.1;0.72
18/11/2025;11:00:00;1.669;0.325;242.86;6.87;0.0;0.0;55.0;12.8;59.4;0.79
18/11/2025;12:00:00;1.206;0.257;238.21;5.06;0.0;0.0;55.0;15.9;62.8;0.8
18/11/2025;13:00:00;1.109;0.082;242.8;4.57;0.0;0.0;55.0;17.1;64.7;0.58
18/11/2025;14:00:00;1.234;0.188;240.42;5.13;0.0;0.0;55.0;18.5;62.7;0.67
18/11/2025;15:00:00;1.26;0.237;239.19;5.27;0.0;0.0;55.0;19.4;53.1;0.66
18/11/2025;16:00:00;1.557;0.296;245.35;6.34;0.0;0.0;55.0;15.3;62.9;0.76
18/11/2025;17:00:00;1.98;0.247;238.99;8.28;0.0;0.0;55.0;15.1;58.9;0.77
18/11/2025;18:00:00;2.777;0.245;236.9;11.72;18.2;0.0;55.0;13.6;68.5;0.68
18/11/2025;19:00:00;3.02;0.35;238.12;12.68;23.6;0.0;55.0;14.1;62.3;0.28
18/11/2025;20:00:00;7.236;1.2;242.03;29.9;17.0;0.0;55.0;14.0;55.6;0.24
18/11/2025;21:00:00;2.868;0.628;237.24;12.09;24.1;0.0;55.0;13.5;62.5;0.27
18/11/2025;22:00:00;2.776;0.4;242.32;11.46;0.0;0.0;55.0;10.6;68.2;0.29
18/11/2025;23:00:00;1.859;0.155;237.61;7.82;0.0;0.0;55.0;9.0;68.4;0.31
19/11/2025;00:00:00;0.946;0.054;239.79;3.95;0.0;0.0;55.0;8.7;64.9;0.12
19/11/2025;01:00:00;1.26;0.265;246.19;5.12;0.0;0.0;55.0;6.4;66.3;0.12
19/11/2025;02:00:00;1.043;0.138;237.53;4.39;0.0;0.0;55.0;10.3;61.2;0.12
19/11/2025;03:00:00;1.577;0.271;234.34;6.73;0.0;0.0;55.0;4.6;68.8;0.12
19/11/2025;04:00:00;1.236;0.201;243.83;5.07;0.0;0.0;55.0;7.4;64.2;0.12
19/11/2025;05:00:00;1.192;0.24;236.08;5.05;0.0;0.0;55.0;10.7;70.7;0.12
19/11/2025;06:00:00;1.946;0.185;237.73;8.19;0.0;0.0;55.0;8.5;63.1;0.24
19/11/2025;07:00:00;2.841;0.355;242.04;11.74;0.0;19.4;55.0;9.2;67.6;0.33
19/11/2025;08:00:00;3.456;0.71;241.93;14.29;0.0;19.1;55.0;10.2;66.5;0.59
19/11/2025;09:00:00;2.796;0.418;233.35;11.98;0.0;16.4;55.0;11.7;69.7;0.73
19/11/2025;10:00:00;1.881;0.117;239.04;7.87;0.0;0.0;55.0;15.4;67.6;0.6
19/11/2025;11:00:00;1.615;0.134;242.39;6.66;0.0;0.0;55.0;11.2;68.9;0.69
19/11/2025;12:00:00;1.169;0.106;245.68;4.76;0.0;0.0;55.0;17.8;61.9;0.66
19/11/2025;13:00:00;1.421;0.311;236.53;6.01;0.0;0.0;55.0;14.2;57.8;0.67
19/11/2025;14:00:00;1.004;0.088;242.99;4.13;0.0;0.0;55.0;16.4;55.9;0.61
19/11/2025;15:00:00;1.014;0.201;238.15;4.26;0.0;0.0;55.0;16.4;57.1;0.73
19/11/2025;16:00:00;3.792;0.24;242.92;15.61;0.0;0.0;55.0;17.7;64.0;0.77
19/11/2025;17:00:00;2.143;0.173;237.09;9.04;0.0;0.0;55.0;13.9;63.6;0.65
19/11/2025;18:00:00;2.65;0.525;239.36;11.07;8.1;0.0;55.0;16.2;65.8;0.63
19/11/2025;19:00:00;3.087;0.626;241.08;12.8;2.6;0.0;55.0;17.5;65.4;0.28
19/11/2025;20:00:00;3.628;0.29;242.67;14.95;1.8;0.0;55.0;11.2;61.8;0.27
19/11/2025;21:00:00;3.18;0.283;241.6;13.16;5.2;0.0;55.0;12.3;64.7;0.25
19/11/2025;22:00:00;2.742;0.384;238.8;11.48;0.0;0.0;55.0;9.7;66.6;0.3
19/11/2025;23:00:00;2.013;0.119;238.59;8.44;0.0;0.0;55.0;10.1;64.6;0.31
20/11/2025;00:00:00;0.851;0.179;244.98;3.48;0.0;0.0;55.0;8.5;64.9;0.12
20/11/2025;01:00:00;1.207;0.135;240.78;5.01;0.0;0.0;55.0;6.7;75.0;0.12
20/11/2025;02:00:00;0.934;0.124;238.67;3.91;0.0;0.0;55.0;7.9;68.3;0.12
20/11/2025;03:00:00;1.016;0.069;241.51;4.21;0.0;0.0;55.0;9.7;66.7;0.12
20/11/2025;04:00:00;1.175;0.065;241.74;4.86;0.0;0.0;55.0;6.9;64.9;0.12
20/11/2025;05:00:00;1.439;0.186;236.21;6.09;0.0;0.0;55.0;8.7;70.8;0.12
20/11/2025;06:00:00;2.136;0.151;241.36;8.85;0.0;0.0;55.0;6.5;64.2;0.32
20/11/2025;07:00:00;2.709;0.426;235.78;11.49;0.0;10.0;55.0;8.1;70.2;0.24
20/11/2025;08:00:00;3.109;0.575;238.19;13.05;0.0;13.9;55.0;11.4;67.7;0.65
20/11/2025;09:00:00;2.798;0.155;237.24;11.79;0.0;19.9;55.0;14.2;61.0;0.73
20/11/2025;10:00:00;1.702;0.262;239.64;7.1;0.0;0.0;55.0;13.8;64.9;0.6
20/11/2025;11:00:00;1.298;0.245;238.78;5.44;0.0;0.0;55.0;14.0;64.1;0.63
20/11/2025;12:00:00;1.347;0.168;239.44;5.63;0.0;0.0;55.0;15.5;61.8;0.68
20/11/2025;13:00:00;1.221;0.26;234.69;5.2;0.0;0.0;55.0;14.5;62.9;0.78
20/11/2025;14:00:00;0.911;0.063;239.79;3.8;0.0;0.0;55.0;17.7;60.5;0.68
20/11/2025;15:00:00;1.492;0.156;236.92;6.3;0.0;0.0;55.0;18.3;60.4;0.76
20/11/2025;16:00:00;1.607;0.143;246.39;6.52;0.0;0.0;55.0;16.2;61.8;0.67
20/11/2025;17:00:00;2.056;0.451;238.88;8.61;0.0;0.0;55.0;15.6;56.4;0.7
20/11/2025;18:00:00;2.653;0.265;239.28;11.09;14.4;0.0;55.0;15.9;60.9;0.66
20/11/2025;19:00:00;3.274;0.38;241.95;13.53;6.9;0.0;55.0;13.8;64.6;0.25
20/11/2025;20:00:00;3.595;0.698;243.7;14.75;20.3;0.0;55.0;13.2;64.3;0.29
20/11/2025;21:00:00;3.211;0.668;236.7;13.57;21.6;0.0;55.0;15.1;67.0;0.27
20/11/2025;22:00:00;2.743;0.574;241.6;11.35;0.0;0.0;55.0;10.3;69.2;0.33
20/11/2025;23:00:00;2.012;0.291;242.71;8.29;0.0;0.0;55.0;9.0;62.9;0.28
21/11/2025;00:00:00;1.099;0.179;240.52;4.57;0.0;0.0;55.0;7.5;67.6;0.12
21/11/2025;01:00:00;0.917;0.1;240.46;3.81;0.0;0.0;55.0;8.8;65.8;0.12
21/11/2025;02:00:00;1.243;0.19;238.57;5.21;0.0;0.0;55.0;6.9;68.9;0.12
21/11/2025;03:00:00;1.312;0.133;239.1;5.49;0.0;0.0;55.0;6.0;69.6;0.12
21/11/2025;04:00:00;1.056;0.187;239.7;4.41;0.0;0.0;55.0;9.2;70.1;0.12
21/11/2025;05:00:00;1.325;0.135;238.81;5.55;0.0;0.0;55.0;9.8;67.4;0.12
21/11/2025;06:00:00;1.98;0.395;242.49;8.16;0.0;0.0;55.0;7.6;74.5;0.29
21/11/2025;07:00:00;2.876;0.214;237.56;12.11;0.0;10.3;55.0;6.7;70.2;0.29
21/11/2025;08:00:00;2.997;0.441;242.4;12.36;0.0;18.0;55.0;12.2;60.5;0.67
21/11/2025;09:00:00;2.712;0.376;243.72;11.13;0.0;3.2;55.0;11.0;63.3;0.7
21/11/2025;10:00:00;1.855;0.176;241.04;7.7;0.0;0.0;55.0;14.5;65.8;0.64
21/11/2025;11:00:00;3.894;0.213;234.99;16.57;0.0;0.0;55.0;11.5;57.1;0.68
21/11/2025;12:00:00;1.036;0.078;241.71;4.29;0.0;0.0;55.0;16.9;54.2;0.65
21/11/2025;13:00:00;1.257;0.27;238.2;5.28;0.0;0.0;55.0;14.5;62.8;0.61
21/11/2025;14:00:00;1.022;0.215;238.52;4.29;0.0;0.0;55.0;17.9;64.8;0.74
21/11/2025;15:00:00;1.196;0.084;241.01;4.96;0.0;0.0;55.0;17.0;67.3;0.64
21/11/2025;16:00:00;1.297;0.148;243.1;5.34;0.0;0.0;55.0;15.4;61.0;0.66
21/11/2025;17:00:00;5.409;0.698;235.35;22.98;0.0;0.0;55.0;15.7;67.1;0.64
21/11/2025;18:00:00;2.674;0.351;240.16;11.13;6.1;0.0;55.0;16.6;61.5;0.64
21/11/2025;19:00:00;3.044;0.307;245.58;12.4;22.6;0.0;55.0;14.7;55.0;0.3
21/11/2025;20:00:00;3.175;0.651;236.92;13.4;9.1;0.0;55.0;14.2;63.0;0.24
21/11/2025;21:00:00;2.958;0.605;239.44;12.35;22.9;0.0;55.0;15.0;59.3;0.26
21/11/2025;22:00:00;2.833;0.151;238.28;11.89;0.0;0.0;55.0;8.4;72.3;0.33
21/11/2025;23:00:00;3.97;0.637;241.97;16.41;0.0;0.0;55.0;11.9;64.7;0.27
22/11/2025;00:00:00;1.069;0.067;236.5;4.52;0.0;0.0;55.0;8.6;61.1;0.14
22/11/2025;01:00:00;1.183;0.179;235.6;5.02;0.0;0.0;55.0;6.3;61.8;0.14
22/11/2025;02:00:00;1.231;0.243;242.33;5.08;0.0;0.0;55.0;5.2;70.2;0.14
22/11/2025;03:00:00;1.144;0.184;240.67;4.75;0.0;0.0;55.0;6.7;56.9;0.14
22/11/2025;04:00:00;1.081;0.14;236.68;4.57;0.0;0.0;55.0;8.6;65.0;0.14
22/11/2025;05:00:00;1.351;0.288;239.81;5.64;0.0;0.0;55.0;7.5;69.6;0.14
22/11/2025;06:00:00;1.877;0.332;236.41;7.94;0.0;0.0;55.0;10.7;60.5;0.37
22/11/2025;07:00:00;2.967;0.274;242.58;12.23;0.0;15.7;55.0;7.3;73.5;0.37
22/11/2025;08:00:00;3.056;0.354;240.78;12.69;0.0;8.9;55.0;10.7;71.8;0.26
22/11/2025;09:00:00;2.729;0.489;238.0;11.47;0.0;19.0;55.0;10.1;61.2;0.38
22/11/2025;10:00:00;1.901;0.101;238.38;7.97;0.0;0.0;55.0;13.8;61.8;0.36
22/11/2025;11:00:00;1.315;0.08;238.71;5.51;0.0;0.0;55.0;15.8;66.7;0.36
22/11/2025;12:00:00;0.877;0.172;236.99;3.7;0.0;0.0;55.0;14.9;62.5;0.26
22/11/2025;13:00:00;1.005;0.058;243.75;4.12;0.0;0.0;55.0;12.4;57.5;0.29
22/11/2025;14:00:00;0.858;0.142;243.26;3.53;0.0;0.0;55.0;17.1;60.0;0.39
22/11/2025;15:00:00;1.112;0.116;238.88;4.66;0.0;0.0;55.0;17.7;56.0;0.32
22/11/2025;16:00:00;1.444;0.275;239.12;6.04;0.0;0.0;55.0;17.4;66.0;0.31
22/11/2025;17:00:00;1.809;0.351;236.86;7.64;0.0;0.0;55.0;18.2;62.9;0.37
22/11/2025;18:00:00;2.558;0.542;239.55;10.68;13.5;0.0;55.0;13.9;61.7;0.27
22/11/2025;19:00:00;3.427;0.227;241.37;14.2;20.1;0.0;55.0;15.5;62.7;0.31
22/11/2025;20:00:00;3.734;0.455;243.31;15.35;21.7;0.0;55.0;15.1;55.8;0.3
22/11/2025;21:00:00;3.658;0.54;237.49;15.4;12.8;0.0;55.0;9.3;63.2;0.3
22/11/2025;22:00:00;2.866;0.59;235.28;12.18;0.0;0.0;55.0;11.2;73.2;0.3
22/11/2025;23:00:00;2.247;0.214;237.18;9.47;0.0;0.0;55.0;8.7;67.7;0.28
23/11/2025;00:00:00;1.016;0.063;241.56;4.2;0.0;0.0;55.0;8.3;72.4;0.14
23/11/2025;01:00:00;1.424;0.12;239.88;5.94;0.0;0.0;55.0;8.2;69.0;0.14
23/11/2025;02:00:00;1.041;0.14;242.78;4.29;0.0;0.0;55.0;6.4;75.8;0.14
23/11/2025;03:00:00;3.357;0.557;240.12;13.98;0.0;0.0;55.0;6.0;59.6;0.14
23/11/2025;04:00:00;1.264;0.212;244.52;5.17;0.0;0.0;55.0;7.2;67.7;0.14
23/11/2025;05:00:00;1.798;0.113;235.56;7.63;0.0;0.0;55.0;6.0;77.8;0.14
23/11/2025;06:00:00;2.167;0.389;233.03;9.3;0.0;0.0;55.0;6.8;73.7;0.37
23/11/2025;07:00:00;2.708;0.439;243.79;11.11;0.0;14.8;55.0;10.5;72.6;0.39
23/11/2025;08:00:00;3.338;0.398;237.77;14.04;0.0;12.5;55.0;9.0;67.2;0.3
23/11/2025;09:00:00;2.582;0.38;240.39;10.74;0.0;18.8;55.0;13.0;61.3;0.29
23/11/2025;10:00:00;1.86;0.336;240.38;7.74;0.0;0.0;55.0;14.0;58.1;0.34
23/11/2025;11:00:00;1.345;0.127;240.92;5.58;0.0;0.0;55.0;11.9;59.4;0.36
23/11/2025;12:00:00;0.839;0.176;238.67;3.51;0.0;0.0;55.0;14.5;66.8;0.32
23/11/2025;13:00:00;1.168;0.086;237.33;4.92;0.0;0.0;55.0;18.1;62.5;0.34
23/11/2025;14:00:00;0.56;0.114;237.11;2.36;0.0;0.0;55.0;15.4;61.8;0.35
23/11/2025;15:00:00;1.253;0.221;241.69;5.19;0.0;0.0;55.0;16.3;63.9;0.39
23/11/2025;16:00:00;1.322;0.214;242.16;5.46;0.0;0.0;55.0;17.5;61.1;0.28
23/11/2025;17:00:00;1.756;0.113;239.3;7.34;0.0;0.0;55.0;17.5;65.2;0.39
23/11/2025;18:00:00;2.814;0.58;238.33;11.81;6.2;0.0;55.0;15.2;67.0;0.31
23/11/2025;19:00:00;3.339;0.335;241.59;13.82;5.5;0.0;55.0;13.6;58.2;0.35
23/11/2025;20:00:00;3.862;0.683;235.85;16.37;18.1;0.0;55.0;15.4;63.4;0.33
23/11/2025;21:00:00;3.167;0.635;245.46;12.9;24.4;0.0;55.0;14.6;54.4;0.32
23/11/2025;22:00:00;4.855;0.444;241.27;20.12;0.0;0.0;55.0;12.2;65.3;0.35
23/11/2025;23:00:00;1.964;0.404;239.55;8.2;0.0;0.0;55.0;9.6;69.7;0.31
24/11/2025;00:00:00;1.071;0.165;242.32;4.42;0.0;0.0;55.0;7.3;62.0;0.12
24/11/2025;01:00:00;1.212;0.196;241.77;5.01;0.0;0.0;55.0;6.4;67.2;0.12
24/11/2025;02:00:00;1.02;0.21;240.66;4.24;0.0;0.0;55.0;8.0;68.1;0.12
24/11/2025;03:00:00;0.901;0.126;234.71;3.84;0.0;0.0;55.0;7.6;69.5;0.12
24/11/2025;04:00:00;1.147;0.143;241.15;4.75;0.0;0.0;55.0;9.3;65.6;0.12
24/11/2025;05:00:00;1.327;0.209;244.08;5.44;0.0;0.0;55.0;8.6;61.6;0.12
24/11/2025;06:00:00;2.132;0.307;238.45;8.94;0.0;0.0;55.0;6.2;69.2;0.27
24/11/2025;07:00:00;2.488;0.15;242.68;10.25;0.0;9.8;55.0;11.1;57.3;0.24
24/11/2025;08:00:00;3.454;0.279;242.38;14.25;0.0;11.3;55.0;9.2;65.9;0.74
24/11/2025;09:00:00;2.731;0.143;240.82;11.34;0.0;1.7;55.0;11.4;63.1;0.61
24/11/2025;10:00:00;2.054;0.14;240.48;8.54;0.0;0.0;55.0;13.7;62.8;0.64
24/11/2025;11:00:00;1.217;0.212;241.57;5.04;0.0;0.0;55.0;17.5;57.6;0.58
24/11/2025;12:00:00;1.028;0.052;241.16;4.26;0.0;0.0;55.0;20.2;50.7;0.58
24/11/2025;13:00:00;1.402;0.143;245.29;5.72;0.0;0.0;55.0;17.2;58.8;0.78
24/11/2025;14:00:00;1.348;0.17;242.71;5.55;0.0;0.0;55.0;16.6;65.8;0.7
24/11/2025;15:00:00;1.261;0.264;241.98;5.21;0.0;0.0;55.0;17.8;66.5;0.6
24/11/2025;16:00:00;1.391;0.147;242.96;5.73;0.0;0.0;55.0;18.2;72.1;0.7
24/11/2025;17:00:00;1.924;0.352;241.98;7.95;0.0;0.0;55.0;15.8;70.2;0.79
24/11/2025;18:00:00;5.023;0.6;234.17;21.45;11.7;0.0;55.0;18.2;53.8;0.68
24/11/2025;19:00:00;3.234;0.216;239.67;13.49;21.6;0.0;55.0;14.8;60.5;0.33
24/11/2025;20:00:00;3.372;0.225;238.27;14.15;16.3;0.0;55.0;14.0;63.1;0.28
24/11/2025;21:00:00;3.416;0.422;240.92;14.18;17.2;0.0;55.0;13.0;63.6;0.26
24/11/2025;22:00:00;2.638;0.158;238.44;11.06;0.0;0.0;55.0;11.3;65.7;0.31
24/11/2025;23:00:00;1.793;0.264;241.66;7.42;0.0;0.0;55.0;10.8;77.8;0.33
25/11/2025;00:00:00;1.111;0.149;238.82;4.65;0.0;0.0;55.0;7.5;63.0;0.12
25/11/2025;01:00:00;1.187;0.201;244.75;4.85;0.0;0.0;55.0;6.8;65.4;0.12
25/11/2025;02:00:00;1.276;0.104;244.62;5.22;0.0;0.0;55.0;5.5;78.2;0.12
25/11/2025;03:00:00;1.293;0.195;235.95;5.48;0.0;0.0;55.0;7.7;65.2;0.12
25/11/2025;04:00:00;1.032;0.082;240.9;4.29;0.0;0.0;55.0;8.3;69.7;0.12
25/11/2025;05:00:00;1.178;0.204;238.71;4.94;0.0;0.0;55.0;8.4;72.9;0.12
25/11/2025;06:00:00;1.847;0.189;240.71;7.68;0.0;0.0;55.0;11.0;68.1;0.24
25/11/2025;07:00:00;2.509;0.388;241.64;10.38;0.0;13.0;55.0;9.5;67.8;0.25
25/11/2025;08:00:00;3.416;0.683;236.42;14.45;0.0;6.7;55.0;11.7;69.7;0.66
25/11/2025;09:00:00;2.942;0.391;237.27;12.4;0.0;9.2;55.0;10.4;61.6;0.64
25/11/2025;10:00:00;2.033;0.168;237.62;8.55;0.0;0.0;55.0;12.7;61.7;0.77
25/11/2025;11:00:00;1.481;0.297;238.46;6.21;0.0;0.0;55.0;15.5;64.6;0.61
25/11/2025;12:00:00;1.311;0.145;238.54;5.49;0.0;0.0;55.0;16.8;50.6;0.71
25/11/2025;13:00:00;1.291;0.225;242.23;5.33;0.0;0.0;55.0;15.9;68.8;0.75
25/11/2025;14:00:00;1.134;0.118;240.62;4.71;0.0;0.0;55.0;16.7;62.5;0.65
25/11/2025;15:00:00;1.269;0.128;237.56;5.34;0.0;0.0;55.0;14.7;63.4;0.61
25/11/2025;16:00:00;1.224;0.195;239.11;5.12;0.0;0.0;55.0;16.3;53.2;0.67
25/11/2025;17:00:00;2.131;0.163;233.36;9.13;0.0;0.0;55.0;17.7;53.8;0.7
25/11/2025;18:00:00;2.315;0.457;245.66;9.42;10.2;0.0;55.0;16.4;59.3;0.76
25/11/2025;19:00:00;2.992;0.347;240.05;12.47;10.4;0.0;55.0;15.3;66.2;0.3
25/11/2025;20:00:00;3.189;0.17;242.78;13.13;24.4;0.0;55.0;13.4;53.3;0.23
25/11/2025;21:00:00;3.139;0.32;242.22;12.96;22.5;0.0;55.0;12.0;68.7;0.27
25/11/2025;22:00:00;2.627;0.482;239.9;10.95;0.0;0.0;55.0;9.7;64.8;0.25
25/11/2025;23:00:00;1.767;0.346;233.33;7.57;0.0;0.0;55.0;10.5;64.8;0.29
26/11/2025;00:00:00;0.717;0.105;238.44;3.01;0.0;0.0;55.0;9.1;68.4;0.12
26/11/2025;01:00:00;4.916;0.492;240.99;20.4;0.0;0.0;55.0;8.4;69.0;0.12
26/11/2025;02:00:00;1.464;0.205;240.17;6.1;0.0;0.0;55.0;6.4;65.7;0.12
26/11/2025;03:00:00;1.335;0.256;242.91;5.49;0.0;0.0;55.0;3.8;74.5;0.12
26/11/2025;04:00:00;1.234;0.128;239.99;5.14;0.0;0.0;55.0;8.8;55.8;0.12
26/11/2025;05:00:00;1.603;0.185;245.16;6.54;0.0;0.0;55.0;7.0;66.6;0.12
26/11/2025;06:00:00;1.848;0.262;237.03;7.8;0.0;0.0;55.0;7.2;69.4;0.33
26/11/2025;07:00:00;2.436;0.489;241.45;10.09;0.0;12.9;55.0;10.5;64.2;0.23
26/11/2025;08:00:00;3.064;0.456;237.12;12.92;0.0;2.1;55.0;10.1;57.2;0.66
26/11/2025;09:00:00;2.658;0.227;242.56;10.96;0.0;1.1;55.0;13.6;67.3;0.79
26/11/2025;10:00:00;2.156;0.14;237.89;9.06;0.0;0.0;55.0;14.2;56.8;0.71
26/11/2025;11:00:00;1.452;0.096;235.08;6.18;0.0;0.0;55.0;15.5;61.6;0.73
26/11/2025;12:00:00;1.371;0.29;235.84;5.81;0.0;0.0;55.0;13.5;64.4;0.67
26/11/2025;13:00:00;1.096;0.208;238.68;4.59;0.0;0.0;55.0;18.1;60.0;0.61
26/11/2025;14:00:00;1.074;0.194;244.36;4.4;0.0;0.0;55.0;17.2;66.5;0.74
26/11/2025;15:00:00;1.344;0.181;242.08;5.55;0.0;0.0;55.0;16.4;61.0;0.69
26/11/2025;16:00:00;1.672;0.275;241.25;6.93;0.0;0.0;55.0;17.0;62.9;0.73
26/11/2025;17:00:00;2.116;0.152;239.82;8.82;0.0;0.0;55.0;13.7;63.2;0.73
26/11/2025;18:00:00;2.751;0.428;236.85;11.62;13.5;0.0;55.0;16.1;64.5;0.72
26/11/2025;19:00:00;3.007;0.565;237.39;12.67;11.7;0.0;55.0;13.0;71.0;0.28
26/11/2025;20:00:00;3.596;0.218;238.46;15.08;11.2;0.0;55.0;11.3;66.1;0.23
26/11/2025;21:00:00;3.501;0.351;238.2;14.7;3.6;0.0;55.0;9.7;70.5;0.27
26/11/2025;22:00:00;2.533;0.174;238.16;10.64;0.0;0.0;55.0;12.4;71.8;0.26
26/11/2025;23:00:00;1.776;0.167;237.34;7.48;0.0;0.0;55.0;8.6;74.3;0.24
27/11/2025;00:00:00;1.146;0.208;240.02;4.78;0.0;0.0;55.0;10.8;63.9;0.12
27/11/2025;01:00:00;1.071;0.114;237.9;4.5;0.0;0.0;55.0;6.9;74.1;0.12
27/11/2025;02:00:00;1.367;0.229;243.17;5.62;0.0;0.0;55.0;4.6;72.0;0.12
27/11/2025;03:00:00;1.398;0.254;243.14;5.75;0.0;0.0;55.0;5.3;75.7;0.12
27/11/2025;04:00:00;1.236;0.233;241.68;5.11;0.0;0.0;55.0;9.0;70.0;0.12
27/11/2025;05:00:00;1.177;0.234;241.36;4.88;0.0;0.0;55.0;7.4;69.8;0.12
27/11/2025;06:00:00;1.988;0.301;235.65;8.44;0.0;0.0;55.0;7.6;70.5;0.24
27/11/2025;07:00:00;2.618;0.256;246.41;10.62;0.0;16.1;55.0;9.7;67.9;0.32
27/11/2025;08:00:00;3.253;0.246;239.21;13.6;0.0;7.2;55.0;11.5;66.7;0.58
27/11/2025;09:00:00;2.778;0.377;242.22;11.47;0.0;4.2;55.0;13.7;62.7;0.75
27/11/2025;10:00:00;2.033;0.137;242.33;8.39;0.0;0.0;55.0;15.5;60.8;0.65
27/11/2025;11:00:00;1.58;0.324;237.08;6.66;0.0;0.0;55.0;14.0;72.0;0.76
27/11/2025;12:00:00;3.498;0.438;238.24;14.68;0.0;0.0;55.0;13.5;66.0;0.71
27/11/2025;13:00:00;1.195;0.237;241.11;4.96;0.0;0.0;55.0;15.7;59.0;0.7
27/11/2025;14:00:00;1.412;0.241;235.67;5.99;0.0;0.0;55.0;17.2;59.2;0.75
27/11/2025;15:00:00;1.105;0.216;239.75;4.61;0.0;0.0;55.0;15.6;67.2;0.69
27/11/2025;16:00:00;1.542;0.309;233.29;6.61;0.0;0.0;55.0;15.4;58.4;0.62
27/11/2025;17:00:00;1.969;0.116;240.03;8.2;0.0;0.0;55.0;16.8;53.5;0.79
27/11/2025;18:00:00;2.479;0.43;243.85;10.17;1.8;0.0;55.0;15.5;55.0;0.58
27/11/2025;19:00:00;3.191;0.282;239.99;13.3;5.2;0.0;55.0;14.5;54.1;0.29
27/11/2025;20:00:00;3.407;0.743;235.9;14.44;12.6;0.0;55.0;12.2;58.2;0.3
27/11/2025;21:00:00;3.239;0.59;238.45;13.58;6.3;0.0;55.0;11.7;59.2;0.23
27/11/2025;22:00:00;2.579;0.131;241.72;10.67;0.0;0.0;55.0;9.3;73.9;0.23
27/11/2025;23:00:00;1.63;0.338;240.47;6.78;0.0;0.0;55.0;10.8;65.5;0.31
28/11/2025;00:00:00;1.052;0.105;241.27;4.36;0.0;0.0;55.0;10.0;64.6;0.12
28/11/2025;01:00:00;1.317;0.159;239.52;5.5;0.0;0.0;55.0;4.9;63.3;0.12
28/11/2025;02:00:00;1.021;0.157;237.86;4.29;0.0;0.0;55.0;5.8;69.1;0.12
28/11/2025;03:00:00;1.234;0.254;240.35;5.13;0.0;0.0;55.0;4.8;61.9;0.12
28/11/2025;04:00:00;1.059;0.22;240.19;4.41;0.0;0.0;55.0;6.2;67.6;0.12
28/11/2025;05:00:00;1.475;0.215;242.88;6.07;0.0;0.0;55.0;7.5;78.7;0.12
28/11/2025;06:00:00;2.207;0.229;238.68;9.24;0.0;0.0;55.0;6.3;72.7;0.22
28/11/2025;07:00:00;2.8;0.273;240.14;11.66;0.0;9.0;55.0;8.1;66.9;0.3
28/11/2025;08:00:00;3.471;0.389;239.59;14.49;0.0;16.2;55.0;9.2;70.5;0.76
28/11/2025;09:00:00;2.709;0.219;246.37;11.0;0.0;5.9;55.0;12.3;61.9;0.71
28/11/2025;10:00:00;2.115;0.347;237.89;8.89;0.0;0.0;55.0;13.4;59.7;0.77
28/11/2025;11:00:00;1.459;0.204;238.92;6.11;0.0;0.0;55.0;13.4;72.2;0.65
28/11/2025;12:00:00;1.198;0.217;237.32;5.05;0.0;0.0;55.0;15.8;56.0;0.65
28/11/2025;13:00:00;3.517;0.232;243.65;14.43;0.0;0.0;55.0;15.5;60.2;0.74
28/11/2025;14:00:00;1.375;0.162;243.86;5.64;0.0;0.0;55.0;16.4;62.8;0.76
28/11/2025;15:00:00;1.252;0.114;239.39;5.23;0.0;0.0;55.0;19.5;54.1;0.74
28/11/2025;16:00:00;1.387;0.195;243.32;5.7;0.0;0.0;55.0;18.8;62.6;0.77
28/11/2025;17:00:00;1.961;0.254;240.92;8.14;0.0;0.0;55.0;14.4;61.4;0.67
28/11/2025;18:00:00;2.651;0.335;241.97;10.96;0.7;0.0;55.0;16.8;64.3;0.7
28/11/2025;19:00:00;3.045;0.316;237.21;12.84;16.8;0.0;55.0;15.7;64.8;0.26
28/11/2025;20:00:00;3.677;0.638;240.45;15.29;13.1;0.0;55.0;11.6;63.9;0.34
28/11/2025;21:00:00;2.924;0.386;245.24;11.92;5.3;0.0;55.0;13.2;72.4;0.3
28/11/2025;22:00:00;2.37;0.2;244.14;9.71;0.0;0.0;55.0;13.0;60.7;0.27
28/11/2025;23:00:00;1.957;0.28;242.25;8.08;0.0;0.0;55.0;7.8;74.9;0.29
29/11/2025;00:00:00;1.335;0.202;242.66;5.5;0.0;0.0;55.0;7.1;74.6;0.14
29/11/2025;01:00:00;1.034;0.055;246.81;4.19;0.0;0.0;55.0;9.2;75.9;0.14
29/11/2025;02:00:00;1.095;0.093;242.2;4.52;0.0;0.0;55.0;7.6;69.2;0.14
29/11/2025;03:00:00;1.213;0.111;238.15;5.1;0.0;0.0;55.0;7.8;64.2;0.14
29/11/2025;04:00:00;1.137;0.105;243.4;4.67;0.0;0.0;55.0;7.7;78.6;0.14
29/11/2025;05:00:00;1.393;0.126;239.79;5.81;0.0;0.0;55.0;8.3;66.1;0.14
29/11/2025;06:00:00;2.462;0.237;241.37;10.2;0.0;0.0;55.0;6.5;65.2;0.35
29/11/2025;07:00:00;3.004;0.284;240.33;12.5;0.0;17.1;55.0;11.1;64.6;0.37
29/11/2025;08:00:00;3.019;0.605;238.02;12.68;0.0;18.0;55.0;12.5;59.5;0.31
29/11/2025;09:00:00;2.651;0.277;240.86;11.01;0.0;12.8;55.0;11.7;67.7;0.27
29/11/2025;10:00:00;1.778;0.195;242.71;7.33;0.0;0.0;55.0;13.2;60.8;0.37
29/11/2025;11:00:00;1.074;0.102;242.07;4.44;0.0;0.0;55.0;12.2;63.2;0.32
29/11/2025;12:00:00;1.001;0.215;241.34;4.15;0.0;0.0;55.0;16.3;66.2;0.27
29/11/2025;13:00:00;1.12;0.158;239.44;4.68;0.0;0.0;55.0;17.2;63.8;0.27
29/11/2025;14:00:00;0.799;0.123;235.35;3.4;0.0;0.0;55.0;16.7;61.1;0.27
29/11/2025;15:00:00;3.114;0.545;239.87;12.98;0.0;0.0;55.0;18.7;60.3;0.36
29/11/2025;16:00:00;1.237;0.132;241.55;5.12;0.0;0.0;55.0;16.3;61.4;0.35
29/11/2025;17:00:00;1.768;0.38;233.96;7.56;0.0;0.0;55.0;17.2;58.5;0.28
29/11/2025;18:00:00;4.763;0.361;239.81;19.86;6.2;0.0;55.0;14.0;63.2;0.37
29/11/2025;19:00:00;3.348;0.428;239.73;13.96;11.8;0.0;55.0;14.5;65.3;0.29
29/11/2025;20:00:00;4.005;0.299;237.44;16.87;1.7;0.0;55.0;13.0;63.3;0.36
29/11/2025;21:00:00;3.569;0.658;242.13;14.74;21.6;0.0;55.0;12.3;66.6;0.32
29/11/2025;22:00:00;3.07;0.21;242.64;12.65;0.0;0.0;55.0;10.2;62.1;0.35
29/11/2025;23:00:00;2.163;0.312;245.08;8.83;0.0;0.0;55.0;9.3;63.9;0.31
30/11/2025;00:00:00;0.898;0.061;239.92;3.74;0.0;0.0;55.0;9.7;63.0;0.14
30/11/2025;01:00:00;1.12;0.142;243.62;4.6;0.0;0.0;55.0;7.0;66.0;0.14
30/11/2025;02:00:00;1.355;0.132;237.71;5.7;0.0;0.0;55.0;4.8;77.0;0.14
30/11/2025;03:00:00;0.906;0.184;238.96;3.79;0.0;0.0;55.0;9.6;70.3;0.14
30/11/2025;04:00:00;0.965;0.057;241.9;3.99;0.0;0.0;55.0;9.2;61.6;0.14
30/11/2025;05:00:00;1.404;0.225;238.16;5.89;0.0;0.0;55.0;5.7;72.0;0.14
30/11/2025;06:00:00;4.315;0.726;239.55;18.01;0.0;0.0;55.0;9.5;64.8;0.34
30/11/2025;07:00:00;2.805;0.564;242.35;11.57;0.0;5.1;55.0;8.7;64.0;0.27
30/11/2025;08:00:00;3.305;0.658;239.98;13.77;0.0;3.5;55.0;11.1;58.1;0.32
30/11/2025;09:00:00;2.615;0.565;237.43;11.01;0.0;0.2;55.0;12.4;69.3;0.39
30/11/2025;10:00:00;1.508;0.14;238.35;6.33;0.0;0.0;55.0;12.9;57.2;0.29
30/11/2025;11:00:00;1.247;0.121;239.23;5.21;0.0;0.0;55.0;13.3;63.5;0.35
30/11/2025;12:00:00;1.138;0.134;241.65;4.71;0.0;0.0;55.0;14.5;58.1;0.31
30/11/2025;13:00:00;0.896;0.127;239.09;3.75;0.0;0.0;55.0;15.0;66.3;0.34
30/11/2025;14:00:00;0.693;0.078;233.14;2.97;0.0;0.0;55.0;15.6;60.3;0.28
30/11/2025;15:00:00;0.786;0.138;242.2;3.24;0.0;0.0;55.0;16.9;60.2;0.32
30/11/2025;16:00:00;1.443;0.074;241.81;5.97;0.0;0.0;55.0;15.8;61.3;0.39
30/11/2025;17:00:00;3.86;0.205;237.02;16.29;0.0;0.0;55.0;17.4;62.0;0.28
30/11/2025;18:00:00;2.801;0.481;236.83;11.83;21.0;0.0;55.0;17.8;60.3;0.34
30/11/2025;19:00:00;3.564;0.713;243.78;14.62;22.0;0.0;55.0;13.6;63.3;0.33
30/11/2025;20:00:00;3.728;0.679;239.33;15.58;22.0;0.0;55.0;13.7;60.9;0.33
30/11/2025;21:00:00;3.683;0.257;242.11;15.21;16.7;0.0;55.0;12.7;56.3;0.34
30/11/2025;22:00:00;4.906;1.025;238.06;20.61;0.0;0.0;55.0;11.4;59.7;0.32
30/11/2025;23:00:00;1.887;0.262;241.83;7.8;0.0;0.0;55.0;9.6;70.3;0.26
01/12/2025;00:00:00;1.181;0.208;237.42;4.97;0.0;0.0;55.0;5.2;68.7;0.12
01/12/2025;01:00:00;1.448;0.122;241.18;6.0;0.0;0.0;55.0;4.0;67.9;0.12
01/12/2025;02:00:00;1.678;0.24;241.0;6.96;0.0;0.0;55.0;0.9;66.6;0.12
01/12/2025;03:00:00;1.321;0.14;234.22;5.64;0.0;0.0;55.0;3.9;62.7;0.12
01/12/2025;04:00:00;1.177;0.254;240.35;4.9;0.0;0.0;55.0;4.1;67.6;0.12
01/12/2025;05:00:00;1.525;0.199;237.99;6.41;0.0;0.0;55.0;2.1;77.1;0.12
01/12/2025;06:00:00;2.131;0.38;243.06;8.77;0.0;0.0;55.0;4.1;68.3;0.33
01/12/2025;07:00:00;4.88;0.745;240.66;20.28;0.0;6.1;55.0;6.1;71.5;0.33
01/12/2025;08:00:00;3.485;0.23;239.31;14.56;0.0;19.8;55.0;6.0;66.6;0.64
01/12/2025;09:00:00;3.265;0.465;244.25;13.37;0.0;19.6;55.0;9.2;70.2;0.81
01/12/2025;10:00:00;2.194;0.311;234.67;9.35;0.0;0.0;55.0;12.4;62.7;0.76
01/12/2025;11:00:00;1.567;0.269;245.4;6.39;0.0;0.0;55.0;8.9;61.1;0.62
01/12/2025;12:00:00;1.418;0.149;245.25;5.78;0.0;0.0;55.0;9.1;65.8;0.62
01/12/2025;13:00:00;1.218;0.239;238.91;5.1;0.0;0.0;55.0;12.4;73.7;0.64
01/12/2025;14:00:00;1.359;0.212;242.49;5.6;0.0;0.0;55.0;13.5;72.5;0.74
01/12/2025;15:00:00;1.563;0.089;241.36;6.48;0.0;0.0;55.0;12.3;67.0;0.63
01/12/2025;16:00:00;1.35;0.23;233.04;5.79;0.0;0.0;55.0;14.6;62.0;0.56
01/12/2025;17:00:00;2.467;0.504;239.69;10.29;0.0;0.0;55.0;9.9;68.0;0.71
01/12/2025;18:00:00;3.04;0.505;236.46;12.86;8.0;0.0;55.0;12.2;66.2;0.63
01/12/2025;19:00:00;3.315;0.38;236.2;14.04;23.2;0.0;55.0;9.2;66.8;0.25
01/12/2025;20:00:00;3.515;0.529;239.2;14.7;14.2;0.0;55.0;11.5;67.4;0.31
01/12/2025;21:00:00;3.213;0.254;239.3;13.43;6.5;0.0;55.0;10.6;67.0;0.23
01/12/2025;22:00:00;2.978;0.453;243.4;12.24;0.0;0.0;55.0;5.2;68.7;0.33
01/12/2025;23:00:00;2.274;0.307;237.89;9.56;0.0;0.0;55.0;4.3;65.0;0.33
02/12/2025;00:00:00;1.38;0.075;238.89;5.78;0.0;0.0;55.0;5.4;67.8;0.12
02/12/2025;01:00:00;1.248;0.131;243.83;5.12;0.0;0.0;55.0;2.7;76.2;0.12
02/12/2025;02:00:00;1.37;0.113;239.49;5.72;0.0;0.0;55.0;2.7;72.1;0.12
02/12/2025;03:00:00;1.484;0.173;238.56;6.22;0.0;0.0;55.0;2.6;73.8;0.12
02/12/2025;04:00:00;1.758;0.16;242.4;7.25;0.0;0.0;55.0;-0.1;73.1;0.12
02/12/2025;05:00:00;1.908;0.366;241.49;7.9;0.0;0.0;55.0;3.3;66.5;0.12
02/12/2025;06:00:00;2.111;0.356;240.28;8.79;0.0;0.0;55.0;3.0;70.8;0.26
02/12/2025;07:00:00;2.833;0.498;242.59;11.68;0.0;1.6;55.0;4.4;65.8;0.29
02/12/2025;08:00:00;3.058;0.34;236.51;12.93;0.0;9.3;55.0;8.5;62.2;0.67
02/12/2025;09:00:00;3.05;0.154;238.37;12.79;0.0;1.4;55.0;5.7;75.8;0.73
02/12/2025;10:00:00;1.992;0.174;245.6;8.11;0.0;0.0;55.0;10.1;64.2;0.71
02/12/2025;11:00:00;1.607;0.287;231.5;6.94;0.0;0.0;55.0;9.7;62.9;0.63
02/12/2025;12:00:00;1.384;0.211;238.12;5.81;0.0;0.0;55.0;10.7;73.9;0.63
02/12/2025;13:00:00;1.325;0.188;236.69;5.6;0.0;0.0;55.0;13.1;68.0;0.68
02/12/2025;14:00:00;1.247;0.122;240.2;5.19;0.0;0.0;55.0;12.9;62.2;0.66
02/12/2025;15:00:00;1.411;0.089;241.69;5.84;0.0;0.0;55.0;13.5;65.8;0.69
02/12/2025;16:00:00;1.562;0.286;243.1;6.42;0.0;0.0;55.0;13.9;62.1;0.68
02/12/2025;17:00:00;2.012;0.114;238.85;8.42;0.0;0.0;55.0;11.4;61.8;0.64
02/12/2025;18:00:00;2.835;0.17;237.42;11.94;22.3;0.0;55.0;10.2;68.6;0.79
02/12/2025;19:00:00;3.49;0.35;235.94;14.79;17.2;0.0;55.0;8.5;66.0;0.28
02/12/2025;20:00:00;3.997;0.589;240.13;16.65;24.2;0.0;55.0;7.7;68.6;0.32
02/12/2025;21:00:00;3.547;0.776;245.96;14.42;15.0;0.0;55.0;12.0;69.9;0.32
02/12/2025;22:00:00;2.892;0.189;238.35;12.13;0.0;0.0;55.0;8.2;72.4;0.32
02/12/2025;23:00:00;2.484;0.324;239.8;10.36;0.0;0.0;55.0;3.1;69.2;0.23
03/12/2025;00:00:00;1.526;0.232;240.38;6.35;0.0;0.0;55.0;2.1;75.2;0.12
03/12/2025;01:00:00;1.392;0.264;238.82;5.83;0.0;0.0;55.0;4.0;65.6;0.12
03/12/2025;02:00:00;1.394;0.233;243.99;5.71;0.0;0.0;55.0;3.6;73.8;0.12
03/12/2025;03:00:00;1.384;0.259;243.39;5.69;0.0;0.0;55.0;3.4;72.4;0.12
03/12/2025;04:00:00;1.577;0.219;242.29;6.51;0.0;0.0;55.0;2.4;74.4;0.12
03/12/2025;05:00:00;1.592;0.197;242.69;6.56;0.0;0.0;55.0;3.1;70.4;0.12
03/12/2025;06:00:00;2.217;0.344;238.08;9.31;0.0;0.0;55.0;4.6;81.2;0.34
03/12/2025;07:00:00;2.682;0.545;236.79;11.33;0.0;1.6;55.0;5.2;65.7;0.25
03/12/2025;08:00:00;3.685;0.529;238.1;15.48;0.0;7.0;55.0;3.0;76.9;0.63
03/12/2025;09:00:00;2.954;0.452;240.79;12.27;0.0;3.5;55.0;7.3;63.4;0.7
03/12/2025;10:00:00;2.255;0.242;239.09;9.43;0.0;0.0;55.0;7.6;70.8;0.59
03/12/2025;11:00:00;1.819;0.275;241.59;7.53;0.0;0.0;55.0;10.4;69.0;0.8
03/12/2025;12:00:00;1.283;0.201;240.3;5.34;0.0;0.0;55.0;15.6;62.2;0.7
03/12/2025;13:00:00;1.318;0.235;236.25;5.58;0.0;0.0;55.0;12.5;61.9;0.58
03/12/2025;14:00:00;1.288;0.19;243.47;5.29;0.0;0.0;55.0;12.0;65.5;0.63
03/12/2025;15:00:00;1.333;0.111;238.57;5.59;0.0;0.0;55.0;14.0;64.5;0.63
03/12/2025;16:00:00;1.525;0.227;242.2;6.3;0.0;0.0;55.0;13.2;72.8;0.67
03/12/2025;17:00:00;1.888;0.19;237.63;7.94;0.0;0.0;55.0;12.6;60.0;0.71
03/12/2025;18:00:00;2.938;0.191;237.53;12.37;14.1;0.0;55.0;12.1;62.0;0.73
03/12/2025;19:00:00;3.212;0.611;237.4;13.53;10.6;0.0;55.0;13.2;65.3;0.33
03/12/2025;20:00:00;3.866;0.237;235.99;16.38;5.0;0.0;55.0;7.2;67.4;0.22
03/12/2025;21:00:00;3.474;0.547;236.06;14.72;5.1;0.0;55.0;8.3;67.2;0.34
03/12/2025;22:00:00;2.764;0.603;241.07;11.47;0.0;0.0;55.0;4.9;75.8;0.29
03/12/2025;23:00:00;2.135;0.139;237.4;8.99;0.0;0.0;55.0;5.9;55.5;0.24
04/12/2025;00:00:00;1.541;0.135;240.97;6.39;0.0;0.0;55.0;2.7;69.3;0.12
04/12/2025;01:00:00;1.494;0.268;240.28;6.22;0.0;0.0;55.0;2.7;63.6;0.12
04/12/2025;02:00:00;1.439;0.096;242.46;5.93;0.0;0.0;55.0;2.3;66.6;0.12
04/12/2025;03:00:00;1.159;0.222;237.15;4.89;0.0;0.0;55.0;4.1;83.2;0.12
04/12/2025;04:00:00;1.275;0.064;242.97;5.25;0.0;0.0;55.0;4.2;74.1;0.12
04/12/2025;05:00:00;1.812;0.365;237.46;7.63;0.0;0.0;55.0;1.4;78.0;0.12
04/12/2025;06:00:00;2.02;0.124;232.32;8.7;0.0;0.0;55.0;4.2;70.7;0.29
04/12/2025;07:00:00;2.844;0.588;240.53;11.82;0.0;11.6;55.0;4.0;75.0;0.23
04/12/2025;08:00:00;5.811;1.145;237.55;24.46;0.0;1.1;55.0;4.4;62.0;0.72
04/12/2025;09:00:00;3.212;0.455;244.2;13.15;0.0;4.7;55.0;7.3;73.8;0.71
04/12/2025;10:00:00;2.284;0.416;240.84;9.48;0.0;0.0;55.0;8.4;63.5;0.6
04/12/2025;11:00:00;1.56;0.098;239.76;6.51;0.0;0.0;55.0;13.7;60.7;0.66
04/12/2025;12:00:00;1.444;0.105;240.56;6.0;0.0;0.0;55.0;11.8;67.5;0.7
04/12/2025;13:00:00;1.421;0.16;238.61;5.95;0.0;0.0;55.0;9.9;68.1;0.75
04/12/2025;14:00:00;1.33;0.188;244.72;5.44;0.0;0.0;55.0;11.6;65.6;0.71
04/12/2025;15:00:00;1.228;0.243;238.47;5.15;0.0;0.0;55.0;14.1;56.3;0.72
04/12/2025;16:00:00;1.558;0.222;241.3;6.46;0.0;0.0;55.0;15.6;62.4;0.69
04/12/2025;17:00:00;2.174;0.354;237.71;9.14;0.0;0.0;55.0;9.6;71.6;0.65
04/12/2025;18:00:00;2.968;0.491;240.0;12.36;18.5;0.0;55.0;8.3;65.1;0.62
04/12/2025;19:00:00;3.112;0.62;236.54;13.16;3.7;0.0;55.0;12.9;70.6;0.22
04/12/2025;20:00:00;3.894;0.709;240.64;16.18;7.3;0.0;55.0;9.5;62.4;0.33
04/12/2025;21:00:00;3.645;0.788;240.18;15.17;14.7;0.0;55.0;6.3;69.4;0.3
04/12/2025;22:00:00;2.681;0.143;241.54;11.1;0.0;0.0;55.0;7.1;76.4;0.23
04/12/2025;23:00:00;2.439;0.208;241.31;10.11;0.0;0.0;55.0;1.2;70.1;0.22
05/12/2025;00:00:00;1.55;0.323;240.08;6.45;0.0;0.0;55.0;4.1;76.4;0.12
05/12/2025;01:00:00;1.444;0.267;245.71;5.88;0.0;0.0;55.0;3.8;81.3;0.12
05/12/2025;02:00:00;1.155;0.11;239.95;4.81;0.0;0.0;55.0;4.2;71.9;0.12
05/12/2025;03:00:00;1.428;0.308;240.11;5.95;0.0;0.0;55.0;1.1;70.9;0.12
05/12/2025;04:00:00;1.354;0.268;239.76;5.65;0.0;0.0;55.0;2.9;68.2;0.12
05/12/2025;05:00:00;1.899;0.116;240.57;7.89;0.0;0.0;55.0;1.9;79.4;0.12
05/12/2025;06:00:00;2.349;0.441;239.2;9.82;0.0;0.0;55.0;4.5;77.2;0.28
05/12/2025;07:00:00;2.818;0.517;238.97;11.79;0.0;16.1;55.0;3.8;78.6;0.22
05/12/2025;08:00:00;3.382;0.296;242.11;13.97;0.0;9.0;55.0;5.7;69.7;0.63
05/12/2025;09:00:00;3.142;0.515;239.86;13.1;0.0;9.2;55.0;6.1;74.7;0.7
05/12/2025;10:00:00;2.25;0.484;242.95;9.26;0.0;0.0;55.0;9.9;66.3;0.74
05/12/2025;11:00:00;1.499;0.247;234.7;6.39;0.0;0.0;55.0;11.4;60.9;0.69
05/12/2025;12:00:00;1.517;0.286;244.26;6.21;0.0;0.0;55.0;10.8;71.4;0.8
05/12/2025;13:00:00;1.142;0.076;242.51;4.71;0.0;0.0;55.0;12.0;73.0;0.65
05/12/2025;14:00:00;1.627;0.283;239.86;6.78;0.0;0.0;55.0;10.3;61.1;0.7
05/12/2025;15:00:00;1.28;0.109;239.78;5.34;0.0;0.0;55.0;12.2;59.5;0.76
05/12/2025;16:00:00;1.469;0.091;241.79;6.08;0.0;0.0;55.0;12.4;64.7;0.73
05/12/2025;17:00:00;2.026;0.292;237.13;8.55;0.0;0.0;55.0;15.9;66.5;0.7
05/12/2025;18:00:00;2.872;0.51;240.11;11.96;18.2;0.0;55.0;9.5;61.2;0.72
05/12/2025;19:00:00;3.171;0.453;240.43;13.19;1.0;0.0;55.0;12.3;65.7;0.33
05/12/2025;20:00:00;3.582;0.746;234.28;15.29;11.3;0.0;55.0;10.4;63.1;0.25
05/12/2025;21:00:00;3.498;0.589;240.97;14.52;8.7;0.0;55.0;8.0;71.5;0.24
05/12/2025;22:00:00;2.696;0.189;236.21;11.41;0.0;0.0;55.0;9.0;63.2;0.3
05/12/2025;23:00:00;2.455;0.513;243.03;10.1;0.0;0.0;55.0;5.7;73.7;0.34
06/12/2025;00:00:00;1.331;0.101;243.75;5.46;0.0;0.0;55.0;4.7;69.9;0.14
06/12/2025;01:00:00;1.561;0.279;244.23;6.39;0.0;0.0;55.0;3.2;67.2;0.14
06/12/2025;02:00:00;1.368;0.103;239.1;5.72;0.0;0.0;55.0;4.6;71.0;0.14
06/12/2025;03:00:00;1.619;0.356;239.06;6.77;0.0;0.0;55.0;4.3;61.3;0.14
06/12/2025;04:00:00;1.686;0.18;234.47;7.19;0.0;0.0;55.0;1.8;70.1;0.14
06/12/2025;05:00:00;1.818;0.244;241.9;7.51;0.0;0.0;55.0;1.3;75.0;0.14
06/12/2025;06:00:00;2.468;0.319;235.78;10.47;0.0;0.0;55.0;3.8;62.5;0.33
06/12/2025;07:00:00;3.125;0.21;235.94;13.24;0.0;17.2;55.0;3.9;58.4;0.29
06/12/2025;08:00:00;3.47;0.465;239.15;14.51;0.0;11.7;55.0;6.2;57.7;0.38
06/12/2025;09:00:00;2.708;0.204;236.9;11.43;0.0;4.5;55.0;9.5;73.5;0.34
06/12/2025;10:00:00;2.071;0.386;237.31;8.73;0.0;0.0;55.0;8.2;67.4;0.39
06/12/2025;11:00:00;1.691;0.36;240.13;7.04;0.0;0.0;55.0;10.0;63.7;0.33
06/12/2025;12:00:00;1.035;0.194;242.47;4.27;0.0;0.0;55.0;11.2;70.1;0.37
06/12/2025;13:00:00;0.935;0.115;241.51;3.87;0.0;0.0;55.0;13.2;61.8;0.37
06/12/2025;14:00:00;1.217;0.061;240.53;5.06;0.0;0.0;55.0;9.1;68.5;0.3
06/12/2025;15:00:00;1.226;0.069;243.21;5.04;0.0;0.0;55.0;11.7;65.2;0.39
06/12/2025;16:00:00;1.375;0.184;240.36;5.72;0.0;0.0;55.0;12.8;61.8;0.26
06/12/2025;17:00:00;1.84;0.305;238.53;7.71;0.0;0.0;55.0;13.7;64.9;0.36
06/12/2025;18:00:00;2.982;0.565;237.84;12.54;2.2;0.0;55.0;10.4;69.9;0.39
06/12/2025;19:00:00;3.977;0.604;241.55;16.46;3.3;0.0;55.0;7.3;67.6;0.3
06/12/2025;20:00:00;4.211;0.911;236.92;17.77;20.7;0.0;55.0;9.8;64.2;0.34
06/12/2025;21:00:00;3.87;0.518;240.98;16.06;11.6;0.0;55.0;6.7;67.4;0.33
06/12/2025;22:00:00;3.332;0.506;238.8;13.95;0.0;0.0;55.0;4.5;59.3;0.36
06/12/2025;23:00:00;4.544;0.405;237.65;19.12;0.0;0.0;55.0;4.2;72.5;0.37
07/12/2025;00:00:00;1.296;0.14;237.61;5.45;0.0;0.0;55.0;3.8;65.3;0.14
07/12/2025;01:00:00;1.327;0.221;242.7;5.47;0.0;0.0;55.0;2.4;75.7;0.14
07/12/2025;02:00:00;1.637;0.249;237.6;6.89;0.0;0.0;55.0;-0.5;74.4;0.14
07/12/2025;03:00:00;1.278;0.144;239.22;5.34;0.0;0.0;55.0;4.0;71.8;0.14
07/12/2025;04:00:00;1.206;0.083;238.69;5.05;0.0;0.0;55.0;4.7;74.1;0.14
07/12/2025;05:00:00;1.589;0.172;242.97;6.54;0.0;0.0;55.0;4.3;66.4;0.14
07/12/2025;06:00:00;2.225;0.128;244.31;9.11;0.0;0.0;55.0;2.4;74.4;0.28
07/12/2025;07:00:00;3.306;0.492;242.54;13.63;0.0;6.2;55.0;4.8;71.9;0.35
07/12/2025;08:00:00;5.571;0.584;238.95;23.31;0.0;3.4;55.0;6.3;68.4;0.31
07/12/2025;09:00:00;3.056;0.35;240.96;12.68;0.0;8.3;55.0;8.5;63.0;0.36
07/12/2025;10:00:00;1.904;0.281;237.45;8.02;0.0;0.0;55.0;9.9;69.5;0.26
07/12/2025;11:00:00;1.373;0.204;240.59;5.71;0.0;0.0;55.0;9.0;70.7;0.35
07/12/2025;12:00:00;1.299;0.195;235.08;5.53;0.0;0.0;55.0;11.3;66.0;0.34
07/12/2025;13:00:00;1.074;0.143;240.66;4.46;0.0;0.0;55.0;12.6;58.9;0.38
07/12/2025;14:00:00;1.163;0.155;239.85;4.85;0.0;0.0;55.0;14.6;60.1;0.35
07/12/2025;15:00:00;1.041;0.197;241.23;4.31;0.0;0.0;55.0;13.7;63.2;0.36
07/12/2025;16:00:00;1.321;0.171;239.97;5.5;0.0;0.0;55.0;13.6;66.9;0.38
07/12/2025;17:00:00;2.107;0.297;242.34;8.69;0.0;0.0;55.0;12.1;56.8;0.35
07/12/2025;18:00:00;2.804;0.611;237.86;11.79;5.7;0.0;55.0;13.3;61.0;0.29
07/12/2025;19:00:00;3.711;0.3;242.12;15.33;16.4;0.0;55.0;10.7;63.8;0.37
07/12/2025;20:00:00;4.604;0.799;241.32;19.08;10.4;0.0;55.0;7.6;67.9;0.36
07/12/2025;21:00:00;3.67;0.479;243.05;15.1;22.5;0.0;55.0;9.7;60.1;0.31
07/12/2025;22:00:00;2.931;0.56;243.24;12.05;0.0;0.0;55.0;7.4;67.4;0.35
07/12/2025;23:00:00;2.345;0.278;237.33;9.88;0.0;0.0;55.0;4.4;69.3;0.37
08/12/2025;00:00:00;1.362;0.138;241.45;5.64;0.0;0.0;55.0;3.4;66.5;0.12
08/12/2025;01:00:00;1.555;0.133;236.74;6.57;0.0;0.0;55.0;3.7;70.8;0.12
08/12/2025;02:00:00;1.366;0.271;243.25;5.62;0.0;0.0;55.0;3.5;68.9;0.12
08/12/2025;03:00:00;1.617;0.278;237.61;6.8;0.0;0.0;55.0;2.9;74.6;0.12
08/12/2025;04:00:00;1.505;0.095;238.94;6.3;0.0;0.0;55.0;3.2;67.4;0.12
08/12/2025;05:00:00;1.62;0.277;240.61;6.73;0.0;0.0;55.0;5.8;70.2;0.12
08/12/2025;06:00:00;2.206;0.123;242.07;9.11;0.0;0.0;55.0;5.7;65.8;0.33
08/12/2025;07:00:00;5.074;0.41;241.04;21.05;0.0;4.3;55.0;5.4;67.1;0.26
08/12/2025;08:00:00;3.465;0.522;242.14;14.31;0.0;4.6;55.0;7.7;69.7;0.67
08/12/2025;09:00:00;3.133;0.404;240.03;13.05;0.0;15.8;55.0;6.1;70.7;0.78
08/12/2025;10:00:00;2.2;0.424;240.68;9.14;0.0;0.0;55.0;9.5;64.7;0.75
08/12/2025;11:00:00;1.562;0.239;235.05;6.64;0.0;0.0;55.0;12.8;62.8;0.68
08/12/2025;12:00:00;1.631;0.349;242.87;6.72;0.0;0.0;55.0;10.8;58.5;0.62
08/12/2025;13:00:00;1.18;0.231;239.18;4.93;0.0;0.0;55.0;10.7;72.9;0.62
08/12/2025;14:00:00;1.106;0.119;238.79;4.63;0.0;0.0;55.0;11.5;68.7;0.64
08/12/2025;15:00:00;1.484;0.285;245.42;6.05;0.0;0.0;55.0;11.0;68.9;0.71
08/12/2025;16:00:00;1.835;0.363;232.42;7.89;0.0;0.0;55.0;11.3;57.4;0.69
08/12/2025;17:00:00;2.144;0.461;240.27;8.92;0.0;0.0;55.0;11.4;62.3;0.64
08/12/2025;18:00:00;2.927;0.153;233.73;12.52;0.6;0.0;55.0;9.0;65.5;0.74
08/12/2025;19:00:00;3.317;0.659;240.95;13.77;16.1;0.0;55.0;10.1;56.6;0.26
08/12/2025;20:00:00;3.428;0.212;238.04;14.4;6.3;0.0;55.0;10.3;70.6;0.31
08/12/2025;21:00:00;3.604;0.504;231.78;15.55;14.3;0.0;55.0;6.2;76.7;0.25
08/12/2025;22:00:00;2.714;0.327;243.05;11.17;0.0;0.0;55.0;8.6;77.8;0.31
08/12/2025;23:00:00;2.169;0.448;236.39;9.18;0.0;0.0;55.0;5.9;64.5;0.27
09/12/2025;00:00:00;1.31;0.156;242.66;5.4;0.0;0.0;55.0;5.6;70.5;0.12
09/12/2025;01:00:00;1.483;0.224;237.27;6.25;0.0;0.0;55.0;2.3;79.2;0.12
09/12/2025;02:00:00;1.288;0.216;238.7;5.4;0.0;0.0;55.0;4.1;69.9;0.12
09/12/2025;03:00:00;1.669;0.089;233.61;7.14;0.0;0.0;55.0;1.0;70.8;0.12
09/12/2025;04:00:00;1.496;0.225;241.19;6.2;0.0;0.0;55.0;4.1;61.8;0.12
09/12/2025;05:00:00;1.415;0.195;238.39;5.93;0.0;0.0;55.0;3.5;77.2;0.12
09/12/2025;06:00:00;2.163;0.327;238.97;9.05;0.0;0.0;55.0;4.9;70.4;0.31
09/12/2025;07:00:00;2.85;0.179;239.73;11.89;0.0;0.8;55.0;3.3;68.1;0.3
09/12/2025;08:00:00;3.385;0.201;235.39;14.38;0.0;14.4;55.0;5.0;71.8;0.67
09/12/2025;09:00:00;3.021;0.242;241.94;12.49;0.0;2.8;55.0;8.5;68.4;0.66
09/12/2025;10:00:00;2.335;0.462;238.42;9.79;0.0;0.0;55.0;7.5;69.3;0.74
09/12/2025;11:00:00;1.701;0.188;246.43;6.9;0.0;0.0;55.0;10.8;64.7;0.78
09/12/2025;12:00:00;1.521;0.188;238.66;6.37;0.0;0.0;55.0;9.1;75.2;0.74
09/12/2025;13:00:00;1.368;0.159;238.91;5.73;0.0;0.0;55.0;13.2;63.2;0.76
09/12/2025;14:00:00;1.598;0.274;236.2;6.76;0.0;0.0;55.0;10.6;74.0;0.78
09/12/2025;15:00:00;1.585;0.149;235.48;6.73;0.0;0.0;55.0;13.4;66.5;0.65
09/12/2025;16:00:00;3.79;0.234;242.46;15.63;0.0;0.0;55.0;13.4;65.5;0.72
09/12/2025;17:00:00;2.107;0.241;242.97;8.67;0.0;0.0;55.0;10.9;65.1;0.78
09/12/2025;18:00:00;2.76;0.479;238.42;11.57;4.4;0.0;55.0;12.0;69.7;0.66
09/12/2025;19:00:00;3.438;0.707;240.34;14.3;22.3;0.0;55.0;10.5;66.6;0.32
09/12/2025;20:00:00;3.619;0.212;243.48;14.86;10.7;0.0;55.0;8.1;63.3;0.25
09/12/2025;21:00:00;3.382;0.635;240.81;14.05;13.6;0.0;55.0;6.1;64.7;0.27
09/12/2025;22:00:00;2.982;0.183;241.36;12.35;0.0;0.0;55.0;3.4;73.8;0.32
09/12/2025;23:00:00;2.165;0.23;240.24;9.01;0.0;0.0;55.0;5.6;65.4;0.32
10/12/2025;00:00:00;1.363;0.073;238.17;5.72;0.0;0.0;55.0;1.7;72.7;0.12
10/12/2025;01:00:00;1.417;0.29;241.08;5.88;0.0;0.0;55.0;3.4;76.9;0.12
10/12/2025;02:00:00;1.444;0.246;245.22;5.89;0.0;0.0;55.0;2.4;74.0;0.12
10/12/2025;03:00:00;1.48;0.167;238.54;6.2;0.0;0.0;55.0;3.6;67.9;0.12
10/12/2025;04:00:00;1.454;0.166;242.43;6.0;0.0;0.0;55.0;2.3;79.6;0.12
10/12/2025;05:00:00;1.74;0.276;240.51;7.23;0.0;0.0;55.0;2.8;74.9;0.12
10/12/2025;06:00:00;2.088;0.136;238.35;8.76;0.0;0.0;55.0;5.2;75.4;0.27
10/12/2025;07:00:00;2.716;0.203;242.51;11.2;0.0;14.4;55.0;5.6;58.6;0.31
10/12/2025;08:00:00;3.407;0.661;242.18;14.07;0.0;9.9;55.0;6.8;70.6;0.72
10/12/2025;09:00:00;2.872;0.242;241.63;11.89;0.0;0.2;55.0;8.3;72.0;0.78
10/12/2025;10:00:00;2.672;0.464;244.9;10.91;0.0;0.0;55.0;6.6;77.6;0.77
10/12/2025;11:00:00;1.644;0.145;245.14;6.71;0.0;0.0;55.0;11.2;58.1;0.7
10/12/2025;12:00:00;1.303;0.085;240.15;5.43;0.0;0.0;55.0;12.1;70.8;0.71
10/12/2025;13:00:00;1.433;0.291;239.7;5.98;0.0;0.0;55.0;10.4;74.3;0.74
10/12/2025;14:00:00;3.291;0.669;236.0;13.94;0.0;0.0;55.0;12.1;54.7;0.73
10/12/2025;15:00:00;1.655;0.253;244.29;6.77;0.0;0.0;55.0;12.5;66.8;0.78
10/12/2025;16:00:00;1.759;0.226;239.8;7.33;0.0;0.0;55.0;12.2;67.7;0.62
10/12/2025;17:00:00;2.219;0.319;238.3;9.31;0.0;0.0;55.0;12.4;62.8;0.8
10/12/2025;18:00:00;2.822;0.337;237.39;11.89;3.9;0.0;55.0;13.3;61.3;0.71
10/12/2025;19:00:00;3.079;0.55;237.37;12.97;8.4;0.0;55.0;11.7;68.4;0.29
10/12/2025;20:00:00;3.689;0.658;244.92;15.06;24.5;0.0;55.0;6.9;65.8;0.31
10/12/2025;21:00:00;3.17;0.6;242.52;13.07;5.3;0.0;55.0;8.5;66.5;0.22
10/12/2025;22:00:00;2.677;0.372;235.83;11.35;0.0;0.0;55.0;8.3;71.8;0.22
10/12/2025;23:00:00;2.282;0.425;235.95;9.67;0.0;0.0;55.0;5.7;78.6;0.23
11/12/2025;00:00:00;1.207;0.092;240.34;5.02;0.0;0.0;55.0;5.7;72.5;0.12
11/12/2025;01:00:00;1.26;0.069;237.15;5.31;0.0;0.0;55.0;6.3;70.0;0.12
11/12/2025;02:00:00;1.455;0.233;239.29;6.08;0.0;0.0;55.0;4.3;68.4;0.12
11/12/2025;03:00:00;1.229;0.083;244.35;5.03;0.0;0.0;55.0;3.0;67.0;0.12
11/12/2025;04:00:00;1.608;0.231;242.99;6.62;0.0;0.0;55.0;4.3;76.5;0.12
11/12/2025;05:00:00;1.769;0.305;235.21;7.52;0.0;0.0;55.0;3.5;70.8;0.12
11/12/2025;06:00:00;2.262;0.27;237.17;9.54;0.0;0.0;55.0;4.1;76.9;0.26
11/12/2025;07:00:00;2.986;0.172;240.69;12.4;0.0;16.8;55.0;4.6;69.1;0.26
11/12/2025;08:00:00;3.463;0.695;243.16;14.24;0.0;16.2;55.0;8.7;64.2;0.71
11/12/2025;09:00:00;3.157;0.181;237.7;13.28;0.0;15.9;55.0;6.4;71.4;0.7
11/12/2025;10:00:00;2.244;0.457;241.03;9.31;0.0;0.0;55.0;11.2;65.1;0.63
11/12/2025;11:00:00;1.556;0.092;238.73;6.52;0.0;0.0;55.0;10.9;59.7;0.65
11/12/2025;12:00:00;1.608;0.281;244.91;6.57;0.0;0.0;55.0;9.0;76.3;0.68
11/12/2025;13:00:00;1.487;0.308;241.74;6.15;0.0;0.0;55.0;12.5;61.3;0.71
11/12/2025;14:00:00;1.21;0.247;239.46;5.05;0.0;0.0;55.0;9.3;71.6;0.7
11/12/2025;15:00:00;5.216;1.053;235.81;22.12;0.0;0.0;55.0;13.5;67.8;0.71
11/12/2025;16:00:00;1.633;0.327;237.03;6.89;0.0;0.0;55.0;13.8;57.1;0.67
11/12/2025;17:00:00;1.974;0.27;232.93;8.47;0.0;0.0;55.0;11.0;60.5;0.66
11/12/2025;18:00:00;2.859;0.414;240.76;11.87;16.9;0.0;55.0;11.3;63.8;0.61
11/12/2025;19:00:00;3.027;0.47;241.86;12.51;8.5;0.0;55.0;13.0;59.6;0.25
11/12/2025;20:00:00;3.829;0.775;242.01;15.82;21.4;0.0;55.0;8.1;76.5;0.34
11/12/2025;21:00:00;3.557;0.685;238.28;14.93;6.2;0.0;55.0;6.0;68.6;0.28
11/12/2025;22:00:00;2.662;0.487;243.58;10.93;0.0;0.0;55.0;8.5;72.0;0.34
11/12/2025;23:00:00;2.185;0.36;244.43;8.94;0.0;0.0;55.0;8.1;70.5;0.28
12/12/2025;00:00:00;1.301;0.202;238.14;5.46;0.0;0.0;55.0;4.1;72.5;0.12
12/12/2025;01:00:00;1.341;0.277;243.31;5.51;0.0;0.0;55.0;4.8;70.8;0.12
12/12/2025;02:00:00;1.467;0.121;240.39;6.1;0.0;0.0;55.0;4.8;76.8;0.12
12/12/2025;03:00:00;1.403;0.116;238.53;5.88;0.0;0.0;55.0;1.5;69.1;0.12
12/12/2025;04:00:00;1.525;0.331;243.45;6.27;0.0;0.0;55.0;2.1;81.4;0.12
12/12/2025;05:00:00;1.473;0.212;236.62;6.22;0.0;0.0;55.0;5.1;63.9;0.12
12/12/2025;06:00:00;2.046;0.27;235.84;8.67;0.0;0.0;55.0;6.6;73.0;0.29
12/12/2025;07:00:00;3.075;0.598;238.89;12.87;0.0;15.4;55.0;6.0;62.6;0.29
12/12/2025;08:00:00;3.652;0.71;239.36;15.26;0.0;19.9;55.0;5.0;68.8;0.75
12/12/2025;09:00:00;2.844;0.228;235.4;12.08;0.0;10.5;55.0;10.6;66.4;0.63
12/12/2025;10:00:00;2.351;0.187;241.37;9.74;0.0;0.0;55.0;8.1;65.5;0.67
12/12/2025;11:00:00;1.766;0.327;237.81;7.43;0.0;0.0;55.0;9.6;65.8;0.68
12/12/2025;12:00:00;1.183;0.217;236.33;5.01;0.0;0.0;55.0;11.7;58.1;0.69
12/12/2025;13:00:00;3.735;0.33;241.82;15.45;0.0;0.0;55.0;14.3;58.0;0.75
12/12/2025;14:00:00;1.12;0.216;238.8;4.69;0.0;0.0;55.0;13.7;65.9;0.74
12/12/2025;15:00:00;1.584;0.208;242.96;6.52;0.0;0.0;55.0;13.2;64.0;0.7
12/12/2025;16:00:00;1.602;0.208;241.29;6.64;0.0;0.0;55.0;13.1;60.4;0.6
12/12/2025;17:00:00;2.118;0.461;239.45;8.85;0.0;0.0;55.0;12.0;71.4;0.63
12/12/2025;18:00:00;2.839;0.393;243.07;11.68;12.2;0.0;55.0;12.0;58.7;0.72
12/12/2025;19:00:00;3.89;0.285;241.18;16.13;10.1;0.0;55.0;6.3;67.5;0.31
12/12/2025;20:00:00;3.741;0.365;239.94;15.59;23.2;0.0;55.0;8.5;65.1;0.22
12/12/2025;21:00:00;3.455;0.369;241.43;14.31;13.3;0.0;55.0;8.0;71.1;0.28
12/12/2025;22:00:00;2.875;0.612;241.52;11.91;0.0;0.0;55.0;4.6;71.0;0.25
12/12/2025;23:00:00;2.152;0.204;236.94;9.08;0.0;0.0;55.0;5.7;69.3;0.32
13/12/2025;00:00:00;1.391;0.171;246.6;5.64;0.0;0.0;55.0;3.8;62.2;0.14
13/12/2025;01:00:00;1.144;0.203;240.19;4.76;0.0;0.0;55.0;5.9;74.0;0.14
13/12/2025;02:00:00;1.384;0.134;240.25;5.76;0.0;0.0;55.0;5.1;69.2;0.14
13/12/2025;03:00:00;1.426;0.241;235.08;6.07;0.0;0.0;55.0;1.9;73.5;0.14
13/12/2025;04:00:00;1.637;0.14;240.36;6.81;0.0;0.0;55.0;2.6;68.6;0.14
13/12/2025;05:00:00;1.818;0.166;240.48;7.56;0.0;0.0;55.0;3.2;67.3;0.14
13/12/2025;06:00:00;2.354;0.512;236.78;9.94;0.0;0.0;55.0;3.4;79.2;0.27
13/12/2025;07:00:00;3.113;0.351;237.09;13.13;0.0;4.5;55.0;5.4;61.2;0.26
13/12/2025;08:00:00;3.593;0.625;237.48;15.13;0.0;12.7;55.0;5.2;65.0;0.32
13/12/2025;09:00:00;2.901;0.559;239.17;12.13;0.0;4.1;55.0;5.9;77.1;0.34
13/12/2025;10:00:00;2.207;0.241;240.6;9.17;0.0;0.0;55.0;9.8;69.7;0.3
13/12/2025;11:00:00;1.365;0.151;239.38;5.7;0.0;0.0;55.0;11.1;63.9;0.35
13/12/2025;12:00:00;1.256;0.228;240.85;5.22;0.0;0.0;55.0;9.9;72.7;0.26
13/12/2025;13:00:00;1.101;0.169;241.89;4.55;0.0;0.0;55.0;13.3;66.0;0.37
13/12/2025;14:00:00;0.837;0.093;241.52;3.47;0.0;0.0;55.0;11.5;66.4;0.37
13/12/2025;15:00:00;1.079;0.192;241.02;4.48;0.0;0.0;55.0;13.0;65.1;0.39
13/12/2025;16:00:00;1.476;0.29;240.8;6.13;0.0;0.0;55.0;13.7;65.8;0.38
13/12/2025;17:00:00;1.969;0.177;240.81;8.18;0.0;0.0;55.0;11.9;67.4;0.3
13/12/2025;18:00:00;2.863;0.155;239.59;11.95;17.8;0.0;55.0;11.8;75.9;0.31
13/12/2025;19:00:00;3.773;0.364;238.15;15.84;22.7;0.0;55.0;9.3;66.0;0.36
13/12/2025;20:00:00;4.223;0.695;239.74;17.62;12.7;0.0;55.0;8.6;66.7;0.27
13/12/2025;21:00:00;3.85;0.792;241.83;15.92;0.0;0.0;55.0;7.3;62.4;0.3
13/12/2025;22:00:00;3.319;0.653;241.81;13.72;0.0;0.0;55.0;5.2;70.0;0.27
13/12/2025;23:00:00;2.278;0.2;241.42;9.44;0.0;0.0;55.0;4.8;79.8;0.32
14/12/2025;00:00:00;1.49;0.298;238.67;6.24;0.0;0.0;55.0;1.7;77.9;0.14
14/12/2025;01:00:00;1.387;0.26;239.39;5.79;0.0;0.0;55.0;2.5;69.6;0.14
14/12/2025;02:00:00;1.517;0.265;239.4;6.34;0.0;0.0;55.0;2.4;72.7;0.14
14/12/2025;03:00:00;1.452;0.242;238.3;6.09;0.0;0.0;55.0;2.2;66.1;0.14
14/12/2025;04:00:00;3.697;0.692;242.5;15.25;0.0;0.0;55.0;2.4;67.6;0.14
14/12/2025;05:00:00;1.615;0.317;234.85;6.88;0.0;0.0;55.0;3.2;72.6;0.14
14/12/2025;06:00:00;2.235;0.423;245.66;9.1;0.0;0.0;55.0;4.8;68.1;0.28
14/12/2025;07:00:00;3.047;0.215;245.81;12.4;0.0;17.9;55.0;6.4;64.0;0.34
14/12/2025;08:00:00;3.257;0.563;240.14;13.56;0.0;0.8;55.0;5.3;72.6;0.31
14/12/2025;09:00:00;2.742;0.529;241.13;11.37;0.0;2.4;55.0;5.8;69.3;0.26
14/12/2025;10:00:00;2.172;0.177;242.38;8.96;0.0;0.0;55.0;7.3;60.7;0.32
14/12/2025;11:00:00;1.145;0.099;237.88;4.81;0.0;0.0;55.0;9.4;56.5;0.32
14/12/2025;12:00:00;1.197;0.22;241.59;4.95;0.0;0.0;55.0;10.6;63.1;0.37
14/12/2025;13:00:00;1.105;0.12;243.69;4.54;0.0;0.0;55.0;10.8;57.8;0.35
14/12/2025;14:00:00;3.379;0.399;234.95;14.38;0.0;0.0;55.0;10.5;56.7;0.26
14/12/2025;15:00:00;1.056;0.12;235.97;4.47;0.0;0.0;55.0;11.9;70.5;0.28
14/12/2025;16:00:00;1.552;0.134;242.1;6.41;0.0;0.0;55.0;12.7;63.7;0.3
14/12/2025;17:00:00;1.981;0.415;239.24;8.28;0.0;0.0;55.0;12.8;62.8;0.27
14/12/2025;18:00:00;2.697;0.504;238.92;11.29;21.7;0.0;55.0;10.3;65.2;0.32
14/12/2025;19:00:00;3.745;0.347;239.08;15.66;3.9;0.0;55.0;9.5;61.1;0.39
14/12/2025;20:00:00;4.367;0.297;236.84;18.44;10.6;0.0;55.0;7.5;70.4;0.32
14/12/2025;21:00:00;3.784;0.429;238.85;15.84;13.2;0.0;55.0;7.6;67.7;0.36
14/12/2025;22:00:00;3.213;0.387;236.3;13.6;0.0;0.0;55.0;5.0;66.6;0.35
14/12/2025;23:00:00;2.54;0.13;243.66;10.42;0.0;0.0;55.0;6.0;66.6;0.37
15/12/2025;00:00:00;1.448;0.291;240.37;6.02;0.0;0.0;55.0;1.4;67.1;0.12
15/12/2025;01:00:00;1.567;0.305;240.3;6.52;0.0;0.0;55.0;2.7;70.2;0.12
15/12/2025;02:00:00;1.294;0.252;241.87;5.35;0.0;0.0;55.0;3.2;70.6;0.12
15/12/2025;03:00:00;1.083;0.203;247.81;4.37;0.0;0.0;55.0;2.9;69.9;0.12
15/12/2025;04:00:00;1.386;0.242;237.05;5.85;0.0;0.0;55.0;6.8;69.2;0.12
15/12/2025;05:00:00;1.664;0.263;234.84;7.09;0.0;0.0;55.0;3.8;71.0;0.12
15/12/2025;06:00:00;2.398;0.511;239.91;9.99;0.0;0.0;55.0;2.6;73.5;0.31
15/12/2025;07:00:00;2.715;0.464;234.89;11.56;0.0;2.5;55.0;5.0;75.1;0.25
15/12/2025;08:00:00;3.56;0.559;239.05;14.89;0.0;18.5;55.0;3.6;74.4;0.75
15/12/2025;09:00:00;3.166;0.583;242.45;13.06;0.0;0.9;55.0;7.5;73.2;0.67
15/12/2025;10:00:00;2.387;0.219;244.28;9.77;0.0;0.0;55.0;7.7;64.0;0.72
15/12/2025;11:00:00;1.611;0.346;235.62;6.84;0.0;0.0;55.0;11.5;62.7;0.71
15/12/2025;12:00:00;1.515;0.081;237.36;6.38;0.0;0.0;55.0;10.3;69.4;0.69
15/12/2025;13:00:00;1.604;0.257;241.02;6.65;0.0;0.0;55.0;11.8;68.3;0.77
15/12/2025;14:00:00;1.495;0.094;242.11;6.17;0.0;0.0;55.0;11.5;61.8;0.71
15/12/2025;15:00:00;1.198;0.234;242.27;4.94;0.0;0.0;55.0;15.2;65.3;0.68
15/12/2025;16:00:00;1.413;0.303;244.13;5.79;0.0;0.0;55.0;12.0;60.1;0.58
15/12/2025;17:00:00;4.25;0.508;242.04;17.56;0.0;0.0;55.0;14.7;65.1;0.69
15/12/2025;18:00:00;2.645;0.518;239.66;11.04;19.1;0.0;55.0;12.4;64.4;0.6
15/12/2025;19:00:00;3.132;0.335;242.97;12.89;6.2;0.0;55.0;10.8;58.8;0.27
15/12/2025;20:00:00;3.853;0.297;240.2;16.04;10.0;0.0;55.0;9.5;64.7;0.33
15/12/2025;21:00:00;3.539;0.343;240.77;14.7;1.8;0.0;55.0;8.2;78.8;0.27
15/12/2025;22:00:00;3.052;0.309;238.62;12.79;0.0;0.0;55.0;3.4;72.7;0.24
15/12/2025;23:00:00;2.073;0.326;240.44;8.62;0.0;0.0;55.0;4.7;82.2;0.24
16/12/2025;00:00:00;1.49;0.276;235.44;6.33;0.0;0.0;55.0;5.3;62.9;0.12
16/12/2025;01:00:00;1.527;0.13;242.9;6.29;0.0;0.0;55.0;3.2;75.6;0.12
16/12/2025;02:00:00;1.52;0.099;237.17;6.41;0.0;0.0;55.0;0.7;61.2;0.12
16/12/2025;03:00:00;1.389;0.122;237.51;5.85;0.0;0.0;55.0;2.5;72.4;0.12
16/12/2025;04:00:00;1.337;0.134;233.49;5.73;0.0;0.0;55.0;5.3;73.3;0.12
16/12/2025;05:00:00;1.473;0.144;237.7;6.2;0.0;0.0;55.0;5.1;74.5;0.12
16/12/2025;06:00:00;2.529;0.221;237.32;10.66;0.0;0.0;55.0;4.0;67.2;0.33
16/12/2025;07:00:00;2.686;0.347;240.61;11.16;0.0;15.7;55.0;6.5;74.4;0.23
16/12/2025;08:00:00;3.447;0.674;236.38;14.58;0.0;11.9;55.0;5.8;67.1;0.78
16/12/2025;09:00:00;3.358;0.225;238.76;14.07;0.0;7.5;55.0;5.1;69.5;0.66
16/12/2025;10:00:00;2.353;0.462;238.1;9.88;0.0;0.0;55.0;7.5;66.2;0.79
16/12/2025;11:00:00;1.556;0.209;235.07;6.62;0.0;0.0;55.0;12.5;58.8;0.58
16/12/2025;12:00:00;1.531;0.249;240.67;6.36;0.0;0.0;55.0;10.7;73.7;0.68
16/12/2025;13:00:00;5.133;0.968;239.39;21.44;0.0;0.0;55.0;11.6;65.4;0.65
16/12/2025;14:00:00;1.253;0.128;240.11;5.22;0.0;0.0;55.0;12.0;70.2;0.7
16/12/2025;15:00:00;1.247;0.265;242.32;5.14;0.0;0.0;55.0;15.5;67.3;0.68
16/12/2025;16:00:00;1.392;0.089;240.02;5.8;0.0;0.0;55.0;14.9;57.7;0.73
16/12/2025;17:00:00;1.912;0.267;239.07;8.0;0.0;0.0;55.0;15.3;68.3;0.63
16/12/2025;18:00:00;2.981;0.278;242.58;12.29;13.3;0.0;55.0;10.9;68.2;0.66
16/12/2025;19:00:00;3.474;0.415;239.09;14.53;9.2;0.0;55.0;10.6;60.8;0.24
16/12/2025;20:00:00;3.672;0.464;238.59;15.39;14.8;0.0;55.0;6.6;71.3;0.25
16/12/2025;21:00:00;3.284;0.675;241.87;13.58;14.4;0.0;55.0;9.8;61.4;0.25
16/12/2025;22:00:00;2.908;0.364;237.82;12.23;0.0;0.0;55.0;4.6;78.8;0.29
16/12/2025;23:00:00;2.281;0.385;243.27;9.38;0.0;0.0;55.0;5.4;74.1;0.33
17/12/2025;00:00:00;5.068;1.073;240.45;21.08;0.0;0.0;55.0;2.4;72.1;0.12
17/12/2025;01:00:00;1.341;0.18;244.39;5.49;0.0;0.0;55.0;2.4;78.8;0.12
17/12/2025;02:00:00;1.302;0.156;239.83;5.43;0.0;0.0;55.0;1.5;65.3;0.12
17/12/2025;03:00:00;1.329;0.286;242.66;5.48;0.0;0.0;55.0;1.7;69.3;0.12
17/12/2025;04:00:00;1.45;0.277;235.41;6.16;0.0;0.0;55.0;2.0;71.6;0.12
17/12/2025;05:00:00;1.893;0.397;243.59;7.77;0.0;0.0;55.0;2.5;83.6;0.12
17/12/2025;06:00:00;2.176;0.256;241.93;8.99;0.0;0.0;55.0;5.3;64.8;0.27
17/12/2025;07:00:00;2.975;0.501;238.19;12.49;0.0;0.9;55.0;3.5;63.1;0.29
17/12/2025;08:00:00;3.628;0.335;242.42;14.96;0.0;8.1;55.0;6.6;61.9;0.71
17/12/2025;09:00:00;3.025;0.597;236.45;12.8;0.0;9.6;55.0;9.4;71.4;0.76
17/12/2025;10:00:00;2.286;0.477;238.61;9.58;0.0;0.0;55.0;8.1;64.9;0.6
17/12/2025;11:00:00;1.745;0.167;237.62;7.34;0.0;0.0;55.0;9.0;66.4;0.75
17/12/2025;12:00:00;1.434;0.097;242.58;5.91;0.0;0.0;55.0;10.8;69.6;0.76
17/12/2025;13:00:00;1.122;0.094;243.5;4.61;0.0;0.0;55.0;13.7;62.6;0.74
17/12/2025;14:00:00;1.252;0.197;238.74;5.25;0.0;0.0;55.0;12.7;65.2;0.7
17/12/2025;15:00:00;1.427;0.137;236.44;6.04;0.0;0.0;55.0;11.8;67.6;0.7
17/12/2025;16:00:00;1.606;0.255;237.26;6.77;0.0;0.0;55.0;13.2;61.7;0.64
17/12/2025;17:00:00;2.2;0.241;240.26;9.15;0.0;0.0;55.0;10.3;65.3;0.64
17/12/2025;18:00:00;2.763;0.569;240.08;11.51;19.9;0.0;55.0;12.2;65.9;0.65
17/12/2025;19:00:00;3.174;0.403;239.05;13.28;17.7;0.0;55.0;10.7;70.2;0.28
17/12/2025;20:00:00;3.739;0.503;237.68;15.73;22.9;0.0;55.0;8.4;63.7;0.25
17/12/2025;21:00:00;3.512;0.383;244.56;14.36;5.8;0.0;55.0;6.3;54.2;0.31
17/12/2025;22:00:00;2.938;0.183;238.26;12.33;0.0;0.0;55.0;5.0;73.8;0.22
17/12/2025;23:00:00;1.957;0.262;237.67;8.23;0.0;0.0;55.0;5.9;74.3;0.29
18/12/2025;00:00:00;1.281;0.233;243.21;5.27;0.0;0.0;55.0;5.9;70.7;0.12
18/12/2025;01:00:00;1.546;0.328;239.21;6.46;0.0;0.0;55.0;2.3;73.9;0.12
18/12/2025;02:00:00;1.463;0.092;241.43;6.06;0.0;0.0;55.0;3.5;68.8;0.12
18/12/2025;03:00:00;1.611;0.299;237.55;6.78;0.0;0.0;55.0;-0.5;77.3;0.12
18/12/2025;04:00:00;1.643;0.157;241.42;6.81;0.0;0.0;55.0;1.9;77.1;0.12
18/12/2025;05:00:00;1.493;0.283;242.06;6.17;0.0;0.0;55.0;3.2;72.1;0.12
18/12/2025;06:00:00;2.302;0.249;236.87;9.72;0.0;0.0;55.0;2.7;84.7;0.29
18/12/2025;07:00:00;2.917;0.203;238.5;12.23;0.0;5.8;55.0;3.7;63.6;0.28
18/12/2025;08:00:00;3.631;0.559;237.47;15.29;0.0;19.9;55.0;5.3;71.0;0.66
18/12/2025;09:00:00;2.742;0.554;238.52;11.5;0.0;9.7;55.0;8.0;62.1;0.66
18/12/2025;10:00:00;2.093;0.169;244.48;8.56;0.0;0.0;55.0;8.6;71.9;0.62
18/12/2025;11:00:00;2.041;0.11;240.72;8.48;0.0;0.0;55.0;6.8;61.1;0.62
18/12/2025;12:00:00;1.267;0.254;245.45;5.16;0.0;0.0;55.0;8.0;61.4;0.6
18/12/2025;13:00:00;1.472;0.248;244.15;6.03;0.0;0.0;55.0;11.0;62.4;0.65
18/12/2025;14:00:00;1.256;0.235;243.17;5.17;0.0;0.0;55.0;13.1;65.2;0.75
18/12/2025;15:00:00;1.676;0.101;244.07;6.86;0.0;0.0;55.0;8.5;64.6;0.68
18/12/2025;16:00:00;1.867;0.376;243.25;7.67;0.0;0.0;55.0;11.7;62.1;0.7
18/12/2025;17:00:00;2.316;0.281;244.77;9.46;0.0;0.0;55.0;11.1;64.6;0.8
18/12/2025;18:00:00;2.953;0.598;241.53;12.23;3.7;0.0;55.0;13.2;62.6;0.7
18/12/2025;19:00:00;3.323;0.203;241.92;13.74;15.9;0.0;55.0;9.5;74.2;0.31
18/12/2025;20:00:00;3.659;0.733;241.84;15.13;21.0;0.0;55.0;9.5;70.2;0.34
18/12/2025;21:00:00;3.508;0.577;238.77;14.69;4.9;0.0;55.0;7.8;66.5;0.22
18/12/2025;22:00:00;3.013;0.435;242.37;12.43;0.0;0.0;55.0;3.1;82.4;0.3
18/12/2025;23:00:00;2.255;0.136;243.52;9.26;0.0;0.0;55.0;6.3;71.9;0.31
19/12/2025;00:00:00;1.474;0.246;238.32;6.19;0.0;0.0;55.0;4.4;66.0;0.12
19/12/2025;01:00:00;1.458;0.221;237.6;6.14;0.0;0.0;55.0;4.0;72.5;0.12
19/12/2025;02:00:00;0.887;0.154;238.46;3.72;0.0;0.0;55.0;8.7;70.1;0.12
19/12/2025;03:00:00;1.593;0.274;243.8;6.53;0.0;0.0;55.0;-0.5;71.4;0.12
19/12/2025;04:00:00;1.359;0.171;239.34;5.68;0.0;0.0;55.0;5.4;64.8;0.12
19/12/2025;05:00:00;1.64;0.139;236.91;6.92;0.0;0.0;55.0;2.8;72.6;0.12
19/12/2025;06:00:00;2.156;0.445;237.09;9.1;0.0;0.0;55.0;4.5;69.0;0.22
19/12/2025;07:00:00;2.903;0.602;237.47;12.22;0.0;17.9;55.0;5.0;77.8;0.29
19/12/2025;08:00:00;3.496;0.301;238.0;14.69;0.0;14.5;55.0;5.7;73.6;0.75
19/12/2025;09:00:00;3.096;0.487;236.08;13.11;0.0;15.1;55.0;6.8;65.8;0.73
19/12/2025;10:00:00;2.122;0.179;241.7;8.78;0.0;0.0;55.0;9.4;69.0;0.73
19/12/2025;11:00:00;1.775;0.349;239.47;7.41;0.0;0.0;55.0;7.8;74.5;0.7
19/12/2025;12:00:00;1.2;0.08;241.5;4.97;0.0;0.0;55.0;12.3;57.6;0.71
19/12/2025;13:00:00;1.402;0.306;233.57;6.0;0.0;0.0;55.0;11.3;60.2;0.69
19/12/2025;14:00:00;1.412;0.217;243.0;5.81;0.0;0.0;55.0;10.7;65.8;0.69
19/12/2025;15:00:00;1.385;0.075;239.77;5.78;0.0;0.0;55.0;11.9;65.0;0.75
19/12/2025;16:00:00;1.678;0.336;241.4;6.95;0.0;0.0;55.0;14.3;62.7;0.61
19/12/2025;17:00:00;2.243;0.373;244.26;9.18;0.0;0.0;55.0;11.1;63.9;0.79
19/12/2025;18:00:00;2.876;0.485;241.03;11.93;5.4;0.0;55.0;11.7;63.4;0.66
19/12/2025;19:00:00;3.296;0.319;245.91;13.41;22.4;0.0;55.0;9.0;69.1;0.26
19/12/2025;20:00:00;3.534;0.379;234.74;15.05;14.3;0.0;55.0;10.0;72.0;0.23
19/12/2025;21:00:00;3.428;0.704;239.11;14.34;9.2;0.0;55.0;8.6;65.1;0.25
19/12/2025;22:00:00;2.62;0.414;234.95;11.15;0.0;0.0;55.0;9.1;79.3;0.24
19/12/2025;23:00:00;2.226;0.118;240.88;9.24;0.0;0.0;55.0;4.8;80.3;0.26
20/12/2025;00:00:00;1.403;0.148;240.21;5.84;0.0;0.0;55.0;5.1;77.0;0.14
20/12/2025;01:00:00;1.343;0.204;236.94;5.67;0.0;0.0;55.0;3.4;74.8;0.14
20/12/2025;02:00:00;1.168;0.088;246.09;4.75;0.0;0.0;55.0;4.7;80.7;0.14
20/12/2025;03:00:00;1.343;0.09;238.99;5.62;0.0;0.0;55.0;1.5;71.7;0.14
20/12/2025;04:00:00;1.608;0.097;233.82;6.88;0.0;0.0;55.0;3.9;67.1;0.14
20/12/2025;05:00:00;1.823;0.287;241.9;7.54;0.0;0.0;55.0;3.0;69.4;0.14
20/12/2025;06:00:00;2.474;0.259;241.95;10.22;0.0;0.0;55.0;4.0;66.2;0.35
20/12/2025;07:00:00;3.039;0.345;238.66;12.73;0.0;12.2;55.0;5.2;70.8;0.31
20/12/2025;08:00:00;3.247;0.195;242.21;13.4;0.0;15.4;55.0;6.7;70.5;0.3
20/12/2025;09:00:00;2.973;0.522;237.34;12.53;0.0;15.5;55.0;7.4;69.5;0.37
20/12/2025;10:00:00;2.089;0.377;238.83;8.75;0.0;0.0;55.0;9.2;67.0;0.38
20/12/2025;11:00:00;1.148;0.219;241.1;4.76;0.0;0.0;55.0;12.5;65.1;0.32
20/12/2025;12:00:00;0.83;0.133;242.59;3.42;0.0;0.0;55.0;12.6;73.0;0.25
20/12/2025;13:00:00;0.802;0.146;239.37;3.35;0.0;0.0;55.0;13.2;66.9;0.36
20/12/2025;14:00:00;1.14;0.169;238.65;4.78;0.0;0.0;55.0;11.8;69.6;0.29
20/12/2025;15:00:00;1.009;0.135;239.88;4.21;0.0;0.0;55.0;11.3;66.3;0.25
20/12/2025;16:00:00;1.385;0.13;234.27;5.91;0.0;0.0;55.0;13.9;55.2;0.36
20/12/2025;17:00:00;1.85;0.109;239.22;7.73;0.0;0.0;55.0;13.3;54.7;0.32
20/12/2025;18:00:00;2.791;0.278;234.45;11.91;4.2;0.0;55.0;13.4;74.1;0.35
20/12/2025;19:00:00;3.829;0.636;237.64;16.11;19.9;0.0;55.0;9.2;64.4;0.38
20/12/2025;20:00:00;4.096;0.85;236.02;17.35;9.4;0.0;55.0;8.6;64.5;0.33
20/12/2025;21:00:00;4.002;0.374;241.48;16.57;2.2;0.0;55.0;5.1;71.5;0.32
20/12/2025;22:00:00;3.122;0.512;237.95;13.12;0.0;0.0;55.0;5.7;72.6;0.29
20/12/2025;23:00:00;2.199;0.289;243.47;9.03;0.0;0.0;55.0;6.6;72.5;0.3
21/12/2025;00:00:00;1.526;0.239;234.83;6.5;0.0;0.0;55.0;3.4;80.6;0.14
21/12/2025;01:00:00;1.305;0.066;239.32;5.45;0.0;0.0;55.0;4.2;78.5;0.14
21/12/2025;02:00:00;1.451;0.103;240.24;6.04;0.0;0.0;55.0;2.5;68.4;0.14
21/12/2025;03:00:00;1.263;0.11;241.37;5.23;0.0;0.0;55.0;3.1;76.8;0.14
21/12/2025;04:00:00;1.639;0.331;246.03;6.66;0.0;0.0;55.0;1.1;71.6;0.14
21/12/2025;05:00:00;3.813;0.217;234.49;16.26;0.0;0.0;55.0;3.4;71.0;0.14
21/12/2025;06:00:00;2.593;0.381;237.88;10.9;0.0;0.0;55.0;-0.4;69.3;0.34
21/12/2025;07:00:00;3.022;0.628;245.59;12.3;0.0;0.0;55.0;4.8;62.1;0.32
21/12/2025;08:00:00;3.541;0.57;237.42;14.92;0.0;6.3;55.0;3.9;71.1;0.27
21/12/2025;09:00:00;2.61;0.345;241.24;10.82;0.0;15.6;55.0;9.4;62.1;0.32
21/12/2025;10:00:00;2.131;0.246;237.37;8.98;0.0;0.0;55.0;10.1;71.0;0.38
21/12/2025;11:00:00;1.347;0.21;236.1;5.71;0.0;0.0;55.0;10.8;64.3;0.28
21/12/2025;12:00:00;0.977;0.129;237.72;4.11;0.0;0.0;55.0;13.4;65.2;0.35
21/12/2025;13:00:00;0.966;0.164;245.54;3.93;0.0;0.0;55.0;10.5;72.8;0.33
21/12/2025;14:00:00;0.97;0.15;236.73;4.1;0.0;0.0;55.0;15.1;54.9;0.36
21/12/2025;15:00:00;0.929;0.136;239.16;3.88;0.0;0.0;55.0;14.0;59.6;0.27
21/12/2025;16:00:00;1.627;0.346;239.29;6.8;0.0;0.0;55.0;12.1;65.6;0.38
21/12/2025;17:00:00;4.144;0.796;242.57;17.08;0.0;0.0;55.0;13.6;65.0;0.34
21/12/2025;18:00:00;3.155;0.484;243.16;12.97;2.1;0.0;55.0;9.5;72.3;0.37
21/12/2025;19:00:00;3.751;0.531;240.3;15.61;7.6;0.0;55.0;8.9;71.6;0.29
21/12/2025;20:00:00;4.309;0.746;231.07;18.65;15.5;0.0;55.0;8.0;68.5;0.36
21/12/2025;21:00:00;3.972;0.742;237.51;16.73;24.9;0.0;55.0;6.8;70.5;0.36
21/12/2025;22:00:00;3.152;0.316;236.65;13.32;0.0;0.0;55.0;4.7;72.3;0.31
21/12/2025;23:00:00;2.284;0.373;243.24;9.39;0.0;0.0;55.0;6.9;61.5;0.31
22/12/2025;00:00:00;1.275;0.093;237.42;5.37;0.0;0.0;55.0;3.7;70.7;0.12
22/12/2025;01:00:00;1.616;0.199;244.71;6.6;0.0;0.0;55.0;3.8;72.6;0.12
22/12/2025;02:00:00;1.469;0.308;241.14;6.09;0.0;0.0;55.0;1.9;75.2;0.12
22/12/2025;03:00:00;1.613;0.17;243.18;6.64;0.0;0.0;55.0;-0.1;69.9;0.12
22/12/2025;04:00:00;1.503;0.115;246.32;6.1;0.0;0.0;55.0;3.2;65.5;0.12
22/12/2025;05:00:00;1.685;0.126;237.36;7.1;0.0;0.0;55.0;0.4;72.9;0.12
22/12/2025;06:00:00;2.346;0.274;235.46;9.96;0.0;0.0;55.0;4.0;81.1;0.23
22/12/2025;07:00:00;2.904;0.256;240.52;12.07;0.0;16.0;55.0;3.1;67.9;0.34
22/12/2025;08:00:00;3.212;0.394;242.67;13.23;0.0;2.4;55.0;9.3;72.8;0.77
22/12/2025;09:00:00;3.0;0.517;238.14;12.6;0.0;8.1;55.0;9.0;75.1;0.77
22/12/2025;10:00:00;2.087;0.42;240.1;8.69;0.0;0.0;55.0;9.1;67.4;0.68
22/12/2025;11:00:00;1.759;0.121;243.41;7.22;0.0;0.0;55.0;12.0;61.4;0.68
22/12/2025;12:00:00;1.452;0.262;243.13;5.97;0.0;0.0;55.0;9.9;69.1;0.65
22/12/2025;13:00:00;0.972;0.066;238.37;4.08;0.0;0.0;55.0;12.8;65.2;0.76
22/12/2025;14:00:00;1.281;0.147;240.76;5.32;0.0;0.0;55.0;12.7;59.9;0.62
22/12/2025;15:00:00;1.378;0.302;237.38;5.81;0.0;0.0;55.0;13.0;60.7;0.6
22/12/2025;16:00:00;1.486;0.092;235.94;6.3;0.0;0.0;55.0;14.3;65.2;0.7
22/12/2025;17:00:00;1.99;0.107;243.8;8.16;0.0;0.0;55.0;13.0;68.6;0.78
22/12/2025;18:00:00;2.799;0.299;234.03;11.96;13.2;0.0;55.0;11.6;63.5;0.61
22/12/2025;19:00:00;3.395;0.719;240.53;14.11;4.8;0.0;55.0;7.6;68.0;0.25
22/12/2025;20:00:00;3.67;0.196;238.96;15.36;23.4;0.0;55.0;7.5;71.8;0.29
22/12/2025;21:00:00;3.343;0.294;241.54;13.84;22.7;0.0;55.0;7.4;67.6;0.26
22/12/2025;22:00:00;2.898;0.442;238.08;12.17;0.0;0.0;55.0;6.5;67.7;0.31
22/12/2025;23:00:00;2.454;0.22;243.2;10.09;0.0;0.0;55.0;3.4;67.9;0.3
23/12/2025;00:00:00;1.19;0.07;239.38;4.97;0.0;0.0;55.0;7.7;64.4;0.12
23/12/2025;01:00:00;1.056;0.062;244.06;4.32;0.0;0.0;55.0;5.6;83.3;0.12
23/12/2025;02:00:00;1.45;0.21;240.61;6.02;0.0;0.0;55.0;3.7;70.5;0.12
23/12/2025;03:00:00;1.533;0.223;237.06;6.47;0.0;0.0;55.0;2.7;79.1;0.12
23/12/2025;04:00:00;1.667;0.284;241.52;6.9;0.0;0.0;55.0;2.5;80.9;0.12
23/12/2025;05:00:00;1.615;0.117;241.17;6.7;0.0;0.0;55.0;1.8;72.0;0.12
23/12/2025;06:00:00;2.187;0.295;239.7;9.12;0.0;0.0;55.0;4.2;72.9;0.26
23/12/2025;07:00:00;2.866;0.436;237.9;12.05;0.0;0.9;55.0;5.5;70.5;0.23
23/12/2025;08:00:00;3.498;0.307;242.41;14.43;0.0;18.5;55.0;4.5;62.8;0.66
23/12/2025;09:00:00;3.102;0.444;237.3;13.07;0.0;9.2;55.0;8.1;60.2;0.73
23/12/2025;10:00:00;2.242;0.382;237.59;9.44;0.0;0.0;55.0;8.7;67.7;0.66
23/12/2025;11:00:00;1.825;0.399;241.48;7.56;0.0;0.0;55.0;7.2;66.5;0.77
23/12/2025;12:00:00;1.335;0.202;239.41;5.58;0.0;0.0;55.0;9.9;76.0;0.58
23/12/2025;13:00:00;1.565;0.307;234.5;6.67;0.0;0.0;55.0;11.3;64.2;0.73
23/12/2025;14:00:00;1.08;0.207;237.31;4.55;0.0;0.0;55.0;15.3;71.9;0.71
23/12/2025;15:00:00;1.19;0.25;241.14;4.94;0.0;0.0;55.0;13.4;61.3;0.66
23/12/2025;16:00:00;1.825;0.316;239.24;7.63;0.0;0.0;55.0;10.4;75.6;0.71
23/12/2025;17:00:00;2.092;0.18;239.72;8.73;0.0;0.0;55.0;12.7;66.8;0.68
23/12/2025;18:00:00;2.871;0.289;240.73;11.93;8.0;0.0;55.0;8.8;70.2;0.68
23/12/2025;19:00:00;3.125;0.573;241.28;12.95;15.1;0.0;55.0;11.7;62.5;0.23
23/12/2025;20:00:00;3.653;0.506;240.33;15.2;11.3;0.0;55.0;8.2;70.7;0.3
23/12/2025;21:00:00;3.427;0.318;230.68;14.86;7.2;0.0;55.0;7.5;76.9;0.31
23/12/2025;22:00:00;3.093;0.5;239.85;12.89;0.0;0.0;55.0;8.3;67.0;0.34
23/12/2025;23:00:00;2.327;0.475;238.55;9.76;0.0;0.0;55.0;3.2;70.2;0.3
24/12/2025;00:00:00;1.372;0.152;240.09;5.71;0.0;0.0;55.0;2.0;71.6;0.12
24/12/2025;01:00:00;1.695;0.256;242.99;6.97;0.0;0.0;55.0;2.4;80.6;0.12
24/12/2025;02:00:00;1.443;0.215;237.0;6.09;0.0;0.0;55.0;4.3;75.2;0.12
24/12/2025;03:00:00;1.67;0.12;240.2;6.95;0.0;0.0;55.0;0.3;81.4;0.12
24/12/2025;04:00:00;1.636;0.107;241.34;6.78;0.0;0.0;55.0;-1.5;77.1;0.12
24/12/2025;05:00:00;1.827;0.368;239.13;7.64;0.0;0.0;55.0;2.6;72.5;0.12
24/12/2025;06:00:00;2.228;0.465;236.33;9.43;0.0;0.0;55.0;4.9;72.6;0.23
24/12/2025;07:00:00;4.99;1.017;236.63;21.09;0.0;2.2;55.0;6.9;74.2;0.31
24/12/2025;08:00:00;3.299;0.387;239.9;13.75;0.0;11.1;55.0;5.6;68.7;0.68
24/12/2025;09:00:00;3.037;0.3;238.26;12.75;0.0;19.4;55.0;7.0;75.7;0.65
24/12/2025;10:00:00;2.311;0.486;234.6;9.85;0.0;0.0;55.0;10.6;67.7;0.63
24/12/2025;11:00:00;1.887;0.377;237.77;7.94;0.0;0.0;55.0;7.3;56.5;0.69
24/12/2025;12:00:00;1.398;0.265;236.36;5.91;0.0;0.0;55.0;10.6;70.4;0.66
24/12/2025;13:00:00;1.349;0.144;242.1;5.57;0.0;0.0;55.0;12.2;58.3;0.75
24/12/2025;14:00:00;1.223;0.194;235.84;5.18;0.0;0.0;55.0;13.1;68.2;0.63
24/12/2025;15:00:00;1.347;0.239;243.98;5.52;0.0;0.0;55.0;11.8;69.4;0.68
24/12/2025;16:00:00;1.56;0.231;246.05;6.34;0.0;0.0;55.0;12.5;66.1;0.59
24/12/2025;17:00:00;2.516;0.383;237.93;10.57;0.0;0.0;55.0;8.2;70.6;0.65
24/12/2025;18:00:00;3.135;0.56;238.28;13.16;3.1;0.0;55.0;10.2;71.8;0.71
24/12/2025;19:00:00;5.355;0.966;242.64;22.07;24.4;0.0;55.0;10.8;63.3;0.23
24/12/2025;20:00:00;3.947;0.358;243.04;16.24;20.8;0.0;55.0;7.4;72.4;0.3
24/12/2025;21:00:00;3.601;0.419;238.62;15.09;7.9;0.0;55.0;7.7;74.1;0.33
24/12/2025;22:00:00;2.942;0.538;238.77;12.32;0.0;0.0;55.0;7.0;77.6;0.34
24/12/2025;23:00:00;2.286;0.216;238.79;9.58;0.0;0.0;55.0;4.6;65.2;0.25
25/12/2025;00:00:00;1.225;0.252;237.62;5.15;0.0;0.0;55.0;4.3;73.0;0.12
25/12/2025;01:00:00;1.437;0.277;242.55;5.93;0.0;0.0;55.0;1.8;68.1;0.12
25/12/2025;02:00:00;1.548;0.313;240.44;6.44;0.0;0.0;55.0;2.5;67.4;0.12
25/12/2025;03:00:00;1.247;0.125;237.97;5.24;0.0;0.0;55.0;3.5;73.4;0.12
25/12/2025;04:00:00;1.342;0.091;240.18;5.59;0.0;0.0;55.0;3.0;72.4;0.12
25/12/2025;05:00:00;1.732;0.116;238.94;7.25;0.0;0.0;55.0;2.4;78.2;0.12
25/12/2025;06:00:00;2.089;0.302;247.01;8.46;0.0;0.0;55.0;4.4;69.1;0.26
25/12/2025;07:00:00;2.921;0.298;239.3;12.21;0.0;7.5;55.0;6.2;68.8;0.31
25/12/2025;08:00:00;3.515;0.333;242.07;14.52;0.0;17.4;55.0;3.2;72.9;0.62
25/12/2025;09:00:00;3.006;0.264;241.22;12.46;0.0;15.6;55.0;9.3;62.6;0.75
25/12/2025;10:00:00;2.373;0.345;239.58;9.91;0.0;0.0;55.0;8.4;64.1;0.75
25/12/2025;11:00:00;1.68;0.241;241.23;6.97;0.0;0.0;55.0;10.7;71.4;0.8
25/12/2025;12:00:00;1.35;0.164;240.59;5.61;0.0;0.0;55.0;12.9;61.3;0.75
25/12/2025;13:00:00;1.422;0.105;246.96;5.76;0.0;0.0;55.0;9.9;72.4;0.73
25/12/2025;14:00:00;3.555;0.739;239.73;14.83;0.0;0.0;55.0;11.4;68.3;0.64
25/12/2025;15:00:00;1.296;0.159;232.7;5.57;0.0;0.0;55.0;12.2;56.9;0.67
25/12/2025;16:00:00;1.673;0.119;246.13;6.8;0.0;0.0;55.0;11.3;68.0;0.67
25/12/2025;17:00:00;2.061;0.116;238.57;8.64;0.0;0.0;55.0;14.5;65.4;0.67
25/12/2025;18:00:00;2.766;0.21;240.24;11.51;1.1;0.0;55.0;9.9;68.6;0.6
25/12/2025;19:00:00;3.298;0.331;238.48;13.83;3.0;0.0;55.0;9.3;66.3;0.26
25/12/2025;20:00:00;3.727;0.586;238.32;15.64;20.4;0.0;55.0;9.2;62.3;0.27
25/12/2025;21:00:00;3.301;0.71;236.87;13.94;22.4;0.0;55.0;5.8;76.5;0.24
25/12/2025;22:00:00;3.119;0.3;234.39;13.31;0.0;0.0;55.0;5.7;69.3;0.28
25/12/2025;23:00:00;2.342;0.431;237.99;9.84;0.0;0.0;55.0;5.6;65.5;0.3
26/12/2025;00:00:00;1.197;0.245;241.44;4.96;0.0;0.0;55.0;3.6;73.8;0.12
26/12/2025;01:00:00;1.155;0.135;235.39;4.91;0.0;0.0;55.0;3.1;68.2;0.12
26/12/2025;02:00:00;1.481;0.138;241.41;6.14;0.0;0.0;55.0;2.0;68.1;0.12
26/12/2025;03:00:00;1.448;0.193;246.5;5.88;0.0;0.0;55.0;0.3;72.3;0.12
26/12/2025;04:00:00;1.567;0.317;240.8;6.51;0.0;0.0;55.0;3.3;68.5;0.12
26/12/2025;05:00:00;1.532;0.079;236.11;6.49;0.0;0.0;55.0;5.9;65.1;0.12
26/12/2025;06:00:00;6.069;0.806;241.13;25.17;0.0;0.0;55.0;4.1;75.2;0.33
26/12/2025;07:00:00;2.735;0.489;242.68;11.27;0.0;15.3;55.0;5.4;69.5;0.24
26/12/2025;08:00:00;3.638;0.554;243.65;14.93;0.0;16.3;55.0;7.4;74.8;0.73
26/12/2025;09:00:00;3.15;0.424;240.53;13.1;0.0;9.6;55.0;5.7;65.6;0.58
26/12/2025;10:00:00;2.135;0.308;241.69;8.83;0.0;0.0;55.0;11.5;56.6;0.64
26/12/2025;11:00:00;1.745;0.271;242.38;7.2;0.0;0.0;55.0;10.4;66.8;0.6
26/12/2025;12:00:00;1.149;0.191;241.69;4.75;0.0;0.0;55.0;13.6;72.8;0.67
26/12/2025;13:00:00;1.59;0.176;240.89;6.6;0.0;0.0;55.0;10.8;68.4;0.72
26/12/2025;14:00:00;1.139;0.157;238.21;4.78;0.0;0.0;55.0;15.2;78.3;0.68
26/12/2025;15:00:00;1.367;0.132;242.67;5.63;0.0;0.0;55.0;13.8;65.0;0.68
26/12/2025;16:00:00;1.598;0.347;238.5;6.7;0.0;0.0;55.0;13.3;65.0;0.72
26/12/2025;17:00:00;1.905;0.156;247.29;7.7;0.0;0.0;55.0;12.3;53.8;0.69
26/12/2025;18:00:00;3.062;0.232;238.21;12.85;6.4;0.0;55.0;10.8;67.9;0.72
26/12/2025;19:00:00;2.981;0.285;242.25;12.31;19.4;0.0;55.0;11.9;65.7;0.26
26/12/2025;20:00:00;3.595;0.742;236.42;15.2;2.9;0.0;55.0;9.1;65.1;0.32
26/12/2025;21:00:00;3.586;0.581;238.67;15.02;5.5;0.0;55.0;4.7;70.0;0.27
26/12/2025;22:00:00;2.731;0.348;238.35;11.46;0.0;0.0;55.0;4.6;70.3;0.28
26/12/2025;23:00:00;2.128;0.441;236.17;9.01;0.0;0.0;55.0;4.8;69.6;0.3
27/12/2025;00:00:00;1.368;0.278;238.39;5.74;0.0;0.0;55.0;4.5;81.2;0.14
27/12/2025;01:00:00;1.377;0.163;241.01;5.71;0.0;0.0;55.0;3.2;70.0;0.14
27/12/2025;02:00:00;1.303;0.19;239.31;5.44;0.0;0.0;55.0;4.6;71.6;0.14
27/12/2025;03:00:00;1.528;0.312;243.34;6.28;0.0;0.0;55.0;-0.3;72.6;0.14
27/12/2025;04:00:00;1.495;0.156;237.39;6.3;0.0;0.0;55.0;3.0;75.9;0.14
27/12/2025;05:00:00;1.818;0.217;241.95;7.52;0.0;0.0;55.0;0.6;74.8;0.14
27/12/2025;06:00:00;2.077;0.384;238.34;8.72;0.0;0.0;55.0;5.2;68.8;0.29
27/12/2025;07:00:00;3.073;0.519;243.16;12.64;0.0;1.6;55.0;5.0;60.8;0.3
27/12/2025;08:00:00;3.313;0.193;242.19;13.68;0.0;13.0;55.0;6.9;70.1;0.39
27/12/2025;09:00:00;3.154;0.221;242.84;12.99;0.0;19.9;55.0;6.3;67.8;0.33
27/12/2025;10:00:00;1.944;0.377;239.55;8.12;0.0;0.0;55.0;10.8;65.4;0.36
27/12/2025;11:00:00;1.59;0.088;243.72;6.52;0.0;0.0;55.0;11.7;59.2;0.26
27/12/2025;12:00:00;1.169;0.241;235.35;4.97;0.0;0.0;55.0;12.0;72.0;0.27
27/12/2025;13:00:00;1.086;0.105;241.25;4.5;0.0;0.0;55.0;11.7;69.3;0.37
27/12/2025;14:00:00;1.075;0.163;240.39;4.47;0.0;0.0;55.0;13.3;70.9;0.34
27/12/2025;15:00:00;0.906;0.132;242.34;3.74;0.0;0.0;55.0;11.5;70.9;0.28
27/12/2025;16:00:00;5.228;0.614;239.79;21.8;0.0;0.0;55.0;13.7;66.4;0.31
27/12/2025;17:00:00;1.732;0.096;237.24;7.3;0.0;0.0;55.0;14.4;57.2;0.33
27/12/2025;18:00:00;2.785;0.23;236.94;11.75;1.9;0.0;55.0;12.7;73.4;0.37
27/12/2025;19:00:00;3.618;0.559;239.97;15.08;17.7;0.0;55.0;9.0;62.6;0.26
27/12/2025;20:00:00;4.002;0.504;239.27;16.73;13.0;0.0;55.0;9.4;65.5;0.34
27/12/2025;21:00:00;3.957;0.476;242.4;16.32;3.1;0.0;55.0;5.7;73.4;0.35
27/12/2025;22:00:00;3.133;0.209;242.67;12.91;0.0;0.0;55.0;7.2;72.4;0.39
27/12/2025;23:00:00;2.375;0.259;240.13;9.89;0.0;0.0;55.0;5.8;72.6;0.36
28/12/2025;00:00:00;1.534;0.214;240.07;6.39;0.0;0.0;55.0;1.3;71.4;0.14
28/12/2025;01:00:00;1.323;0.084;242.98;5.45;0.0;0.0;55.0;1.5;70.1;0.14
28/12/2025;02:00:00;1.75;0.107;239.31;7.31;0.0;0.0;55.0;2.4;85.2;0.14
28/12/2025;03:00:00;1.517;0.203;239.43;6.34;0.0;0.0;55.0;2.2;72.5;0.14
28/12/2025;04:00:00;1.664;0.242;236.3;7.04;0.0;0.0;55.0;1.0;72.8;0.14
28/12/2025;05:00:00;1.618;0.152;242.46;6.67;0.0;0.0;55.0;3.9;67.7;0.14
28/12/2025;06:00:00;2.192;0.231;239.75;9.14;0.0;0.0;55.0;4.4;72.1;0.27
28/12/2025;07:00:00;3.101;0.575;243.18;12.75;0.0;16.0;55.0;4.8;71.5;0.27
28/12/2025;08:00:00;3.584;0.709;236.62;15.15;0.0;5.5;55.0;5.2;70.2;0.36
28/12/2025;09:00:00;2.993;0.315;238.62;12.54;0.0;6.5;55.0;9.2;69.0;0.29
28/12/2025;10:00:00;2.126;0.235;242.65;8.76;0.0;0.0;55.0;11.4;74.1;0.26
28/12/2025;11:00:00;1.641;0.314;240.91;6.81;0.0;0.0;55.0;9.4;63.9;0.31
28/12/2025;12:00:00;1.028;0.221;236.69;4.34;0.0;0.0;55.0;10.2;66.4;0.37
28/12/2025;13:00:00;0.915;0.096;242.58;3.77;0.0;0.0;55.0;12.7;61.0;0.27
28/12/2025;14:00:00;1.135;0.209;236.35;4.8;0.0;0.0;55.0;11.9;66.4;0.35
28/12/2025;15:00:00;1.037;0.136;242.32;4.28;0.0;0.0;55.0;12.4;61.6;0.25
28/12/2025;16:00:00;1.286;0.122;237.26;5.42;0.0;0.0;55.0;13.5;60.9;0.27
28/12/2025;17:00:00;1.873;0.311;243.39;7.69;0.0;0.0;55.0;9.1;59.8;0.3
28/12/2025;18:00:00;2.778;0.357;240.32;11.56;12.5;0.0;55.0;13.1;64.4;0.26
28/12/2025;19:00:00;3.495;0.334;240.96;14.5;5.3;0.0;55.0;10.2;68.4;0.37
28/12/2025;20:00:00;3.987;0.272;239.77;16.63;7.4;0.0;55.0;8.3;77.1;0.37
28/12/2025;21:00:00;3.753;0.741;240.25;15.62;15.1;0.0;55.0;7.5;70.8;0.36
28/12/2025;22:00:00;3.086;0.615;240.23;12.85;0.0;0.0;55.0;6.3;67.1;0.29
28/12/2025;23:00:00;2.348;0.147;241.98;9.7;0.0;0.0;55.0;2.5;65.6;0.33
29/12/2025;00:00:00;1.09;0.177;239.82;4.54;0.0;0.0;55.0;6.3;63.2;0.12
29/12/2025;01:00:00;1.534;0.119;244.09;6.28;0.0;0.0;55.0;3.3;65.3;0.12
29/12/2025;02:00:00;1.377;0.22;237.94;5.79;0.0;0.0;55.0;3.4;81.0;0.12
29/12/2025;03:00:00;1.413;0.289;242.41;5.83;0.0;0.0;55.0;4.0;72.6;0.12
29/12/2025;04:00:00;1.424;0.134;241.58;5.9;0.0;0.0;55.0;1.2;70.5;0.12
29/12/2025;05:00:00;1.594;0.174;243.45;6.55;0.0;0.0;55.0;4.0;66.4;0.12
29/12/2025;06:00:00;2.268;0.42;240.34;9.44;0.0;0.0;55.0;3.7;67.2;0.33
29/12/2025;07:00:00;2.68;0.469;240.92;11.13;0.0;14.9;55.0;6.4;66.3;0.27
29/12/2025;08:00:00;3.756;0.449;240.89;15.59;0.0;9.4;55.0;3.1;78.5;0.81
29/12/2025;09:00:00;2.814;0.547;236.6;11.89;0.0;17.9;55.0;7.5;68.3;0.68
29/12/2025;10:00:00;2.406;0.497;241.1;9.98;0.0;0.0;55.0;8.0;60.8;0.74
29/12/2025;11:00:00;1.576;0.2;249.16;6.32;0.0;0.0;55.0;10.8;77.3;0.66
29/12/2025;12:00:00;1.426;0.081;244.51;5.83;0.0;0.0;55.0;11.8;59.2;0.77
29/12/2025;13:00:00;1.515;0.207;237.82;6.37;0.0;0.0;55.0;10.9;62.7;0.69
29/12/2025;14:00:00;1.472;0.259;234.96;6.27;0.0;0.0;55.0;11.4;71.9;0.72
29/12/2025;15:00:00;1.376;0.12;240.15;5.73;0.0;0.0;55.0;12.4;66.5;0.69
29/12/2025;16:00:00;1.634;0.109;243.03;6.73;0.0;0.0;55.0;11.1;63.2;0.74
29/12/2025;17:00:00;2.157;0.212;239.89;8.99;0.0;0.0;55.0;13.2;57.7;0.6
29/12/2025;18:00:00;2.732;0.142;245.29;11.14;4.3;0.0;55.0;10.6;61.1;0.64
29/12/2025;19:00:00;3.683;0.632;237.82;15.49;20.6;0.0;55.0;5.7;65.3;0.31
29/12/2025;20:00:00;3.496;0.262;240.63;14.53;8.7;0.0;55.0;8.3;67.8;0.24
29/12/2025;21:00:00;3.656;0.633;239.7;15.25;23.4;0.0;55.0;6.0;70.5;0.25
29/12/2025;22:00:00;3.103;0.279;242.05;12.82;0.0;0.0;55.0;3.9;70.6;0.25
29/12/2025;23:00:00;2.099;0.459;242.24;8.67;0.0;0.0;55.0;3.3;71.6;0.27
30/12/2025;00:00:00;1.396;0.196;243.33;5.74;0.0;0.0;55.0;4.2;65.8;0.12
30/12/2025;01:00:00;1.324;0.075;239.65;5.52;0.0;0.0;55.0;5.3;71.6;0.12
30/12/2025;02:00:00;1.486;0.27;243.52;6.1;0.0;0.0;55.0;3.2;78.2;0.12
30/12/2025;03:00:00;1.545;0.185;240.97;6.41;0.0;0.0;55.0;1.7;72.2;0.12
30/12/2025;04:00:00;1.324;0.203;243.81;5.43;0.0;0.0;55.0;3.5;70.7;0.12
30/12/2025;05:00:00;1.658;0.351;244.2;6.79;0.0;0.0;55.0;2.6;72.7;0.12
30/12/2025;06:00:00;2.46;0.339;240.05;10.25;0.0;0.0;55.0;3.0;77.6;0.25
30/12/2025;07:00:00;2.796;0.522;238.11;11.74;0.0;10.8;55.0;3.4;67.2;0.24
30/12/2025;08:00:00;3.64;0.369;240.57;15.13;0.0;11.6;55.0;3.7;78.7;0.65
30/12/2025;09:00:00;3.128;0.536;242.77;12.89;0.0;11.1;55.0;7.0;70.9;0.59
30/12/2025;10:00:00;2.109;0.141;235.79;8.95;0.0;0.0;55.0;9.1;67.2;0.67
30/12/2025;11:00:00;1.514;0.306;238.61;6.34;0.0;0.0;55.0;10.0;72.5;0.67
30/12/2025;12:00:00;1.323;0.111;241.91;5.47;0.0;0.0;55.0;10.5;60.1;0.69
30/12/2025;13:00:00;1.473;0.149;232.75;6.33;0.0;0.0;55.0;10.5;68.6;0.68
30/12/2025;14:00:00;1.168;0.249;237.1;4.93;0.0;0.0;55.0;13.3;65.9;0.74
30/12/2025;15:00:00;1.596;0.122;238.28;6.7;0.0;0.0;55.0;10.6;61.2;0.8
30/12/2025;16:00:00;1.723;0.161;239.77;7.18;0.0;0.0;55.0;13.6;65.8;0.67
30/12/2025;17:00:00;2.27;0.337;239.1;9.49;0.0;0.0;55.0;10.4;67.5;0.74
30/12/2025;18:00:00;2.923;0.633;239.15;12.22;4.0;0.0;55.0;10.0;65.5;0.75
30/12/2025;19:00:00;3.475;0.582;236.27;14.71;0.4;0.0;55.0;7.9;72.4;0.28
30/12/2025;20:00:00;3.71;0.258;244.96;15.14;15.1;0.0;55.0;8.1;65.0;0.26
30/12/2025;21:00:00;3.438;0.609;238.3;14.43;16.2;0.0;55.0;9.1;68.5;0.28
30/12/2025;22:00:00;3.011;0.369;234.67;12.83;0.0;0.0;55.0;7.1;68.1;0.28
30/12/2025;23:00:00;2.179;0.477;243.18;8.96;0.0;0.0;55.0;6.6;66.1;0.27
31/12/2025;00:00:00;1.549;0.243;237.83;6.51;0.0;0.0;55.0;4.9;73.0;0.12
31/12/2025;01:00:00;1.553;0.218;236.61;6.57;0.0;0.0;55.0;1.6;72.1;0.12
31/12/2025;02:00:00;1.368;0.198;241.9;5.65;0.0;0.0;55.0;2.3;65.2;0.12
31/12/2025;03:00:00;1.791;0.285;238.55;7.51;0.0;0.0;55.0;1.4;64.2;0.12
31/12/2025;04:00:00;1.346;0.235;240.47;5.6;0.0;0.0;55.0;4.8;74.5;0.12
31/12/2025;05:00:00;1.624;0.103;238.23;6.82;0.0;0.0;55.0;1.5;67.1;0.12
31/12/2025;06:00:00;2.404;0.174;238.7;10.07;0.0;0.0;55.0;5.4;71.5;0.26
31/12/2025;07:00:00;2.729;0.276;237.22;11.51;0.0;17.6;55.0;6.4;69.5;0.33
31/12/2025;08:00:00;3.159;0.415;236.6;13.35;0.0;6.1;55.0;9.1;65.3;0.62
31/12/2025;09:00:00;2.977;0.306;249.72;11.92;0.0;10.0;55.0;7.0;78.6;0.65
31/12/2025;10:00:00;2.198;0.19;237.68;9.25;0.0;0.0;55.0;10.0;67.3;0.67
31/12/2025;11:00:00;1.552;0.322;235.9;6.58;0.0;0.0;55.0;13.5;67.4;0.64
31/12/2025;12:00:00;1.192;0.066;243.17;4.9;0.0;0.0;55.0;10.2;67.7;0.71
31/12/2025;13:00:00;1.528;0.32;240.75;6.35;0.0;0.0;55.0;9.6;65.5;0.6
31/12/2025;14:00:00;1.407;0.287;240.05;5.86;0.0;0.0;55.0;9.6;66.6;0.65
31/12/2025;15:00:00;1.243;0.207;238.63;5.21;0.0;0.0;55.0;13.7;70.8;0.63
31/12/2025;16:00:00;2.0;0.111;238.86;8.37;0.0;0.0;55.0;9.6;72.2;0.67
31/12/2025;17:00:00;2.164;0.191;239.17;9.05;0.0;0.0;55.0;11.4;75.1;0.64
31/12/2025;18:00:00;2.83;0.613;243.18;11.64;22.9;0.0;55.0;11.8;66.1;0.59
31/12/2025;19:00:00;3.338;0.681;239.3;13.95;11.7;0.0;55.0;10.4;61.7;0.33
31/12/2025;20:00:00;3.709;0.794;243.2;15.25;9.8;0.0;55.0;9.5;64.6;0.24
31/12/2025;21:00:00;3.665;0.804;239.85;15.28;4.3;0.0;55.0;7.9;62.1;0.3
31/12/2025;22:00:00;2.439;0.148;239.43;10.19;0.0;0.0;55.0;8.2;71.6;0.27
31/12/2025;23:00:00;2.435;0.358;237.14;10.27;0.0;0.0;55.0;3.7;68.5;0.27
01/01/2026;00:00:00;1.695;0.325;246.01;6.89;0.0;0.0;55.0;1.4;58.0;0.12
01/01/2026;01:00:00;1.626;0.17;240.04;6.77;0.0;0.0;55.0;0.5;86.3;0.12
01/01/2026;02:00:00;1.37;0.17;240.0;5.71;0.0;0.0;55.0;2.4;69.6;0.12
01/01/2026;03:00:00;1.324;0.13;245.2;5.4;0.0;0.0;55.0;2.4;69.6;0.12
01/01/2026;04:00:00;1.82;0.103;241.17;7.55;0.0;0.0;55.0;1.8;81.3;0.12
01/01/2026;05:00:00;1.524;0.095;241.48;6.31;0.0;0.0;55.0;3.4;65.6;0.12
01/01/2026;06:00:00;2.615;0.14;240.17;10.89;0.0;0.0;55.0;0.7;79.5;0.29
01/01/2026;07:00:00;2.863;0.4;237.83;12.04;0.0;7.5;55.0;6.0;66.7;0.29
01/01/2026;08:00:00;3.644;0.565;243.41;14.97;0.0;14.0;55.0;7.0;62.2;0.65
01/01/2026;09:00:00;3.083;0.315;236.03;13.06;0.0;15.5;55.0;7.1;77.2;0.76
01/01/2026;10:00:00;1.995;0.38;237.27;8.41;0.0;0.0;55.0;10.0;71.0;0.68
01/01/2026;11:00:00;1.997;0.401;237.82;8.4;0.0;0.0;55.0;6.0;74.2;0.77
01/01/2026;12:00:00;1.404;0.104;240.7;5.83;0.0;0.0;55.0;8.7;69.2;0.69
01/01/2026;13:00:00;1.804;0.106;239.96;7.52;0.0;0.0;55.0;9.2;70.0;0.65
01/01/2026;14:00:00;1.413;0.147;234.78;6.02;0.0;0.0;55.0;11.9;58.7;0.66
01/01/2026;15:00:00;1.694;0.29;246.49;6.87;0.0;0.0;55.0;9.4;67.4;0.69
01/01/2026;16:00:00;1.721;0.235;242.13;7.11;0.0;0.0;55.0;12.0;60.2;0.63
01/01/2026;17:00:00;2.012;0.268;238.63;8.43;0.0;0.0;55.0;12.4;57.5;0.66
01/01/2026;18:00:00;2.823;0.214;241.21;11.71;12.7;0.0;55.0;10.6;68.0;0.57
01/01/2026;19:00:00;3.405;0.374;241.25;14.11;9.2;0.0;55.0;8.9;73.1;0.28
01/01/2026;20:00:00;4.147;0.883;239.08;17.35;12.8;0.0;55.0;5.8;67.8;0.33
01/01/2026;21:00:00;3.481;0.376;241.1;14.44;21.3;0.0;55.0;4.7;69.6;0.25
01/01/2026;22:00:00;2.713;0.408;241.14;11.25;0.0;0.0;55.0;6.6;63.4;0.22
01/01/2026;23:00:00;4.406;0.264;243.06;18.13;0.0;0.0;55.0;4.7;70.7;0.27
02/01/2026;00:00:00;1.371;0.083;240.19;5.71;0.0;0.0;55.0;2.4;76.3;0.12
02/01/2026;01:00:00;1.358;0.166;240.9;5.64;0.0;0.0;55.0;1.0;77.5;0.12
02/01/2026;02:00:00;1.384;0.211;239.42;5.78;0.0;0.0;55.0;-1.9;78.6;0.12
02/01/2026;03:00:00;1.42;0.161;238.79;5.95;0.0;0.0;55.0;-0.6;71.8;0.12
02/01/2026;04:00:00;1.537;0.124;237.85;6.46;0.0;0.0;55.0;4.0;67.9;0.12
02/01/2026;05:00:00;1.854;0.325;237.75;7.8;0.0;0.0;55.0;-0.3;78.6;0.12
02/01/2026;06:00:00;2.366;0.175;238.7;9.91;0.0;0.0;55.0;2.7;76.3;0.24
02/01/2026;07:00:00;2.785;0.455;239.34;11.64;0.0;11.6;55.0;5.0;69.5;0.27
02/01/2026;08:00:00;3.627;0.771;242.82;14.94;0.0;6.0;55.0;2.8;70.0;0.64
02/01/2026;09:00:00;3.296;0.428;238.94;13.79;0.0;2.9;55.0;6.3;75.2;0.67
02/01/2026;10:00:00;2.471;0.208;239.07;10.34;0.0;0.0;55.0;8.7;65.6;0.71
02/01/2026;11:00:00;1.877;0.363;239.18;7.85;0.0;0.0;55.0;8.5;71.3;0.66
02/01/2026;12:00:00;1.264;0.172;239.87;5.27;0.0;0.0;55.0;13.8;62.6;0.65
02/01/2026;13:00:00;1.572;0.325;244.75;6.42;0.0;0.0;55.0;7.8;62.9;0.58
02/01/2026;14:00:00;1.343;0.232;238.94;5.62;0.0;0.0;55.0;12.4;72.5;0.64
02/01/2026;15:00:00;1.501;0.185;241.57;6.21;0.0;0.0;55.0;10.7;66.4;0.69
02/01/2026;16:00:00;1.635;0.253;240.98;6.79;0.0;0.0;55.0;12.0;61.3;0.71
02/01/2026;17:00:00;2.329;0.184;240.17;9.7;0.0;0.0;55.0;11.0;58.7;0.68
02/01/2026;18:00:00;2.853;0.331;237.32;12.02;22.0;0.0;55.0;8.4;61.2;0.62
02/01/2026;19:00:00;3.582;0.541;241.47;14.83;2.0;0.0;55.0;8.8;65.5;0.28
02/01/2026;20:00:00;3.935;0.591;234.61;16.77;23.2;0.0;55.0;4.5;80.4;0.3
02/01/2026;21:00:00;3.378;0.506;237.14;14.25;2.6;0.0;55.0;6.9;66.0;0.31
02/01/2026;22:00:00;2.879;0.508;238.48;12.07;0.0;0.0;55.0;5.2;77.5;0.3
02/01/2026;23:00:00;2.189;0.149;239.37;9.15;0.0;0.0;55.0;4.5;70.2;0.31
03/01/2026;00:00:00;1.298;0.081;240.24;5.4;0.0;0.0;55.0;4.1;65.3;0.14
03/01/2026;01:00:00;1.406;0.106;243.9;5.76;0.0;0.0;55.0;2.2;70.3;0.14
03/01/2026;02:00:00;1.452;0.268;241.76;6.0;0.0;0.0;55.0;1.4;66.9;0.14
03/01/2026;03:00:00;1.601;0.098;240.47;6.66;0.0;0.0;55.0;-0.3;70.4;0.14
03/01/2026;04:00:00;1.656;0.146;239.06;6.93;0.0;0.0;55.0;0.1;69.9;0.14
03/01/2026;05:00:00;1.775;0.166;239.09;7.42;0.0;0.0;55.0;3.4;62.1;0.14
03/01/2026;06:00:00;2.282;0.365;236.82;9.64;0.0;0.0;55.0;4.6;78.3;0.3
03/01/2026;07:00:00;3.28;0.388;234.1;14.01;0.0;0.6;55.0;3.1;72.9;0.34
03/01/2026;08:00:00;3.586;0.301;236.43;15.17;0.0;19.9;55.0;4.8;67.1;0.38
03/01/2026;09:00:00;3.239;0.409;243.28;13.31;0.0;2.5;55.0;4.6;71.8;0.37
03/01/2026;10:00:00;2.044;0.34;238.01;8.59;0.0;0.0;55.0;9.1;63.0;0.29
03/01/2026;11:00:00;1.35;0.248;238.53;5.66;0.0;0.0;55.0;9.5;53.4;0.27
03/01/2026;12:00:00;0.927;0.066;242.86;3.82;0.0;0.0;55.0;12.4;79.2;0.28
03/01/2026;13:00:00;1.308;0.224;232.6;5.62;0.0;0.0;55.0;9.0;68.1;0.39
03/01/2026;14:00:00;1.333;0.068;238.36;5.59;0.0;0.0;55.0;10.3;63.2;0.33
03/01/2026;15:00:00;1.141;0.197;236.93;4.81;0.0;0.0;55.0;11.3;55.7;0.28
03/01/2026;16:00:00;1.392;0.226;240.82;5.78;0.0;0.0;55.0;11.8;57.5;0.37
03/01/2026;17:00:00;2.048;0.266;241.56;8.48;0.0;0.0;55.0;10.0;74.7;0.31
03/01/2026;18:00:00;2.985;0.219;241.6;12.35;19.1;0.0;55.0;8.2;75.3;0.38
03/01/2026;19:00:00;3.599;0.648;244.22;14.74;5.7;0.0;55.0;9.8;70.3;0.29
03/01/2026;20:00:00;3.945;0.245;241.55;16.33;9.1;0.0;55.0;8.4;62.1;0.31
03/01/2026;21:00:00;3.988;0.807;240.7;16.57;10.4;0.0;55.0;4.6;78.2;0.32
03/01/2026;22:00:00;3.169;0.575;246.81;12.84;0.0;0.0;55.0;6.7;71.3;0.38
03/01/2026;23:00:00;2.287;0.402;234.04;9.77;0.0;0.0;55.0;5.3;73.5;0.37
04/01/2026;00:00:00;1.345;0.24;246.16;5.46;0.0;0.0;55.0;2.7;74.5;0.14
04/01/2026;01:00:00;1.389;0.085;244.88;5.67;0.0;0.0;55.0;1.8;65.4;0.14
04/01/2026;02:00:00;1.325;0.289;239.58;5.53;0.0;0.0;55.0;2.0;66.8;0.14
04/01/2026;03:00:00;1.521;0.298;238.02;6.39;0.0;0.0;55.0;-0.3;72.1;0.14
04/01/2026;04:00:00;1.573;0.214;238.16;6.6;0.0;0.0;55.0;1.2;76.6;0.14
04/01/2026;05:00:00;1.823;0.314;239.19;7.62;0.0;0.0;55.0;-1.6;68.7;0.14
04/01/2026;06:00:00;2.36;0.415;243.35;9.7;0.0;0.0;55.0;3.8;70.5;0.32
04/01/2026;07:00:00;3.265;0.624;233.09;14.01;0.0;13.1;55.0;1.2;72.6;0.33
04/01/2026;08:00:00;3.291;0.307;245.63;13.4;0.0;7.1;55.0;7.0;72.8;0.31
04/01/2026;09:00:00;5.353;0.606;240.0;22.3;0.0;17.3;55.0;5.5;73.4;0.35
04/01/2026;10:00:00;2.152;0.4;243.3;8.85;0.0;0.0;55.0;7.0;63.8;0.37
04/01/2026;11:00:00;1.529;0.276;236.56;6.46;0.0;0.0;55.0;7.6;75.6;0.32
04/01/2026;12:00:00;1.425;0.198;242.03;5.89;0.0;0.0;55.0;9.1;61.3;0.32
04/01/2026;13:00:00;0.896;0.105;241.08;3.72;0.0;0.0;55.0;12.5;69.9;0.3
04/01/2026;14:00:00;1.517;0.326;241.58;6.28;0.0;0.0;55.0;7.1;66.0;0.28
04/01/2026;15:00:00;1.116;0.135;238.06;4.69;0.0;0.0;55.0;12.9;64.9;0.38
04/01/2026;16:00:00;1.31;0.236;238.93;5.48;0.0;0.0;55.0;11.3;66.5;0.3
04/01/2026;17:00:00;2.147;0.258;236.54;9.07;0.0;0.0;55.0;8.5;68.6;0.36
04/01/2026;18:00:00;3.058;0.314;242.14;12.63;21.8;0.0;55.0;7.9;71.4;0.35
04/01/2026;19:00:00;3.817;0.607;243.76;15.66;20.1;0.0;55.0;11.0;67.5;0.36
04/01/2026;20:00:00;4.424;0.829;240.79;18.37;0.5;0.0;55.0;5.9;73.6;0.38
04/01/2026;21:00:00;4.06;0.88;232.5;17.46;22.1;0.0;55.0;4.3;73.3;0.34
04/01/2026;22:00:00;3.312;0.249;243.8;13.58;0.0;0.0;55.0;6.4;62.9;0.38
04/01/2026;23:00:00;2.188;0.435;240.33;9.1;0.0;0.0;55.0;4.0;72.5;0.28
05/01/2026;00:00:00;1.562;0.217;232.57;6.72;0.0;0.0;55.0;1.1;70.7;0.12
05/01/2026;01:00:00;1.514;0.103;235.23;6.43;0.0;0.0;55.0;2.0;67.3;0.12
05/01/2026;02:00:00;1.657;0.307;237.05;6.99;0.0;0.0;55.0;-0.4;73.2;0.12
05/01/2026;03:00:00;1.251;0.133;240.0;5.21;0.0;0.0;55.0;2.7;73.2;0.12
05/01/2026;04:00:00;1.36;0.269;237.14;5.73;0.0;0.0;55.0;2.8;73.4;0.12
05/01/2026;05:00:00;1.672;0.128;237.51;7.04;0.0;0.0;55.0;2.5;77.7;0.12
05/01/2026;06:00:00;2.399;0.41;242.56;9.89;0.0;0.0;55.0;3.0;78.5;0.26
05/01/2026;07:00:00;3.044;0.308;243.32;12.51;0.0;18.5;55.0;6.1;71.2;0.3
05/01/2026;08:00:00;3.482;0.326;242.66;14.35;0.0;11.8;55.0;4.7;73.2;0.68
05/01/2026;09:00:00;3.158;0.185;235.42;13.41;0.0;1.8;55.0;4.2;71.5;0.78
05/01/2026;10:00:00;2.368;0.312;242.64;9.76;0.0;0.0;55.0;8.0;71.9;0.64
05/01/2026;11:00:00;1.971;0.23;238.66;8.26;0.0;0.0;55.0;11.6;67.5;0.76
05/01/2026;12:00:00;1.749;0.106;245.5;7.12;0.0;0.0;55.0;8.0;67.7;0.68
05/01/2026;13:00:00;1.372;0.121;240.73;5.7;0.0;0.0;55.0;9.8;77.3;0.67
05/01/2026;14:00:00;1.653;0.22;243.41;6.79;0.0;0.0;55.0;11.5;62.5;0.59
05/01/2026;15:00:00;1.53;0.287;241.56;6.33;0.0;0.0;55.0;10.9;72.9;0.62
05/01/2026;16:00:00;1.774;0.369;241.21;7.35;0.0;0.0;55.0;9.4;60.1;0.74
05/01/2026;17:00:00;2.429;0.334;238.97;10.17;0.0;0.0;55.0;12.0;68.9;0.76
05/01/2026;18:00:00;2.578;0.306;243.38;10.59;17.0;0.0;55.0;13.0;71.2;0.56
05/01/2026;19:00:00;3.286;0.698;242.61;13.55;5.1;0.0;55.0;8.8;57.8;0.23
05/01/2026;20:00:00;3.951;0.844;239.07;16.53;24.3;0.0;55.0;5.9;70.3;0.27
05/01/2026;21:00:00;3.729;0.307;238.77;15.62;15.1;0.0;55.0;3.7;75.0;0.31
05/01/2026;22:00:00;2.906;0.408;238.01;12.21;0.0;0.0;55.0;5.1;71.6;0.24
05/01/2026;23:00:00;2.209;0.419;242.29;9.12;0.0;0.0;55.0;5.2;72.2;0.25
06/01/2026;00:00:00;1.539;0.292;240.66;6.4;0.0;0.0;55.0;3.2;72.5;0.12
06/01/2026;01:00:00;1.217;0.203;240.81;5.05;0.0;0.0;55.0;1.7;67.6;0.12
06/01/2026;02:00:00;1.614;0.21;238.99;6.75;0.0;0.0;55.0;0.3;86.0;0.12
06/01/2026;03:00:00;1.606;0.191;244.08;6.58;0.0;0.0;55.0;-0.6;72.4;0.12
06/01/2026;04:00:00;1.412;0.264;235.83;5.99;0.0;0.0;55.0;2.4;74.6;0.12
06/01/2026;05:00:00;1.567;0.138;242.19;6.47;0.0;0.0;55.0;3.0;68.7;0.12
06/01/2026;06:00:00;2.099;0.258;242.75;8.65;0.0;0.0;55.0;0.1;62.9;0.23
06/01/2026;07:00:00;2.73;0.4;239.11;11.42;0.0;12.9;55.0;5.9;65.1;0.3
06/01/2026;08:00:00;3.658;0.7;235.94;15.5;0.0;15.1;55.0;5.6;62.7;0.67
06/01/2026;09:00:00;3.102;0.352;241.07;12.87;0.0;3.3;55.0;8.1;73.4;0.68
06/01/2026;10:00:00;2.468;0.354;243.35;10.14;0.0;0.0;55.0;5.3;67.1;0.71
06/01/2026;11:00:00;1.739;0.169;244.96;7.1;0.0;0.0;55.0;6.5;66.7;0.69
06/01/2026;12:00:00;1.65;0.317;241.84;6.82;0.0;0.0;55.0;9.3;61.6;0.7
06/01/2026;13:00:00;1.573;0.289;238.28;6.6;0.0;0.0;55.0;11.1;66.0;0.71
06/01/2026;14:00:00;1.427;0.27;241.94;5.9;0.0;0.0;55.0;13.5;60.0;0.73
06/01/2026;15:00:00;1.323;0.079;241.4;5.48;0.0;0.0;55.0;12.1;69.7;0.69
06/01/2026;16:00:00;1.727;0.229;240.9;7.17;0.0;0.0;55.0;10.5;67.5;0.77
06/01/2026;17:00:00;2.543;0.186;237.52;10.71;0.0;0.0;55.0;8.8;64.5;0.7
06/01/2026;18:00:00;2.673;0.44;241.68;11.06;21.0;0.0;55.0;11.4;69.5;0.61
06/01/2026;19:00:00;3.573;0.368;241.32;14.81;18.3;0.0;55.0;7.1;68.8;0.29
06/01/2026;20:00:00;3.409;0.619;246.8;13.81;4.3;0.0;55.0;9.7;66.7;0.26
06/01/2026;21:00:00;3.56;0.217;240.25;14.82;16.6;0.0;55.0;5.6;62.6;0.28
06/01/2026;22:00:00;2.873;0.394;244.75;11.74;0.0;0.0;55.0;7.1;68.4;0.26
06/01/2026;23:00:00;2.274;0.162;243.9;9.33;0.0;0.0;55.0;4.5;72.4;0.3
07/01/2026;00:00:00;1.523;0.221;240.14;6.34;0.0;0.0;55.0;2.3;79.3;0.12
07/01/2026;01:00:00;1.395;0.214;243.46;5.73;0.0;0.0;55.0;0.9;69.9;0.12
07/01/2026;02:00:00;1.459;0.188;237.81;6.13;0.0;0.0;55.0;0.7;85.3;0.12
07/01/2026;03:00:00;1.562;0.152;239.46;6.52;0.0;0.0;55.0;1.6;75.9;0.12
07/01/2026;04:00:00;1.654;0.092;238.5;6.93;0.0;0.0;55.0;1.3;65.8;0.12
07/01/2026;05:00:00;1.819;0.296;239.56;7.59;0.0;0.0;55.0;0.8;69.6;0.12
07/01/2026;06:00:00;2.418;0.479;234.39;10.32;0.0;0.0;55.0;2.2;79.7;0.25
07/01/2026;07:00:00;2.723;0.476;245.04;11.11;0.0;10.8;55.0;3.6;77.7;0.25
07/01/2026;08:00:00;3.724;0.752;239.15;15.57;0.0;16.7;55.0;1.5;73.3;0.71
07/01/2026;09:00:00;3.278;0.682;242.2;13.53;0.0;19.1;55.0;6.7;69.8;0.65
07/01/2026;10:00:00;2.597;0.328;240.69;10.79;0.0;0.0;55.0;5.8;63.9;0.69
07/01/2026;11:00:00;1.937;0.327;239.24;8.1;0.0;0.0;55.0;6.8;75.6;0.65
07/01/2026;12:00:00;1.587;0.187;236.42;6.71;0.0;0.0;55.0;7.0;63.9;0.59
07/01/2026;13:00:00;1.781;0.368;237.44;7.5;0.0;0.0;55.0;7.6;72.5;0.75
07/01/2026;14:00:00;1.629;0.237;239.34;6.81;0.0;0.0;55.0;8.8;74.1;0.72
07/01/2026;15:00:00;3.53;0.628;238.67;14.79;0.0;0.0;55.0;9.9;66.7;0.62
07/01/2026;16:00:00;1.711;0.09;237.27;7.21;0.0;0.0;55.0;13.8;68.2;0.72
07/01/2026;17:00:00;2.199;0.325;238.08;9.24;0.0;0.0;55.0;9.5;76.0;0.71
07/01/2026;18:00:00;3.053;0.538;241.29;12.65;22.2;0.0;55.0;9.8;67.9;0.67
07/01/2026;19:00:00;3.186;0.299;242.46;13.14;9.8;0.0;55.0;9.1;66.2;0.27
07/01/2026;20:00:00;3.988;0.209;236.73;16.84;17.7;0.0;55.0;7.5;68.1;0.31
07/01/2026;21:00:00;3.538;0.624;237.54;14.89;8.7;0.0;55.0;5.9;66.0;0.27
07/01/2026;22:00:00;2.961;0.318;240.6;12.3;0.0;0.0;55.0;2.9;68.2;0.32
07/01/2026;23:00:00;2.128;0.262;239.54;8.88;0.0;0.0;55.0;5.7;72.1;0.3
08/01/2026;00:00:00;1.245;0.181;238.97;5.21;0.0;0.0;55.0;5.2;69.4;0.12
08/01/2026;01:00:00;1.647;0.113;242.58;6.79;0.0;0.0;55.0;-0.9;76.7;0.12
08/01/2026;02:00:00;1.777;0.12;240.52;7.39;0.0;0.0;55.0;-0.4;67.2;0.12
08/01/2026;03:00:00;1.577;0.336;235.46;6.7;0.0;0.0;55.0;0.6;73.5;0.12
08/01/2026;04:00:00;1.403;0.151;237.76;5.9;0.0;0.0;55.0;-0.3;79.8;0.12
08/01/2026;05:00:00;1.546;0.144;235.35;6.57;0.0;0.0;55.0;2.4;66.9;0.12
08/01/2026;06:00:00;4.911;0.285;239.5;20.51;0.0;0.0;55.0;1.4;73.4;0.28
08/01/2026;07:00:00;2.816;0.224;236.28;11.92;0.0;4.7;55.0;6.7;59.7;0.33
08/01/2026;08:00:00;3.535;0.436;235.07;15.04;0.0;11.9;55.0;6.5;62.7;0.64
08/01/2026;09:00:00;3.162;0.342;234.25;13.5;0.0;12.2;55.0;6.3;73.4;0.8
08/01/2026;10:00:00;2.128;0.26;245.56;8.67;0.0;0.0;55.0;8.8;65.8;0.67
08/01/2026;11:00:00;1.629;0.276;236.18;6.9;0.0;0.0;55.0;10.2;75.4;0.69
08/01/2026;12:00:00;1.538;0.245;239.12;6.43;0.0;0.0;55.0;8.7;69.6;0.61
08/01/2026;13:00:00;1.444;0.193;240.17;6.01;0.0;0.0;55.0;9.1;69.8;0.67
08/01/2026;14:00:00;1.673;0.315;240.33;6.96;0.0;0.0;55.0;10.9;60.3;0.71
08/01/2026;15:00:00;1.354;0.265;241.74;5.6;0.0;0.0;55.0;12.3;62.6;0.7
08/01/2026;16:00:00;1.545;0.232;239.86;6.44;0.0;0.0;55.0;11.0;61.9;0.62
08/01/2026;17:00:00;2.425;0.17;238.73;10.16;0.0;0.0;55.0;8.0;62.7;0.62
08/01/2026;18:00:00;3.186;0.379;240.62;13.24;6.7;0.0;55.0;8.3;71.1;0.7
08/01/2026;19:00:00;3.476;0.549;240.59;14.45;15.9;0.0;55.0;8.4;72.0;0.34
08/01/2026;20:00:00;3.684;0.224;240.14;15.34;0.4;0.0;55.0;7.2;70.7;0.23
08/01/2026;21:00:00;3.161;0.169;241.79;13.07;16.3;0.0;55.0;9.0;63.1;0.28
08/01/2026;22:00:00;3.199;0.676;238.25;13.43;0.0;0.0;55.0;2.6;74.0;0.24
08/01/2026;23:00:00;2.408;0.419;239.44;10.06;0.0;0.0;55.0;4.3;61.4;0.31
09/01/2026;00:00:00;3.461;0.263;236.29;14.65;0.0;0.0;55.0;4.7;77.3;0.12
09/01/2026;01:00:00;1.299;0.163;239.31;5.43;0.0;0.0;55.0;5.1;63.8;0.12
09/01/2026;02:00:00;1.536;0.127;238.21;6.45;0.0;0.0;55.0;0.6;68.3;0.12
09/01/2026;03:00:00;1.694;0.088;242.96;6.97;0.0;0.0;55.0;1.7;73.6;0.12
09/01/2026;04:00:00;1.401;0.163;235.91;5.94;0.0;0.0;55.0;2.0;73.8;0.12
09/01/2026;05:00:00;1.647;0.264;238.67;6.9;0.0;0.0;55.0;2.0;72.5;0.12
09/01/2026;06:00:00;2.197;0.466;238.53;9.21;0.0;0.0;55.0;2.3;67.0;0.23
09/01/2026;07:00:00;2.959;0.535;241.88;12.24;0.0;18.2;55.0;4.2;76.7;0.29
09/01/2026;08:00:00;3.797;0.338;236.43;16.06;0.0;18.5;55.0;0.9;65.2;0.68
09/01/2026;09:00:00;3.044;0.326;240.01;12.68;0.0;1.2;55.0;7.0;61.4;0.62
09/01/2026;10:00:00;2.153;0.298;240.22;8.96;0.0;0.0;55.0;7.5;67.9;0.58
09/01/2026;11:00:00;1.949;0.161;242.59;8.04;0.0;0.0;55.0;8.2;61.5;0.65
09/01/2026;12:00:00;1.31;0.251;237.61;5.51;0.0;0.0;55.0;12.6;70.4;0.71
09/01/2026;13:00:00;1.707;0.134;236.34;7.22;0.0;0.0;55.0;9.3;61.1;0.76
09/01/2026;14:00:00;1.836;0.182;241.33;7.61;0.0;0.0;55.0;10.2;74.0;0.68
09/01/2026;15:00:00;1.224;0.181;236.09;5.18;0.0;0.0;55.0;14.0;68.4;0.7
09/01/2026;16:00:00;1.889;0.134;238.54;7.92;0.0;0.0;55.0;9.6;72.9;0.73
09/01/2026;17:00:00;2.364;0.369;239.33;9.88;0.0;0.0;55.0;9.5;76.2;0.8
09/01/2026;18:00:00;3.189;0.671;241.72;13.19;20.0;0.0;55.0;9.3;67.4;0.61
09/01/2026;19:00:00;3.349;0.561;235.68;14.21;19.8;0.0;55.0;9.8;61.5;0.33
09/01/2026;20:00:00;3.805;0.716;239.17;15.91;10.6;0.0;55.0;7.6;67.8;0.29
09/01/2026;21:00:00;3.678;0.458;240.07;15.32;6.5;0.0;55.0;4.1;68.3;0.23
09/01/2026;22:00:00;2.991;0.335;237.59;12.59;0.0;0.0;55.0;3.9;67.7;0.28
09/01/2026;23:00:00;2.514;0.266;239.0;10.52;0.0;0.0;55.0;2.6;73.1;0.33
10/01/2026;00:00:00;1.481;0.24;242.49;6.11;0.0;0.0;55.0;2.3;71.0;0.14
10/01/2026;01:00:00;1.53;0.211;238.58;6.41;0.0;0.0;55.0;2.3;68.8;0.14
10/01/2026;02:00:00;1.529;0.199;238.98;6.4;0.0;0.0;55.0;1.8;71.7;0.14
10/01/2026;03:00:00;1.646;0.11;242.48;6.79;0.0;0.0;55.0;-1.7;78.5;0.14
10/01/2026;04:00:00;1.471;0.242;239.39;6.15;0.0;0.0;55.0;2.8;77.0;0.14
10/01/2026;05:00:00;1.834;0.318;243.75;7.53;0.0;0.0;55.0;2.0;64.7;0.14
10/01/2026;06:00:00;2.401;0.2;235.41;10.2;0.0;0.0;55.0;4.5;69.3;0.32
10/01/2026;07:00:00;3.33;0.597;239.23;13.92;0.0;20.0;55.0;4.2;70.4;0.34
10/01/2026;08:00:00;3.614;0.721;242.17;14.92;0.0;16.7;55.0;6.4;63.4;0.25
10/01/2026;09:00:00;2.923;0.233;237.99;12.28;0.0;1.3;55.0;6.7;68.4;0.29
10/01/2026;10:00:00;4.242;0.538;239.34;17.72;0.0;0.0;55.0;9.3;67.7;0.29
10/01/2026;11:00:00;1.413;0.281;243.54;5.8;0.0;0.0;55.0;9.3;69.6;0.27
10/01/2026;12:00:00;1.097;0.146;237.83;4.61;0.0;0.0;55.0;9.4;67.3;0.29
10/01/2026;13:00:00;0.996;0.188;241.35;4.12;0.0;0.0;55.0;13.7;59.0;0.3
10/01/2026;14:00:00;1.206;0.104;242.09;4.98;0.0;0.0;55.0;12.2;74.7;0.39
10/01/2026;15:00:00;1.062;0.065;240.21;4.42;0.0;0.0;55.0;11.9;69.1;0.35
10/01/2026;16:00:00;1.559;0.094;240.11;6.49;0.0;0.0;55.0;8.9;70.0;0.31
10/01/2026;17:00:00;2.184;0.47;237.13;9.21;0.0;0.0;55.0;8.4;72.7;0.39
10/01/2026;18:00:00;2.684;0.209;242.05;11.09;16.4;0.0;55.0;10.0;67.6;0.27
10/01/2026;19:00:00;3.765;0.742;236.49;15.92;23.2;0.0;55.0;8.7;73.9;0.32
10/01/2026;20:00:00;4.129;0.428;241.1;17.13;15.3;0.0;55.0;6.4;69.6;0.34
10/01/2026;21:00:00;3.892;0.221;238.55;16.32;20.9;0.0;55.0;6.2;69.4;0.26
10/01/2026;22:00:00;3.132;0.285;238.89;13.11;0.0;0.0;55.0;7.1;71.9;0.35
10/01/2026;23:00:00;2.421;0.329;239.44;10.11;0.0;0.0;55.0;4.5;78.6;0.27
11/01/2026;00:00:00;1.618;0.11;241.4;6.7;0.0;0.0;55.0;0.8;81.4;0.14
11/01/2026;01:00:00;3.904;0.807;244.37;15.98;0.0;0.0;55.0;1.5;76.2;0.14
11/01/2026;02:00:00;1.516;0.308;240.31;6.31;0.0;0.0;55.0;-0.0;77.0;0.14
11/01/2026;03:00:00;1.502;0.113;237.98;6.31;0.0;0.0;55.0;0.4;77.5;0.14
11/01/2026;04:00:00;1.715;0.301;235.97;7.27;0.0;0.0;55.0;0.5;78.9;0.14
11/01/2026;05:00:00;1.818;0.233;243.25;7.47;0.0;0.0;55.0;1.0;80.1;0.14
11/01/2026;06:00:00;2.686;0.583;240.49;11.17;0.0;0.0;55.0;0.6;72.8;0.29
11/01/2026;07:00:00;3.297;0.196;239.35;13.78;0.0;19.7;55.0;3.3;78.3;0.34
11/01/2026;08:00:00;3.816;0.496;240.16;15.89;0.0;3.8;55.0;3.9;73.0;0.31
11/01/2026;09:00:00;3.269;0.322;242.15;13.5;0.0;7.0;55.0;1.6;76.4;0.27
11/01/2026;10:00:00;1.829;0.317;238.85;7.66;0.0;0.0;55.0;10.4;73.0;0.35
11/01/2026;11:00:00;1.43;0.099;238.14;6.0;0.0;0.0;55.0;10.1;70.0;0.27
11/01/2026;12:00:00;1.237;0.194;236.33;5.23;0.0;0.0;55.0;9.0;71.8;0.28
11/01/2026;13:00:00;1.25;0.264;236.98;5.27;0.0;0.0;55.0;10.4;64.2;0.37
11/01/2026;14:00:00;1.343;0.171;239.03;5.62;0.0;0.0;55.0;9.1;74.6;0.34
11/01/2026;15:00:00;1.022;0.13;243.01;4.2;0.0;0.0;55.0;13.5;67.0;0.34
11/01/2026;16:00:00;1.196;0.161;238.58;5.01;0.0;0.0;55.0;13.7;64.1;0.31
11/01/2026;17:00:00;2.028;0.245;240.73;8.42;0.0;0.0;55.0;10.6;71.5;0.31
11/01/2026;18:00:00;2.572;0.324;243.15;10.58;8.6;0.0;55.0;11.1;78.5;0.35
11/01/2026;19:00:00;3.805;0.49;241.07;15.78;5.1;0.0;55.0;8.8;61.5;0.36
11/01/2026;20:00:00;4.267;0.937;245.53;17.38;12.7;0.0;55.0;5.3;66.2;0.32
11/01/2026;21:00:00;4.127;0.288;240.19;17.18;4.2;0.0;55.0;5.4;83.5;0.39
11/01/2026;22:00:00;3.019;0.297;239.56;12.6;0.0;0.0;55.0;4.9;72.6;0.38
11/01/2026;23:00:00;2.513;0.216;238.93;10.52;0.0;0.0;55.0;2.8;73.1;0.31
12/01/2026;00:00:00;1.657;0.236;245.58;6.75;0.0;0.0;55.0;2.1;72.1;0.12
12/01/2026;01:00:00;1.585;0.08;243.41;6.51;0.0;0.0;55.0;1.5;79.2;0.12
12/01/2026;02:00:00;1.651;0.341;235.91;7.0;0.0;0.0;55.0;1.0;86.6;0.12
12/01/2026;03:00:00;1.579;0.222;245.91;6.42;0.0;0.0;55.0;1.1;70.2;0.12
12/01/2026;04:00:00;1.473;0.298;241.39;6.1;0.0;0.0;55.0;-0.4;74.3;0.12
12/01/2026;05:00:00;1.824;0.198;240.36;7.59;0.0;0.0;55.0;0.6;72.2;0.12
12/01/2026;06:00:00;2.508;0.189;241.45;10.39;0.0;0.0;55.0;0.5;77.6;0.31
12/01/2026;07:00:00;2.765;0.229;237.32;11.65;0.0;19.4;55.0;5.0;76.5;0.31
12/01/2026;08:00:00;3.69;0.48;240.55;15.34;0.0;2.1;55.0;1.5;81.3;0.62
12/01/2026;09:00:00;2.722;0.155;239.14;11.38;0.0;19.4;55.0;7.7;72.0;0.74
12/01/2026;10:00:00;2.122;0.388;238.99;8.88;0.0;0.0;55.0;9.4;79.5;0.61
12/01/2026;11:00:00;1.75;0.323;242.68;7.21;0.0;0.0;55.0;8.0;65.1;0.68
12/01/2026;12:00:00;1.889;0.32;239.26;7.9;0.0;0.0;55.0;5.6;65.7;0.63
12/01/2026;13:00:00;1.416;0.287;240.28;5.89;0.0;0.0;55.0;9.8;73.9;0.7
12/01/2026;14:00:00;1.466;0.21;240.92;6.08;0.0;0.0;55.0;10.7;66.4;0.77
12/01/2026;15:00:00;1.612;0.212;242.64;6.64;0.0;0.0;55.0;9.5;59.9;0.73
12/01/2026;16:00:00;1.698;0.238;243.55;6.97;0.0;0.0;55.0;10.1;64.8;0.67
12/01/2026;17:00:00;2.148;0.174;240.04;8.95;0.0;0.0;55.0;12.6;65.6;0.63
12/01/2026;18:00:00;2.771;0.38;238.94;11.6;17.3;0.0;55.0;10.5;62.7;0.78
12/01/2026;19:00:00;3.593;0.511;245.33;14.65;6.8;0.0;55.0;7.1;63.6;0.22
12/01/2026;20:00:00;3.881;0.698;232.78;16.67;14.9;0.0;55.0;4.9;69.4;0.22
12/01/2026;21:00:00;3.787;0.413;242.43;15.62;15.1;0.0;55.0;5.5;64.7;0.32
12/01/2026;22:00:00;2.695;0.177;239.6;11.25;0.0;0.0;55.0;4.4;74.1;0.34
12/01/2026;23:00:00;2.01;0.305;241.6;8.32;0.0;0.0;55.0;4.2;61.3;0.31
13/01/2026;00:00:00;1.461;0.269;240.11;6.09;0.0;0.0;55.0;1.7;73.5;0.12
13/01/2026;01:00:00;1.511;0.324;243.59;6.2;0.0;0.0;55.0;2.4;75.0;0.12
13/01/2026;02:00:00;1.286;0.084;241.17;5.33;0.0;0.0;55.0;4.1;70.7;0.12
13/01/2026;03:00:00;1.54;0.272;236.02;6.52;0.0;0.0;55.0;2.2;78.1;0.12
13/01/2026;04:00:00;1.699;0.257;235.9;7.2;0.0;0.0;55.0;1.1;66.7;0.12
13/01/2026;05:00:00;1.836;0.097;239.4;7.67;0.0;0.0;55.0;1.4;69.8;0.12
13/01/2026;06:00:00;2.314;0.398;241.7;9.57;0.0;0.0;55.0;1.9;71.2;0.22
13/01/2026;07:00:00;2.815;0.153;243.66;11.55;0.0;13.1;55.0;5.3;73.7;0.22
13/01/2026;08:00:00;3.584;0.658;238.13;15.05;0.0;17.9;55.0;3.8;72.5;0.73
13/01/2026;09:00:00;3.06;0.528;233.81;13.09;0.0;10.4;55.0;6.1;80.3;0.61
13/01/2026;10:00:00;4.511;0.753;241.21;18.7;0.0;0.0;55.0;7.4;64.5;0.8
13/01/2026;11:00:00;1.724;0.121;240.12;7.18;0.0;0.0;55.0;7.7;61.2;0.67
13/01/2026;12:00:00;1.757;0.362;240.4;7.31;0.0;0.0;55.0;7.5;77.4;0.74
13/01/2026;13:00:00;1.327;0.269;236.92;5.6;0.0;0.0;55.0;10.8;58.6;0.65
13/01/2026;14:00:00;1.394;0.283;243.34;5.73;0.0;0.0;55.0;10.7;69.2;0.75
13/01/2026;15:00:00;1.437;0.16;237.71;6.04;0.0;0.0;55.0;11.8;60.1;0.6
13/01/2026;16:00:00;1.842;0.246;240.86;7.65;0.0;0.0;55.0;10.0;56.0;0.7
13/01/2026;17:00:00;2.146;0.149;240.77;8.91;0.0;0.0;55.0;12.2;62.8;0.74
13/01/2026;18:00:00;3.013;0.177;241.54;12.47;6.3;0.0;55.0;8.2;72.3;0.63
13/01/2026;19:00:00;3.35;0.201;237.92;14.08;17.5;0.0;55.0;11.1;59.4;0.32
13/01/2026;20:00:00;4.064;0.596;237.41;17.12;16.8;0.0;55.0;4.7;73.5;0.29
13/01/2026;21:00:00;3.596;0.376;242.39;14.83;19.1;0.0;55.0;6.7;72.9;0.33
13/01/2026;22:00:00;2.812;0.418;241.55;11.64;0.0;0.0;55.0;5.4;63.7;0.33
13/01/2026;23:00:00;2.411;0.363;240.94;10.01;0.0;0.0;55.0;2.3;71.4;0.33
14/01/2026;00:00:00;1.361;0.278;243.15;5.6;0.0;0.0;55.0;3.1;79.8;0.12
14/01/2026;01:00:00;1.254;0.251;240.96;5.21;0.0;0.0;55.0;3.6;74.8;0.12
14/01/2026;02:00:00;1.786;0.307;238.96;7.47;0.0;0.0;55.0;-2.2;74.8;0.12
14/01/2026;03:00:00;1.567;0.296;241.45;6.49;0.0;0.0;55.0;1.8;75.1;0.12
14/01/2026;04:00:00;1.889;0.095;241.26;7.83;0.0;0.0;55.0;-2.6;73.0;0.12
14/01/2026;05:00:00;1.707;0.09;241.33;7.07;0.0;0.0;55.0;0.2;79.8;0.12
14/01/2026;06:00:00;2.166;0.277;237.53;9.12;0.0;0.0;55.0;4.9;76.0;0.25
14/01/2026;07:00:00;3.029;0.488;237.26;12.77;0.0;19.4;55.0;2.6;72.9;0.31
14/01/2026;08:00:00;3.764;0.696;242.46;15.52;0.0;12.7;55.0;2.9;73.2;0.75
14/01/2026;09:00:00;5.402;0.681;239.58;22.55;0.0;4.6;55.0;5.7;64.8;0.73
14/01/2026;10:00:00;2.103;0.441;234.56;8.97;0.0;0.0;55.0;10.4;59.3;0.61
14/01/2026;11:00:00;1.894;0.357;236.16;8.02;0.0;0.0;55.0;5.8;67.9;0.64
14/01/2026;12:00:00;1.736;0.117;236.31;7.35;0.0;0.0;55.0;8.0;67.6;0.66
14/01/2026;13:00:00;1.226;0.153;242.99;5.04;0.0;0.0;55.0;12.6;69.7;0.71
14/01/2026;14:00:00;1.223;0.268;239.86;5.1;0.0;0.0;55.0;13.6;68.1;0.67
14/01/2026;15:00:00;1.636;0.196;240.1;6.81;0.0;0.0;55.0;10.8;66.6;0.68
14/01/2026;16:00:00;1.784;0.206;239.01;7.46;0.0;0.0;55.0;9.0;73.2;0.73
14/01/2026;17:00:00;1.994;0.199;237.04;8.41;0.0;0.0;55.0;13.5;58.9;0.73
14/01/2026;18:00:00;2.982;0.396;242.13;12.31;11.7;0.0;55.0;11.9;70.2;0.74
14/01/2026;19:00:00;3.19;0.555;241.83;13.19;23.4;0.0;55.0;9.5;62.8;0.28
14/01/2026;20:00:00;3.913;0.227;238.03;16.44;5.8;0.0;55.0;6.1;75.7;0.25
14/01/2026;21:00:00;3.532;0.678;243.93;14.48;22.4;0.0;55.0;5.9;69.6;0.3
14/01/2026;22:00:00;3.05;0.628;242.09;12.6;0.0;0.0;55.0;4.5;60.8;0.32
14/01/2026;23:00:00;2.132;0.39;237.61;8.97;0.0;0.0;55.0;4.0;74.9;0.26
15/01/2026;00:00:00;1.46;0.3;239.2;6.1;0.0;0.0;55.0;4.6;74.7;0.12
15/01/2026;01:00:00;1.271;0.084;238.97;5.32;0.0;0.0;55.0;3.0;69.7;0.12
15/01/2026;02:00:00;1.71;0.216;240.87;7.1;0.0;0.0;55.0;-0.4;72.9;0.12
15/01/2026;03:00:00;1.278;0.079;236.0;5.42;0.0;0.0;55.0;3.1;71.2;0.12
15/01/2026;04:00:00;1.766;0.34;238.03;7.42;0.0;0.0;55.0;1.6;63.5;0.12
15/01/2026;05:00:00;1.669;0.354;242.22;6.89;0.0;0.0;55.0;2.7;60.4;0.12
15/01/2026;06:00:00;2.438;0.245;235.56;10.35;0.0;0.0;55.0;4.7;77.2;0.3
15/01/2026;07:00:00;2.991;0.422;239.45;12.49;0.0;6.2;55.0;1.8;68.8;0.32
15/01/2026;08:00:00;3.582;0.36;236.57;15.14;0.0;2.7;55.0;4.7;80.0;0.77
15/01/2026;09:00:00;3.288;0.376;242.56;13.55;0.0;16.4;55.0;5.2;77.1;0.64
15/01/2026;10:00:00;2.384;0.312;240.96;9.9;0.0;0.0;55.0;4.9;78.3;0.77
15/01/2026;11:00:00;1.699;0.313;235.89;7.2;0.0;0.0;55.0;9.0;63.9;0.73
15/01/2026;12:00:00;1.355;0.102;237.08;5.72;0.0;0.0;55.0;13.3;55.7;0.68
15/01/2026;13:00:00;1.456;0.112;240.04;6.07;0.0;0.0;55.0;7.6;62.9;0.65
15/01/2026;14:00:00;1.524;0.129;233.54;6.53;0.0;0.0;55.0;10.8;63.5;0.73
15/01/2026;15:00:00;1.446;0.085;236.92;6.11;0.0;0.0;55.0;12.0;53.0;0.67
15/01/2026;16:00:00;1.586;0.253;237.69;6.67;0.0;0.0;55.0;11.0;63.2;0.74
15/01/2026;17:00:00;2.281;0.188;243.6;9.36;0.0;0.0;55.0;10.2;65.3;0.58
15/01/2026;18:00:00;2.967;0.369;238.39;12.44;20.0;0.0;55.0;7.6;61.9;0.7
15/01/2026;19:00:00;3.454;0.575;241.85;14.28;14.8;0.0;55.0;8.8;62.1;0.23
15/01/2026;20:00:00;3.841;0.485;238.68;16.09;11.2;0.0;55.0;6.2;68.4;0.24
15/01/2026;21:00:00;3.751;0.765;242.08;15.5;16.3;0.0;55.0;2.7;74.0;0.33
15/01/2026;22:00:00;2.718;0.491;235.65;11.53;0.0;0.0;55.0;6.5;64.7;0.28
15/01/2026;23:00:00;2.304;0.222;237.97;9.68;0.0;0.0;55.0;4.9;71.9;0.31
16/01/2026;00:00:00;1.339;0.097;239.69;5.59;0.0;0.0;55.0;2.5;73.1;0.12
16/01/2026;01:00:00;1.62;0.327;240.5;6.74;0.0;0.0;55.0;2.0;73.0;0.12
16/01/2026;02:00:00;1.579;0.185;240.91;6.55;0.0;0.0;55.0;2.8;68.9;0.12
16/01/2026;03:00:00;1.72;0.198;240.54;7.15;0.0;0.0;55.0;1.3;66.7;0.12
16/01/2026;04:00:00;1.53;0.287;241.42;6.34;0.0;0.0;55.0;2.5;80.9;0.12
16/01/2026;05:00:00;1.718;0.089;239.97;7.16;0.0;0.0;55.0;1.2;76.6;0.12
16/01/2026;06:00:00;5.977;0.757;240.49;24.85;0.0;0.0;55.0;4.4;75.9;0.3
16/01/2026;07:00:00;2.927;0.502;237.16;12.34;0.0;2.4;55.0;4.0;70.8;0.34
16/01/2026;08:00:00;3.552;0.69;235.47;15.08;0.0;15.9;55.0;5.0;69.6;0.65
16/01/2026;09:00:00;3.368;0.675;236.87;14.22;0.0;10.3;55.0;4.1;73.6;0.77
16/01/2026;10:00:00;2.459;0.318;235.28;10.45;0.0;0.0;55.0;7.7;59.0;0.67
16/01/2026;11:00:00;1.928;0.374;240.63;8.01;0.0;0.0;55.0;7.3;63.0;0.77
16/01/2026;12:00:00;1.385;0.078;242.63;5.71;0.0;0.0;55.0;8.6;63.5;0.64
16/01/2026;13:00:00;1.448;0.148;237.35;6.1;0.0;0.0;55.0;9.1;64.8;0.66
16/01/2026;14:00:00;1.732;0.09;242.82;7.13;0.0;0.0;55.0;9.2;62.6;0.71
16/01/2026;15:00:00;1.205;0.094;241.27;4.99;0.0;0.0;55.0;14.2;64.7;0.79
16/01/2026;16:00:00;1.659;0.287;238.45;6.96;0.0;0.0;55.0;12.8;64.5;0.63
16/01/2026;17:00:00;2.017;0.102;239.02;8.44;0.0;0.0;55.0;13.2;70.8;0.68
16/01/2026;18:00:00;3.002;0.417;243.12;12.35;8.4;0.0;55.0;7.7;80.6;0.69
16/01/2026;19:00:00;3.414;0.411;233.49;14.62;2.7;0.0;55.0;8.6;61.2;0.22
16/01/2026;20:00:00;4.136;0.293;243.11;17.01;8.0;0.0;55.0;5.4;70.9;0.34
16/01/2026;21:00:00;3.696;0.616;242.51;15.24;18.8;0.0;55.0;5.0;71.2;0.31
16/01/2026;22:00:00;2.993;0.502;238.35;12.56;0.0;0.0;55.0;3.3;71.7;0.26
16/01/2026;23:00:00;2.078;0.36;239.74;8.67;0.0;0.0;55.0;5.4;64.7;0.3
17/01/2026;00:00:00;1.486;0.268;244.55;6.08;0.0;0.0;55.0;1.9;68.3;0.14
17/01/2026;01:00:00;1.254;0.13;236.33;5.31;0.0;0.0;55.0;3.3;73.0;0.14
17/01/2026;02:00:00;3.649;0.799;239.49;15.24;0.0;0.0;55.0;2.1;68.0;0.14
17/01/2026;03:00:00;1.344;0.084;241.81;5.56;0.0;0.0;55.0;4.5;71.6;0.14
17/01/2026;04:00:00;1.449;0.232;240.59;6.02;0.0;0.0;55.0;-1.0;74.0;0.14
17/01/2026;05:00:00;1.844;0.396;240.15;7.68;0.0;0.0;55.0;3.6;72.3;0.14
17/01/2026;06:00:00;2.176;0.192;245.09;8.88;0.0;0.0;55.0;4.2;66.3;0.28
17/01/2026;07:00:00;3.237;0.315;236.9;13.67;0.0;12.4;55.0;2.0;73.6;0.28
17/01/2026;08:00:00;3.471;0.513;237.02;14.64;0.0;3.1;55.0;6.2;65.0;0.26
17/01/2026;09:00:00;3.207;0.586;232.96;13.77;0.0;18.5;55.0;6.5;70.0;0.35
17/01/2026;10:00:00;2.083;0.221;236.98;8.79;0.0;0.0;55.0;7.0;75.5;0.31
17/01/2026;11:00:00;1.343;0.258;238.14;5.64;0.0;0.0;55.0;7.3;69.9;0.38
17/01/2026;12:00:00;1.412;0.128;240.9;5.86;0.0;0.0;55.0;8.5;69.2;0.29
17/01/2026;13:00:00;0.812;0.161;242.69;3.35;0.0;0.0;55.0;13.4;67.8;0.32
17/01/2026;14:00:00;1.199;0.111;237.3;5.05;0.0;0.0;55.0;10.8;58.7;0.34
17/01/2026;15:00:00;1.246;0.193;239.6;5.2;0.0;0.0;55.0;12.2;73.3;0.37
17/01/2026;16:00:00;1.181;0.131;243.91;4.84;0.0;0.0;55.0;9.6;61.4;0.33
17/01/2026;17:00:00;1.934;0.202;239.48;8.07;0.0;0.0;55.0;9.2;71.5;0.3
17/01/2026;18:00:00;2.817;0.31;241.45;11.67;16.3;0.0;55.0;11.2;69.2;0.37
17/01/2026;19:00:00;3.575;0.482;243.14;14.7;4.0;0.0;55.0;6.5;64.7;0.3
17/01/2026;20:00:00;4.025;0.78;237.4;16.96;8.8;0.0;55.0;6.7;74.1;0.26
17/01/2026;21:00:00;3.94;0.706;236.83;16.64;19.9;0.0;55.0;6.1;72.0;0.31
17/01/2026;22:00:00;3.23;0.408;244.54;13.21;0.0;0.0;55.0;4.9;80.0;0.36
17/01/2026;23:00:00;2.482;0.243;241.62;10.27;0.0;0.0;55.0;3.2;72.8;0.26
18/01/2026;00:00:00;1.481;0.289;236.28;6.27;0.0;0.0;55.0;3.1;71.4;0.14
18/01/2026;01:00:00;1.246;0.247;237.04;5.26;0.0;0.0;55.0;2.7;69.7;0.14
18/01/2026;02:00:00;1.321;0.168;239.44;5.52;0.0;0.0;55.0;2.3;63.9;0.14
18/01/2026;03:00:00;1.738;0.293;243.9;7.13;0.0;0.0;55.0;-0.5;73.2;0.14
18/01/2026;04:00:00;1.808;0.204;242.75;7.45;0.0;0.0;55.0;0.7;72.4;0.14
18/01/2026;05:00:00;1.567;0.118;242.99;6.45;0.0;0.0;55.0;3.5;72.9;0.14
18/01/2026;06:00:00;2.395;0.251;238.78;10.03;0.0;0.0;55.0;3.8;64.2;0.3
18/01/2026;07:00:00;3.452;0.573;239.98;14.38;0.0;5.5;55.0;1.4;72.1;0.35
18/01/2026;08:00:00;3.558;0.643;237.76;14.96;0.0;13.4;55.0;5.2;73.1;0.34
18/01/2026;09:00:00;3.232;0.63;238.84;13.53;0.0;5.8;55.0;3.0;75.4;0.36
18/01/2026;10:00:00;2.125;0.113;236.86;8.97;0.0;0.0;55.0;7.4;59.2;0.37
18/01/2026;11:00:00;1.642;0.218;237.56;6.91;0.0;0.0;55.0;11.3;68.9;0.38
18/01/2026;12:00:00;1.335;0.129;237.97;5.61;0.0;0.0;55.0;8.1;66.7;0.31
18/01/2026;13:00:00;1.327;0.221;239.59;5.54;0.0;0.0;55.0;9.1;66.2;0.39
18/01/2026;14:00:00;1.079;0.099;241.18;4.47;0.0;0.0;55.0;12.0;53.0;0.28
18/01/2026;15:00:00;5.089;0.744;244.67;20.8;0.0;0.0;55.0;8.7;74.9;0.35
18/01/2026;16:00:00;1.564;0.267;238.98;6.54;0.0;0.0;55.0;9.9;67.4;0.33
18/01/2026;17:00:00;2.014;0.364;241.65;8.33;0.0;0.0;55.0;11.2;57.8;0.37
18/01/2026;18:00:00;2.943;0.282;239.5;12.29;16.6;0.0;55.0;8.6;69.4;0.32
18/01/2026;19:00:00;3.875;0.252;242.7;15.97;22.6;0.0;55.0;8.1;69.6;0.36
18/01/2026;20:00:00;4.066;0.354;236.49;17.19;19.1;0.0;55.0;8.4;73.8;0.38
18/01/2026;21:00:00;3.778;0.574;238.5;15.84;2.0;0.0;55.0;6.6;67.5;0.35
18/01/2026;22:00:00;3.286;0.187;241.86;13.59;0.0;0.0;55.0;5.1;70.4;0.36
18/01/2026;23:00:00;2.4;0.185;241.63;9.93;0.0;0.0;55.0;3.0;68.8;0.26
19/01/2026;00:00:00;1.373;0.301;241.68;5.68;0.0;0.0;55.0;3.0;75.0;0.12
19/01/2026;01:00:00;1.276;0.147;243.95;5.23;0.0;0.0;55.0;1.5;69.3;0.12
19/01/2026;02:00:00;1.601;0.215;235.15;6.81;0.0;0.0;55.0;1.9;68.4;0.12
19/01/2026;03:00:00;1.651;0.086;236.49;6.98;0.0;0.0;55.0;0.3;73.9;0.12
19/01/2026;04:00:00;1.679;0.253;241.57;6.95;0.0;0.0;55.0;0.9;67.6;0.12
19/01/2026;05:00:00;4.075;0.429;242.28;16.82;0.0;0.0;55.0;0.2;82.3;0.12
19/01/2026;06:00:00;2.125;0.298;241.83;8.79;0.0;0.0;55.0;2.4;82.1;0.26
19/01/2026;07:00:00;3.056;0.426;247.58;12.34;0.0;0.5;55.0;2.3;70.3;0.28
19/01/2026;08:00:00;3.57;0.766;237.44;15.03;0.0;1.5;55.0;3.0;65.0;0.66
19/01/2026;09:00:00;2.952;0.282;241.03;12.25;0.0;14.2;55.0;6.4;71.0;0.64
19/01/2026;10:00:00;2.425;0.356;239.8;10.11;0.0;0.0;55.0;7.6;65.9;0.73
19/01/2026;11:00:00;1.921;0.221;241.74;7.94;0.0;0.0;55.0;9.7;72.5;0.7
19/01/2026;12:00:00;1.734;0.211;241.05;7.19;0.0;0.0;55.0;8.9;63.4;0.67
19/01/2026;13:00:00;1.514;0.09;238.55;6.35;0.0;0.0;55.0;10.9;68.4;0.73
19/01/2026;14:00:00;1.355;0.226;241.09;5.62;0.0;0.0;55.0;11.7;65.6;0.66
19/01/2026;15:00:00;1.438;0.12;240.23;5.99;0.0;0.0;55.0;11.7;61.7;0.69
19/01/2026;16:00:00;1.783;0.231;240.36;7.42;0.0;0.0;55.0;9.6;67.9;0.79
19/01/2026;17:00:00;2.177;0.27;243.17;8.95;0.0;0.0;55.0;10.6;70.3;0.66
19/01/2026;18:00:00;3.018;0.391;246.95;12.22;1.5;0.0;55.0;10.1;66.8;0.62
19/01/2026;19:00:00;3.6;0.41;234.64;15.34;20.7;0.0;55.0;8.5;68.1;0.23
19/01/2026;20:00:00;3.874;0.353;243.61;15.9;1.0;0.0;55.0;4.2;66.7;0.28
19/01/2026;21:00:00;3.325;0.42;241.8;13.75;9.8;0.0;55.0;6.2;75.1;0.29
19/01/2026;22:00:00;2.688;0.156;237.92;11.3;0.0;0.0;55.0;8.0;73.2;0.27
19/01/2026;23:00:00;2.45;0.223;238.98;10.25;0.0;0.0;55.0;3.0;70.0;0.26
20/01/2026;00:00:00;1.762;0.323;242.47;7.27;0.0;0.0;55.0;1.4;72.7;0.12
20/01/2026;01:00:00;1.619;0.313;240.14;6.74;0.0;0.0;55.0;2.2;79.7;0.12
20/01/2026;02:00:00;1.653;0.284;239.86;6.89;0.0;0.0;55.0;1.6;67.4;0.12
20/01/2026;03:00:00;1.334;0.21;238.08;5.6;0.0;0.0;55.0;2.8;75.2;0.12
20/01/2026;04:00:00;1.592;0.299;237.87;6.69;0.0;0.0;55.0;-0.7;72.2;0.12
20/01/2026;05:00:00;1.515;0.109;237.3;6.38;0.0;0.0;55.0;2.8;81.1;0.12
20/01/2026;06:00:00;2.158;0.301;238.57;9.05;0.0;0.0;55.0;3.4;72.0;0.25
20/01/2026;07:00:00;3.052;0.213;239.64;12.74;0.0;13.1;55.0;3.3;78.1;0.25
20/01/2026;08:00:00;3.72;0.678;240.99;15.44;0.0;12.1;55.0;5.2;66.4;0.67
20/01/2026;09:00:00;3.028;0.419;237.7;12.74;0.0;14.8;55.0;7.5;62.1;0.62
20/01/2026;10:00:00;2.298;0.431;242.12;9.49;0.0;0.0;55.0;8.6;66.3;0.76
20/01/2026;11:00:00;1.84;0.342;237.46;7.75;0.0;0.0;55.0;6.8;70.3;0.79
20/01/2026;12:00:00;1.512;0.195;242.15;6.24;0.0;0.0;55.0;10.8;63.2;0.77
20/01/2026;13:00:00;1.503;0.202;237.58;6.33;0.0;0.0;55.0;10.2;70.0;0.73
20/01/2026;14:00:00;1.298;0.071;245.65;5.28;0.0;0.0;55.0;10.9;64.6;0.75
20/01/2026;15:00:00;1.633;0.227;241.82;6.75;0.0;0.0;55.0;11.1;55.1;0.72
20/01/2026;16:00:00;1.726;0.285;242.35;7.12;0.0;0.0;55.0;10.6;68.7;0.72
20/01/2026;17:00:00;2.272;0.204;239.52;9.48;0.0;0.0;55.0;12.1;60.3;0.73
20/01/2026;18:00:00;3.048;0.664;241.7;12.61;10.8;0.0;55.0;9.4;65.1;0.75
20/01/2026;19:00:00;3.603;0.777;236.49;15.24;24.3;0.0;55.0;6.8;76.7;0.34
20/01/2026;20:00:00;3.733;0.366;237.27;15.73;9.5;0.0;55.0;6.7;77.9;0.27
20/01/2026;21:00:00;3.546;0.607;239.14;14.83;2.4;0.0;55.0;6.3;66.5;0.32
20/01/2026;22:00:00;2.905;0.16;244.25;11.9;0.0;0.0;55.0;6.5;72.0;0.26
20/01/2026;23:00:00;2.243;0.366;242.82;9.24;0.0;0.0;55.0;4.4;68.1;0.26
21/01/2026;00:00:00;1.392;0.217;233.74;5.96;0.0;0.0;55.0;1.2;72.0;0.12
21/01/2026;01:00:00;3.486;0.661;237.24;14.69;0.0;0.0;55.0;5.4;67.1;0.12
21/01/2026;02:00:00;1.549;0.158;239.76;6.46;0.0;0.0;55.0;1.6;64.5;0.12
21/01/2026;03:00:00;1.593;0.317;243.52;6.54;0.0;0.0;55.0;2.9;72.5;0.12
21/01/2026;04:00:00;1.729;0.339;240.68;7.18;0.0;0.0;55.0;0.9;75.1;0.12
21/01/2026;05:00:00;1.684;0.276;232.9;7.23;0.0;0.0;55.0;2.5;69.1;0.12
21/01/2026;06:00:00;2.163;0.282;236.72;9.14;0.0;0.0;55.0;3.7;76.9;0.26
21/01/2026;07:00:00;2.865;0.444;242.02;11.84;0.0;15.9;55.0;5.3;68.0;0.34
21/01/2026;08:00:00;3.479;0.606;240.57;14.46;0.0;4.6;55.0;6.3;66.2;0.77
21/01/2026;09:00:00;3.154;0.681;240.38;13.12;0.0;3.6;55.0;7.3;71.2;0.74
21/01/2026;10:00:00;2.5;0.177;243.11;10.28;0.0;0.0;55.0;6.8;61.2;0.68
21/01/2026;11:00:00;1.915;0.198;239.03;8.01;0.0;0.0;55.0;7.6;72.8;0.6
21/01/2026;12:00:00;1.472;0.269;241.96;6.08;0.0;0.0;55.0;10.0;64.4;0.71
21/01/2026;13:00:00;1.315;0.157;244.6;5.38;0.0;0.0;55.0;11.7;70.0;0.71
21/01/2026;14:00:00;1.425;0.234;240.63;5.92;0.0;0.0;55.0;10.5;72.4;0.72
21/01/2026;15:00:00;1.208;0.088;237.5;5.09;0.0;0.0;55.0;12.6;67.5;0.73
21/01/2026;16:00:00;1.498;0.256;238.81;6.27;0.0;0.0;55.0;13.0;59.9;0.73
21/01/2026;17:00:00;2.266;0.373;237.47;9.54;0.0;0.0;55.0;9.0;61.0;0.62
21/01/2026;18:00:00;3.118;0.466;233.73;13.34;3.9;0.0;55.0;8.3;60.6;0.69
21/01/2026;19:00:00;3.538;0.637;237.79;14.88;18.9;0.0;55.0;8.3;73.3;0.34
21/01/2026;20:00:00;3.661;0.731;241.78;15.14;6.0;0.0;55.0;7.8;67.5;0.27
21/01/2026;21:00:00;3.601;0.688;240.03;15.0;23.9;0.0;55.0;5.2;67.2;0.33
21/01/2026;22:00:00;2.844;0.204;243.8;11.66;0.0;0.0;55.0;6.7;68.4;0.33
21/01/2026;23:00:00;2.218;0.392;240.4;9.23;0.0;0.0;55.0;4.1;76.5;0.25
22/01/2026;00:00:00;1.527;0.193;242.47;6.3;0.0;0.0;55.0;2.5;76.3;0.12
22/01/2026;01:00:00;1.468;0.157;235.07;6.25;0.0;0.0;55.0;-0.5;77.0;0.12
22/01/2026;02:00:00;1.507;0.301;238.77;6.31;0.0;0.0;55.0;-0.8;78.2;0.12
22/01/2026;03:00:00;1.482;0.215;239.25;6.19;0.0;0.0;55.0;1.4;74.2;0.12
22/01/2026;04:00:00;1.605;0.217;237.69;6.75;0.0;0.0;55.0;-2.0;77.5;0.12
22/01/2026;05:00:00;1.42;0.26;244.27;5.81;0.0;0.0;55.0;3.2;73.0;0.12
22/01/2026;06:00:00;2.145;0.309;234.6;9.14;0.0;0.0;55.0;2.2;72.6;0.27
22/01/2026;07:00:00;2.646;0.518;239.68;11.04;0.0;5.6;55.0;8.4;71.5;0.29
22/01/2026;08:00:00;3.35;0.226;243.17;13.78;0.0;14.2;55.0;8.2;69.7;0.58
22/01/2026;09:00:00;3.224;0.587;242.14;13.32;0.0;18.0;55.0;5.7;65.4;0.69
22/01/2026;10:00:00;2.615;0.204;238.94;10.94;0.0;0.0;55.0;7.1;71.3;0.77
22/01/2026;11:00:00;1.758;0.155;237.48;7.4;0.0;0.0;55.0;10.0;67.6;0.75
22/01/2026;12:00:00;1.424;0.115;243.05;5.86;0.0;0.0;55.0;12.1;67.8;0.71
22/01/2026;13:00:00;1.555;0.141;238.54;6.52;0.0;0.0;55.0;7.9;67.6;0.68
22/01/2026;14:00:00;1.584;0.276;237.67;6.67;0.0;0.0;55.0;8.2;71.9;0.71
22/01/2026;15:00:00;1.825;0.295;242.8;7.52;0.0;0.0;55.0;10.1;66.0;0.71
22/01/2026;16:00:00;1.665;0.148;240.86;6.91;0.0;0.0;55.0;11.7;68.7;0.62
22/01/2026;17:00:00;2.262;0.217;239.01;9.46;0.0;0.0;55.0;11.1;63.3;0.72
22/01/2026;18:00:00;2.76;0.185;240.91;11.46;20.0;0.0;55.0;11.1;63.6;0.69
22/01/2026;19:00:00;3.53;0.425;241.25;14.63;4.5;0.0;55.0;6.7;72.0;0.22
22/01/2026;20:00:00;4.035;0.461;239.85;16.82;4.1;0.0;55.0;3.8;69.7;0.23
22/01/2026;21:00:00;3.598;0.269;240.43;14.97;19.0;0.0;55.0;7.3;79.6;0.24
22/01/2026;22:00:00;3.094;0.594;233.94;13.22;0.0;0.0;55.0;3.5;74.5;0.26
22/01/2026;23:00:00;2.496;0.487;239.7;10.41;0.0;0.0;55.0;0.5;74.1;0.28
23/01/2026;00:00:00;1.415;0.097;238.21;5.94;0.0;0.0;55.0;2.7;76.4;0.12
23/01/2026;01:00:00;1.416;0.135;237.76;5.95;0.0;0.0;55.0;2.9;69.7;0.12
23/01/2026;02:00:00;1.55;0.271;238.08;6.51;0.0;0.0;55.0;1.0;78.2;0.12
23/01/2026;03:00:00;1.736;0.344;238.61;7.28;0.0;0.0;55.0;0.3;78.6;0.12
23/01/2026;04:00:00;1.72;0.107;239.17;7.19;0.0;0.0;55.0;0.9;79.9;0.12
23/01/2026;05:00:00;1.863;0.379;240.46;7.75;0.0;0.0;55.0;1.1;71.3;0.12
23/01/2026;06:00:00;2.693;0.163;237.95;11.32;0.0;0.0;55.0;0.4;67.9;0.3
23/01/2026;07:00:00;2.722;0.429;241.45;11.27;0.0;2.1;55.0;2.4;69.4;0.31
23/01/2026;08:00:00;3.445;0.185;242.06;14.23;0.0;5.1;55.0;5.5;68.6;0.66
23/01/2026;09:00:00;3.093;0.643;242.03;12.78;0.0;7.7;55.0;6.5;77.6;0.68
23/01/2026;10:00:00;2.296;0.253;242.62;9.46;0.0;0.0;55.0;7.5;79.3;0.74
23/01/2026;11:00:00;1.802;0.289;238.41;7.56;0.0;0.0;55.0;7.0;70.5;0.74
23/01/2026;12:00:00;1.265;0.103;239.24;5.29;0.0;0.0;55.0;9.3;67.0;0.59
23/01/2026;13:00:00;1.592;0.167;240.69;6.61;0.0;0.0;55.0;7.1;67.0;0.68
23/01/2026;14:00:00;1.601;0.283;238.81;6.7;0.0;0.0;55.0;11.1;69.6;0.79
23/01/2026;15:00:00;1.434;0.309;236.76;6.06;0.0;0.0;55.0;13.1;74.8;0.65
23/01/2026;16:00:00;1.797;0.393;238.59;7.53;0.0;0.0;55.0;8.6;76.4;0.71
23/01/2026;17:00:00;2.326;0.436;244.58;9.51;0.0;0.0;55.0;9.5;72.5;0.69
23/01/2026;18:00:00;3.196;0.62;237.92;13.43;3.8;0.0;55.0;10.0;72.0;0.77
23/01/2026;19:00:00;3.156;0.678;237.78;13.27;1.9;0.0;55.0;10.4;70.3;0.32
23/01/2026;20:00:00;3.833;0.218;238.47;16.07;4.0;0.0;55.0;6.6;68.9;0.31
23/01/2026;21:00:00;3.654;0.288;241.56;15.13;13.2;0.0;55.0;5.0;66.7;0.26
23/01/2026;22:00:00;3.095;0.182;240.97;12.84;0.0;0.0;55.0;1.8;72.9;0.23
23/01/2026;23:00:00;2.404;0.325;241.98;9.93;0.0;0.0;55.0;3.7;73.6;0.26
24/01/2026;00:00:00;1.099;0.234;247.09;4.45;0.0;0.0;55.0;5.5;62.7;0.14
24/01/2026;01:00:00;1.365;0.203;242.3;5.63;0.0;0.0;55.0;2.1;72.0;0.14
24/01/2026;02:00:00;1.625;0.235;242.52;6.7;0.0;0.0;55.0;1.1;69.4;0.14
24/01/2026;03:00:00;1.325;0.252;248.01;5.34;0.0;0.0;55.0;1.5;78.3;0.14
24/01/2026;04:00:00;1.698;0.353;241.37;7.03;0.0;0.0;55.0;1.2;70.7;0.14
24/01/2026;05:00:00;1.918;0.324;238.9;8.03;0.0;0.0;55.0;0.5;75.7;0.14
24/01/2026;06:00:00;2.437;0.493;239.15;10.19;0.0;0.0;55.0;3.7;67.9;0.27
24/01/2026;07:00:00;3.124;0.249;242.96;12.86;0.0;3.8;55.0;3.8;79.3;0.32
24/01/2026;08:00:00;3.61;0.489;236.5;15.26;0.0;18.7;55.0;4.7;62.1;0.33
24/01/2026;09:00:00;3.052;0.342;234.55;13.01;0.0;19.9;55.0;4.5;73.1;0.38
24/01/2026;10:00:00;1.989;0.212;237.7;8.37;0.0;0.0;55.0;9.2;60.6;0.3
24/01/2026;11:00:00;1.525;0.132;242.3;6.3;0.0;0.0;55.0;9.5;64.3;0.39
24/01/2026;12:00:00;1.192;0.241;241.66;4.93;0.0;0.0;55.0;8.7;68.5;0.33
24/01/2026;13:00:00;1.06;0.134;239.55;4.42;0.0;0.0;55.0;11.8;66.2;0.29
24/01/2026;14:00:00;1.014;0.142;242.99;4.17;0.0;0.0;55.0;10.1;67.5;0.28
24/01/2026;15:00:00;1.287;0.125;241.7;5.32;0.0;0.0;55.0;9.8;67.3;0.27
24/01/2026;16:00:00;1.769;0.378;240.96;7.34;0.0;0.0;55.0;9.7;63.4;0.32
24/01/2026;17:00:00;2.027;0.312;239.95;8.45;0.0;0.0;55.0;7.7;67.4;0.26
24/01/2026;18:00:00;2.878;0.144;242.51;11.87;9.8;0.0;55.0;10.2;66.4;0.31
24/01/2026;19:00:00;7.609;0.727;242.11;31.43;10.1;0.0;55.0;5.8;70.8;0.39
24/01/2026;20:00:00;4.224;0.929;239.24;17.66;17.0;0.0;55.0;5.5;69.7;0.35
24/01/2026;21:00:00;4.234;0.913;242.28;17.48;23.2;0.0;55.0;2.9;75.7;0.36
24/01/2026;22:00:00;3.133;0.447;238.17;13.15;0.0;0.0;55.0;4.6;71.2;0.27
24/01/2026;23:00:00;2.581;0.377;240.66;10.72;0.0;0.0;55.0;3.3;72.8;0.32
25/01/2026;00:00:00;1.535;0.312;241.12;6.36;0.0;0.0;55.0;2.0;70.9;0.14
25/01/2026;01:00:00;1.596;0.272;239.06;6.68;0.0;0.0;55.0;0.1;69.1;0.14
25/01/2026;02:00:00;1.523;0.317;240.38;6.34;0.0;0.0;55.0;-0.6;75.6;0.14
25/01/2026;03:00:00;1.599;0.21;241.7;6.62;0.0;0.0;55.0;1.7;79.1;0.14
25/01/2026;04:00:00;1.685;0.364;236.97;7.11;0.0;0.0;55.0;0.3;76.3;0.14
25/01/2026;05:00:00;1.579;0.224;240.52;6.56;0.0;0.0;55.0;2.1;68.6;0.14
25/01/2026;06:00:00;2.461;0.393;246.2;10.0;0.0;0.0;55.0;1.1;77.6;0.37
25/01/2026;07:00:00;2.827;0.181;237.69;11.89;0.0;6.1;55.0;3.8;69.7;0.28
25/01/2026;08:00:00;3.251;0.501;242.88;13.38;0.0;5.0;55.0;6.7;72.6;0.31
25/01/2026;09:00:00;2.997;0.541;239.73;12.5;0.0;1.2;55.0;6.9;67.1;0.36
25/01/2026;10:00:00;2.084;0.26;243.31;8.57;0.0;0.0;55.0;6.7;70.8;0.33
25/01/2026;11:00:00;1.394;0.189;237.97;5.86;0.0;0.0;55.0;8.9;64.7;0.31
25/01/2026;12:00:00;1.382;0.162;240.02;5.76;0.0;0.0;55.0;9.2;64.6;0.26
25/01/2026;13:00:00;1.303;0.28;246.19;5.29;0.0;0.0;55.0;10.3;58.3;0.36
25/01/2026;14:00:00;1.139;0.149;239.52;4.75;0.0;0.0;55.0;10.3;68.7;0.39
25/01/2026;15:00:00;1.347;0.096;241.77;5.57;0.0;0.0;55.0;10.8;67.6;0.34
25/01/2026;16:00:00;1.663;0.091;241.66;6.88;0.0;0.0;55.0;11.1;67.6;0.37
25/01/2026;17:00:00;2.237;0.406;234.32;9.55;0.0;0.0;55.0;8.8;68.7;0.32
25/01/2026;18:00:00;3.027;0.433;241.25;12.55;8.0;0.0;55.0;8.0;64.2;0.28
25/01/2026;19:00:00;3.988;0.201;236.53;16.86;9.8;0.0;55.0;6.4;74.1;0.25
25/01/2026;20:00:00;4.448;0.512;241.77;18.4;23.7;0.0;55.0;4.9;75.4;0.34
25/01/2026;21:00:00;3.898;0.801;240.33;16.22;11.5;0.0;55.0;4.2;67.1;0.32
25/01/2026;22:00:00;3.213;0.678;236.88;13.56;0.0;0.0;55.0;4.9;73.1;0.36
25/01/2026;23:00:00;2.517;0.149;236.67;10.63;0.0;0.0;55.0;2.2;77.0;0.35
26/01/2026;00:00:00;1.54;0.109;239.8;6.42;0.0;0.0;55.0;3.2;69.5;0.12
26/01/2026;01:00:00;1.423;0.072;246.95;5.76;0.0;0.0;55.0;1.7;71.5;0.12
26/01/2026;02:00:00;1.613;0.319;244.55;6.6;0.0;0.0;55.0;-1.8;78.5;0.12
26/01/2026;03:00:00;1.607;0.1;241.01;6.67;0.0;0.0;55.0;2.0;65.3;0.12
26/01/2026;04:00:00;1.535;0.105;241.44;6.36;0.0;0.0;55.0;2.4;67.0;0.12
26/01/2026;05:00:00;2.082;0.185;241.68;8.62;0.0;0.0;55.0;0.2;69.3;0.12
26/01/2026;06:00:00;2.131;0.439;238.5;8.93;0.0;0.0;55.0;3.1;62.9;0.23
26/01/2026;07:00:00;3.016;0.504;238.06;12.67;0.0;7.2;55.0;2.2;78.1;0.34
26/01/2026;08:00:00;3.788;0.587;242.38;15.63;0.0;13.9;55.0;4.9;60.6;0.81
26/01/2026;09:00:00;3.15;0.578;238.32;13.22;0.0;7.8;55.0;4.1;72.8;0.76
26/01/2026;10:00:00;2.658;0.446;244.03;10.89;0.0;0.0;55.0;4.6;74.8;0.67
26/01/2026;11:00:00;1.646;0.291;236.21;6.97;0.0;0.0;55.0;7.9;66.6;0.65
26/01/2026;12:00:00;1.563;0.098;237.48;6.58;0.0;0.0;55.0;9.3;63.6;0.62
26/01/2026;13:00:00;1.264;0.19;243.96;5.18;0.0;0.0;55.0;9.7;67.8;0.7
26/01/2026;14:00:00;1.531;0.273;239.2;6.4;0.0;0.0;55.0;9.1;67.2;0.68
26/01/2026;15:00:00;1.282;0.187;239.66;5.35;0.0;0.0;55.0;10.4;71.1;0.58
26/01/2026;16:00:00;1.956;0.102;241.81;8.09;0.0;0.0;55.0;11.2;52.3;0.7
26/01/2026;17:00:00;2.058;0.177;243.24;8.46;0.0;0.0;55.0;10.3;61.6;0.61
26/01/2026;18:00:00;2.848;0.609;241.71;11.78;24.0;0.0;55.0;9.8;69.4;0.65
26/01/2026;19:00:00;3.549;0.603;240.8;14.74;18.5;0.0;55.0;7.5;68.7;0.29
26/01/2026;20:00:00;3.654;0.61;242.24;15.09;0.5;0.0;55.0;9.1;70.9;0.34
26/01/2026;21:00:00;3.779;0.613;241.15;15.67;11.0;0.0;55.0;4.2;72.3;0.3
26/01/2026;22:00:00;2.828;0.203;243.04;11.64;0.0;0.0;55.0;5.4;69.4;0.28
26/01/2026;23:00:00;2.151;0.109;248.0;8.67;0.0;0.0;55.0;5.3;68.7;0.31
27/01/2026;00:00:00;1.402;0.175;241.41;5.81;0.0;0.0;55.0;3.2;83.5;0.12
27/01/2026;01:00:00;1.368;0.172;237.59;5.76;0.0;0.0;55.0;1.4;81.0;0.12
27/01/2026;02:00:00;1.621;0.305;242.91;6.68;0.0;0.0;55.0;0.4;76.6;0.12
27/01/2026;03:00:00;1.555;0.126;239.59;6.49;0.0;0.0;55.0;2.6;72.7;0.12
27/01/2026;04:00:00;3.972;0.384;240.94;16.48;0.0;0.0;55.0;-1.0;77.9;0.12
27/01/2026;05:00:00;1.904;0.121;241.03;7.9;0.0;0.0;55.0;0.2;78.4;0.12
27/01/2026;06:00:00;2.1;0.248;238.37;8.81;0.0;0.0;55.0;1.9;75.0;0.25
27/01/2026;07:00:00;2.83;0.265;238.96;11.84;0.0;11.5;55.0;5.4;66.4;0.33
27/01/2026;08:00:00;3.609;0.342;233.54;15.45;0.0;17.8;55.0;5.3;79.1;0.82
27/01/2026;09:00:00;3.303;0.308;239.72;13.78;0.0;9.6;55.0;4.5;72.0;0.57
27/01/2026;10:00:00;2.347;0.21;241.57;9.72;0.0;0.0;55.0;6.8;79.0;0.73
27/01/2026;11:00:00;1.515;0.158;240.04;6.31;0.0;0.0;55.0;7.6;69.3;0.63
27/01/2026;12:00:00;1.421;0.201;238.71;5.95;0.0;0.0;55.0;8.5;66.4;0.62
27/01/2026;13:00:00;1.276;0.159;241.06;5.29;0.0;0.0;55.0;11.8;71.9;0.69
27/01/2026;14:00:00;1.297;0.079;237.36;5.46;0.0;0.0;55.0;8.8;68.9;0.69
27/01/2026;15:00:00;1.502;0.184;237.04;6.34;0.0;0.0;55.0;13.4;64.3;0.73
27/01/2026;16:00:00;1.458;0.283;241.47;6.04;0.0;0.0;55.0;12.1;58.7;0.67
27/01/2026;17:00:00;2.225;0.149;241.63;9.21;0.0;0.0;55.0;12.0;68.1;0.72
27/01/2026;18:00:00;2.974;0.626;241.43;12.32;3.1;0.0;55.0;8.8;64.9;0.77
27/01/2026;19:00:00;3.642;0.373;239.16;15.23;22.4;0.0;55.0;8.3;65.5;0.31
27/01/2026;20:00:00;3.856;0.202;243.06;15.86;9.2;0.0;55.0;5.1;67.8;0.25
27/01/2026;21:00:00;3.541;0.329;236.85;14.95;17.1;0.0;55.0;5.2;72.4;0.26
27/01/2026;22:00:00;2.938;0.182;239.17;12.29;0.0;0.0;55.0;5.4;62.4;0.23
27/01/2026;23:00:00;2.102;0.307;242.09;8.68;0.0;0.0;55.0;5.4;69.0;0.3
28/01/2026;00:00:00;1.617;0.168;242.41;6.67;0.0;0.0;55.0;0.8;78.7;0.12
28/01/2026;01:00:00;1.471;0.275;237.84;6.18;0.0;0.0;55.0;1.1;67.3;0.12
28/01/2026;02:00:00;1.469;0.256;246.0;5.97;0.0;0.0;55.0;0.9;74.5;0.12
28/01/2026;03:00:00;1.658;0.215;239.63;6.92;0.0;0.0;55.0;-1.1;72.1;0.12
28/01/2026;04:00:00;1.393;0.202;240.25;5.8;0.0;0.0;55.0;2.1;70.7;0.12
28/01/2026;05:00:00;1.782;0.273;242.74;7.34;0.0;0.0;55.0;0.6;82.2;0.12
28/01/2026;06:00:00;2.334;0.224;244.35;9.55;0.0;0.0;55.0;2.2;64.4;0.23
28/01/2026;07:00:00;2.706;0.199;240.17;11.27;0.0;2.9;55.0;2.8;76.0;0.26
28/01/2026;08:00:00;3.771;0.43;243.29;15.5;0.0;5.9;55.0;3.5;69.2;0.69
28/01/2026;09:00:00;3.326;0.22;238.72;13.93;0.0;0.7;55.0;6.0;67.0;0.81
28/01/2026;10:00:00;2.13;0.22;244.67;8.7;0.0;0.0;55.0;7.0;63.3;0.66
28/01/2026;11:00:00;1.527;0.22;240.11;6.36;0.0;0.0;55.0;7.9;71.8;0.63
28/01/2026;12:00:00;1.681;0.238;240.88;6.98;0.0;0.0;55.0;8.4;66.7;0.67
28/01/2026;13:00:00;1.474;0.104;239.03;6.16;0.0;0.0;55.0;10.8;64.2;0.65
28/01/2026;14:00:00;1.388;0.071;240.6;5.77;0.0;0.0;55.0;13.3;64.3;0.73
28/01/2026;15:00:00;1.363;0.089;237.96;5.73;0.0;0.0;55.0;11.2;64.6;0.75
28/01/2026;16:00:00;1.859;0.104;239.83;7.75;0.0;0.0;55.0;12.3;54.5;0.68
28/01/2026;17:00:00;2.289;0.27;240.05;9.54;0.0;0.0;55.0;8.2;65.4;0.7
28/01/2026;18:00:00;3.067;0.357;237.04;12.94;12.7;0.0;55.0;9.8;71.1;0.76
28/01/2026;19:00:00;3.55;0.323;238.4;14.89;18.7;0.0;55.0;6.9;61.4;0.28
28/01/2026;20:00:00;4.089;0.354;234.12;17.47;8.4;0.0;55.0;5.1;64.9;0.25
28/01/2026;21:00:00;3.633;0.426;236.53;15.36;9.6;0.0;55.0;4.9;68.4;0.26
28/01/2026;22:00:00;2.874;0.186;239.96;11.98;0.0;0.0;55.0;6.5;65.6;0.25
28/01/2026;23:00:00;2.197;0.19;242.69;9.05;0.0;0.0;55.0;4.9;70.3;0.24
29/01/2026;00:00:00;1.283;0.153;239.0;5.37;0.0;0.0;55.0;2.8;66.7;0.12
29/01/2026;01:00:00;1.356;0.09;239.91;5.65;0.0;0.0;55.0;-0.6;73.0;0.12
29/01/2026;02:00:00;1.548;0.299;243.25;6.36;0.0;0.0;55.0;0.9;73.5;0.12
29/01/2026;03:00:00;3.546;0.585;242.33;14.63;0.0;0.0;55.0;1.5;76.5;0.12
29/01/2026;04:00:00;1.603;0.185;242.29;6.62;0.0;0.0;55.0;1.4;79.5;0.12
29/01/2026;05:00:00;1.923;0.145;240.33;8.0;0.0;0.0;55.0;-1.1;74.0;0.12
29/01/2026;06:00:00;2.381;0.198;238.63;9.98;0.0;0.0;55.0;1.1;82.9;0.24
29/01/2026;07:00:00;2.873;0.202;241.11;11.92;0.0;2.4;55.0;3.4;70.8;0.33
29/01/2026;08:00:00;3.63;0.28;243.59;14.9;0.0;2.6;55.0;5.5;74.1;0.67
29/01/2026;09:00:00;3.373;0.411;245.06;13.77;0.0;12.4;55.0;2.7;81.9;0.67
29/01/2026;10:00:00;2.207;0.203;246.74;8.94;0.0;0.0;55.0;7.1;69.5;0.66
29/01/2026;11:00:00;1.96;0.393;244.28;8.02;0.0;0.0;55.0;8.7;60.6;0.61
29/01/2026;12:00:00;1.329;0.283;240.12;5.53;0.0;0.0;55.0;10.8;66.2;0.56
29/01/2026;13:00:00;1.222;0.205;236.63;5.16;0.0;0.0;55.0;11.4;62.2;0.69
29/01/2026;14:00:00;1.211;0.227;241.69;5.01;0.0;0.0;55.0;11.7;63.7;0.59
29/01/2026;15:00:00;1.363;0.127;243.07;5.61;0.0;0.0;55.0;9.8;76.5;0.65
29/01/2026;16:00:00;2.079;0.339;232.85;8.93;0.0;0.0;55.0;8.0;61.9;0.69
29/01/2026;17:00:00;2.46;0.147;235.86;10.43;0.0;0.0;55.0;9.7;68.1;0.75
29/01/2026;18:00:00;2.915;0.622;238.72;12.21;1.8;0.0;55.0;11.0;61.2;0.59
29/01/2026;19:00:00;3.336;0.547;237.85;14.03;13.7;0.0;55.0;10.6;64.4;0.25
29/01/2026;20:00:00;3.89;0.404;235.49;16.52;19.5;0.0;55.0;8.4;71.4;0.3
29/01/2026;21:00:00;3.537;0.642;241.06;14.67;11.3;0.0;55.0;6.6;70.7;0.32
29/01/2026;22:00:00;2.964;0.156;243.48;12.17;0.0;0.0;55.0;5.3;69.1;0.27
29/01/2026;23:00:00;2.314;0.264;239.47;9.66;0.0;0.0;55.0;2.7;69.0;0.33
30/01/2026;00:00:00;1.441;0.292;235.35;6.12;0.0;0.0;55.0;2.3;74.2;0.12
30/01/2026;01:00:00;1.4;0.133;240.58;5.82;0.0;0.0;55.0;4.2;79.6;0.12
30/01/2026;02:00:00;1.241;0.203;236.89;5.24;0.0;0.0;55.0;-0.2;70.1;0.12
30/01/2026;03:00:00;1.323;0.147;237.18;5.58;0.0;0.0;55.0;3.4;81.2;0.12
30/01/2026;04:00:00;1.626;0.19;242.69;6.7;0.0;0.0;55.0;0.7;79.8;0.12
30/01/2026;05:00:00;1.611;0.285;243.36;6.62;0.0;0.0;55.0;3.7;78.3;0.12
30/01/2026;06:00:00;2.363;0.484;239.19;9.88;0.0;0.0;55.0;0.4;75.7;0.25
30/01/2026;07:00:00;2.993;0.234;242.05;12.36;0.0;16.7;55.0;4.4;76.8;0.3
30/01/2026;08:00:00;3.557;0.345;236.99;15.01;0.0;14.3;55.0;3.6;66.5;0.7
30/01/2026;09:00:00;3.069;0.408;241.48;12.71;0.0;14.7;55.0;3.9;68.0;0.63
30/01/2026;10:00:00;2.501;0.386;238.93;10.47;0.0;0.0;55.0;7.6;72.1;0.72
30/01/2026;11:00:00;1.807;0.234;236.29;7.65;0.0;0.0;55.0;10.0;67.9;0.67
30/01/2026;12:00:00;1.547;0.289;237.46;6.51;0.0;0.0;55.0;8.3;67.0;0.7
30/01/2026;13:00:00;1.55;0.28;241.15;6.43;0.0;0.0;55.0;8.1;55.4;0.66
30/01/2026;14:00:00;1.59;0.189;235.85;6.74;0.0;0.0;55.0;10.7;63.7;0.75
30/01/2026;15:00:00;1.437;0.082;239.21;6.01;0.0;0.0;55.0;10.9;59.8;0.59
30/01/2026;16:00:00;1.842;0.153;242.99;7.58;0.0;0.0;55.0;11.7;67.5;0.8
30/01/2026;17:00:00;2.204;0.293;238.62;9.24;0.0;0.0;55.0;11.8;64.0;0.68
30/01/2026;18:00:00;2.973;0.617;235.68;12.62;20.8;0.0;55.0;9.4;63.7;0.7
30/01/2026;19:00:00;3.282;0.481;239.22;13.72;17.5;0.0;55.0;11.3;78.6;0.24
30/01/2026;20:00:00;3.654;0.512;241.9;15.1;10.7;0.0;55.0;7.6;73.5;0.28
30/01/2026;21:00:00;3.617;0.626;236.37;15.3;8.3;0.0;55.0;5.5;75.3;0.24
30/01/2026;22:00:00;3.087;0.234;243.32;12.69;0.0;0.0;55.0;2.3;83.6;0.27
30/01/2026;23:00:00;2.297;0.172;242.14;9.49;0.0;0.0;55.0;3.1;75.9;0.27
31/01/2026;00:00:00;1.343;0.146;240.98;5.57;0.0;0.0;55.0;2.0;69.0;0.14
31/01/2026;01:00:00;1.44;0.315;241.62;5.96;0.0;0.0;55.0;3.1;67.5;0.14
31/01/2026;02:00:00;1.504;0.299;240.36;6.26;0.0;0.0;55.0;1.9;77.7;0.14
31/01/2026;03:00:00;3.764;0.623;240.94;15.62;0.0;0.0;55.0;-0.8;64.7;0.14
31/01/2026;04:00:00;1.392;0.162;240.2;5.8;0.0;0.0;55.0;1.4;72.9;0.14
31/01/2026;05:00:00;1.533;0.221;242.47;6.32;0.0;0.0;55.0;2.7;61.4;0.14
31/01/2026;06:00:00;2.307;0.234;243.62;9.47;0.0;0.0;55.0;4.8;71.1;0.34
31/01/2026;07:00:00;3.141;0.517;237.7;13.21;0.0;10.7;55.0;4.8;74.8;0.3
31/01/2026;08:00:00;3.686;0.447;238.03;15.49;0.0;16.9;55.0;5.8;71.1;0.31
31/01/2026;09:00:00;3.023;0.213;238.9;12.65;0.0;14.6;55.0;6.1;74.2;0.3
31/01/2026;10:00:00;4.151;0.359;238.3;17.42;0.0;0.0;55.0;7.9;77.9;0.34
31/01/2026;11:00:00;1.372;0.211;243.17;5.64;0.0;0.0;55.0;10.4;65.4;0.3
31/01/2026;12:00:00;1.541;0.259;235.8;6.53;0.0;0.0;55.0;7.5;82.4;0.35
31/01/2026;13:00:00;1.11;0.074;241.52;4.6;0.0;0.0;55.0;9.8;67.6;0.33
31/01/2026;14:00:00;1.305;0.245;243.88;5.35;0.0;0.0;55.0;9.7;71.4;0.27
31/01/2026;15:00:00;1.19;0.226;238.38;4.99;0.0;0.0;55.0;11.6;62.1;0.3
31/01/2026;16:00:00;1.433;0.248;244.12;5.87;0.0;0.0;55.0;12.7;72.4;0.28
31/01/2026;17:00:00;4.536;0.754;243.24;18.65;0.0;0.0;55.0;9.4;72.1;0.31
31/01/2026;18:00:00;2.926;0.262;239.02;12.24;6.7;0.0;55.0;6.0;77.0;0.32
31/01/2026;19:00:00;3.93;0.811;242.29;16.22;17.1;0.0;55.0;7.9;68.4;0.32
31/01/2026;20:00:00;6.329;0.605;237.69;26.63;21.7;0.0;55.0;8.7;61.2;0.36
31/01/2026;21:00:00;3.738;0.303;236.92;15.78;10.0;0.0;55.0;6.8;71.3;0.28
31/01/2026;22:00:00;3.218;0.51;238.7;13.48;0.0;0.0;55.0;5.3;61.6;0.38
31/01/2026;23:00:00;2.692;0.301;243.78;11.04;0.0;0.0;55.0;3.1;70.3;0.3
01/02/2026;00:00:00;1.641;0.342;238.72;6.88;0.0;0.0;55.0;2.2;73.6;0.14
01/02/2026;01:00:00;1.127;0.145;240.12;4.69;0.0;0.0;55.0;4.1;83.0;0.14
01/02/2026;02:00:00;1.427;0.111;237.19;6.02;0.0;0.0;55.0;1.5;74.8;0.14
01/02/2026;03:00:00;1.379;0.293;242.43;5.69;0.0;0.0;55.0;5.9;70.4;0.14
01/02/2026;04:00:00;1.449;0.199;242.33;5.98;0.0;0.0;55.0;3.6;71.2;0.14
01/02/2026;05:00:00;1.744;0.241;238.03;7.33;0.0;0.0;55.0;2.4;65.8;0.14
01/02/2026;06:00:00;2.261;0.261;233.51;9.68;0.0;0.0;55.0;3.2;72.3;0.36
01/02/2026;07:00:00;2.976;0.572;238.99;12.45;0.0;5.0;55.0;5.0;70.9;0.26
01/02/2026;08:00:00;3.343;0.331;241.24;13.86;0.0;11.0;55.0;6.0;64.8;0.37
01/02/2026;09:00:00;2.69;0.141;239.96;11.21;0.0;3.0;55.0;9.3;61.0;0.36
01/02/2026;10:00:00;1.925;0.259;240.23;8.02;0.0;0.0;55.0;9.2;64.6;0.35
01/02/2026;11:00:00;1.415;0.293;240.98;5.87;0.0;0.0;55.0;9.0;67.5;0.36
01/02/2026;12:00:00;0.941;0.091;238.57;3.94;0.0;0.0;55.0;14.0;60.9;0.39
01/02/2026;13:00:00;0.943;0.09;236.49;3.99;0.0;0.0;55.0;12.0;59.5;0.31
01/02/2026;14:00:00;1.049;0.184;242.07;4.34;0.0;0.0;55.0;13.6;65.0;0.26
01/02/2026;15:00:00;1.069;0.194;237.52;4.5;0.0;0.0;55.0;11.7;67.7;0.32
01/02/2026;16:00:00;1.489;0.185;236.64;6.29;0.0;0.0;55.0;13.0;64.6;0.26
01/02/2026;17:00:00;1.866;0.358;241.4;7.73;0.0;0.0;55.0;12.4;61.7;0.29
01/02/2026;18:00:00;3.065;0.243;236.9;12.94;1.6;0.0;55.0;8.3;70.7;0.33
01/02/2026;19:00:00;3.542;0.398;237.71;14.9;19.8;0.0;55.0;13.1;62.9;0.3
01/02/2026;20:00:00;3.895;0.462;244.43;15.94;22.7;0.0;55.0;10.8;59.8;0.35
01/02/2026;21:00:00;3.87;0.399;244.45;15.83;23.4;0.0;55.0;7.0;74.0;0.37
01/02/2026;22:00:00;3.153;0.274;243.34;12.96;0.0;0.0;55.0;4.7;72.4;0.31
01/02/2026;23:00:00;2.442;0.262;242.13;10.09;0.0;0.0;55.0;5.6;69.3;0.38
02/02/2026;00:00:00;1.328;0.07;243.24;5.46;0.0;0.0;55.0;4.2;63.2;0.12
02/02/2026;01:00:00;1.278;0.217;245.5;5.2;0.0;0.0;55.0;3.8;67.6;0.12
02/02/2026;02:00:00;1.427;0.237;243.06;5.87;0.0;0.0;55.0;3.1;82.0;0.12
02/02/2026;03:00:00;1.442;0.182;240.7;5.99;0.0;0.0;55.0;3.4;64.2;0.12
02/02/2026;04:00:00;1.572;0.165;242.44;6.49;0.0;0.0;55.0;4.9;69.2;0.12
02/02/2026;05:00:00;1.6;0.198;238.7;6.7;0.0;0.0;55.0;4.1;71.0;0.12
02/02/2026;06:00:00;2.345;0.491;240.41;9.76;0.0;0.0;55.0;2.5;74.0;0.32
02/02/2026;07:00:00;2.819;0.43;240.53;11.72;0.0;6.3;55.0;7.2;61.2;0.32
02/02/2026;08:00:00;3.172;0.553;239.61;13.24;0.0;7.5;55.0;8.8;68.3;0.64
02/02/2026;09:00:00;2.518;0.224;239.12;10.53;0.0;11.8;55.0;12.3;56.1;0.66
02/02/2026;10:00:00;2.3;0.152;243.61;9.44;0.0;0.0;55.0;7.2;69.1;0.66
02/02/2026;11:00:00;1.784;0.114;237.33;7.52;0.0;0.0;55.0;10.5;62.8;0.67
02/02/2026;12:00:00;1.803;0.235;240.41;7.5;0.0;0.0;55.0;8.0;63.7;0.73
02/02/2026;13:00:00;1.047;0.18;236.39;4.43;0.0;0.0;55.0;12.8;68.4;0.66
02/02/2026;14:00:00;1.501;0.273;234.38;6.41;0.0;0.0;55.0;11.6;63.9;0.74
02/02/2026;15:00:00;1.003;0.173;243.35;4.12;0.0;0.0;55.0;15.5;64.4;0.69
02/02/2026;16:00:00;1.817;0.373;243.6;7.46;0.0;0.0;55.0;11.3;67.9;0.75
02/02/2026;17:00:00;2.333;0.137;238.64;9.78;0.0;0.0;55.0;9.4;73.2;0.67
02/02/2026;18:00:00;2.647;0.517;240.14;11.02;4.4;0.0;55.0;10.4;60.0;0.58
02/02/2026;19:00:00;3.575;0.58;239.19;14.95;22.8;0.0;55.0;7.1;73.3;0.22
02/02/2026;20:00:00;3.853;0.308;239.19;16.11;13.5;0.0;55.0;10.0;66.5;0.31
02/02/2026;21:00:00;3.666;0.609;238.63;15.36;19.0;0.0;55.0;4.5;68.9;0.3
02/02/2026;22:00:00;2.845;0.39;241.29;11.79;0.0;0.0;55.0;6.4;63.6;0.24
02/02/2026;23:00:00;2.622;0.291;238.93;10.97;0.0;0.0;55.0;2.0;75.8;0.31
03/02/2026;00:00:00;1.245;0.115;241.16;5.16;0.0;0.0;55.0;3.6;66.9;0.12
03/02/2026;01:00:00;1.119;0.144;244.67;4.57;0.0;0.0;55.0;5.7;72.4;0.12
03/02/2026;02:00:00;1.297;0.118;241.09;5.38;0.0;0.0;55.0;3.3;81.4;0.12
03/02/2026;03:00:00;1.529;0.098;240.35;6.36;0.0;0.0;55.0;1.3;78.2;0.12
03/02/2026;04:00:00;1.488;0.288;238.4;6.24;0.0;0.0;55.0;2.7;79.2;0.12
03/02/2026;05:00:00;1.575;0.237;239.96;6.56;0.0;0.0;55.0;3.3;68.2;0.12
03/02/2026;06:00:00;2.175;0.243;235.32;9.24;0.0;0.0;55.0;4.8;74.4;0.32
03/02/2026;07:00:00;2.945;0.371;244.31;12.06;0.0;10.4;55.0;3.1;66.2;0.32
03/02/2026;08:00:00;3.292;0.649;237.32;13.87;0.0;14.5;55.0;7.2;67.5;0.6
03/02/2026;09:00:00;3.172;0.331;234.63;13.52;0.0;7.9;55.0;3.6;80.3;0.67
03/02/2026;10:00:00;2.265;0.26;239.71;9.45;0.0;0.0;55.0;8.0;65.0;0.74
03/02/2026;11:00:00;1.494;0.269;240.99;6.2;0.0;0.0;55.0;9.4;72.5;0.69
03/02/2026;12:00:00;1.417;0.119;243.71;5.81;0.0;0.0;55.0;12.1;69.8;0.77
03/02/2026;13:00:00;1.072;0.174;240.69;4.45;0.0;0.0;55.0;12.0;70.2;0.64
03/02/2026;14:00:00;1.57;0.194;242.59;6.47;0.0;0.0;55.0;10.3;59.8;0.71
03/02/2026;15:00:00;1.442;0.195;242.6;5.95;0.0;0.0;55.0;11.1;68.1;0.71
03/02/2026;16:00:00;1.57;0.288;242.33;6.48;0.0;0.0;55.0;12.7;63.4;0.64
03/02/2026;17:00:00;2.096;0.459;236.83;8.85;0.0;0.0;55.0;11.8;70.4;0.67
03/02/2026;18:00:00;2.967;0.568;241.43;12.29;22.4;0.0;55.0;10.3;57.9;0.75
03/02/2026;19:00:00;3.486;0.269;236.12;14.76;14.6;0.0;55.0;9.4;68.7;0.24
03/02/2026;20:00:00;3.502;0.309;245.58;14.26;1.8;0.0;55.0;9.9;67.6;0.33
03/02/2026;21:00:00;3.31;0.396;241.95;13.68;0.3;0.0;55.0;6.8;59.0;0.26
03/02/2026;22:00:00;2.848;0.491;238.25;11.95;0.0;0.0;55.0;6.2;65.0;0.24
03/02/2026;23:00:00;1.984;0.271;241.05;8.23;0.0;0.0;55.0;8.4;58.6;0.29
04/02/2026;00:00:00;1.523;0.31;237.17;6.42;0.0;0.0;55.0;1.9;69.2;0.12
04/02/2026;01:00:00;1.652;0.096;235.65;7.01;0.0;0.0;55.0;0.5;76.7;0.12
04/02/2026;02:00:00;5.027;0.472;242.45;20.73;0.0;0.0;55.0;4.0;72.2;0.12
04/02/2026;03:00:00;1.58;0.138;237.25;6.66;0.0;0.0;55.0;1.6;74.0;0.12
04/02/2026;04:00:00;1.387;0.245;239.49;5.79;0.0;0.0;55.0;2.3;67.4;0.12
04/02/2026;05:00:00;1.722;0.222;240.58;7.16;0.0;0.0;55.0;2.1;78.3;0.12
04/02/2026;06:00:00;2.084;0.11;239.49;8.7;0.0;0.0;55.0;3.7;71.4;0.27
04/02/2026;07:00:00;2.741;0.497;237.12;11.56;0.0;19.0;55.0;7.5;68.6;0.29
04/02/2026;08:00:00;3.382;0.377;240.17;14.08;0.0;4.1;55.0;7.5;73.1;0.67
04/02/2026;09:00:00;2.803;0.264;240.41;11.66;0.0;4.2;55.0;8.9;62.3;0.66
04/02/2026;10:00:00;2.304;0.187;242.44;9.5;0.0;0.0;55.0;6.8;70.1;0.79
04/02/2026;11:00:00;1.923;0.405;246.85;7.79;0.0;0.0;55.0;8.4;69.8;0.74
04/02/2026;12:00:00;1.732;0.364;234.47;7.39;0.0;0.0;55.0;6.9;66.2;0.81
04/02/2026;13:00:00;1.527;0.096;237.76;6.42;0.0;0.0;55.0;10.7;69.1;0.67
04/02/2026;14:00:00;1.127;0.101;240.62;4.68;0.0;0.0;55.0;13.9;65.7;0.62
04/02/2026;15:00:00;1.517;0.242;242.83;6.25;0.0;0.0;55.0;13.4;63.2;0.69
04/02/2026;16:00:00;1.571;0.258;240.97;6.52;0.0;0.0;55.0;12.1;64.1;0.72
04/02/2026;17:00:00;2.35;0.284;243.14;9.66;0.0;0.0;55.0;11.9;67.5;0.72
04/02/2026;18:00:00;3.012;0.442;235.86;12.77;17.7;0.0;55.0;10.1;70.3;0.73
04/02/2026;19:00:00;3.361;0.569;239.11;14.05;8.2;0.0;55.0;10.4;66.4;0.29
04/02/2026;20:00:00;3.524;0.746;244.09;14.44;15.6;0.0;55.0;10.1;72.0;0.31
04/02/2026;21:00:00;3.752;0.65;237.59;15.79;0.1;0.0;55.0;5.2;73.5;0.34
04/02/2026;22:00:00;2.963;0.204;231.88;12.78;0.0;0.0;55.0;6.8;60.0;0.33
04/02/2026;23:00:00;2.07;0.356;237.71;8.71;0.0;0.0;55.0;6.5;62.2;0.23
05/02/2026;00:00:00;1.133;0.07;241.22;4.7;0.0;0.0;55.0;3.4;77.6;0.12
05/02/2026;01:00:00;5.003;0.677;239.8;20.86;0.0;0.0;55.0;4.3;69.7;0.12
05/02/2026;02:00:00;1.043;0.146;236.4;4.41;0.0;0.0;55.0;7.0;69.6;0.12
05/02/2026;03:00:00;1.51;0.275;237.98;6.34;0.0;0.0;55.0;2.5;78.1;0.12
05/02/2026;04:00:00;1.39;0.072;236.27;5.88;0.0;0.0;55.0;3.4;71.7;0.12
05/02/2026;05:00:00;1.656;0.329;236.6;7.0;0.0;0.0;55.0;2.2;72.8;0.12
05/02/2026;06:00:00;2.156;0.351;237.54;9.08;0.0;0.0;55.0;4.3;66.6;0.31
05/02/2026;07:00:00;3.016;0.167;240.3;12.55;0.0;0.0;55.0;5.8;71.6;0.31
05/02/2026;08:00:00;3.415;0.264;233.31;14.64;0.0;7.0;55.0;6.6;72.0;0.63
05/02/2026;09:00:00;3.132;0.178;243.82;12.85;0.0;8.9;55.0;6.1;66.6;0.66
05/02/2026;10:00:00;2.198;0.396;239.71;9.17;0.0;0.0;55.0;9.2;62.4;0.73
05/02/2026;11:00:00;1.528;0.121;236.9;6.45;0.0;0.0;55.0;12.3;77.7;0.66
05/02/2026;12:00:00;1.219;0.07;237.27;5.14;0.0;0.0;55.0;11.8;64.5;0.62
05/02/2026;13:00:00;1.221;0.09;238.22;5.12;0.0;0.0;55.0;13.4;60.3;0.59
05/02/2026;14:00:00;1.153;0.167;240.02;4.8;0.0;0.0;55.0;12.1;68.3;0.61
05/02/2026;15:00:00;1.395;0.187;240.42;5.8;0.0;0.0;55.0;13.7;63.2;0.65
05/02/2026;16:00:00;1.592;0.146;239.46;6.65;0.0;0.0;55.0;12.9;58.7;0.77
05/02/2026;17:00:00;2.263;0.476;237.88;9.51;0.0;0.0;55.0;10.5;68.4;0.59
05/02/2026;18:00:00;3.029;0.592;239.97;12.62;19.4;0.0;55.0;11.6;60.8;0.6
05/02/2026;19:00:00;3.37;0.349;234.19;14.39;23.2;0.0;55.0;8.6;75.4;0.23
05/02/2026;20:00:00;3.931;0.514;236.6;16.62;13.2;0.0;55.0;8.0;70.5;0.31
05/02/2026;21:00:00;3.503;0.483;238.11;14.71;3.5;0.0;55.0;7.9;66.7;0.22
05/02/2026;22:00:00;2.644;0.472;236.24;11.19;0.0;0.0;55.0;6.8;69.5;0.26
05/02/2026;23:00:00;2.357;0.289;239.39;9.84;0.0;0.0;55.0;3.3;76.3;0.29
06/02/2026;00:00:00;1.317;0.188;236.25;5.57;0.0;0.0;55.0;5.7;70.8;0.12
06/02/2026;01:00:00;1.42;0.171;244.8;5.8;0.0;0.0;55.0;4.1;81.7;0.12
06/02/2026;02:00:00;1.515;0.272;235.92;6.42;0.0;0.0;55.0;1.7;78.7;0.12
06/02/2026;03:00:00;1.605;0.232;244.23;6.57;0.0;0.0;55.0;0.3;76.6;0.12
06/02/2026;04:00:00;5.294;1.01;234.39;22.59;0.0;0.0;55.0;2.6;67.7;0.12
06/02/2026;05:00:00;1.699;0.1;245.61;6.92;0.0;0.0;55.0;2.6;71.6;0.12
06/02/2026;06:00:00;2.018;0.411;241.64;8.35;0.0;0.0;55.0;4.2;73.4;0.22
06/02/2026;07:00:00;2.819;0.534;242.22;11.64;0.0;18.3;55.0;4.6;66.6;0.22
06/02/2026;08:00:00;3.521;0.666;236.18;14.91;0.0;19.4;55.0;3.3;78.2;0.74
06/02/2026;09:00:00;3.004;0.222;239.1;12.56;0.0;13.8;55.0;7.0;63.9;0.68
06/02/2026;10:00:00;2.239;0.212;239.28;9.36;0.0;0.0;55.0;8.4;64.5;0.72
06/02/2026;11:00:00;1.534;0.332;239.72;6.4;0.0;0.0;55.0;11.1;62.7;0.67
06/02/2026;12:00:00;1.414;0.299;243.56;5.8;0.0;0.0;55.0;10.1;70.0;0.74
06/02/2026;13:00:00;1.32;0.117;241.94;5.46;0.0;0.0;55.0;14.5;58.8;0.8
06/02/2026;14:00:00;1.441;0.178;239.54;6.01;0.0;0.0;55.0;9.6;57.7;0.66
06/02/2026;15:00:00;1.205;0.092;242.8;4.96;0.0;0.0;55.0;14.6;68.2;0.65
06/02/2026;16:00:00;1.442;0.136;243.31;5.93;0.0;0.0;55.0;12.1;62.5;0.62
06/02/2026;17:00:00;2.001;0.163;238.41;8.39;0.0;0.0;55.0;13.2;58.5;0.65
06/02/2026;18:00:00;3.012;0.192;238.33;12.64;17.8;0.0;55.0;11.3;61.6;0.67
06/02/2026;19:00:00;3.371;0.501;246.05;13.7;2.1;0.0;55.0;11.8;73.5;0.29
06/02/2026;20:00:00;3.739;0.34;239.33;15.62;19.5;0.0;55.0;8.3;64.5;0.24
06/02/2026;21:00:00;3.552;0.777;238.2;14.91;18.9;0.0;55.0;6.0;69.0;0.3
06/02/2026;22:00:00;2.797;0.385;239.57;11.67;0.0;0.0;55.0;8.4;65.4;0.27
06/02/2026;23:00:00;2.171;0.241;243.01;8.93;0.0;0.0;55.0;4.9;64.3;0.29
07/02/2026;00:00:00;1.31;0.269;242.01;5.41;0.0;0.0;55.0;4.4;67.2;0.14
07/02/2026;01:00:00;1.214;0.189;239.65;5.06;0.0;0.0;55.0;5.1;63.8;0.14
07/02/2026;02:00:00;1.646;0.118;241.71;6.81;0.0;0.0;55.0;1.2;78.2;0.14
07/02/2026;03:00:00;1.502;0.202;240.7;6.24;0.0;0.0;55.0;3.5;72.1;0.14
07/02/2026;04:00:00;1.552;0.194;239.6;6.48;0.0;0.0;55.0;1.9;85.3;0.14
07/02/2026;05:00:00;1.914;0.345;239.16;8.0;0.0;0.0;55.0;3.1;68.4;0.14
07/02/2026;06:00:00;2.357;0.396;240.41;9.8;0.0;0.0;55.0;4.2;66.8;0.26
07/02/2026;07:00:00;3.306;0.374;238.83;13.84;0.0;15.2;55.0;2.9;79.8;0.35
07/02/2026;08:00:00;3.517;0.457;240.2;14.64;0.0;7.5;55.0;5.1;75.6;0.28
07/02/2026;09:00:00;2.74;0.379;239.86;11.42;0.0;19.6;55.0;9.6;68.6;0.39
07/02/2026;10:00:00;1.891;0.23;235.94;8.02;0.0;0.0;55.0;10.2;60.6;0.33
07/02/2026;11:00:00;1.407;0.096;238.52;5.9;0.0;0.0;55.0;10.0;75.1;0.29
07/02/2026;12:00:00;1.139;0.232;239.28;4.76;0.0;0.0;55.0;11.5;64.8;0.34
07/02/2026;13:00:00;1.128;0.185;245.21;4.6;0.0;0.0;55.0;11.5;63.0;0.29
07/02/2026;14:00:00;0.877;0.114;239.55;3.66;0.0;0.0;55.0;14.5;68.5;0.37
07/02/2026;15:00:00;1.133;0.166;240.77;4.71;0.0;0.0;55.0;12.3;64.4;0.3
07/02/2026;16:00:00;1.444;0.125;246.02;5.87;0.0;0.0;55.0;12.8;58.3;0.39
07/02/2026;17:00:00;4.099;0.575;235.58;17.4;0.0;0.0;55.0;13.7;63.7;0.34
07/02/2026;18:00:00;2.943;0.52;235.7;12.48;16.4;0.0;55.0;10.0;62.5;0.37
07/02/2026;19:00:00;3.332;0.469;237.82;14.01;17.9;0.0;55.0;12.4;49.4;0.26
07/02/2026;20:00:00;6.148;0.81;239.07;25.72;15.6;0.0;55.0;6.6;64.7;0.3
07/02/2026;21:00:00;3.605;0.464;239.35;15.06;11.5;0.0;55.0;10.1;63.7;0.35
07/02/2026;22:00:00;3.109;0.558;238.57;13.03;0.0;0.0;55.0;5.8;64.0;0.34
07/02/2026;23:00:00;2.231;0.397;236.55;9.43;0.0;0.0;55.0;4.7;73.5;0.28
08/02/2026;00:00:00;1.529;0.272;242.73;6.3;0.0;0.0;55.0;1.2;69.5;0.14
08/02/2026;01:00:00;1.586;0.146;238.73;6.64;0.0;0.0;55.0;2.6;74.7;0.14
08/02/2026;02:00:00;1.625;0.252;243.32;6.68;0.0;0.0;55.0;1.2;67.3;0.14
08/02/2026;03:00:00;1.573;0.287;237.15;6.63;0.0;0.0;55.0;1.7;77.6;0.14
08/02/2026;04:00:00;1.633;0.238;245.49;6.65;0.0;0.0;55.0;2.6;66.0;0.14
08/02/2026;05:00:00;1.497;0.273;235.34;6.36;0.0;0.0;55.0;4.7;58.9;0.14
08/02/2026;06:00:00;2.281;0.445;239.96;9.5;0.0;0.0;55.0;4.4;77.1;0.31
08/02/2026;07:00:00;5.321;0.423;237.2;22.43;0.0;8.3;55.0;5.6;65.7;0.28
08/02/2026;08:00:00;3.542;0.362;240.1;14.75;0.0;5.4;55.0;4.7;79.4;0.39
08/02/2026;09:00:00;2.949;0.449;237.26;12.43;0.0;15.4;55.0;6.3;72.2;0.27
08/02/2026;10:00:00;2.182;0.217;233.99;9.32;0.0;0.0;55.0;11.6;69.1;0.38
08/02/2026;11:00:00;1.501;0.315;237.81;6.31;0.0;0.0;55.0;9.0;72.4;0.31
08/02/2026;12:00:00;1.198;0.099;244.47;4.9;0.0;0.0;55.0;13.6;64.1;0.31
08/02/2026;13:00:00;0.829;0.092;237.2;3.5;0.0;0.0;55.0;11.6;65.8;0.28
08/02/2026;14:00:00;0.983;0.215;241.42;4.07;0.0;0.0;55.0;12.4;70.9;0.34
08/02/2026;15:00:00;1.101;0.09;240.02;4.59;0.0;0.0;55.0;14.2;63.6;0.35
08/02/2026;16:00:00;1.294;0.163;238.73;5.42;0.0;0.0;55.0;14.3;59.3;0.32
08/02/2026;17:00:00;1.689;0.175;245.72;6.87;0.0;0.0;55.0;11.8;67.9;0.26
08/02/2026;18:00:00;2.886;0.542;239.12;12.07;8.4;0.0;55.0;10.6;55.4;0.38
08/02/2026;19:00:00;6.243;0.635;240.47;25.96;13.4;0.0;55.0;10.0;73.0;0.39
08/02/2026;20:00:00;4.09;0.317;240.24;17.03;0.5;0.0;55.0;9.4;73.6;0.31
08/02/2026;21:00:00;3.843;0.802;244.41;15.72;6.0;0.0;55.0;8.9;73.2;0.34
08/02/2026;22:00:00;3.039;0.316;235.8;12.89;0.0;0.0;55.0;6.3;75.1;0.32
08/02/2026;23:00:00;2.338;0.412;246.28;9.49;0.0;0.0;55.0;6.0;69.2;0.3
09/02/2026;00:00:00;1.203;0.12;244.25;4.92;0.0;0.0;55.0;6.5;68.6;0.12
09/02/2026;01:00:00;1.499;0.12;241.11;6.22;0.0;0.0;55.0;3.8;65.2;0.12
09/02/2026;02:00:00;1.532;0.286;241.73;6.34;0.0;0.0;55.0;3.2;80.5;0.12
09/02/2026;03:00:00;1.632;0.097;239.36;6.82;0.0;0.0;55.0;0.3;71.7;0.12
09/02/2026;04:00:00;1.726;0.184;240.42;7.18;0.0;0.0;55.0;-1.2;77.0;0.12
09/02/2026;05:00:00;1.407;0.257;241.18;5.83;0.0;0.0;55.0;3.9;72.6;0.12
09/02/2026;06:00:00;1.995;0.273;237.46;8.4;0.0;0.0;55.0;3.9;64.6;0.25
09/02/2026;07:00:00;2.885;0.482;244.25;11.81;0.0;6.6;55.0;4.3;62.2;0.24
09/02/2026;08:00:00;3.54;0.217;240.63;14.71;0.0;6.3;55.0;6.7;69.1;0.67
09/02/2026;09:00:00;3.211;0.57;240.4;13.36;0.0;2.5;55.0;7.5;66.1;0.7
09/02/2026;10:00:00;2.033;0.161;237.57;8.56;0.0;0.0;55.0;10.6;65.5;0.67
09/02/2026;11:00:00;1.505;0.282;243.28;6.19;0.0;0.0;55.0;10.2;71.5;0.7
09/02/2026;12:00:00;1.64;0.239;239.87;6.84;0.0;0.0;55.0;10.0;67.5;0.72
09/02/2026;13:00:00;1.202;0.211;238.53;5.04;0.0;0.0;55.0;13.4;67.5;0.74
09/02/2026;14:00:00;1.168;0.101;236.96;4.93;0.0;0.0;55.0;12.1;66.9;0.69
09/02/2026;15:00:00;1.302;0.153;239.55;5.44;0.0;0.0;55.0;13.4;62.1;0.69
09/02/2026;16:00:00;1.601;0.298;236.72;6.76;0.0;0.0;55.0;11.7;60.0;0.66
09/02/2026;17:00:00;2.366;0.485;240.97;9.82;0.0;0.0;55.0;11.0;67.0;0.69
09/02/2026;18:00:00;2.969;0.263;242.17;12.26;6.3;0.0;55.0;11.3;65.8;0.66
09/02/2026;19:00:00;3.206;0.593;238.9;13.42;5.4;0.0;55.0;10.1;70.9;0.24
09/02/2026;20:00:00;3.859;0.264;240.66;16.03;15.6;0.0;55.0;9.6;65.9;0.34
09/02/2026;21:00:00;3.557;0.435;243.42;14.61;23.6;0.0;55.0;7.2;67.1;0.33
09/02/2026;22:00:00;3.123;0.655;239.52;13.04;0.0;0.0;55.0;3.6;70.4;0.24
09/02/2026;23:00:00;2.393;0.504;239.7;9.98;0.0;0.0;55.0;4.5;66.2;0.24
10/02/2026;00:00:00;1.249;0.125;240.02;5.2;0.0;0.0;55.0;5.3;77.4;0.12
10/02/2026;01:00:00;1.495;0.124;238.77;6.26;0.0;0.0;55.0;2.8;77.8;0.12
10/02/2026;02:00:00;1.403;0.106;239.02;5.87;0.0;0.0;55.0;2.4;66.4;0.12
10/02/2026;03:00:00;1.469;0.194;237.85;6.18;0.0;0.0;55.0;4.1;75.1;0.12
10/02/2026;04:00:00;1.556;0.102;241.2;6.45;0.0;0.0;55.0;1.7;63.8;0.12
10/02/2026;05:00:00;1.897;0.21;239.8;7.91;0.0;0.0;55.0;1.0;78.6;0.12
10/02/2026;06:00:00;2.461;0.13;241.68;10.18;0.0;0.0;55.0;3.8;67.9;0.33
10/02/2026;07:00:00;2.961;0.279;242.86;12.19;0.0;15.0;55.0;4.4;72.7;0.27
10/02/2026;08:00:00;3.573;0.725;237.06;15.07;0.0;16.2;55.0;4.9;60.9;0.72
10/02/2026;09:00:00;3.138;0.395;237.66;13.2;0.0;19.8;55.0;7.3;62.5;0.81
10/02/2026;10:00:00;1.852;0.116;241.94;7.65;0.0;0.0;55.0;9.6;69.0;0.68
10/02/2026;11:00:00;1.593;0.255;239.29;6.66;0.0;0.0;55.0;10.1;62.8;0.68
10/02/2026;12:00:00;1.534;0.326;240.23;6.39;0.0;0.0;55.0;11.6;60.9;0.71
10/02/2026;13:00:00;1.292;0.166;240.23;5.38;0.0;0.0;55.0;14.7;69.7;0.68
10/02/2026;14:00:00;1.321;0.206;237.35;5.57;0.0;0.0;55.0;11.9;75.9;0.75
10/02/2026;15:00:00;1.416;0.292;241.42;5.87;0.0;0.0;55.0;13.0;68.7;0.71
10/02/2026;16:00:00;1.701;0.206;240.7;7.07;0.0;0.0;55.0;11.7;59.6;0.73
10/02/2026;17:00:00;2.252;0.367;237.18;9.49;0.0;0.0;55.0;10.7;74.7;0.62
10/02/2026;18:00:00;3.235;0.404;239.54;13.51;22.6;0.0;55.0;10.3;58.4;0.71
10/02/2026;19:00:00;3.453;0.737;239.69;14.4;12.6;0.0;55.0;9.4;65.4;0.28
10/02/2026;20:00:00;3.535;0.479;242.09;14.6;17.2;0.0;55.0;9.4;67.1;0.23
10/02/2026;21:00:00;3.22;0.646;243.28;13.23;8.0;0.0;55.0;11.1;75.1;0.24
10/02/2026;22:00:00;3.137;0.427;239.98;13.07;0.0;0.0;55.0;5.2;74.8;0.33
10/02/2026;23:00:00;2.102;0.344;235.29;8.93;0.0;0.0;55.0;4.5;68.5;0.29
11/02/2026;00:00:00;1.284;0.148;242.03;5.3;0.0;0.0;55.0;4.0;66.5;0.12
11/02/2026;01:00:00;1.449;0.298;246.15;5.89;0.0;0.0;55.0;3.9;76.3;0.12
11/02/2026;02:00:00;1.562;0.25;242.01;6.45;0.0;0.0;55.0;3.2;69.2;0.12
11/02/2026;03:00:00;1.404;0.075;239.24;5.87;0.0;0.0;55.0;4.5;71.9;0.12
11/02/2026;04:00:00;1.626;0.086;241.12;6.74;0.0;0.0;55.0;-0.9;68.2;0.12
11/02/2026;05:00:00;1.922;0.317;242.24;7.93;0.0;0.0;55.0;-0.3;77.5;0.12
11/02/2026;06:00:00;2.336;0.162;240.32;9.72;0.0;0.0;55.0;3.3;74.2;0.31
11/02/2026;07:00:00;2.763;0.474;243.68;11.34;0.0;15.7;55.0;6.8;62.8;0.23
11/02/2026;08:00:00;3.569;0.374;236.83;15.07;0.0;10.4;55.0;4.0;76.4;0.65
11/02/2026;09:00:00;3.287;0.466;238.87;13.76;0.0;18.7;55.0;3.1;74.7;0.66
11/02/2026;10:00:00;2.13;0.17;241.29;8.83;0.0;0.0;55.0;9.8;70.3;0.73
11/02/2026;11:00:00;2.045;0.188;241.96;8.45;0.0;0.0;55.0;10.5;64.1;0.79
11/02/2026;12:00:00;1.497;0.186;238.47;6.28;0.0;0.0;55.0;9.5;67.7;0.62
11/02/2026;13:00:00;1.603;0.261;238.73;6.71;0.0;0.0;55.0;10.5;66.3;0.82
11/02/2026;14:00:00;5.176;0.396;238.13;21.73;0.0;0.0;55.0;11.0;64.9;0.67
11/02/2026;15:00:00;1.45;0.142;237.92;6.1;0.0;0.0;55.0;12.8;65.0;0.63
11/02/2026;16:00:00;1.44;0.123;241.45;5.96;0.0;0.0;55.0;11.5;71.5;0.56
11/02/2026;17:00:00;1.862;0.366;239.89;7.76;0.0;0.0;55.0;12.7;69.6;0.65
11/02/2026;18:00:00;3.149;0.504;243.63;12.93;9.7;0.0;55.0;6.9;63.0;0.69
11/02/2026;19:00:00;3.616;0.469;236.94;15.26;9.0;0.0;55.0;8.8;72.3;0.24
11/02/2026;20:00:00;3.913;0.826;239.56;16.33;15.7;0.0;55.0;7.2;74.6;0.25
11/02/2026;21:00:00;3.424;0.599;242.06;14.14;5.9;0.0;55.0;7.2;67.9;0.31
11/02/2026;22:00:00;2.94;0.613;240.96;12.2;0.0;0.0;55.0;5.5;72.5;0.24
11/02/2026;23:00:00;2.114;0.321;236.93;8.92;0.0;0.0;55.0;6.3;71.8;0.32
12/02/2026;00:00:00;1.57;0.115;243.23;6.46;0.0;0.0;55.0;1.3;69.1;0.12
12/02/2026;01:00:00;1.456;0.24;240.27;6.06;0.0;0.0;55.0;3.3;69.8;0.12
12/02/2026;02:00:00;1.491;0.126;245.37;6.08;0.0;0.0;55.0;3.6;75.3;0.12
12/02/2026;03:00:00;1.092;0.119;239.63;4.56;0.0;0.0;55.0;5.4;67.6;0.12
12/02/2026;04:00:00;1.372;0.187;243.24;5.64;0.0;0.0;55.0;2.1;77.6;0.12
12/02/2026;05:00:00;1.605;0.123;239.0;6.71;0.0;0.0;55.0;3.8;77.9;0.12
12/02/2026;06:00:00;2.282;0.122;239.34;9.54;0.0;0.0;55.0;1.4;79.0;0.31
12/02/2026;07:00:00;2.923;0.309;241.38;12.11;0.0;9.1;55.0;1.5;83.1;0.26
12/02/2026;08:00:00;3.445;0.655;235.23;14.65;0.0;0.6;55.0;7.6;67.9;0.71
12/02/2026;09:00:00;2.842;0.15;234.35;12.13;0.0;6.3;55.0;7.6;69.2;0.58
12/02/2026;10:00:00;2.467;0.169;238.1;10.36;0.0;0.0;55.0;10.7;67.5;0.75
12/02/2026;11:00:00;1.733;0.324;236.36;7.33;0.0;0.0;55.0;8.0;67.7;0.67
12/02/2026;12:00:00;1.372;0.14;233.68;5.87;0.0;0.0;55.0;11.9;67.6;0.71
12/02/2026;13:00:00;1.241;0.26;242.08;5.12;0.0;0.0;55.0;14.7;54.1;0.72
12/02/2026;14:00:00;1.177;0.135;237.78;4.95;0.0;0.0;55.0;13.1;65.0;0.77
12/02/2026;15:00:00;1.383;0.256;239.04;5.79;0.0;0.0;55.0;13.0;57.1;0.62
12/02/2026;16:00:00;1.694;0.159;240.39;7.05;0.0;0.0;55.0;12.5;59.6;0.7
12/02/2026;17:00:00;4.417;0.267;241.41;18.29;0.0;0.0;55.0;9.6;70.4;0.65
12/02/2026;18:00:00;2.731;0.546;240.79;11.34;10.6;0.0;55.0;13.2;62.9;0.59
12/02/2026;19:00:00;3.441;0.715;240.57;14.3;1.9;0.0;55.0;9.2;70.5;0.29
12/02/2026;20:00:00;3.828;0.652;241.31;15.86;18.3;0.0;55.0;9.7;65.6;0.29
12/02/2026;21:00:00;3.871;0.7;238.6;16.22;1.9;0.0;55.0;5.3;75.7;0.23
12/02/2026;22:00:00;2.851;0.146;238.0;11.98;0.0;0.0;55.0;4.5;69.6;0.29
12/02/2026;23:00:00;5.732;1.021;233.51;24.55;0.0;0.0;55.0;7.3;58.8;0.26
13/02/2026;00:00:00;1.395;0.182;241.79;5.77;0.0;0.0;55.0;3.6;72.7;0.12
13/02/2026;01:00:00;1.019;0.129;238.08;4.28;0.0;0.0;55.0;5.5;59.2;0.12
13/02/2026;02:00:00;1.515;0.215;245.55;6.17;0.0;0.0;55.0;2.7;65.0;0.12
13/02/2026;03:00:00;1.626;0.156;242.07;6.72;0.0;0.0;55.0;-0.2;70.1;0.12
13/02/2026;04:00:00;1.445;0.243;242.66;5.95;0.0;0.0;55.0;4.1;66.1;0.12
13/02/2026;05:00:00;1.66;0.166;241.98;6.86;0.0;0.0;55.0;2.4;69.8;0.12
13/02/2026;06:00:00;2.163;0.314;241.49;8.96;0.0;0.0;55.0;5.1;65.1;0.25
13/02/2026;07:00:00;2.91;0.213;241.33;12.06;0.0;0.8;55.0;5.1;63.3;0.28
13/02/2026;08:00:00;3.727;0.614;241.59;15.43;0.0;18.7;55.0;4.0;78.9;0.8
13/02/2026;09:00:00;2.823;0.232;240.49;11.74;0.0;17.2;55.0;7.9;64.7;0.64
13/02/2026;10:00:00;2.082;0.164;238.27;8.74;0.0;0.0;55.0;12.2;53.5;0.69
13/02/2026;11:00:00;1.847;0.1;236.7;7.8;0.0;0.0;55.0;10.8;63.9;0.66
13/02/2026;12:00:00;1.523;0.108;241.18;6.31;0.0;0.0;55.0;11.1;59.9;0.76
13/02/2026;13:00:00;1.295;0.116;243.62;5.31;0.0;0.0;55.0;13.6;59.1;0.72
13/02/2026;14:00:00;1.487;0.131;239.65;6.21;0.0;0.0;55.0;12.8;67.7;0.67
13/02/2026;15:00:00;1.321;0.14;240.42;5.49;0.0;0.0;55.0;12.9;61.8;0.72
13/02/2026;16:00:00;1.804;0.107;236.31;7.64;0.0;0.0;55.0;10.8;60.0;0.63
13/02/2026;17:00:00;2.027;0.424;238.73;8.49;0.0;0.0;55.0;12.3;66.8;0.65
13/02/2026;18:00:00;2.892;0.203;236.56;12.23;8.1;0.0;55.0;12.7;70.0;0.63
13/02/2026;19:00:00;3.462;0.586;236.75;14.62;1.4;0.0;55.0;8.9;70.0;0.24
13/02/2026;20:00:00;3.525;0.497;240.28;14.67;3.7;0.0;55.0;11.0;53.3;0.3
13/02/2026;21:00:00;3.443;0.496;239.84;14.36;14.1;0.0;55.0;7.5;62.8;0.27
13/02/2026;22:00:00;3.013;0.205;242.21;12.44;0.0;0.0;55.0;5.0;70.7;0.22
13/02/2026;23:00:00;1.921;0.175;242.15;7.93;0.0;0.0;55.0;6.6;67.9;0.28
14/02/2026;00:00:00;1.339;0.244;237.55;5.64;0.0;0.0;55.0;3.6;69.9;0.14
14/02/2026;01:00:00;1.42;0.183;234.58;6.05;0.0;0.0;55.0;4.4;66.0;0.14
14/02/2026;02:00:00;1.434;0.183;237.34;6.04;0.0;0.0;55.0;2.3;65.5;0.14
14/02/2026;03:00:00;1.484;0.212;238.01;6.23;0.0;0.0;55.0;2.5;82.4;0.14
14/02/2026;04:00:00;1.213;0.15;241.55;5.02;0.0;0.0;55.0;3.5;71.7;0.14
14/02/2026;05:00:00;1.565;0.293;241.71;6.48;0.0;0.0;55.0;3.7;74.6;0.14
14/02/2026;06:00:00;2.6;0.461;239.87;10.84;0.0;0.0;55.0;1.1;73.6;0.29
14/02/2026;07:00:00;3.127;0.325;242.07;12.92;0.0;3.7;55.0;3.4;71.9;0.33
14/02/2026;08:00:00;3.219;0.605;247.17;13.02;0.0;3.4;55.0;7.7;67.9;0.33
14/02/2026;09:00:00;3.128;0.432;239.67;13.05;0.0;4.4;55.0;7.4;62.9;0.36
14/02/2026;10:00:00;2.196;0.344;239.35;9.18;0.0;0.0;55.0;8.1;60.3;0.34
14/02/2026;11:00:00;1.433;0.283;237.65;6.03;0.0;0.0;55.0;8.1;69.9;0.33
14/02/2026;12:00:00;1.308;0.171;240.89;5.43;0.0;0.0;55.0;9.5;67.7;0.38
14/02/2026;13:00:00;1.106;0.197;243.18;4.55;0.0;0.0;55.0;8.9;72.0;0.32
14/02/2026;14:00:00;1.004;0.157;238.6;4.21;0.0;0.0;55.0;12.3;68.2;0.28
14/02/2026;15:00:00;1.165;0.143;238.9;4.88;0.0;0.0;55.0;11.7;61.0;0.28
14/02/2026;16:00:00;1.379;0.254;238.54;5.78;0.0;0.0;55.0;11.0;71.3;0.31
14/02/2026;17:00:00;2.093;0.142;236.78;8.84;0.0;0.0;55.0;11.8;68.8;0.35
14/02/2026;18:00:00;2.857;0.425;240.38;11.89;18.2;0.0;55.0;11.7;68.5;0.26
14/02/2026;19:00:00;3.491;0.202;240.48;14.52;24.1;0.0;55.0;13.2;75.0;0.27
14/02/2026;20:00:00;4.241;0.325;239.88;17.68;9.9;0.0;55.0;6.6;79.3;0.27
14/02/2026;21:00:00;3.569;0.542;245.15;14.56;22.4;0.0;55.0;9.3;70.4;0.33
14/02/2026;22:00:00;3.17;0.324;241.12;13.15;0.0;0.0;55.0;7.8;71.0;0.29
14/02/2026;23:00:00;2.407;0.228;236.87;10.16;0.0;0.0;55.0;3.9;76.7;0.28
15/02/2026;00:00:00;1.236;0.263;241.77;5.11;0.0;0.0;55.0;4.4;68.0;0.14
15/02/2026;01:00:00;1.472;0.165;239.05;6.16;0.0;0.0;55.0;2.6;69.5;0.14
15/02/2026;02:00:00;1.517;0.222;239.08;6.35;0.0;0.0;55.0;3.1;75.3;0.14
15/02/2026;03:00:00;1.388;0.195;239.51;5.79;0.0;0.0;55.0;4.9;66.2;0.14
15/02/2026;04:00:00;1.318;0.08;239.2;5.51;0.0;0.0;55.0;3.7;74.4;0.14
15/02/2026;05:00:00;1.739;0.286;240.76;7.22;0.0;0.0;55.0;4.0;72.0;0.14
15/02/2026;06:00:00;2.378;0.326;245.92;9.67;0.0;0.0;55.0;3.4;67.4;0.3
15/02/2026;07:00:00;3.357;0.386;238.97;14.05;0.0;13.3;55.0;2.9;72.2;0.39
15/02/2026;08:00:00;3.424;0.21;240.25;14.25;0.0;16.8;55.0;6.0;76.1;0.39
15/02/2026;09:00:00;3.006;0.3;240.66;12.49;0.0;8.4;55.0;9.4;67.3;0.36
15/02/2026;10:00:00;2.181;0.437;238.56;9.14;0.0;0.0;55.0;6.6;69.5;0.26
15/02/2026;11:00:00;1.674;0.133;238.88;7.01;0.0;0.0;55.0;8.5;69.2;0.33
15/02/2026;12:00:00;0.908;0.079;242.78;3.74;0.0;0.0;55.0;11.3;67.6;0.26
15/02/2026;13:00:00;1.02;0.087;238.57;4.27;0.0;0.0;55.0;10.5;64.4;0.38
15/02/2026;14:00:00;1.118;0.225;237.51;4.71;0.0;0.0;55.0;11.2;67.2;0.36
15/02/2026;15:00:00;1.394;0.236;244.99;5.69;0.0;0.0;55.0;12.0;59.6;0.39
15/02/2026;16:00:00;1.771;0.354;236.63;7.48;0.0;0.0;55.0;10.4;62.1;0.34
15/02/2026;17:00:00;1.958;0.402;242.47;8.08;0.0;0.0;55.0;10.5;62.7;0.33
15/02/2026;18:00:00;2.778;0.577;239.44;11.6;6.7;0.0;55.0;12.2;67.0;0.32
15/02/2026;19:00:00;3.812;0.505;236.6;16.11;4.6;0.0;55.0;8.1;68.7;0.31
15/02/2026;20:00:00;4.325;0.566;238.95;18.1;1.3;0.0;55.0;6.5;68.5;0.32
15/02/2026;21:00:00;4.016;0.767;239.37;16.78;10.5;0.0;55.0;6.7;72.5;0.34
15/02/2026;22:00:00;2.971;0.316;235.44;12.62;0.0;0.0;55.0;7.4;70.4;0.38
15/02/2026;23:00:00;2.421;0.13;241.2;10.04;0.0;0.0;55.0;4.8;69.1;0.34
16/02/2026;00:00:00;1.152;0.123;240.92;4.78;0.0;0.0;55.0;3.4;66.5;0.12
16/02/2026;01:00:00;1.493;0.256;239.02;6.24;0.0;0.0;55.0;3.3;67.6;0.12
16/02/2026;02:00:00;1.546;0.11;241.33;6.41;0.0;0.0;55.0;0.2;66.9;0.12
16/02/2026;03:00:00;1.257;0.231;240.57;5.23;0.0;0.0;55.0;3.3;72.4;0.12
16/02/2026;04:00:00;1.486;0.28;243.62;6.1;0.0;0.0;55.0;3.4;67.4;0.12
16/02/2026;05:00:00;1.635;0.11;236.98;6.9;0.0;0.0;55.0;2.7;69.8;0.12
16/02/2026;06:00:00;2.24;0.149;239.18;9.37;0.0;0.0;55.0;5.6;69.3;0.23
16/02/2026;07:00:00;2.842;0.238;242.8;11.7;0.0;10.8;55.0;3.4;76.9;0.27
16/02/2026;08:00:00;3.69;0.408;241.52;15.28;0.0;11.0;55.0;8.0;72.6;0.75
16/02/2026;09:00:00;3.092;0.435;233.56;13.24;0.0;9.4;55.0;7.8;67.9;0.65
16/02/2026;10:00:00;2.406;0.319;235.33;10.22;0.0;0.0;55.0;8.4;74.0;0.64
16/02/2026;11:00:00;1.64;0.32;240.0;6.83;0.0;0.0;55.0;10.1;56.3;0.78
16/02/2026;12:00:00;1.644;0.122;244.59;6.72;0.0;0.0;55.0;11.0;75.0;0.67
16/02/2026;13:00:00;1.109;0.187;238.79;4.65;0.0;0.0;55.0;13.8;66.8;0.71
16/02/2026;14:00:00;1.479;0.212;241.82;6.12;0.0;0.0;55.0;10.8;66.3;0.78
16/02/2026;15:00:00;1.631;0.286;240.23;6.79;0.0;0.0;55.0;11.5;60.8;0.69
16/02/2026;16:00:00;1.595;0.173;241.62;6.6;0.0;0.0;55.0;14.0;61.0;0.67
16/02/2026;17:00:00;2.086;0.271;243.0;8.58;0.0;0.0;55.0;11.0;68.6;0.73
16/02/2026;18:00:00;2.892;0.159;242.64;11.92;16.8;0.0;55.0;12.5;67.6;0.61
16/02/2026;19:00:00;3.228;0.225;242.55;13.31;13.8;0.0;55.0;12.7;67.6;0.3
16/02/2026;20:00:00;3.679;0.418;238.28;15.44;18.1;0.0;55.0;8.3;64.1;0.28
16/02/2026;21:00:00;3.185;0.42;239.58;13.29;18.9;0.0;55.0;8.6;62.8;0.23
16/02/2026;22:00:00;3.061;0.198;241.45;12.68;0.0;0.0;55.0;4.6;71.7;0.33
16/02/2026;23:00:00;2.17;0.413;241.35;8.99;0.0;0.0;55.0;6.2;73.3;0.32
17/02/2026;00:00:00;1.352;0.285;241.67;5.6;0.0;0.0;55.0;4.4;70.9;0.12
17/02/2026;01:00:00;1.167;0.177;235.05;4.96;0.0;0.0;55.0;4.0;78.6;0.12
17/02/2026;02:00:00;1.438;0.085;243.35;5.91;0.0;0.0;55.0;1.8;73.1;0.12
17/02/2026;03:00:00;1.654;0.29;235.23;7.03;0.0;0.0;55.0;0.1;74.3;0.12
17/02/2026;04:00:00;1.661;0.144;237.9;6.98;0.0;0.0;55.0;3.5;74.9;0.12
17/02/2026;05:00:00;1.804;0.315;240.55;7.5;0.0;0.0;55.0;0.2;80.4;0.12
17/02/2026;06:00:00;6.227;0.771;239.92;25.96;0.0;0.0;55.0;3.6;64.8;0.29
17/02/2026;07:00:00;2.828;0.167;243.97;11.59;0.0;16.8;55.0;6.5;63.6;0.23
17/02/2026;08:00:00;3.467;0.338;236.72;14.65;0.0;19.9;55.0;6.6;67.6;0.67
17/02/2026;09:00:00;2.749;0.337;238.98;11.5;0.0;17.3;55.0;10.5;81.8;0.7
17/02/2026;10:00:00;2.05;0.359;234.49;8.74;0.0;0.0;55.0;10.4;64.7;0.69
17/02/2026;11:00:00;1.898;0.138;240.37;7.9;0.0;0.0;55.0;9.1;66.5;0.79
17/02/2026;12:00:00;1.342;0.133;239.42;5.61;0.0;0.0;55.0;11.2;68.5;0.66
17/02/2026;13:00:00;1.275;0.082;236.53;5.39;0.0;0.0;55.0;11.9;69.8;0.69
17/02/2026;14:00:00;1.455;0.225;243.67;5.97;0.0;0.0;55.0;10.1;67.2;0.69
17/02/2026;15:00:00;1.521;0.199;243.02;6.26;0.0;0.0;55.0;11.2;71.3;0.75
17/02/2026;16:00:00;1.709;0.355;240.2;7.12;0.0;0.0;55.0;11.6;59.2;0.57
17/02/2026;17:00:00;2.322;0.408;243.19;9.55;0.0;0.0;55.0;8.9;63.5;0.75
17/02/2026;18:00:00;3.035;0.553;239.74;12.66;19.4;0.0;55.0;11.2;71.2;0.74
17/02/2026;19:00:00;3.425;0.267;242.0;14.15;18.7;0.0;55.0;9.7;66.7;0.31
17/02/2026;20:00:00;3.682;0.351;242.42;15.19;1.2;0.0;55.0;6.4;63.0;0.33
17/02/2026;21:00:00;5.654;0.776;237.01;23.85;4.4;0.0;55.0;8.2;61.2;0.26
17/02/2026;22:00:00;2.512;0.131;241.21;10.41;0.0;0.0;55.0;7.4;64.4;0.32
17/02/2026;23:00:00;4.3;0.851;240.47;17.88;0.0;0.0;55.0;5.4;70.1;0.28
18/02/2026;00:00:00;1.436;0.262;237.13;6.06;0.0;0.0;55.0;3.6;73.9;0.12
18/02/2026;01:00:00;1.345;0.08;236.42;5.69;0.0;0.0;55.0;4.2;69.4;0.12
18/02/2026;02:00:00;1.157;0.225;241.39;4.79;0.0;0.0;55.0;3.8;73.3;0.12
18/02/2026;03:00:00;1.285;0.065;239.21;5.37;0.0;0.0;55.0;3.1;69.8;0.12
18/02/2026;04:00:00;1.242;0.086;235.9;5.26;0.0;0.0;55.0;1.5;79.3;0.12
18/02/2026;05:00:00;1.457;0.087;241.62;6.03;0.0;0.0;55.0;3.7;84.2;0.12
18/02/2026;06:00:00;2.172;0.286;242.62;8.95;0.0;0.0;55.0;5.9;67.7;0.27
18/02/2026;07:00:00;2.814;0.516;236.72;11.89;0.0;14.1;55.0;4.2;73.4;0.24
18/02/2026;08:00:00;3.22;0.259;240.0;13.42;0.0;8.0;55.0;9.5;68.8;0.58
18/02/2026;09:00:00;3.072;0.557;244.25;12.58;0.0;10.4;55.0;6.8;69.6;0.67
18/02/2026;10:00:00;2.249;0.183;237.45;9.47;0.0;0.0;55.0;9.0;70.5;0.68
18/02/2026;11:00:00;1.922;0.42;244.78;7.85;0.0;0.0;55.0;9.1;69.5;0.75
18/02/2026;12:00:00;1.375;0.268;239.09;5.75;0.0;0.0;55.0;11.5;62.9;0.67
18/02/2026;13:00:00;1.708;0.299;239.8;7.12;0.0;0.0;55.0;9.3;73.5;0.81
18/02/2026;14:00:00;1.058;0.159;236.09;4.48;0.0;0.0;55.0;11.6;66.1;0.65
18/02/2026;15:00:00;1.642;0.15;236.2;6.95;0.0;0.0;55.0;11.0;63.7;0.7
18/02/2026;16:00:00;1.435;0.101;238.16;6.03;0.0;0.0;55.0;12.6;76.5;0.64
18/02/2026;17:00:00;1.93;0.248;242.48;7.96;0.0;0.0;55.0;13.4;63.1;0.69
18/02/2026;18:00:00;2.754;0.326;246.55;11.17;21.9;0.0;55.0;12.1;66.0;0.69
18/02/2026;19:00:00;3.656;0.602;247.3;14.79;10.5;0.0;55.0;6.6;70.0;0.27
18/02/2026;20:00:00;3.402;0.268;239.65;14.2;7.2;0.0;55.0;12.0;64.2;0.28
18/02/2026;21:00:00;3.371;0.491;239.0;14.11;11.1;0.0;55.0;8.1;70.2;0.28
18/02/2026;22:00:00;2.841;0.477;237.24;11.98;0.0;0.0;55.0;5.1;66.1;0.31
18/02/2026;23:00:00;2.232;0.225;243.12;9.18;0.0;0.0;55.0;5.3;73.1;0.26
19/02/2026;00:00:00;1.425;0.26;237.97;5.99;0.0;0.0;55.0;4.3;62.1;0.12
19/02/2026;01:00:00;1.664;0.205;239.34;6.95;0.0;0.0;55.0;2.3;66.1;0.12
19/02/2026;02:00:00;1.7;0.132;241.39;7.04;0.0;0.0;55.0;3.1;81.1;0.12
19/02/2026;03:00:00;1.579;0.131;241.26;6.55;0.0;0.0;55.0;1.7;66.8;0.12
19/02/2026;04:00:00;1.561;0.152;238.29;6.55;0.0;0.0;55.0;2.2;62.9;0.12
19/02/2026;05:00:00;1.559;0.12;239.73;6.5;0.0;0.0;55.0;2.2;66.4;0.12
19/02/2026;06:00:00;2.591;0.377;238.37;10.87;0.0;0.0;55.0;1.9;81.6;0.3
19/02/2026;07:00:00;2.886;0.61;237.67;12.14;0.0;11.3;55.0;5.3;61.2;0.3
19/02/2026;08:00:00;3.285;0.665;237.13;13.85;0.0;10.5;55.0;7.2;63.9;0.56
19/02/2026;09:00:00;3.023;0.318;235.88;12.82;0.0;8.6;55.0;8.4;60.4;0.67
19/02/2026;10:00:00;2.109;0.415;241.01;8.75;0.0;0.0;55.0;10.1;64.9;0.69
19/02/2026;11:00:00;1.437;0.305;239.33;6.0;0.0;0.0;55.0;10.6;63.7;0.76
19/02/2026;12:00:00;1.555;0.155;236.82;6.56;0.0;0.0;55.0;10.3;63.7;0.69
19/02/2026;13:00:00;1.407;0.287;236.56;5.95;0.0;0.0;55.0;13.2;73.1;0.66
19/02/2026;14:00:00;1.582;0.347;236.52;6.69;0.0;0.0;55.0;10.4;60.1;0.76
19/02/2026;15:00:00;1.54;0.286;238.29;6.46;0.0;0.0;55.0;11.3;64.9;0.76
19/02/2026;16:00:00;1.766;0.205;243.15;7.26;0.0;0.0;55.0;11.0;67.3;0.73
19/02/2026;17:00:00;4.346;0.667;238.09;18.25;0.0;0.0;55.0;13.6;58.7;0.78
19/02/2026;18:00:00;2.822;0.316;241.56;11.68;20.0;0.0;55.0;12.6;66.8;0.68
19/02/2026;19:00:00;3.24;0.711;244.37;13.26;16.0;0.0;55.0;10.8;63.7;0.24
19/02/2026;20:00:00;3.567;0.219;240.47;14.83;13.9;0.0;55.0;10.5;67.9;0.24
19/02/2026;21:00:00;3.76;0.759;237.86;15.81;13.3;0.0;55.0;6.3;68.8;0.31
19/02/2026;22:00:00;2.844;0.178;239.75;11.86;0.0;0.0;55.0;6.8;58.7;0.23
19/02/2026;23:00:00;2.251;0.129;239.88;9.38;0.0;0.0;55.0;4.9;77.0;0.28
20/02/2026;00:00:00;1.355;0.284;244.84;5.53;0.0;0.0;55.0;5.3;80.5;0.12
20/02/2026;01:00:00;5.289;1.044;235.15;22.49;0.0;0.0;55.0;3.1;71.0;0.12
20/02/2026;02:00:00;1.578;0.176;243.12;6.49;0.0;0.0;55.0;2.2;68.1;0.12
20/02/2026;03:00:00;1.307;0.278;235.12;5.56;0.0;0.0;55.0;3.4;79.2;0.12
20/02/2026;04:00:00;1.344;0.264;242.27;5.55;0.0;0.0;55.0;4.1;80.6;0.12
20/02/2026;05:00:00;1.605;0.326;238.85;6.72;0.0;0.0;55.0;2.3;71.7;0.12
20/02/2026;06:00:00;2.304;0.348;245.11;9.4;0.0;0.0;55.0;4.0;70.1;0.26
20/02/2026;07:00:00;2.999;0.639;241.89;12.4;0.0;11.3;55.0;3.5;71.2;0.23
20/02/2026;08:00:00;3.608;0.677;241.61;14.93;0.0;2.2;55.0;2.6;64.0;0.77
20/02/2026;09:00:00;3.056;0.641;237.36;12.87;0.0;8.7;55.0;7.9;66.6;0.68
20/02/2026;10:00:00;2.364;0.231;245.05;9.64;0.0;0.0;55.0;9.8;75.1;0.68
20/02/2026;11:00:00;1.628;0.229;247.88;6.57;0.0;0.0;55.0;10.5;65.2;0.68
20/02/2026;12:00:00;1.592;0.314;245.63;6.48;0.0;0.0;55.0;8.2;62.6;0.62
20/02/2026;13:00:00;1.483;0.22;237.19;6.25;0.0;0.0;55.0;11.4;67.8;0.71
20/02/2026;14:00:00;1.402;0.261;239.47;5.85;0.0;0.0;55.0;9.1;63.8;0.72
20/02/2026;15:00:00;1.285;0.277;236.67;5.43;0.0;0.0;55.0;14.7;62.3;0.67
20/02/2026;16:00:00;1.884;0.352;238.29;7.91;0.0;0.0;55.0;10.8;59.4;0.68
20/02/2026;17:00:00;1.938;0.201;240.79;8.05;0.0;0.0;55.0;13.8;58.2;0.66
20/02/2026;18:00:00;2.897;0.203;242.04;11.97;17.5;0.0;55.0;12.6;68.0;0.67
20/02/2026;19:00:00;3.42;0.33;241.49;14.16;8.1;0.0;55.0;8.8;68.0;0.29
20/02/2026;20:00:00;3.711;0.604;235.18;15.78;4.0;0.0;55.0;7.2;64.8;0.28
20/02/2026;21:00:00;3.412;0.177;239.9;14.22;10.8;0.0;55.0;8.1;68.5;0.26
20/02/2026;22:00:00;2.896;0.238;241.45;12.0;0.0;0.0;55.0;5.0;67.3;0.31
20/02/2026;23:00:00;2.118;0.224;242.66;8.73;0.0;0.0;55.0;5.3;66.3;0.29
21/02/2026;00:00:00;1.379;0.274;241.2;5.72;0.0;0.0;55.0;3.3;77.5;0.14
21/02/2026;01:00:00;1.582;0.093;241.37;6.56;0.0;0.0;55.0;0.6;77.8;0.14
21/02/2026;02:00:00;1.625;0.095;239.33;6.79;0.0;0.0;55.0;-0.6;74.7;0.14
21/02/2026;03:00:00;1.41;0.203;240.76;5.86;0.0;0.0;55.0;2.9;72.8;0.14
21/02/2026;04:00:00;1.581;0.127;247.24;6.39;0.0;0.0;55.0;1.9;72.8;0.14
21/02/2026;05:00:00;1.807;0.165;243.38;7.43;0.0;0.0;55.0;2.4;74.9;0.14
21/02/2026;06:00:00;2.109;0.172;241.02;8.75;0.0;0.0;55.0;5.1;66.3;0.25
21/02/2026;07:00:00;2.976;0.443;242.04;12.3;0.0;13.1;55.0;6.9;73.2;0.33
21/02/2026;08:00:00;3.205;0.191;240.21;13.34;0.0;4.9;55.0;5.9;71.4;0.28
21/02/2026;09:00:00;2.925;0.614;240.2;12.18;0.0;12.1;55.0;7.1;67.4;0.27
21/02/2026;10:00:00;2.051;0.145;242.66;8.45;0.0;0.0;55.0;9.7;64.2;0.33
21/02/2026;11:00:00;1.649;0.349;238.32;6.92;0.0;0.0;55.0;8.1;72.1;0.36
21/02/2026;12:00:00;1.138;0.207;239.64;4.75;0.0;0.0;55.0;11.5;64.5;0.31
21/02/2026;13:00:00;1.091;0.208;236.16;4.62;0.0;0.0;55.0;12.8;60.7;0.35
21/02/2026;14:00:00;0.989;0.079;242.17;4.09;0.0;0.0;55.0;13.5;61.7;0.32
21/02/2026;15:00:00;1.214;0.199;242.99;5.0;0.0;0.0;55.0;9.7;70.5;0.31
21/02/2026;16:00:00;1.312;0.248;241.69;5.43;0.0;0.0;55.0;11.3;57.3;0.29
21/02/2026;17:00:00;2.009;0.291;239.34;8.39;0.0;0.0;55.0;10.6;64.1;0.31
21/02/2026;18:00:00;2.715;0.39;239.88;11.32;24.3;0.0;55.0;11.3;70.7;0.3
21/02/2026;19:00:00;3.647;0.281;240.41;15.17;15.9;0.0;55.0;10.8;64.9;0.34
21/02/2026;20:00:00;3.862;0.465;243.07;15.89;4.4;0.0;55.0;11.1;66.8;0.27
21/02/2026;21:00:00;3.888;0.294;242.9;16.01;13.8;0.0;55.0;6.9;74.3;0.27
21/02/2026;22:00:00;3.191;0.687;235.98;13.52;0.0;0.0;55.0;5.6;74.4;0.34
21/02/2026;23:00:00;4.54;0.756;237.54;19.11;0.0;0.0;55.0;6.8;66.7;0.33
22/02/2026;00:00:00;1.392;0.081;241.22;5.77;0.0;0.0;55.0;4.5;70.1;0.14
22/02/2026;01:00:00;1.278;0.168;236.25;5.41;0.0;0.0;55.0;5.2;74.8;0.14
22/02/2026;02:00:00;5.204;0.825;242.57;21.45;0.0;0.0;55.0;3.2;76.5;0.14
22/02/2026;03:00:00;1.626;0.108;239.23;6.8;0.0;0.0;55.0;0.9;73.3;0.14
22/02/2026;04:00:00;1.916;0.312;241.98;7.92;0.0;0.0;55.0;0.8;73.5;0.14
22/02/2026;05:00:00;1.715;0.137;240.1;7.14;0.0;0.0;55.0;1.0;75.0;0.14
22/02/2026;06:00:00;2.261;0.27;239.72;9.43;0.0;0.0;55.0;5.1;77.2;0.26
22/02/2026;07:00:00;2.877;0.45;236.96;12.14;0.0;2.3;55.0;6.9;74.2;0.35
22/02/2026;08:00:00;3.251;0.364;238.47;13.63;0.0;4.6;55.0;9.1;70.6;0.29
22/02/2026;09:00:00;2.782;0.319;239.68;11.61;0.0;14.3;55.0;8.9;61.9;0.3
22/02/2026;10:00:00;1.922;0.372;239.58;8.02;0.0;0.0;55.0;10.6;64.5;0.28
22/02/2026;11:00:00;1.533;0.157;242.03;6.33;0.0;0.0;55.0;9.2;65.9;0.36
22/02/2026;12:00:00;1.211;0.195;238.2;5.08;0.0;0.0;55.0;9.4;74.0;0.34
22/02/2026;13:00:00;0.777;0.151;239.92;3.24;0.0;0.0;55.0;13.2;62.6;0.34
22/02/2026;14:00:00;1.196;0.091;244.21;4.9;0.0;0.0;55.0;13.1;70.2;0.35
22/02/2026;15:00:00;1.189;0.069;242.3;4.91;0.0;0.0;55.0;12.8;61.3;0.29
22/02/2026;16:00:00;1.344;0.256;240.29;5.59;0.0;0.0;55.0;13.0;61.5;0.31
22/02/2026;17:00:00;1.853;0.266;235.92;7.85;0.0;0.0;55.0;12.4;66.9;0.34
22/02/2026;18:00:00;2.743;0.523;236.15;11.61;2.3;0.0;55.0;13.1;71.8;0.34
22/02/2026;19:00:00;3.647;0.314;241.78;15.08;0.7;0.0;55.0;12.1;63.7;0.36
22/02/2026;20:00:00;4.118;0.789;242.07;17.01;20.4;0.0;55.0;9.7;53.8;0.29
22/02/2026;21:00:00;3.896;0.258;234.55;16.61;23.5;0.0;55.0;8.9;59.5;0.36
22/02/2026;22:00:00;3.196;0.64;241.96;13.21;0.0;0.0;55.0;7.1;70.2;0.31
22/02/2026;23:00:00;2.236;0.424;238.43;9.38;0.0;0.0;55.0;4.4;63.5;0.35
23/02/2026;00:00:00;1.247;0.183;238.86;5.22;0.0;0.0;55.0;5.2;65.9;0.12
23/02/2026;01:00:00;3.844;0.59;242.49;15.85;0.0;0.0;55.0;1.2;73.5;0.12
23/02/2026;02:00:00;1.224;0.133;242.05;5.06;0.0;0.0;55.0;4.4;58.7;0.12
23/02/2026;03:00:00;1.7;0.143;239.72;7.09;0.0;0.0;55.0;0.8;71.8;0.12
23/02/2026;04:00:00;1.672;0.213;241.93;6.91;0.0;0.0;55.0;3.2;66.0;0.12
23/02/2026;05:00:00;1.862;0.301;238.98;7.79;0.0;0.0;55.0;2.0;65.3;0.12
23/02/2026;06:00:00;2.208;0.485;237.79;9.28;0.0;0.0;55.0;4.9;66.5;0.23
23/02/2026;07:00:00;2.837;0.536;243.53;11.65;0.0;11.4;55.0;5.1;65.0;0.32
23/02/2026;08:00:00;3.633;0.45;243.71;14.91;0.0;17.0;55.0;3.9;73.6;0.67
23/02/2026;09:00:00;2.757;0.486;238.2;11.57;0.0;10.4;55.0;8.2;73.8;0.59
23/02/2026;10:00:00;2.233;0.153;238.51;9.36;0.0;0.0;55.0;8.0;66.1;0.71
23/02/2026;11:00:00;1.497;0.18;242.5;6.17;0.0;0.0;55.0;11.4;62.3;0.66
23/02/2026;12:00:00;1.456;0.178;238.06;6.12;0.0;0.0;55.0;11.1;63.4;0.71
23/02/2026;13:00:00;1.3;0.286;242.24;5.37;0.0;0.0;55.0;12.5;58.8;0.73
23/02/2026;14:00:00;1.415;0.165;237.13;5.97;0.0;0.0;55.0;11.0;59.2;0.64
23/02/2026;15:00:00;1.574;0.101;239.2;6.58;0.0;0.0;55.0;11.7;56.8;0.7
23/02/2026;16:00:00;1.674;0.103;242.74;6.9;0.0;0.0;55.0;11.7;58.4;0.78
23/02/2026;17:00:00;2.127;0.359;237.29;8.96;0.0;0.0;55.0;13.2;72.0;0.74
23/02/2026;18:00:00;2.703;0.268;238.35;11.34;1.6;0.0;55.0;13.7;60.0;0.7
23/02/2026;19:00:00;3.433;0.679;241.05;14.24;16.9;0.0;55.0;8.9;52.6;0.3
23/02/2026;20:00:00;3.631;0.48;234.97;15.45;7.1;0.0;55.0;10.5;63.1;0.22
23/02/2026;21:00:00;3.738;0.397;240.2;15.56;2.3;0.0;55.0;4.4;63.0;0.23
23/02/2026;22:00:00;3.07;0.55;243.25;12.62;0.0;0.0;55.0;4.5;71.1;0.31
23/02/2026;23:00:00;2.319;0.281;242.42;9.57;0.0;0.0;55.0;3.7;71.2;0.22
24/02/2026;00:00:00;1.303;0.228;239.86;5.43;0.0;0.0;55.0;2.0;73.0;0.12
24/02/2026;01:00:00;1.412;0.242;240.06;5.88;0.0;0.0;55.0;0.9;73.5;0.12
24/02/2026;02:00:00;1.294;0.224;244.18;5.3;0.0;0.0;55.0;3.4;69.8;0.12
24/02/2026;03:00:00;1.509;0.295;243.84;6.19;0.0;0.0;55.0;2.3;65.3;0.12
24/02/2026;04:00:00;1.292;0.251;239.74;5.39;0.0;0.0;55.0;3.3;71.3;0.12
24/02/2026;05:00:00;1.621;0.264;238.24;6.81;0.0;0.0;55.0;4.3;76.0;0.12
24/02/2026;06:00:00;2.248;0.478;242.4;9.28;0.0;0.0;55.0;4.5;79.9;0.31
24/02/2026;07:00:00;2.575;0.138;243.17;10.59;0.0;20.0;55.0;6.1;68.3;0.29
24/02/2026;08:00:00;3.343;0.696;243.86;13.71;0.0;6.9;55.0;6.2;68.8;0.68
24/02/2026;09:00:00;3.278;0.247;241.63;13.57;0.0;17.3;55.0;5.8;72.2;0.7
24/02/2026;10:00:00;2.253;0.194;239.0;9.43;0.0;0.0;55.0;10.5;73.5;0.7
24/02/2026;11:00:00;1.602;0.303;235.32;6.81;0.0;0.0;55.0;9.2;64.6;0.64
24/02/2026;12:00:00;1.467;0.173;245.43;5.98;0.0;0.0;55.0;9.7;70.1;0.78
24/02/2026;13:00:00;1.1;0.134;244.49;4.5;0.0;0.0;55.0;11.7;60.9;0.73
24/02/2026;14:00:00;1.62;0.153;237.85;6.81;0.0;0.0;55.0;11.1;67.2;0.72
24/02/2026;15:00:00;1.464;0.129;240.53;6.09;0.0;0.0;55.0;12.0;69.7;0.71
24/02/2026;16:00:00;1.841;0.125;239.38;7.69;0.0;0.0;55.0;13.0;57.6;0.69
24/02/2026;17:00:00;2.116;0.177;240.19;8.81;0.0;0.0;55.0;12.5;61.8;0.72
24/02/2026;18:00:00;3.098;0.453;238.88;12.97;2.4;0.0;55.0;9.8;71.3;0.79
24/02/2026;19:00:00;3.521;0.599;241.94;14.55;19.7;0.0;55.0;9.4;70.0;0.34
24/02/2026;20:00:00;3.833;0.673;236.82;16.18;23.0;0.0;55.0;10.5;71.2;0.33
24/02/2026;21:00:00;3.52;0.398;238.9;14.74;7.9;0.0;55.0;8.4;72.0;0.32
24/02/2026;22:00:00;2.695;0.557;242.45;11.11;0.0;0.0;55.0;9.4;65.2;0.3
24/02/2026;23:00:00;2.142;0.227;234.47;9.14;0.0;0.0;55.0;6.9;79.9;0.3
25/02/2026;00:00:00;1.123;0.077;240.86;4.66;0.0;0.0;55.0;5.8;70.5;0.12
25/02/2026;01:00:00;1.478;0.311;238.47;6.2;0.0;0.0;55.0;1.2;58.2;0.12
25/02/2026;02:00:00;1.367;0.194;244.52;5.59;0.0;0.0;55.0;3.9;69.8;0.12
25/02/2026;03:00:00;1.617;0.348;240.92;6.71;0.0;0.0;55.0;2.5;70.0;0.12
25/02/2026;04:00:00;1.479;0.173;237.8;6.22;0.0;0.0;55.0;2.0;76.8;0.12
25/02/2026;05:00:00;1.755;0.314;244.07;7.19;0.0;0.0;55.0;3.5;69.3;0.12
25/02/2026;06:00:00;2.163;0.149;240.06;9.01;0.0;0.0;55.0;5.5;75.5;0.33
25/02/2026;07:00:00;2.992;0.584;240.37;12.45;0.0;13.8;55.0;5.9;72.5;0.32
25/02/2026;08:00:00;3.58;0.283;242.48;14.76;0.0;18.8;55.0;5.0;65.4;0.62
25/02/2026;09:00:00;3.063;0.189;238.3;12.85;0.0;15.7;55.0;8.7;66.7;0.71
25/02/2026;10:00:00;2.434;0.162;244.05;9.97;0.0;0.0;55.0;7.9;64.2;0.69
25/02/2026;11:00:00;1.765;0.255;241.62;7.3;0.0;0.0;55.0;10.4;67.0;0.68
25/02/2026;12:00:00;1.682;0.168;238.2;7.06;0.0;0.0;55.0;10.7;61.9;0.8
25/02/2026;13:00:00;1.705;0.364;238.79;7.14;0.0;0.0;55.0;11.6;65.5;0.79
25/02/2026;14:00:00;1.539;0.3;236.48;6.51;0.0;0.0;55.0;13.6;62.2;0.79
25/02/2026;15:00:00;1.506;0.281;240.86;6.25;0.0;0.0;55.0;11.0;64.8;0.63
25/02/2026;16:00:00;1.367;0.256;239.5;5.71;0.0;0.0;55.0;15.4;72.4;0.6
25/02/2026;17:00:00;4.519;0.91;240.88;18.76;0.0;0.0;55.0;9.2;65.2;0.64
25/02/2026;18:00:00;2.668;0.526;235.24;11.34;1.0;0.0;55.0;10.2;56.5;0.62
25/02/2026;19:00:00;3.419;0.711;238.53;14.33;12.0;0.0;55.0;10.7;70.9;0.32
25/02/2026;20:00:00;5.713;1.193;237.25;24.08;14.2;0.0;55.0;9.8;71.6;0.28
25/02/2026;21:00:00;3.646;0.367;241.38;15.1;0.2;0.0;55.0;7.5;58.5;0.32
25/02/2026;22:00:00;3.083;0.269;238.31;12.94;0.0;0.0;55.0;6.2;65.9;0.25
25/02/2026;23:00:00;2.019;0.322;241.32;8.37;0.0;0.0;55.0;5.7;72.0;0.28
26/02/2026;00:00:00;1.366;0.097;238.51;5.73;0.0;0.0;55.0;3.7;74.0;0.12
26/02/2026;01:00:00;1.146;0.098;244.55;4.69;0.0;0.0;55.0;5.4;70.1;0.12
26/02/2026;02:00:00;1.147;0.208;240.14;4.78;0.0;0.0;55.0;4.0;71.3;0.12
26/02/2026;03:00:00;3.555;0.57;242.56;14.66;0.0;0.0;55.0;3.9;66.6;0.12
26/02/2026;04:00:00;1.644;0.264;239.68;6.86;0.0;0.0;55.0;1.3;61.3;0.12
26/02/2026;05:00:00;1.741;0.368;242.58;7.18;0.0;0.0;55.0;3.2;82.1;0.12
26/02/2026;06:00:00;2.293;0.375;237.84;9.64;0.0;0.0;55.0;3.6;66.7;0.31
26/02/2026;07:00:00;2.76;0.34;239.88;11.5;0.0;19.5;55.0;3.6;72.4;0.29
26/02/2026;08:00:00;3.465;0.338;238.7;14.52;0.0;14.1;55.0;6.9;68.1;0.7
26/02/2026;09:00:00;2.878;0.31;245.23;11.73;0.0;14.8;55.0;6.8;73.4;0.65
26/02/2026;10:00:00;2.003;0.195;236.67;8.46;0.0;0.0;55.0;9.9;67.1;0.66
26/02/2026;11:00:00;1.698;0.095;245.8;6.91;0.0;0.0;55.0;8.5;68.4;0.73
26/02/2026;12:00:00;1.322;0.125;236.15;5.6;0.0;0.0;55.0;13.7;50.3;0.58
26/02/2026;13:00:00;1.515;0.291;242.06;6.26;0.0;0.0;55.0;10.6;61.8;0.72
26/02/2026;14:00:00;1.366;0.237;238.26;5.73;0.0;0.0;55.0;12.8;67.9;0.71
26/02/2026;15:00:00;1.158;0.18;240.71;4.81;0.0;0.0;55.0;13.8;66.6;0.6
26/02/2026;16:00:00;1.686;0.343;239.52;7.04;0.0;0.0;55.0;11.6;60.4;0.74
26/02/2026;17:00:00;1.931;0.183;237.67;8.12;0.0;0.0;55.0;13.2;55.9;0.72
26/02/2026;18:00:00;3.169;0.47;240.23;13.19;0.5;0.0;55.0;9.3;67.6;0.68
26/02/2026;19:00:00;3.454;0.191;238.83;14.46;5.2;0.0;55.0;12.3;50.0;0.28
26/02/2026;20:00:00;3.764;0.759;241.6;15.58;8.9;0.0;55.0;8.9;61.5;0.29
26/02/2026;21:00:00;7.372;0.93;237.18;31.08;11.4;0.0;55.0;6.7;77.8;0.23
26/02/2026;22:00:00;2.86;0.229;241.32;11.85;0.0;0.0;55.0;5.9;76.9;0.27
26/02/2026;23:00:00;1.939;0.176;242.42;8.0;0.0;0.0;55.0;6.3;71.8;0.25
27/02/2026;00:00:00;1.303;0.253;239.7;5.44;0.0;0.0;55.0;3.2;73.4;0.12
27/02/2026;01:00:00;1.411;0.097;236.3;5.97;0.0;0.0;55.0;2.2;62.9;0.12
27/02/2026;02:00:00;1.404;0.291;244.85;5.73;0.0;0.0;55.0;2.4;68.7;0.12
27/02/2026;03:00:00;1.479;0.168;241.31;6.13;0.0;0.0;55.0;0.8;72.3;0.12
27/02/2026;04:00:00;1.323;0.123;237.98;5.56;0.0;0.0;55.0;5.5;66.4;0.12
27/02/2026;05:00:00;1.592;0.169;241.38;6.59;0.0;0.0;55.0;2.4;70.7;0.12
27/02/2026;06:00:00;2.371;0.283;235.31;10.08;0.0;0.0;55.0;5.3;76.6;0.24
27/02/2026;07:00:00;2.638;0.378;243.29;10.84;0.0;17.7;55.0;5.4;67.4;0.23
27/02/2026;08:00:00;3.693;0.553;245.95;15.02;0.0;16.4;55.0;4.8;68.8;0.72
27/02/2026;09:00:00;2.992;0.377;242.31;12.35;0.0;14.3;55.0;7.6;72.0;0.67
27/02/2026;10:00:00;2.248;0.283;237.19;9.48;0.0;0.0;55.0;10.1;59.2;0.7
27/02/2026;11:00:00;1.734;0.171;234.43;7.4;0.0;0.0;55.0;9.8;62.3;0.65
27/02/2026;12:00:00;1.284;0.148;243.82;5.27;0.0;0.0;55.0;12.9;60.4;0.61
27/02/2026;13:00:00;1.096;0.142;239.59;4.57;0.0;0.0;55.0;13.5;63.9;0.66
27/02/2026;14:00:00;1.165;0.177;238.9;4.88;0.0;0.0;55.0;13.8;61.6;0.63
27/02/2026;15:00:00;1.518;0.11;243.26;6.24;0.0;0.0;55.0;11.9;63.3;0.75
27/02/2026;16:00:00;1.765;0.317;238.35;7.4;0.0;0.0;55.0;10.8;62.4;0.7
27/02/2026;17:00:00;2.043;0.339;242.13;8.44;0.0;0.0;55.0;11.0;60.2;0.64
27/02/2026;18:00:00;3.049;0.307;240.07;12.7;12.2;0.0;55.0;11.4;68.3;0.71
27/02/2026;19:00:00;2.996;0.384;240.69;12.45;18.0;0.0;55.0;10.9;64.0;0.31
27/02/2026;20:00:00;3.868;0.816;244.56;15.81;2.5;0.0;55.0;5.6;73.0;0.3
27/02/2026;21:00:00;3.349;0.179;238.63;14.03;5.5;0.0;55.0;7.6;62.8;0.26
27/02/2026;22:00:00;2.872;0.54;238.38;12.05;0.0;0.0;55.0;6.6;65.8;0.28
27/02/2026;23:00:00;2.365;0.324;239.43;9.88;0.0;0.0;55.0;4.7;69.5;0.27
28/02/2026;00:00:00;1.081;0.168;236.63;4.57;0.0;0.0;55.0;6.0;69.0;0.14
28/02/2026;01:00:00;1.658;0.276;242.62;6.83;0.0;0.0;55.0;3.9;75.0;0.14
28/02/2026;02:00:00;1.351;0.172;242.25;5.58;0.0;0.0;55.0;4.7;68.5;0.14
28/02/2026;03:00:00;1.527;0.126;239.97;6.36;0.0;0.0;55.0;2.3;76.3;0.14
28/02/2026;04:00:00;1.246;0.255;237.41;5.25;0.0;0.0;55.0;4.2;72.9;0.14
28/02/2026;05:00:00;1.541;0.271;232.31;6.63;0.0;0.0;55.0;5.7;69.3;0.14
28/02/2026;06:00:00;2.404;0.349;237.67;10.12;0.0;0.0;55.0;6.0;64.8;0.37
28/02/2026;07:00:00;3.27;0.413;239.35;13.66;0.0;15.7;55.0;3.5;75.4;0.37
28/02/2026;08:00:00;3.453;0.466;234.68;14.71;0.0;6.3;55.0;5.9;65.0;0.28
28/02/2026;09:00:00;3.028;0.575;246.98;12.26;0.0;9.9;55.0;7.1;68.6;0.38
28/02/2026;10:00:00;1.859;0.097;241.16;7.71;0.0;0.0;55.0;9.6;66.4;0.31
28/02/2026;11:00:00;1.228;0.242;241.52;5.09;0.0;0.0;55.0;11.1;64.5;0.35
28/02/2026;12:00:00;5.2;0.301;239.58;21.7;0.0;0.0;55.0;9.9;64.5;0.37
28/02/2026;13:00:00;1.156;0.179;242.07;4.78;0.0;0.0;55.0;12.0;60.7;0.32
28/02/2026;14:00:00;1.338;0.143;239.16;5.6;0.0;0.0;55.0;9.4;58.8;0.31
28/02/2026;15:00:00;0.945;0.156;239.55;3.94;0.0;0.0;55.0;14.8;69.6;0.38
28/02/2026;16:00:00;1.398;0.09;243.93;5.73;0.0;0.0;55.0;11.7;62.6;0.28
28/02/2026;17:00:00;2.091;0.302;243.07;8.6;0.0;0.0;55.0;12.0;64.1;0.29
28/02/2026;18:00:00;2.698;0.527;239.97;11.24;23.0;0.0;55.0;10.7;65.2;0.3
28/02/2026;19:00:00;3.76;0.504;245.66;15.31;24.3;0.0;55.0;11.8;70.4;0.37
28/02/2026;20:00:00;4.332;0.279;239.77;18.07;21.6;0.0;55.0;4.6;80.3;0.38
28/02/2026;21:00:00;3.706;0.209;238.58;15.53;8.7;0.0;55.0;7.6;69.1;0.28
28/02/2026;22:00:00;3.168;0.493;240.36;13.18;0.0;0.0;55.0;6.2;68.7;0.37
28/02/2026;23:00:00;2.265;0.14;240.84;9.4;0.0;0.0;55.0;4.4;65.2;0.29
01/03/2026;00:00:00;0.72;0.045;236.66;3.04;0.0;0.0;55.0;11.1;58.3;0.14
01/03/2026;01:00:00;1.239;0.152;241.36;5.13;0.0;0.0;55.0;6.3;60.5;0.14
01/03/2026;02:00:00;1.176;0.101;245.92;4.78;0.0;0.0;55.0;8.3;63.8;0.14
01/03/2026;03:00:00;1.312;0.111;242.66;5.41;0.0;0.0;55.0;7.5;57.9;0.14
01/03/2026;04:00:00;1.199;0.158;241.86;4.96;0.0;0.0;55.0;9.1;72.5;0.14
01/03/2026;05:00:00;1.726;0.169;241.35;7.15;0.0;0.0;55.0;6.7;71.2;0.14
01/03/2026;06:00:00;2.36;0.206;237.21;9.95;0.0;0.0;55.0;7.4;67.2;0.36
01/03/2026;07:00:00;2.804;0.385;237.21;11.82;0.0;3.1;55.0;11.1;71.0;0.28
01/03/2026;08:00:00;3.255;0.324;240.46;13.54;0.0;14.2;55.0;11.3;60.0;0.39
01/03/2026;09:00:00;2.997;0.191;238.8;12.55;0.0;15.2;55.0;9.7;62.6;0.34
01/03/2026;10:00:00;1.615;0.268;235.95;6.85;0.0;0.0;55.0;12.5;54.7;0.35
01/03/2026;11:00:00;1.049;0.157;239.02;4.39;0.0;0.0;55.0;15.1;66.2;0.28
01/03/2026;12:00:00;0.738;0.064;241.26;3.06;0.0;0.0;55.0;16.8;56.9;0.38
01/03/2026;13:00:00;0.97;0.145;241.62;4.01;0.0;0.0;55.0;15.3;62.2;0.35
01/03/2026;14:00:00;0.994;0.211;237.67;4.18;0.0;0.0;55.0;12.5;69.4;0.37
01/03/2026;15:00:00;1.397;0.297;239.87;5.82;0.0;0.0;55.0;17.8;67.0;0.38
01/03/2026;16:00:00;1.143;0.161;241.16;4.74;0.0;0.0;55.0;15.0;62.3;0.27
01/03/2026;17:00:00;1.861;0.124;236.45;7.87;0.0;0.0;55.0;13.3;65.7;0.27
01/03/2026;18:00:00;2.809;0.359;237.84;11.81;18.2;0.0;55.0;11.3;60.9;0.36
01/03/2026;19:00:00;3.377;0.184;239.96;14.07;22.5;0.0;55.0;15.7;70.2;0.37
01/03/2026;20:00:00;3.683;0.444;237.45;15.51;12.4;0.0;55.0;13.5;62.8;0.33
01/03/2026;21:00:00;3.427;0.701;239.08;14.33;19.7;0.0;55.0;11.7;65.5;0.3
01/03/2026;22:00:00;2.489;0.322;246.99;10.08;0.0;0.0;55.0;12.8;62.1;0.34
01/03/2026;23:00:00;2.108;0.303;235.78;8.94;0.0;0.0;55.0;10.5;72.0;0.3
02/03/2026;00:00:00;0.892;0.069;243.99;3.65;0.0;0.0;55.0;10.9;66.7;0.12
02/03/2026;01:00:00;1.493;0.079;240.96;6.2;0.0;0.0;55.0;5.6;73.7;0.12
02/03/2026;02:00:00;1.02;0.223;236.57;4.31;0.0;0.0;55.0;7.1;70.5;0.12
02/03/2026;03:00:00;1.506;0.162;241.9;6.22;0.0;0.0;55.0;4.6;69.6;0.12
02/03/2026;04:00:00;1.427;0.139;240.12;5.94;0.0;0.0;55.0;6.8;73.6;0.12
02/03/2026;05:00:00;1.555;0.229;243.37;6.39;0.0;0.0;55.0;7.3;70.3;0.12
02/03/2026;06:00:00;1.97;0.348;241.85;8.15;0.0;0.0;55.0;9.4;62.1;0.33
02/03/2026;07:00:00;2.58;0.239;240.55;10.73;0.0;15.0;55.0;9.6;61.8;0.32
02/03/2026;08:00:00;3.264;0.454;239.14;13.65;0.0;20.0;55.0;11.6;65.8;0.64
02/03/2026;09:00:00;2.647;0.282;243.27;10.88;0.0;12.7;55.0;13.1;68.5;0.73
02/03/2026;10:00:00;1.909;0.252;238.9;7.99;0.0;0.0;55.0;16.5;69.4;0.67
02/03/2026;11:00:00;1.444;0.112;236.08;6.12;0.0;0.0;55.0;14.0;54.3;0.68
02/03/2026;12:00:00;1.125;0.154;234.69;4.79;0.0;0.0;55.0;14.1;63.2;0.66
02/03/2026;13:00:00;1.182;0.069;236.54;5.0;0.0;0.0;55.0;16.7;63.5;0.67
02/03/2026;14:00:00;1.235;0.238;242.25;5.1;0.0;0.0;55.0;15.6;63.4;0.65
02/03/2026;15:00:00;1.118;0.175;238.98;4.68;0.0;0.0;55.0;19.2;64.1;0.65
02/03/2026;16:00:00;3.756;0.789;237.84;15.79;0.0;0.0;55.0;16.4;64.6;0.7
02/03/2026;17:00:00;1.673;0.254;238.79;7.01;0.0;0.0;55.0;15.5;57.1;0.66
02/03/2026;18:00:00;2.534;0.205;242.32;10.46;20.4;0.0;55.0;14.8;57.5;0.67
02/03/2026;19:00:00;2.972;0.393;241.77;12.29;13.7;0.0;55.0;15.6;63.5;0.28
02/03/2026;20:00:00;3.499;0.57;240.45;14.55;5.9;0.0;55.0;13.1;68.9;0.3
02/03/2026;21:00:00;3.327;0.378;238.32;13.96;22.5;0.0;55.0;11.0;66.3;0.22
02/03/2026;22:00:00;2.434;0.35;238.91;10.19;0.0;0.0;55.0;13.2;55.9;0.25
02/03/2026;23:00:00;2.105;0.163;239.63;8.78;0.0;0.0;55.0;8.2;62.6;0.27
03/03/2026;00:00:00;1.066;0.194;237.5;4.49;0.0;0.0;55.0;8.5;71.0;0.12
03/03/2026;01:00:00;1.126;0.23;239.69;4.7;0.0;0.0;55.0;8.6;65.7;0.12
03/03/2026;02:00:00;1.355;0.14;237.35;5.71;0.0;0.0;55.0;4.7;71.2;0.12
03/03/2026;03:00:00;1.079;0.199;241.02;4.48;0.0;0.0;55.0;7.7;73.6;0.12
03/03/2026;04:00:00;1.27;0.083;241.34;5.26;0.0;0.0;55.0;5.6;63.9;0.12
03/03/2026;05:00:00;1.377;0.127;243.13;5.67;0.0;0.0;55.0;8.9;65.2;0.12
03/03/2026;06:00:00;2.277;0.293;240.73;9.46;0.0;0.0;55.0;7.0;66.2;0.3
03/03/2026;07:00:00;2.658;0.307;240.64;11.05;0.0;13.7;55.0;10.5;67.7;0.26
03/03/2026;08:00:00;2.991;0.465;237.66;12.59;0.0;5.9;55.0;12.4;68.4;0.71
03/03/2026;09:00:00;2.517;0.367;239.87;10.49;0.0;5.2;55.0;13.3;56.4;0.64
03/03/2026;10:00:00;1.899;0.123;237.14;8.01;0.0;0.0;55.0;13.7;63.4;0.68
03/03/2026;11:00:00;1.477;0.107;235.23;6.28;0.0;0.0;55.0;14.2;67.4;0.71
03/03/2026;12:00:00;1.235;0.073;239.26;5.16;0.0;0.0;55.0;14.7;53.4;0.7
03/03/2026;13:00:00;1.298;0.275;238.59;5.44;0.0;0.0;55.0;18.5;59.2;0.67
03/03/2026;14:00:00;1.353;0.216;241.71;5.6;0.0;0.0;55.0;15.8;55.7;0.71
03/03/2026;15:00:00;1.237;0.242;237.31;5.21;0.0;0.0;55.0;15.4;58.8;0.66
03/03/2026;16:00:00;1.476;0.21;247.88;5.96;0.0;0.0;55.0;17.8;47.6;0.71
03/03/2026;17:00:00;1.98;0.164;238.66;8.3;0.0;0.0;55.0;15.1;69.3;0.63
03/03/2026;18:00:00;2.767;0.433;239.8;11.54;7.3;0.0;55.0;14.1;61.3;0.59
03/03/2026;19:00:00;3.227;0.439;238.41;13.54;6.4;0.0;55.0;12.3;60.5;0.24
03/03/2026;20:00:00;3.411;0.407;242.18;14.08;12.3;0.0;55.0;12.6;66.0;0.27
03/03/2026;21:00:00;3.176;0.36;239.4;13.27;10.8;0.0;55.0;11.9;59.7;0.32
03/03/2026;22:00:00;2.441;0.392;237.26;10.29;0.0;0.0;55.0;11.1;59.9;0.28
03/03/2026;23:00:00;1.912;0.296;234.87;8.14;0.0;0.0;55.0;10.9;73.2;0.29
04/03/2026;00:00:00;1.115;0.085;241.61;4.62;0.0;0.0;55.0;9.3;76.0;0.12
04/03/2026;01:00:00;1.241;0.234;241.82;5.13;0.0;0.0;55.0;7.4;65.5;0.12
04/03/2026;02:00:00;1.322;0.209;240.96;5.49;0.0;0.0;55.0;6.9;74.2;0.12
04/03/2026;03:00:00;1.315;0.185;239.4;5.49;0.0;0.0;55.0;7.8;70.0;0.12
04/03/2026;04:00:00;0.938;0.166;239.11;3.92;0.0;0.0;55.0;9.1;60.1;0.12
04/03/2026;05:00:00;1.417;0.108;242.18;5.85;0.0;0.0;55.0;7.9;63.5;0.12
04/03/2026;06:00:00;4.297;0.887;239.72;17.93;0.0;0.0;55.0;7.8;75.9;0.34
04/03/2026;07:00:00;2.722;0.261;243.15;11.2;0.0;13.8;55.0;8.0;60.9;0.34
04/03/2026;08:00:00;3.178;0.301;239.72;13.26;0.0;15.0;55.0;8.5;79.0;0.61
04/03/2026;09:00:00;2.795;0.527;239.62;11.66;0.0;4.2;55.0;13.0;61.1;0.57
04/03/2026;10:00:00;1.792;0.191;241.04;7.44;0.0;0.0;55.0;14.2;71.0;0.59
04/03/2026;11:00:00;1.132;0.216;243.9;4.64;0.0;0.0;55.0;15.4;60.6;0.69
04/03/2026;12:00:00;1.223;0.129;243.29;5.03;0.0;0.0;55.0;15.3;66.1;0.71
04/03/2026;13:00:00;1.128;0.162;239.86;4.7;0.0;0.0;55.0;18.4;66.6;0.68
04/03/2026;14:00:00;1.459;0.13;238.95;6.11;0.0;0.0;55.0;16.1;68.5;0.76
04/03/2026;15:00:00;1.326;0.231;236.62;5.6;0.0;0.0;55.0;18.4;56.7;0.7
04/03/2026;16:00:00;1.536;0.12;241.94;6.35;0.0;0.0;55.0;16.8;56.7;0.79
04/03/2026;17:00:00;1.845;0.374;235.01;7.85;0.0;0.0;55.0;15.4;61.7;0.57
04/03/2026;18:00:00;2.558;0.29;244.77;10.45;12.5;0.0;55.0;16.4;54.8;0.58
04/03/2026;19:00:00;3.297;0.429;242.36;13.6;8.1;0.0;55.0;15.1;63.5;0.28
04/03/2026;20:00:00;3.433;0.186;237.91;14.43;18.9;0.0;55.0;13.8;59.2;0.23
04/03/2026;21:00:00;5.224;1.128;243.45;21.46;2.7;0.0;55.0;12.1;70.1;0.27
04/03/2026;22:00:00;2.61;0.491;241.53;10.81;0.0;0.0;55.0;10.6;63.0;0.33
04/03/2026;23:00:00;1.723;0.217;241.31;7.14;0.0;0.0;55.0;13.1;55.2;0.25
05/03/2026;00:00:00;0.849;0.175;239.25;3.55;0.0;0.0;55.0;10.2;73.2;0.12
05/03/2026;01:00:00;0.857;0.178;241.55;3.55;0.0;0.0;55.0;8.8;68.3;0.12
05/03/2026;02:00:00;1.228;0.173;236.03;5.2;0.0;0.0;55.0;7.3;68.7;0.12
05/03/2026;03:00:00;0.996;0.089;240.18;4.15;0.0;0.0;55.0;8.5;73.1;0.12
05/03/2026;04:00:00;1.32;0.175;238.1;5.55;0.0;0.0;55.0;7.9;72.4;0.12
05/03/2026;05:00:00;1.378;0.145;239.19;5.76;0.0;0.0;55.0;7.7;64.4;0.12
05/03/2026;06:00:00;1.938;0.244;238.07;8.14;0.0;0.0;55.0;8.0;65.7;0.29
05/03/2026;07:00:00;2.351;0.482;238.21;9.87;0.0;13.2;55.0;9.4;61.3;0.33
05/03/2026;08:00:00;3.621;0.355;243.61;14.86;0.0;19.6;55.0;6.0;62.3;0.66
05/03/2026;09:00:00;2.793;0.538;235.99;11.83;0.0;14.2;55.0;12.3;67.4;0.69
05/03/2026;10:00:00;2.011;0.42;241.14;8.34;0.0;0.0;55.0;12.6;66.3;0.72
05/03/2026;11:00:00;1.333;0.249;236.83;5.63;0.0;0.0;55.0;16.9;64.7;0.75
05/03/2026;12:00:00;1.415;0.198;243.7;5.81;0.0;0.0;55.0;15.6;68.4;0.71
05/03/2026;13:00:00;1.112;0.162;241.2;4.61;0.0;0.0;55.0;14.5;66.6;0.75
05/03/2026;14:00:00;1.143;0.216;236.07;4.84;0.0;0.0;55.0;16.8;65.3;0.7
05/03/2026;15:00:00;1.342;0.077;240.94;5.57;0.0;0.0;55.0;15.4;51.7;0.7
05/03/2026;16:00:00;1.712;0.3;238.05;7.19;0.0;0.0;55.0;17.5;58.8;0.75
05/03/2026;17:00:00;1.914;0.268;240.64;7.95;0.0;0.0;55.0;16.8;65.8;0.66
05/03/2026;18:00:00;2.596;0.305;236.28;10.99;5.2;0.0;55.0;17.0;55.0;0.71
05/03/2026;19:00:00;3.157;0.569;243.45;12.97;9.4;0.0;55.0;13.3;64.2;0.33
05/03/2026;20:00:00;3.527;0.336;234.41;15.05;12.6;0.0;55.0;13.3;66.3;0.27
05/03/2026;21:00:00;3.464;0.701;237.74;14.57;14.7;0.0;55.0;10.0;68.7;0.27
05/03/2026;22:00:00;2.371;0.396;236.97;10.01;0.0;0.0;55.0;11.8;66.8;0.28
05/03/2026;23:00:00;1.935;0.297;241.06;8.03;0.0;0.0;55.0;10.3;69.2;0.28
06/03/2026;00:00:00;0.871;0.121;238.62;3.65;0.0;0.0;55.0;9.2;67.9;0.12
06/03/2026;01:00:00;1.242;0.107;239.48;5.19;0.0;0.0;55.0;7.7;60.9;0.12
06/03/2026;02:00:00;1.18;0.183;238.2;4.95;0.0;0.0;55.0;7.8;70.7;0.12
06/03/2026;03:00:00;0.928;0.161;236.17;3.93;0.0;0.0;55.0;9.4;68.3;0.12
06/03/2026;04:00:00;1.427;0.074;239.36;5.96;0.0;0.0;55.0;6.7;61.8;0.12
06/03/2026;05:00:00;1.407;0.158;236.35;5.95;0.0;0.0;55.0;7.9;75.0;0.12
06/03/2026;06:00:00;2.089;0.4;234.87;8.89;0.0;0.0;55.0;6.8;71.6;0.29
06/03/2026;07:00:00;2.621;0.413;241.75;10.84;0.0;7.1;55.0;8.2;60.9;0.24
06/03/2026;08:00:00;3.146;0.486;236.53;13.3;0.0;8.8;55.0;10.9;61.6;0.62
06/03/2026;09:00:00;2.552;0.227;244.08;10.45;0.0;5.5;55.0;13.7;60.7;0.59
06/03/2026;10:00:00;1.917;0.302;243.97;7.86;0.0;0.0;55.0;12.9;61.2;0.68
06/03/2026;11:00:00;1.499;0.275;242.48;6.18;0.0;0.0;55.0;14.1;64.5;0.57
06/03/2026;12:00:00;5.034;0.596;236.82;21.26;0.0;0.0;55.0;14.9;57.6;0.8
06/03/2026;13:00:00;1.093;0.088;245.94;4.44;0.0;0.0;55.0;15.5;67.6;0.68
06/03/2026;14:00:00;1.171;0.074;233.41;5.02;0.0;0.0;55.0;17.3;65.8;0.7
06/03/2026;15:00:00;1.418;0.193;237.53;5.97;0.0;0.0;55.0;14.8;65.7;0.65
06/03/2026;16:00:00;1.529;0.254;242.33;6.31;0.0;0.0;55.0;18.8;59.6;0.57
06/03/2026;17:00:00;1.947;0.151;242.11;8.04;0.0;0.0;55.0;15.3;66.8;0.73
06/03/2026;18:00:00;2.833;0.345;237.97;11.9;9.9;0.0;55.0;16.6;59.7;0.71
06/03/2026;19:00:00;3.23;0.474;237.8;13.58;22.6;0.0;55.0;12.6;60.7;0.33
06/03/2026;20:00:00;3.218;0.246;239.4;13.44;18.2;0.0;55.0;14.3;68.9;0.22
06/03/2026;21:00:00;3.084;0.296;239.76;12.86;21.7;0.0;55.0;13.0;65.6;0.27
06/03/2026;22:00:00;2.769;0.425;238.69;11.6;0.0;0.0;55.0;11.3;62.0;0.33
06/03/2026;23:00:00;2.294;0.397;244.64;9.38;0.0;0.0;55.0;8.0;65.9;0.27
07/03/2026;00:00:00;1.118;0.177;238.09;4.7;0.0;0.0;55.0;8.8;63.6;0.14
07/03/2026;01:00:00;1.189;0.204;244.11;4.87;0.0;0.0;55.0;5.9;79.8;0.14
07/03/2026;02:00:00;1.189;0.177;241.14;4.93;0.0;0.0;55.0;6.8;69.0;0.14
07/03/2026;03:00:00;1.014;0.195;242.85;4.18;0.0;0.0;55.0;8.5;68.4;0.14
07/03/2026;04:00:00;1.094;0.208;235.81;4.64;0.0;0.0;55.0;8.4;71.3;0.14
07/03/2026;05:00:00;1.343;0.249;242.88;5.53;0.0;0.0;55.0;7.7;62.2;0.14
07/03/2026;06:00:00;2.22;0.328;242.78;9.14;0.0;0.0;55.0;7.0;74.3;0.37
07/03/2026;07:00:00;2.752;0.603;238.14;11.56;0.0;15.3;55.0;10.5;63.0;0.26
07/03/2026;08:00:00;3.128;0.177;242.37;12.91;0.0;9.0;55.0;10.7;75.0;0.28
07/03/2026;09:00:00;2.853;0.238;235.86;12.09;0.0;8.3;55.0;8.5;66.0;0.29
07/03/2026;10:00:00;1.842;0.345;238.67;7.72;0.0;0.0;55.0;14.5;68.0;0.34
07/03/2026;11:00:00;1.127;0.215;243.27;4.63;0.0;0.0;55.0;14.5;50.3;0.3
07/03/2026;12:00:00;0.936;0.177;239.49;3.91;0.0;0.0;55.0;17.3;54.7;0.37
07/03/2026;13:00:00;0.893;0.177;239.26;3.73;0.0;0.0;55.0;14.7;61.2;0.35
07/03/2026;14:00:00;1.207;0.147;243.93;4.95;0.0;0.0;55.0;12.1;54.6;0.27
07/03/2026;15:00:00;0.939;0.196;234.53;4.0;0.0;0.0;55.0;17.4;63.5;0.34
07/03/2026;16:00:00;1.276;0.109;239.5;5.33;0.0;0.0;55.0;17.3;62.2;0.27
07/03/2026;17:00:00;1.746;0.366;239.82;7.28;0.0;0.0;55.0;13.8;58.4;0.29
07/03/2026;18:00:00;2.664;0.385;237.77;11.2;0.7;0.0;55.0;14.1;63.1;0.28
07/03/2026;19:00:00;3.424;0.267;243.85;14.04;4.9;0.0;55.0;18.6;63.5;0.28
07/03/2026;20:00:00;4.005;0.701;237.45;16.87;11.4;0.0;55.0;12.8;53.6;0.34
07/03/2026;21:00:00;3.47;0.348;237.49;14.61;10.6;0.0;55.0;13.1;57.6;0.33
07/03/2026;22:00:00;2.748;0.24;233.08;11.79;0.0;0.0;55.0;9.7;64.9;0.28
07/03/2026;23:00:00;2.269;0.18;243.11;9.33;0.0;0.0;55.0;6.4;69.4;0.39
08/03/2026;00:00:00;1.234;0.068;239.08;5.16;0.0;0.0;55.0;8.2;67.5;0.14
08/03/2026;01:00:00;1.424;0.256;239.08;5.96;0.0;0.0;55.0;7.3;73.0;0.14
08/03/2026;02:00:00;1.317;0.175;239.4;5.5;0.0;0.0;55.0;6.6;71.5;0.14
08/03/2026;03:00:00;1.057;0.229;243.34;4.34;0.0;0.0;55.0;6.8;72.4;0.14
08/03/2026;04:00:00;1.312;0.164;244.52;5.36;0.0;0.0;55.0;7.6;61.4;0.14
08/03/2026;05:00:00;1.331;0.257;235.15;5.66;0.0;0.0;55.0;7.4;69.2;0.14
08/03/2026;06:00:00;2.222;0.477;238.7;9.31;0.0;0.0;55.0;6.6;67.6;0.38
08/03/2026;07:00:00;2.818;0.152;236.82;11.9;0.0;4.1;55.0;10.2;73.5;0.31
08/03/2026;08:00:00;3.396;0.231;239.37;14.19;0.0;1.7;55.0;7.8;69.0;0.31
08/03/2026;09:00:00;2.888;0.315;239.75;12.04;0.0;4.6;55.0;8.9;63.9;0.32
08/03/2026;10:00:00;1.694;0.335;235.19;7.2;0.0;0.0;55.0;14.4;67.1;0.35
08/03/2026;11:00:00;1.25;0.241;241.03;5.19;0.0;0.0;55.0;15.3;65.0;0.3
08/03/2026;12:00:00;0.895;0.1;238.74;3.75;0.0;0.0;55.0;15.4;57.9;0.37
08/03/2026;13:00:00;1.016;0.085;242.19;4.2;0.0;0.0;55.0;14.2;61.3;0.26
08/03/2026;14:00:00;0.72;0.134;240.08;3.0;0.0;0.0;55.0;15.8;60.1;0.31
08/03/2026;15:00:00;1.011;0.153;235.19;4.3;0.0;0.0;55.0;16.6;67.3;0.32
08/03/2026;16:00:00;1.145;0.063;241.72;4.74;0.0;0.0;55.0;14.4;63.9;0.34
08/03/2026;17:00:00;1.666;0.311;236.25;7.05;0.0;0.0;55.0;15.2;65.9;0.29
08/03/2026;18:00:00;2.532;0.538;236.55;10.7;10.3;0.0;55.0;16.5;58.7;0.31
08/03/2026;19:00:00;3.576;0.204;239.11;14.95;2.6;0.0;55.0;16.6;62.8;0.32
08/03/2026;20:00:00;4.05;0.399;239.2;16.93;14.5;0.0;55.0;12.7;70.8;0.35
08/03/2026;21:00:00;3.642;0.689;235.09;15.49;1.7;0.0;55.0;13.1;62.1;0.36
08/03/2026;22:00:00;3.062;0.457;239.59;12.78;0.0;0.0;55.0;7.8;68.7;0.35
08/03/2026;23:00:00;2.067;0.451;239.75;8.62;0.0;0.0;55.0;10.5;59.2;0.3
09/03/2026;00:00:00;1.312;0.27;239.64;5.48;0.0;0.0;55.0;7.3;64.8;0.12
09/03/2026;01:00:00;1.192;0.096;235.27;5.07;0.0;0.0;55.0;8.1;66.2;0.12
09/03/2026;02:00:00;1.191;0.196;240.4;4.95;0.0;0.0;55.0;6.8;63.7;0.12
09/03/2026;03:00:00;1.243;0.2;241.73;5.14;0.0;0.0;55.0;9.0;73.8;0.12
09/03/2026;04:00:00;1.394;0.096;236.23;5.9;0.0;0.0;55.0;5.9;65.5;0.12
09/03/2026;05:00:00;1.352;0.088;236.99;5.7;0.0;0.0;55.0;8.6;71.4;0.12
09/03/2026;06:00:00;1.96;0.288;242.2;8.09;0.0;0.0;55.0;8.0;68.9;0.32
09/03/2026;07:00:00;2.57;0.305;244.42;10.52;0.0;12.0;55.0;9.3;67.1;0.31
09/03/2026;08:00:00;3.2;0.457;239.53;13.36;0.0;8.4;55.0;10.4;73.5;0.71
09/03/2026;09:00:00;2.823;0.256;238.74;11.82;0.0;11.3;55.0;10.7;54.5;0.59
09/03/2026;10:00:00;2.08;0.301;240.56;8.65;0.0;0.0;55.0;13.3;62.8;0.67
09/03/2026;11:00:00;1.28;0.147;243.8;5.25;0.0;0.0;55.0;14.4;57.5;0.72
09/03/2026;12:00:00;0.872;0.175;237.62;3.67;0.0;0.0;55.0;15.9;51.9;0.57
09/03/2026;13:00:00;1.053;0.107;238.64;4.41;0.0;0.0;55.0;16.5;55.3;0.69
09/03/2026;14:00:00;1.037;0.205;238.57;4.35;0.0;0.0;55.0;18.0;60.1;0.57
09/03/2026;15:00:00;1.402;0.163;236.03;5.94;0.0;0.0;55.0;18.4;56.1;0.69
09/03/2026;16:00:00;1.428;0.212;242.39;5.89;0.0;0.0;55.0;15.3;66.7;0.65
09/03/2026;17:00:00;1.99;0.196;240.73;8.27;0.0;0.0;55.0;17.6;59.2;0.69
09/03/2026;18:00:00;2.8;0.525;234.35;11.95;14.9;0.0;55.0;13.8;61.8;0.7
09/03/2026;19:00:00;2.935;0.568;239.97;12.23;17.9;0.0;55.0;15.4;60.5;0.31
09/03/2026;20:00:00;3.594;0.674;244.65;14.69;16.2;0.0;55.0;14.2;62.5;0.34
09/03/2026;21:00:00;3.336;0.53;240.77;13.86;6.0;0.0;55.0;9.1;65.0;0.32
09/03/2026;22:00:00;2.801;0.285;244.49;11.46;0.0;0.0;55.0;10.8;61.5;0.31
09/03/2026;23:00:00;2.008;0.318;238.43;8.42;0.0;0.0;55.0;8.8;72.3;0.3
10/03/2026;00:00:00;1.116;0.238;242.71;4.6;0.0;0.0;55.0;7.3;65.4;0.12
10/03/2026;01:00:00;0.881;0.141;243.68;3.62;0.0;0.0;55.0;9.7;64.7;0.12
10/03/2026;02:00:00;1.249;0.265;239.8;5.21;0.0;0.0;55.0;6.2;71.6;0.12
10/03/2026;03:00:00;1.526;0.155;238.85;6.39;0.0;0.0;55.0;5.8;71.4;0.12
10/03/2026;04:00:00;1.26;0.244;243.08;5.18;0.0;0.0;55.0;7.3;64.1;0.12
10/03/2026;05:00:00;1.35;0.232;241.51;5.59;0.0;0.0;55.0;8.7;71.2;0.12
10/03/2026;06:00:00;1.853;0.351;242.67;7.63;0.0;0.0;55.0;8.3;70.5;0.23
10/03/2026;07:00:00;2.567;0.439;241.16;10.64;0.0;2.4;55.0;11.2;66.3;0.29
10/03/2026;08:00:00;3.133;0.412;239.78;13.06;0.0;1.4;55.0;11.5;63.0;0.63
10/03/2026;09:00:00;5.105;0.851;239.75;21.29;0.0;12.4;55.0;8.7;65.4;0.62
10/03/2026;10:00:00;2.088;0.435;239.01;8.74;0.0;0.0;55.0;12.5;63.4;0.67
10/03/2026;11:00:00;1.274;0.154;241.12;5.28;0.0;0.0;55.0;13.7;57.3;0.71
10/03/2026;12:00:00;1.216;0.258;239.5;5.08;0.0;0.0;55.0;16.3;61.2;0.72
10/03/2026;13:00:00;1.182;0.069;240.71;4.91;0.0;0.0;55.0;12.4;68.9;0.7
10/03/2026;14:00:00;1.08;0.057;237.78;4.54;0.0;0.0;55.0;20.7;62.3;0.56
10/03/2026;15:00:00;1.175;0.157;237.62;4.94;0.0;0.0;55.0;17.8;58.3;0.69
10/03/2026;16:00:00;1.423;0.276;241.64;5.89;0.0;0.0;55.0;17.1;66.1;0.7
10/03/2026;17:00:00;1.806;0.166;241.09;7.49;0.0;0.0;55.0;18.1;69.4;0.69
10/03/2026;18:00:00;2.761;0.464;238.8;11.56;13.6;0.0;55.0;19.1;57.6;0.64
10/03/2026;19:00:00;2.99;0.428;243.86;12.26;12.7;0.0;55.0;15.8;65.2;0.33
10/03/2026;20:00:00;3.222;0.32;237.7;13.55;10.0;0.0;55.0;14.7;51.3;0.22
10/03/2026;21:00:00;3.4;0.335;241.22;14.09;10.8;0.0;55.0;12.2;58.4;0.3
10/03/2026;22:00:00;2.713;0.169;241.28;11.24;0.0;0.0;55.0;10.5;66.5;0.32
10/03/2026;23:00:00;1.808;0.255;240.15;7.53;0.0;0.0;55.0;8.8;62.3;0.34
11/03/2026;00:00:00;1.329;0.168;243.55;5.46;0.0;0.0;55.0;7.2;78.8;0.12
11/03/2026;01:00:00;1.395;0.138;244.56;5.71;0.0;0.0;55.0;6.6;72.1;0.12
11/03/2026;02:00:00;1.474;0.317;236.78;6.23;0.0;0.0;55.0;5.1;75.1;0.12
11/03/2026;03:00:00;1.27;0.24;233.63;5.44;0.0;0.0;55.0;6.9;68.7;0.12
11/03/2026;04:00:00;1.237;0.172;238.63;5.18;0.0;0.0;55.0;4.6;65.7;0.12
11/03/2026;05:00:00;1.356;0.188;237.25;5.72;0.0;0.0;55.0;8.0;65.4;0.12
11/03/2026;06:00:00;1.749;0.145;238.78;7.32;0.0;0.0;55.0;8.4;68.9;0.23
11/03/2026;07:00:00;2.479;0.398;245.09;10.12;0.0;5.7;55.0;9.7;63.4;0.28
11/03/2026;08:00:00;5.362;1.137;247.55;21.66;0.0;10.9;55.0;9.9;69.8;0.74
11/03/2026;09:00:00;2.521;0.511;237.35;10.62;0.0;7.1;55.0;16.6;64.7;0.69
11/03/2026;10:00:00;1.882;0.121;240.63;7.82;0.0;0.0;55.0;15.3;62.2;0.65
11/03/2026;11:00:00;1.479;0.087;240.56;6.15;0.0;0.0;55.0;12.6;55.2;0.68
11/03/2026;12:00:00;1.161;0.248;240.97;4.82;0.0;0.0;55.0;15.9;70.3;0.71
11/03/2026;13:00:00;1.137;0.095;236.16;4.81;0.0;0.0;55.0;15.4;61.0;0.7
11/03/2026;14:00:00;1.398;0.201;243.46;5.74;0.0;0.0;55.0;15.3;75.7;0.74
11/03/2026;15:00:00;1.54;0.097;242.53;6.35;0.0;0.0;55.0;15.0;65.7;0.71
11/03/2026;16:00:00;1.423;0.275;238.66;5.96;0.0;0.0;55.0;17.5;59.4;0.67
11/03/2026;17:00:00;2.013;0.141;243.45;8.27;0.0;0.0;55.0;15.3;64.4;0.7
11/03/2026;18:00:00;2.567;0.409;235.96;10.88;18.3;0.0;55.0;17.0;50.7;0.69
11/03/2026;19:00:00;3.136;0.187;235.26;13.33;1.3;0.0;55.0;16.0;66.7;0.3
11/03/2026;20:00:00;7.111;0.545;240.74;29.54;18.9;0.0;55.0;15.4;75.0;0.34
11/03/2026;21:00:00;3.21;0.44;241.21;13.31;21.4;0.0;55.0;10.7;55.4;0.29
11/03/2026;22:00:00;2.777;0.16;239.54;11.59;0.0;0.0;55.0;11.4;63.8;0.26
11/03/2026;23:00:00;1.735;0.144;243.1;7.14;0.0;0.0;55.0;10.4;65.5;0.27
12/03/2026;00:00:00;0.836;0.061;238.16;3.51;0.0;0.0;55.0;7.8;72.6;0.12
12/03/2026;01:00:00;1.293;0.074;243.37;5.31;0.0;0.0;55.0;6.5;79.7;0.12
12/03/2026;02:00:00;0.977;0.21;242.21;4.04;0.0;0.0;55.0;9.6;68.6;0.12
12/03/2026;03:00:00;1.085;0.137;245.22;4.42;0.0;0.0;55.0;7.3;79.2;0.12
12/03/2026;04:00:00;1.488;0.292;235.04;6.33;0.0;0.0;55.0;8.1;68.8;0.12
12/03/2026;05:00:00;1.541;0.171;238.64;6.46;0.0;0.0;55.0;6.4;71.5;0.12
12/03/2026;06:00:00;2.098;0.12;237.46;8.84;0.0;0.0;55.0;6.6;70.7;0.33
12/03/2026;07:00:00;2.536;0.427;242.18;10.47;0.0;10.3;55.0;8.6;73.6;0.25
12/03/2026;08:00:00;3.195;0.181;244.4;13.07;0.0;9.1;55.0;10.5;63.9;0.59
12/03/2026;09:00:00;2.633;0.379;238.96;11.02;0.0;6.8;55.0;10.4;70.2;0.65
12/03/2026;10:00:00;1.865;0.137;241.68;7.71;0.0;0.0;55.0;13.3;57.6;0.6
12/03/2026;11:00:00;1.647;0.27;244.04;6.75;0.0;0.0;55.0;12.0;63.4;0.78
12/03/2026;12:00:00;5.097;1.028;240.91;21.16;0.0;0.0;55.0;13.9;60.1;0.69
12/03/2026;13:00:00;1.11;0.236;241.96;4.59;0.0;0.0;55.0;17.3;61.0;0.64
12/03/2026;14:00:00;1.058;0.148;234.45;4.51;0.0;0.0;55.0;17.7;58.6;0.64
12/03/2026;15:00:00;1.357;0.191;244.38;5.55;0.0;0.0;55.0;16.4;66.9;0.67
12/03/2026;16:00:00;1.32;0.075;239.16;5.52;0.0;0.0;55.0;15.3;57.8;0.72
12/03/2026;17:00:00;1.865;0.337;247.48;7.54;0.0;0.0;55.0;14.8;53.9;0.59
12/03/2026;18:00:00;2.537;0.539;237.62;10.67;20.8;0.0;55.0;15.0;55.6;0.6
12/03/2026;19:00:00;3.153;0.393;241.33;13.07;8.1;0.0;55.0;15.5;67.0;0.28
12/03/2026;20:00:00;3.254;0.602;242.31;13.43;2.2;0.0;55.0;14.7;57.8;0.24
12/03/2026;21:00:00;3.264;0.606;233.0;14.01;19.0;0.0;55.0;11.3;67.4;0.23
12/03/2026;22:00:00;2.761;0.507;244.98;11.27;0.0;0.0;55.0;9.0;65.7;0.3
12/03/2026;23:00:00;1.744;0.312;242.08;7.2;0.0;0.0;55.0;9.9;70.6;0.31
13/03/2026;00:00:00;1.154;0.1;235.82;4.9;0.0;0.0;55.0;7.2;67.5;0.12
13/03/2026;01:00:00;0.973;0.173;241.04;4.04;0.0;0.0;55.0;6.9;82.7;0.12
13/03/2026;02:00:00;1.089;0.081;241.02;4.52;0.0;0.0;55.0;9.2;76.6;0.12
13/03/2026;03:00:00;1.021;0.175;239.62;4.26;0.0;0.0;55.0;8.2;66.2;0.12
13/03/2026;04:00:00;1.345;0.068;238.33;5.64;0.0;0.0;55.0;7.4;66.2;0.12
13/03/2026;05:00:00;1.472;0.304;239.81;6.14;0.0;0.0;55.0;5.8;85.5;0.12
13/03/2026;06:00:00;1.816;0.346;242.41;7.49;0.0;0.0;55.0;8.8;62.0;0.24
13/03/2026;07:00:00;2.621;0.435;242.3;10.82;0.0;12.4;55.0;11.1;65.2;0.25
13/03/2026;08:00:00;3.13;0.207;240.02;13.04;0.0;11.3;55.0;10.1;66.4;0.68
13/03/2026;09:00:00;2.774;0.528;240.64;11.53;0.0;8.6;55.0;14.0;63.2;0.71
13/03/2026;10:00:00;2.0;0.398;239.64;8.35;0.0;0.0;55.0;15.2;53.5;0.75
13/03/2026;11:00:00;3.506;0.585;237.28;14.77;0.0;0.0;55.0;17.0;63.3;0.63
13/03/2026;12:00:00;4.853;1.048;239.84;20.23;0.0;0.0;55.0;16.0;56.8;0.7
13/03/2026;13:00:00;1.281;0.084;237.94;5.38;0.0;0.0;55.0;17.2;67.8;0.65
13/03/2026;14:00:00;1.174;0.2;237.21;4.95;0.0;0.0;55.0;19.0;52.0;0.61
13/03/2026;15:00:00;1.231;0.171;233.23;5.28;0.0;0.0;55.0;17.7;60.6;0.77
13/03/2026;16:00:00;1.503;0.112;238.86;6.29;0.0;0.0;55.0;16.1;50.5;0.67
13/03/2026;17:00:00;2.13;0.345;242.2;8.8;0.0;0.0;55.0;15.7;51.1;0.75
13/03/2026;18:00:00;2.675;0.497;243.42;10.99;7.0;0.0;55.0;15.9;57.5;0.68
13/03/2026;19:00:00;3.242;0.253;241.25;13.44;12.7;0.0;55.0;12.6;60.9;0.33
13/03/2026;20:00:00;5.81;1.074;236.37;24.58;6.6;0.0;55.0;13.1;71.3;0.34
13/03/2026;21:00:00;3.312;0.218;239.57;13.83;5.8;0.0;55.0;13.6;63.3;0.3
13/03/2026;22:00:00;2.816;0.424;236.77;11.89;0.0;0.0;55.0;7.4;74.9;0.32
13/03/2026;23:00:00;1.668;0.31;245.35;6.8;0.0;0.0;55.0;11.8;63.1;0.28
14/03/2026;00:00:00;0.845;0.063;238.92;3.54;0.0;0.0;55.0;10.1;69.3;0.14
14/03/2026;01:00:00;1.109;0.163;238.62;4.65;0.0;0.0;55.0;7.0;65.2;0.14
14/03/2026;02:00:00;1.02;0.125;242.58;4.2;0.0;0.0;55.0;8.0;64.0;0.14
14/03/2026;03:00:00;0.996;0.153;239.89;4.15;0.0;0.0;55.0;7.0;59.7;0.14
14/03/2026;04:00:00;1.35;0.165;243.0;5.56;0.0;0.0;55.0;9.0;68.9;0.14
14/03/2026;05:00:00;1.405;0.13;236.86;5.93;0.0;0.0;55.0;9.1;68.4;0.14
14/03/2026;06:00:00;2.137;0.199;240.25;8.9;0.0;0.0;55.0;6.4;73.2;0.29
14/03/2026;07:00:00;2.772;0.546;241.42;11.48;0.0;2.2;55.0;10.4;67.2;0.3
14/03/2026;08:00:00;3.033;0.232;232.67;13.04;0.0;5.3;55.0;10.4;76.2;0.38
14/03/2026;09:00:00;2.778;0.197;238.09;11.67;0.0;10.1;55.0;12.1;65.6;0.26
14/03/2026;10:00:00;1.653;0.11;238.28;6.94;0.0;0.0;55.0;12.2;69.6;0.33
14/03/2026;11:00:00;1.185;0.074;240.15;4.93;0.0;0.0;55.0;17.1;59.1;0.3
14/03/2026;12:00:00;0.685;0.036;239.13;2.86;0.0;0.0;55.0;17.1;56.2;0.31
14/03/2026;13:00:00;0.865;0.067;240.83;3.59;0.0;0.0;55.0;15.2;65.8;0.38
14/03/2026;14:00:00;1.089;0.09;239.34;4.55;0.0;0.0;55.0;14.8;62.1;0.37
14/03/2026;15:00:00;0.799;0.077;243.21;3.28;0.0;0.0;55.0;16.4;65.4;0.34
14/03/2026;16:00:00;1.204;0.086;245.91;4.9;0.0;0.0;55.0;17.5;62.2;0.29
14/03/2026;17:00:00;1.864;0.123;235.8;7.9;0.0;0.0;55.0;16.7;57.1;0.32
14/03/2026;18:00:00;2.647;0.376;240.07;11.03;12.6;0.0;55.0;17.4;65.8;0.31
14/03/2026;19:00:00;3.387;0.583;243.04;13.94;12.3;0.0;55.0;15.7;57.5;0.3
14/03/2026;20:00:00;3.763;0.591;238.03;15.81;22.5;0.0;55.0;14.7;65.7;0.27
14/03/2026;21:00:00;3.477;0.503;240.78;14.44;20.8;0.0;55.0;12.5;70.8;0.33
14/03/2026;22:00:00;3.194;0.399;238.94;13.37;0.0;0.0;55.0;8.6;65.6;0.29
14/03/2026;23:00:00;1.963;0.31;237.19;8.28;0.0;0.0;55.0;9.2;72.8;0.34
15/03/2026;00:00:00;1.147;0.233;237.15;4.83;0.0;0.0;55.0;10.1;68.3;0.14
15/03/2026;01:00:00;1.178;0.184;233.08;5.05;0.0;0.0;55.0;7.6;72.6;0.14
15/03/2026;02:00:00;1.21;0.073;240.46;5.03;0.0;0.0;55.0;7.9;63.9;0.14
15/03/2026;03:00:00;1.322;0.194;240.65;5.5;0.0;0.0;55.0;6.5;70.3;0.14
15/03/2026;04:00:00;1.399;0.195;237.33;5.89;0.0;0.0;55.0;5.6;62.9;0.14
15/03/2026;05:00:00;1.344;0.17;239.22;5.62;0.0;0.0;55.0;7.5;77.0;0.14
15/03/2026;06:00:00;2.043;0.3;235.96;8.66;0.0;0.0;55.0;8.9;57.2;0.33
15/03/2026;07:00:00;2.771;0.455;241.49;11.47;0.0;11.8;55.0;8.5;65.8;0.37
15/03/2026;08:00:00;3.201;0.18;238.88;13.4;0.0;2.9;55.0;10.4;61.5;0.36
15/03/2026;09:00:00;2.841;0.374;242.16;11.73;0.0;6.1;55.0;10.6;69.3;0.35
15/03/2026;10:00:00;1.743;0.329;239.1;7.29;0.0;0.0;55.0;15.0;72.0;0.27
15/03/2026;11:00:00;1.259;0.177;237.23;5.31;0.0;0.0;55.0;14.1;66.4;0.34
15/03/2026;12:00:00;0.736;0.045;238.5;3.09;0.0;0.0;55.0;17.7;75.0;0.36
15/03/2026;13:00:00;0.812;0.148;244.22;3.33;0.0;0.0;55.0;18.6;52.6;0.33
15/03/2026;14:00:00;0.854;0.179;245.87;3.47;0.0;0.0;55.0;16.7;54.5;0.38
15/03/2026;15:00:00;0.802;0.156;235.78;3.4;0.0;0.0;55.0;15.5;57.5;0.29
15/03/2026;16:00:00;3.396;0.379;242.54;14.0;0.0;0.0;55.0;13.7;64.0;0.29
15/03/2026;17:00:00;1.885;0.266;236.9;7.96;0.0;0.0;55.0;14.1;58.0;0.37
15/03/2026;18:00:00;2.876;0.433;237.87;12.09;11.4;0.0;55.0;13.5;59.9;0.34
15/03/2026;19:00:00;3.225;0.554;240.59;13.41;22.5;0.0;55.0;16.6;64.2;0.25
15/03/2026;20:00:00;3.673;0.6;241.37;15.22;9.7;0.0;55.0;13.5;57.4;0.3
15/03/2026;21:00:00;3.507;0.294;237.96;14.74;10.2;0.0;55.0;12.6;58.7;0.37
15/03/2026;22:00:00;5.247;1.014;241.71;21.71;0.0;0.0;55.0;7.4;66.5;0.26
15/03/2026;23:00:00;2.321;0.451;243.32;9.54;0.0;0.0;55.0;7.7;66.7;0.25
16/03/2026;00:00:00;0.998;0.118;242.04;4.12;0.0;0.0;55.0;9.8;71.6;0.12
16/03/2026;01:00:00;0.937;0.068;237.29;3.95;0.0;0.0;55.0;8.1;63.4;0.12
16/03/2026;02:00:00;1.032;0.158;238.75;4.32;0.0;0.0;55.0;6.9;65.2;0.12
16/03/2026;03:00:00;1.155;0.128;242.45;4.76;0.0;0.0;55.0;7.8;71.0;0.12
16/03/2026;04:00:00;1.189;0.209;244.34;4.87;0.0;0.0;55.0;9.6;70.7;0.12
16/03/2026;05:00:00;1.617;0.168;236.44;6.84;0.0;0.0;55.0;7.3;75.7;0.12
16/03/2026;06:00:00;1.783;0.169;240.85;7.4;0.0;0.0;55.0;8.6;69.9;0.25
16/03/2026;07:00:00;2.625;0.518;242.06;10.84;0.0;10.5;55.0;9.8;67.2;0.32
16/03/2026;08:00:00;2.816;0.436;236.09;11.93;0.0;3.3;55.0;14.3;65.8;0.62
16/03/2026;09:00:00;2.846;0.184;242.85;11.72;0.0;7.6;55.0;8.9;66.0;0.68
16/03/2026;10:00:00;1.866;0.312;245.92;7.59;0.0;0.0;55.0;14.3;61.6;0.75
16/03/2026;11:00:00;1.371;0.244;241.86;5.67;0.0;0.0;55.0;14.3;54.1;0.66
16/03/2026;12:00:00;1.042;0.094;241.58;4.31;0.0;0.0;55.0;16.4;65.8;0.62
16/03/2026;13:00:00;1.47;0.315;237.9;6.18;0.0;0.0;55.0;15.3;63.2;0.7
16/03/2026;14:00:00;1.087;0.123;238.63;4.55;0.0;0.0;55.0;16.8;64.9;0.64
16/03/2026;15:00:00;1.384;0.291;238.19;5.81;0.0;0.0;55.0;18.1;45.9;0.69
16/03/2026;16:00:00;1.367;0.137;237.52;5.75;0.0;0.0;55.0;21.5;57.0;0.63
16/03/2026;17:00:00;2.231;0.343;239.32;9.32;0.0;0.0;55.0;17.5;56.1;0.69
16/03/2026;18:00:00;6.631;0.915;240.87;27.53;10.7;0.0;55.0;14.3;70.5;0.79
16/03/2026;19:00:00;3.172;0.694;237.6;13.35;3.0;0.0;55.0;13.9;66.4;0.25
16/03/2026;20:00:00;3.443;0.411;239.03;14.4;19.8;0.0;55.0;12.6;65.5;0.34
16/03/2026;21:00:00;3.51;0.282;240.89;14.57;16.7;0.0;55.0;9.3;64.8;0.31
16/03/2026;22:00:00;2.699;0.517;234.07;11.53;0.0;0.0;55.0;10.2;68.2;0.32
16/03/2026;23:00:00;1.815;0.104;242.66;7.48;0.0;0.0;55.0;10.6;61.3;0.23
17/03/2026;00:00:00;1.073;0.215;240.6;4.46;0.0;0.0;55.0;6.6;68.7;0.12
17/03/2026;01:00:00;1.013;0.07;240.63;4.21;0.0;0.0;55.0;9.2;64.1;0.12
17/03/2026;02:00:00;3.284;0.483;243.24;13.5;0.0;0.0;55.0;7.9;79.4;0.12
17/03/2026;03:00:00;1.353;0.232;242.63;5.58;0.0;0.0;55.0;5.9;77.0;0.12
17/03/2026;04:00:00;1.202;0.129;241.7;4.97;0.0;0.0;55.0;7.0;74.1;0.12
17/03/2026;05:00:00;1.005;0.195;240.78;4.17;0.0;0.0;55.0;10.1;58.9;0.12
17/03/2026;06:00:00;1.92;0.29;239.97;8.0;0.0;0.0;55.0;9.6;71.1;0.22
17/03/2026;07:00:00;2.77;0.325;238.37;11.62;0.0;18.7;55.0;9.5;67.7;0.31
17/03/2026;08:00:00;3.02;0.318;237.31;12.72;0.0;17.3;55.0;10.3;72.2;0.68
17/03/2026;09:00:00;2.912;0.201;241.08;12.08;0.0;1.3;55.0;12.1;66.3;0.6
17/03/2026;10:00:00;2.174;0.345;241.1;9.02;0.0;0.0;55.0;12.5;64.3;0.65
17/03/2026;11:00:00;1.562;0.175;240.4;6.5;0.0;0.0;55.0;11.3;66.5;0.72
17/03/2026;12:00:00;1.032;0.108;236.24;4.37;0.0;0.0;55.0;18.6;50.5;0.64
17/03/2026;13:00:00;1.307;0.277;232.57;5.62;0.0;0.0;55.0;16.6;57.3;0.71
17/03/2026;14:00:00;0.95;0.092;240.16;3.96;0.0;0.0;55.0;17.4;62.3;0.61
17/03/2026;15:00:00;1.272;0.253;234.87;5.41;0.0;0.0;55.0;16.9;66.6;0.8
17/03/2026;16:00:00;1.33;0.287;240.89;5.52;0.0;0.0;55.0;15.7;59.1;0.69
17/03/2026;17:00:00;2.011;0.382;245.46;8.19;0.0;0.0;55.0;16.1;61.4;0.75
17/03/2026;18:00:00;3.018;0.161;240.93;12.53;9.6;0.0;55.0;13.1;55.9;0.77
17/03/2026;19:00:00;3.041;0.601;238.78;12.74;17.9;0.0;55.0;17.9;67.4;0.24
17/03/2026;20:00:00;3.669;0.317;237.07;15.48;6.9;0.0;55.0;11.4;70.8;0.29
17/03/2026;21:00:00;3.226;0.355;238.39;13.53;15.4;0.0;55.0;10.5;69.3;0.24
17/03/2026;22:00:00;2.64;0.577;239.9;11.0;0.0;0.0;55.0;10.0;68.4;0.27
17/03/2026;23:00:00;1.709;0.203;243.0;7.03;0.0;0.0;55.0;11.4;73.0;0.29
18/03/2026;00:00:00;1.075;0.173;240.39;4.47;0.0;0.0;55.0;8.5;63.6;0.12
18/03/2026;01:00:00;1.158;0.119;239.18;4.84;0.0;0.0;55.0;5.8;65.2;0.12
18/03/2026;02:00:00;1.034;0.117;241.88;4.28;0.0;0.0;55.0;9.1;72.5;0.12
18/03/2026;03:00:00;1.09;0.165;244.13;4.46;0.0;0.0;55.0;8.1;72.9;0.12
18/03/2026;04:00:00;1.131;0.239;240.88;4.7;0.0;0.0;55.0;8.0;62.1;0.12
18/03/2026;05:00:00;1.568;0.154;240.54;6.52;0.0;0.0;55.0;8.7;64.7;0.12
18/03/2026;06:00:00;4.117;0.379;235.35;17.49;0.0;0.0;55.0;12.1;73.2;0.24
18/03/2026;07:00:00;2.606;0.142;236.19;11.03;0.0;5.4;55.0;12.8;66.2;0.33
18/03/2026;08:00:00;3.461;0.292;235.83;14.68;0.0;6.9;55.0;9.7;70.6;0.66
18/03/2026;09:00:00;2.875;0.272;239.46;12.01;0.0;12.8;55.0;14.4;57.1;0.79
18/03/2026;10:00:00;1.953;0.119;237.67;8.22;0.0;0.0;55.0;13.9;66.6;0.69
18/03/2026;11:00:00;1.358;0.198;238.61;5.69;0.0;0.0;55.0;15.2;55.1;0.66
18/03/2026;12:00:00;1.37;0.098;237.63;5.76;0.0;0.0;55.0;13.0;54.1;0.71
18/03/2026;13:00:00;1.204;0.165;237.88;5.06;0.0;0.0;55.0;16.1;65.2;0.77
18/03/2026;14:00:00;1.022;0.084;234.81;4.35;0.0;0.0;55.0;15.6;69.1;0.65
18/03/2026;15:00:00;1.266;0.265;240.62;5.26;0.0;0.0;55.0;18.2;58.5;0.65
18/03/2026;16:00:00;1.233;0.126;241.96;5.1;0.0;0.0;55.0;18.4;56.9;0.6
18/03/2026;17:00:00;2.112;0.139;240.2;8.79;0.0;0.0;55.0;13.2;72.4;0.72
18/03/2026;18:00:00;2.537;0.488;241.02;10.53;10.8;0.0;55.0;15.5;61.0;0.68
18/03/2026;19:00:00;3.032;0.359;241.3;12.56;21.0;0.0;55.0;16.2;61.1;0.29
18/03/2026;20:00:00;3.503;0.663;241.19;14.52;18.5;0.0;55.0;13.0;72.5;0.33
18/03/2026;21:00:00;3.125;0.322;242.37;12.89;3.4;0.0;55.0;13.1;62.2;0.31
18/03/2026;22:00:00;2.366;0.319;243.33;9.72;0.0;0.0;55.0;11.2;62.1;0.28
18/03/2026;23:00:00;1.839;0.231;244.42;7.52;0.0;0.0;55.0;10.0;70.5;0.34
19/03/2026;00:00:00;1.168;0.169;234.61;4.98;0.0;0.0;55.0;8.1;64.4;0.12
19/03/2026;01:00:00;1.178;0.139;241.31;4.88;0.0;0.0;55.0;5.8;69.0;0.12
19/03/2026;02:00:00;1.335;0.179;236.61;5.64;0.0;0.0;55.0;5.5;63.4;0.12
19/03/2026;03:00:00;1.12;0.185;243.94;4.59;0.0;0.0;55.0;8.1;68.9;0.12
19/03/2026;04:00:00;1.192;0.144;240.18;4.96;0.0;0.0;55.0;7.2;69.0;0.12
19/03/2026;05:00:00;1.434;0.238;240.77;5.95;0.0;0.0;55.0;7.5;73.3;0.12
19/03/2026;06:00:00;1.914;0.328;240.33;7.96;0.0;0.0;55.0;7.8;72.4;0.28
19/03/2026;07:00:00;2.676;0.475;240.59;11.12;0.0;12.6;55.0;9.0;69.9;0.29
19/03/2026;08:00:00;3.054;0.397;244.61;12.49;0.0;7.1;55.0;12.3;66.6;0.68
19/03/2026;09:00:00;3.055;0.155;243.47;12.55;0.0;0.5;55.0;11.5;64.8;0.62
19/03/2026;10:00:00;2.018;0.359;244.49;8.25;0.0;0.0;55.0;11.3;68.4;0.74
19/03/2026;11:00:00;1.369;0.28;239.45;5.72;0.0;0.0;55.0;15.6;56.3;0.71
19/03/2026;12:00:00;1.204;0.194;234.05;5.14;0.0;0.0;55.0;15.2;50.5;0.74
19/03/2026;13:00:00;1.036;0.144;242.09;4.28;0.0;0.0;55.0;16.4;67.1;0.73
19/03/2026;14:00:00;1.268;0.184;236.87;5.35;0.0;0.0;55.0;19.2;62.4;0.69
19/03/2026;15:00:00;1.237;0.197;238.99;5.18;0.0;0.0;55.0;17.0;60.2;0.72
19/03/2026;16:00:00;1.23;0.27;239.83;5.13;0.0;0.0;55.0;17.3;66.0;0.72
19/03/2026;17:00:00;2.045;0.124;240.01;8.52;0.0;0.0;55.0;14.6;59.1;0.65
19/03/2026;18:00:00;2.506;0.134;241.8;10.36;24.4;0.0;55.0;15.2;58.7;0.58
19/03/2026;19:00:00;2.981;0.638;237.41;12.56;23.0;0.0;55.0;15.4;57.8;0.23
19/03/2026;20:00:00;3.615;0.451;241.75;14.95;13.4;0.0;55.0;11.0;68.5;0.24
19/03/2026;21:00:00;3.152;0.486;239.47;13.16;21.5;0.0;55.0;12.3;56.6;0.28
19/03/2026;22:00:00;2.589;0.461;247.29;10.47;0.0;0.0;55.0;10.9;61.9;0.34
19/03/2026;23:00:00;2.244;0.395;235.55;9.53;0.0;0.0;55.0;9.6;68.2;0.26
20/03/2026;00:00:00;2.936;0.47;240.36;12.22;0.0;0.0;55.0;10.0;60.4;0.12
20/03/2026;01:00:00;0.951;0.124;241.72;3.94;0.0;0.0;55.0;8.2;64.6;0.12
20/03/2026;02:00:00;0.902;0.133;238.85;3.78;0.0;0.0;55.0;9.4;55.8;0.12
20/03/2026;03:00:00;1.487;0.259;238.39;6.24;0.0;0.0;55.0;5.5;73.0;0.12
20/03/2026;04:00:00;1.128;0.219;243.71;4.63;0.0;0.0;55.0;7.4;65.1;0.12
20/03/2026;05:00:00;1.401;0.1;242.35;5.78;0.0;0.0;55.0;7.8;62.7;0.12
20/03/2026;06:00:00;2.039;0.198;237.76;8.57;0.0;0.0;55.0;6.9;62.4;0.33
20/03/2026;07:00:00;2.553;0.3;235.85;10.82;0.0;16.2;55.0;10.9;63.6;0.24
20/03/2026;08:00:00;2.991;0.488;241.65;12.38;0.0;2.5;55.0;14.2;55.1;0.68
20/03/2026;09:00:00;5.06;0.593;240.9;21.0;0.0;18.7;55.0;12.0;74.5;0.76
20/03/2026;10:00:00;2.092;0.19;241.6;8.66;0.0;0.0;55.0;14.1;51.2;0.68
20/03/2026;11:00:00;1.508;0.084;239.63;6.29;0.0;0.0;55.0;14.6;60.4;0.74
20/03/2026;12:00:00;1.136;0.22;242.4;4.69;0.0;0.0;55.0;14.5;63.4;0.68
20/03/2026;13:00:00;1.308;0.159;244.48;5.35;0.0;0.0;55.0;13.6;59.6;0.72
20/03/2026;14:00:00;1.52;0.161;244.29;6.22;0.0;0.0;55.0;15.8;62.8;0.75
20/03/2026;15:00:00;3.525;0.494;237.71;14.83;0.0;0.0;55.0;14.9;58.5;0.68
20/03/2026;16:00:00;3.749;0.266;247.0;15.18;0.0;0.0;55.0;19.4;66.5;0.74
20/03/2026;17:00:00;1.758;0.207;241.84;7.27;0.0;0.0;55.0;16.2;55.9;0.64
20/03/2026;18:00:00;2.845;0.506;236.01;12.06;0.6;0.0;55.0;15.0;50.6;0.8
20/03/2026;19:00:00;3.124;0.547;241.22;12.95;10.9;0.0;55.0;15.8;55.2;0.27
20/03/2026;20:00:00;3.582;0.649;240.64;14.89;14.1;0.0;55.0;11.6;67.0;0.3
20/03/2026;21:00:00;3.267;0.423;239.67;13.63;8.9;0.0;55.0;10.8;65.1;0.25
20/03/2026;22:00:00;2.909;0.328;239.43;12.15;0.0;0.0;55.0;10.8;69.5;0.25
20/03/2026;23:00:00;1.964;0.376;241.97;8.12;0.0;0.0;55.0;11.0;68.1;0.27
21/03/2026;00:00:00;1.206;0.096;241.98;4.98;0.0;0.0;55.0;9.2;63.8;0.14
21/03/2026;01:00:00;1.136;0.197;238.36;4.77;0.0;0.0;55.0;8.0;65.5;0.14
21/03/2026;02:00:00;1.158;0.233;238.5;4.86;0.0;0.0;55.0;7.3;66.6;0.14
21/03/2026;03:00:00;1.238;0.122;238.39;5.19;0.0;0.0;55.0;7.6;77.7;0.14
21/03/2026;04:00:00;1.205;0.101;239.51;5.03;0.0;0.0;55.0;7.5;71.9;0.14
21/03/2026;05:00:00;1.517;0.208;242.48;6.26;0.0;0.0;55.0;6.1;79.0;0.14
21/03/2026;06:00:00;2.111;0.183;243.37;8.67;0.0;0.0;55.0;8.5;71.8;0.27
21/03/2026;07:00:00;2.832;0.561;239.4;11.83;0.0;14.0;55.0;7.9;67.8;0.26
21/03/2026;08:00:00;3.211;0.294;243.08;13.21;0.0;16.4;55.0;10.8;60.6;0.33
21/03/2026;09:00:00;2.748;0.284;241.24;11.39;0.0;2.7;55.0;11.3;66.4;0.32
21/03/2026;10:00:00;1.824;0.367;240.37;7.59;0.0;0.0;55.0;17.1;60.4;0.32
21/03/2026;11:00:00;1.106;0.094;245.23;4.51;0.0;0.0;55.0;14.4;62.4;0.33
21/03/2026;12:00:00;0.748;0.15;240.92;3.11;0.0;0.0;55.0;13.4;62.6;0.29
21/03/2026;13:00:00;0.853;0.073;239.62;3.56;0.0;0.0;55.0;16.1;51.2;0.34
21/03/2026;14:00:00;0.938;0.192;242.34;3.87;0.0;0.0;55.0;17.6;66.6;0.32
21/03/2026;15:00:00;4.881;0.508;236.55;20.64;0.0;0.0;55.0;19.5;58.5;0.3
21/03/2026;16:00:00;1.2;0.11;239.39;5.01;0.0;0.0;55.0;15.9;54.6;0.37
21/03/2026;17:00:00;1.944;0.255;240.73;8.07;0.0;0.0;55.0;14.0;65.6;0.35
21/03/2026;18:00:00;2.726;0.307;242.01;11.26;8.3;0.0;55.0;16.8;56.7;0.31
21/03/2026;19:00:00;3.678;0.31;240.67;15.28;12.4;0.0;55.0;12.4;67.3;0.37
21/03/2026;20:00:00;3.826;0.411;236.39;16.18;6.2;0.0;55.0;12.6;68.7;0.38
21/03/2026;21:00:00;3.52;0.603;237.52;14.82;21.5;0.0;55.0;11.6;70.2;0.33
21/03/2026;22:00:00;2.886;0.552;238.79;12.09;0.0;0.0;55.0;10.6;65.1;0.28
21/03/2026;23:00:00;2.3;0.436;240.68;9.56;0.0;0.0;55.0;10.5;63.9;0.38
22/03/2026;00:00:00;4.966;0.887;236.37;21.01;0.0;0.0;55.0;7.4;65.3;0.14
22/03/2026;01:00:00;1.155;0.059;243.95;4.73;0.0;0.0;55.0;7.3;65.0;0.14
22/03/2026;02:00:00;1.018;0.125;240.88;4.23;0.0;0.0;55.0;7.1;68.6;0.14
22/03/2026;03:00:00;1.141;0.09;240.8;4.74;0.0;0.0;55.0;7.2;67.6;0.14
22/03/2026;04:00:00;1.145;0.072;239.52;4.78;0.0;0.0;55.0;7.3;64.4;0.14
22/03/2026;05:00:00;1.394;0.244;235.96;5.91;0.0;0.0;55.0;8.3;62.0;0.14
22/03/2026;06:00:00;1.893;0.35;240.25;7.88;0.0;0.0;55.0;9.7;66.1;0.38
22/03/2026;07:00:00;2.725;0.514;242.1;11.26;0.0;5.1;55.0;10.1;64.2;0.27
22/03/2026;08:00:00;2.975;0.599;239.57;12.42;0.0;13.2;55.0;11.4;59.6;0.26
22/03/2026;09:00:00;2.962;0.445;242.99;12.19;0.0;4.9;55.0;9.6;70.9;0.34
22/03/2026;10:00:00;1.755;0.385;239.83;7.32;0.0;0.0;55.0;13.4;72.6;0.39
22/03/2026;11:00:00;1.069;0.141;241.95;4.42;0.0;0.0;55.0;15.2;67.0;0.32
22/03/2026;12:00:00;0.902;0.181;239.69;3.76;0.0;0.0;55.0;16.6;57.5;0.26
22/03/2026;13:00:00;0.787;0.054;241.06;3.26;0.0;0.0;55.0;15.3;61.9;0.28
22/03/2026;14:00:00;1.145;0.086;242.43;4.72;0.0;0.0;55.0;15.8;69.4;0.29
22/03/2026;15:00:00;1.078;0.162;236.97;4.55;0.0;0.0;55.0;16.1;55.6;0.3
22/03/2026;16:00:00;3.398;0.242;241.81;14.05;0.0;0.0;55.0;17.6;64.2;0.26
22/03/2026;17:00:00;1.88;0.118;242.95;7.74;0.0;0.0;55.0;17.9;52.9;0.38
22/03/2026;18:00:00;2.325;0.194;246.13;9.45;15.4;0.0;55.0;14.9;70.9;0.32
22/03/2026;19:00:00;3.561;0.655;240.2;14.83;9.4;0.0;55.0;15.9;59.6;0.35
22/03/2026;20:00:00;3.837;0.797;234.12;16.39;22.5;0.0;55.0;13.5;74.8;0.26
22/03/2026;21:00:00;3.528;0.376;235.01;15.01;14.8;0.0;55.0;11.8;73.6;0.26
22/03/2026;22:00:00;2.955;0.638;237.52;12.44;0.0;0.0;55.0;10.4;65.6;0.33
22/03/2026;23:00:00;4.379;0.822;243.59;17.98;0.0;0.0;55.0;10.6;62.3;0.38
23/03/2026;00:00:00;1.009;0.089;246.15;4.1;0.0;0.0;55.0;9.0;68.2;0.12
23/03/2026;01:00:00;0.977;0.146;238.86;4.09;0.0;0.0;55.0;11.1;64.6;0.12
23/03/2026;02:00:00;1.369;0.297;240.15;5.7;0.0;0.0;55.0;5.9;67.7;0.12
23/03/2026;03:00:00;1.191;0.231;232.77;5.12;0.0;0.0;55.0;7.8;59.9;0.12
23/03/2026;04:00:00;1.235;0.138;241.82;5.11;0.0;0.0;55.0;6.4;66.7;0.12
23/03/2026;05:00:00;1.493;0.152;240.38;6.21;0.0;0.0;55.0;6.4;63.8;0.12
23/03/2026;06:00:00;2.118;0.401;239.3;8.85;0.0;0.0;55.0;8.4;70.4;0.27
23/03/2026;07:00:00;2.657;0.381;237.3;11.2;0.0;6.4;55.0;9.7;71.6;0.25
23/03/2026;08:00:00;2.834;0.22;239.01;11.86;0.0;7.1;55.0;15.1;66.0;0.72
23/03/2026;09:00:00;2.906;0.307;236.23;12.3;0.0;13.1;55.0;11.7;66.7;0.75
23/03/2026;10:00:00;2.196;0.357;237.59;9.24;0.0;0.0;55.0;11.6;60.9;0.75
23/03/2026;11:00:00;1.521;0.116;236.44;6.43;0.0;0.0;55.0;14.9;63.5;0.66
23/03/2026;12:00:00;1.318;0.222;237.15;5.56;0.0;0.0;55.0;12.4;68.4;0.63
23/03/2026;13:00:00;1.105;0.189;236.77;4.67;0.0;0.0;55.0;16.2;58.5;0.67
23/03/2026;14:00:00;1.059;0.102;241.62;4.38;0.0;0.0;55.0;16.9;61.5;0.74
23/03/2026;15:00:00;1.238;0.146;236.78;5.23;0.0;0.0;55.0;18.2;59.1;0.76
23/03/2026;16:00:00;1.689;0.353;239.85;7.04;0.0;0.0;55.0;18.3;68.1;0.76
23/03/2026;17:00:00;2.047;0.363;236.94;8.64;0.0;0.0;55.0;15.6;66.2;0.76
23/03/2026;18:00:00;2.618;0.482;237.05;11.05;11.8;0.0;55.0;15.3;65.2;0.64
23/03/2026;19:00:00;3.257;0.449;236.94;13.75;18.2;0.0;55.0;13.4;55.1;0.25
23/03/2026;20:00:00;3.654;0.315;242.74;15.05;25.0;0.0;55.0;11.6;66.0;0.27
23/03/2026;21:00:00;3.113;0.468;239.49;13.0;9.6;0.0;55.0;12.5;63.7;0.3
23/03/2026;22:00:00;2.889;0.524;237.91;12.14;0.0;0.0;55.0;8.8;66.5;0.32
23/03/2026;23:00:00;1.848;0.094;237.19;7.79;0.0;0.0;55.0;8.9;59.5;0.34
24/03/2026;00:00:00;1.233;0.085;236.24;5.22;0.0;0.0;55.0;7.0;63.4;0.12
24/03/2026;01:00:00;1.127;0.147;237.99;4.74;0.0;0.0;55.0;8.5;67.3;0.12
24/03/2026;02:00:00;1.142;0.142;235.98;4.84;0.0;0.0;55.0;9.9;72.1;0.12
24/03/2026;03:00:00;1.346;0.292;238.78;5.64;0.0;0.0;55.0;5.0;67.4;0.12
24/03/2026;04:00:00;1.355;0.089;238.02;5.69;0.0;0.0;55.0;4.4;68.9;0.12
24/03/2026;05:00:00;1.371;0.144;237.82;5.76;0.0;0.0;55.0;7.5;77.3;0.12
24/03/2026;06:00:00;2.268;0.428;243.47;9.32;0.0;0.0;55.0;8.5;66.1;0.27
24/03/2026;07:00:00;2.57;0.396;239.32;10.74;0.0;5.2;55.0;9.8;65.9;0.26
24/03/2026;08:00:00;3.273;0.476;239.49;13.67;0.0;16.8;55.0;10.0;65.8;0.63
24/03/2026;09:00:00;2.527;0.445;243.59;10.37;0.0;10.3;55.0;11.7;58.3;0.66
24/03/2026;10:00:00;1.831;0.104;236.2;7.75;0.0;0.0;55.0;13.8;66.2;0.65
24/03/2026;11:00:00;5.289;1.116;238.64;22.16;0.0;0.0;55.0;16.1;58.3;0.73
24/03/2026;12:00:00;1.17;0.097;235.66;4.97;0.0;0.0;55.0;12.6;64.2;0.71
24/03/2026;13:00:00;1.241;0.079;240.2;5.17;0.0;0.0;55.0;15.8;64.0;0.7
24/03/2026;14:00:00;1.029;0.111;241.7;4.26;0.0;0.0;55.0;17.2;70.4;0.61
24/03/2026;15:00:00;1.144;0.194;233.21;4.91;0.0;0.0;55.0;15.6;55.3;0.7
24/03/2026;16:00:00;1.43;0.128;242.41;5.9;0.0;0.0;55.0;19.4;63.2;0.72
24/03/2026;17:00:00;2.144;0.125;240.87;8.9;0.0;0.0;55.0;15.4;66.4;0.69
24/03/2026;18:00:00;2.686;0.16;240.1;11.18;14.4;0.0;55.0;15.5;58.8;0.66
24/03/2026;19:00:00;2.88;0.27;236.52;12.18;19.8;0.0;55.0;15.3;65.1;0.23
24/03/2026;20:00:00;3.566;0.26;242.16;14.73;20.5;0.0;55.0;12.4;72.7;0.27
24/03/2026;21:00:00;3.499;0.397;244.71;14.3;9.7;0.0;55.0;9.2;63.2;0.31
24/03/2026;22:00:00;2.569;0.204;238.86;10.75;0.0;0.0;55.0;10.1;67.6;0.25
24/03/2026;23:00:00;1.994;0.216;239.11;8.34;0.0;0.0;55.0;11.0;67.6;0.29
25/03/2026;00:00:00;1.239;0.156;240.06;5.16;0.0;0.0;55.0;8.0;70.7;0.12
25/03/2026;01:00:00;1.314;0.232;238.88;5.5;0.0;0.0;55.0;6.4;73.1;0.12
25/03/2026;02:00:00;1.002;0.089;239.5;4.18;0.0;0.0;55.0;8.6;68.4;0.12
25/03/2026;03:00:00;1.071;0.14;242.88;4.41;0.0;0.0;55.0;6.5;71.8;0.12
25/03/2026;04:00:00;1.06;0.2;239.81;4.42;0.0;0.0;55.0;6.4;64.7;0.12
25/03/2026;05:00:00;1.287;0.28;240.81;5.35;0.0;0.0;55.0;7.9;68.9;0.12
25/03/2026;06:00:00;1.813;0.262;245.69;7.38;0.0;0.0;55.0;9.6;64.3;0.24
25/03/2026;07:00:00;2.39;0.295;244.1;9.79;0.0;2.7;55.0;13.1;57.8;0.33
25/03/2026;08:00:00;3.066;0.483;237.07;12.93;0.0;12.5;55.0;11.9;62.3;0.61
25/03/2026;09:00:00;2.866;0.38;244.88;11.7;0.0;13.9;55.0;13.7;64.8;0.68
25/03/2026;10:00:00;1.983;0.155;243.86;8.13;0.0;0.0;55.0;12.5;66.6;0.67
25/03/2026;11:00:00;1.546;0.198;244.18;6.33;0.0;0.0;55.0;13.0;57.7;0.73
25/03/2026;12:00:00;0.997;0.216;238.25;4.18;0.0;0.0;55.0;15.6;57.2;0.7
25/03/2026;13:00:00;1.383;0.22;240.59;5.75;0.0;0.0;55.0;16.5;64.8;0.63
25/03/2026;14:00:00;1.043;0.102;238.9;4.37;0.0;0.0;55.0;15.2;64.8;0.72
25/03/2026;15:00:00;1.263;0.267;240.34;5.26;0.0;0.0;55.0;16.7;65.4;0.8
25/03/2026;16:00:00;1.665;0.193;244.9;6.8;0.0;0.0;55.0;17.4;67.3;0.8
25/03/2026;17:00:00;2.064;0.24;240.39;8.59;0.0;0.0;55.0;16.9;63.6;0.78
25/03/2026;18:00:00;2.919;0.452;235.18;12.41;5.9;0.0;55.0;16.3;59.3;0.76
25/03/2026;19:00:00;3.127;0.459;238.96;13.08;21.3;0.0;55.0;14.9;63.0;0.29
25/03/2026;20:00:00;3.487;0.346;238.17;14.64;7.7;0.0;55.0;12.5;72.7;0.31
25/03/2026;21:00:00;3.416;0.442;245.01;13.94;5.0;0.0;55.0;11.2;79.2;0.32
25/03/2026;22:00:00;2.844;0.303;237.72;11.96;0.0;0.0;55.0;8.9;69.6;0.28
25/03/2026;23:00:00;1.737;0.305;238.86;7.27;0.0;0.0;55.0;12.2;67.3;0.29
26/03/2026;00:00:00;1.202;0.085;238.96;5.03;0.0;0.0;55.0;8.5;71.2;0.12
26/03/2026;01:00:00;1.129;0.201;244.48;4.62;0.0;0.0;55.0;7.3;68.7;0.12
26/03/2026;02:00:00;1.238;0.096;242.69;5.1;0.0;0.0;55.0;5.8;75.6;0.12
26/03/2026;03:00:00;0.936;0.095;241.59;3.87;0.0;0.0;55.0;11.4;70.3;0.12
26/03/2026;04:00:00;1.268;0.135;240.65;5.27;0.0;0.0;55.0;5.6;71.7;0.12
26/03/2026;05:00:00;1.366;0.298;240.6;5.68;0.0;0.0;55.0;7.0;67.2;0.12
26/03/2026;06:00:00;2.009;0.302;240.21;8.36;0.0;0.0;55.0;9.1;59.5;0.24
26/03/2026;07:00:00;2.358;0.43;245.75;9.59;0.0;12.9;55.0;10.4;69.7;0.28
26/03/2026;08:00:00;3.013;0.435;236.45;12.74;0.0;15.8;55.0;12.1;65.8;0.71
26/03/2026;09:00:00;2.704;0.587;232.26;11.64;0.0;9.4;55.0;14.7;58.9;0.71
26/03/2026;10:00:00;1.956;0.157;241.24;8.11;0.0;0.0;55.0;14.1;57.5;0.71
26/03/2026;11:00:00;1.544;0.236;243.93;6.33;0.0;0.0;55.0;12.9;67.4;0.57
26/03/2026;12:00:00;1.31;0.243;240.52;5.44;0.0;0.0;55.0;15.2;54.3;0.77
26/03/2026;13:00:00;1.04;0.163;234.46;4.44;0.0;0.0;55.0;16.8;62.5;0.73
26/03/2026;14:00:00;1.169;0.237;242.09;4.83;0.0;0.0;55.0;19.9;62.7;0.67
26/03/2026;15:00:00;1.322;0.201;237.02;5.58;0.0;0.0;55.0;14.9;65.2;0.68
26/03/2026;16:00:00;1.56;0.297;236.41;6.6;0.0;0.0;55.0;18.6;57.5;0.74
26/03/2026;17:00:00;1.846;0.147;237.26;7.78;0.0;0.0;55.0;16.6;54.9;0.61
26/03/2026;18:00:00;2.581;0.244;235.5;10.96;17.0;0.0;55.0;16.8;63.9;0.62
26/03/2026;19:00:00;3.042;0.382;240.57;12.65;18.2;0.0;55.0;14.3;68.9;0.33
26/03/2026;20:00:00;3.296;0.642;238.19;13.84;21.5;0.0;55.0;12.0;61.9;0.22
26/03/2026;21:00:00;2.98;0.365;236.27;12.61;22.5;0.0;55.0;13.1;66.4;0.3
26/03/2026;22:00:00;2.583;0.405;246.66;10.47;0.0;0.0;55.0;11.7;73.0;0.28
26/03/2026;23:00:00;1.759;0.206;238.51;7.37;0.0;0.0;55.0;11.0;67.3;0.26
27/03/2026;00:00:00;1.158;0.217;240.14;4.82;0.0;0.0;55.0;8.4;65.7;0.12
27/03/2026;01:00:00;1.118;0.094;244.35;4.58;0.0;0.0;55.0;6.8;74.2;0.12
27/03/2026;02:00:00;1.149;0.173;241.9;4.75;0.0;0.0;55.0;4.8;66.8;0.12
27/03/2026;03:00:00;1.06;0.157;245.34;4.32;0.0;0.0;55.0;8.2;61.3;0.12
27/03/2026;04:00:00;1.43;0.17;238.05;6.01;0.0;0.0;55.0;7.8;72.2;0.12
27/03/2026;05:00:00;1.455;0.247;242.93;5.99;0.0;0.0;55.0;6.2;67.4;0.12
27/03/2026;06:00:00;2.07;0.114;241.37;8.58;0.0;0.0;55.0;7.7;66.7;0.27
27/03/2026;07:00:00;2.639;0.509;242.79;10.87;0.0;15.0;55.0;8.8;64.2;0.26
27/03/2026;08:00:00;3.174;0.346;242.36;13.09;0.0;13.2;55.0;8.5;65.3;0.69
27/03/2026;09:00:00;3.101;0.573;237.84;13.04;0.0;17.6;55.0;10.8;72.8;0.79
27/03/2026;10:00:00;2.084;0.212;247.91;8.4;0.0;0.0;55.0;11.6;73.4;0.71
27/03/2026;11:00:00;1.246;0.102;233.67;5.33;0.0;0.0;55.0;13.9;72.3;0.62
27/03/2026;12:00:00;1.197;0.139;237.58;5.04;0.0;0.0;55.0;14.4;68.3;0.71
27/03/2026;13:00:00;1.261;0.234;241.91;5.21;0.0;0.0;55.0;13.9;65.6;0.76
27/03/2026;14:00:00;1.228;0.208;240.81;5.1;0.0;0.0;55.0;19.9;51.3;0.64
27/03/2026;15:00:00;1.147;0.136;240.37;4.77;0.0;0.0;55.0;18.9;58.4;0.65
27/03/2026;16:00:00;1.709;0.358;242.0;7.06;0.0;0.0;55.0;15.7;72.7;0.57
27/03/2026;17:00:00;1.856;0.222;237.64;7.81;0.0;0.0;55.0;16.7;58.8;0.7
27/03/2026;18:00:00;5.011;0.549;242.35;20.68;24.5;0.0;55.0;16.2;69.0;0.78
27/03/2026;19:00:00;2.799;0.209;239.64;11.68;7.3;0.0;55.0;16.3;61.6;0.29
27/03/2026;20:00:00;3.501;0.217;243.92;14.35;12.9;0.0;55.0;12.1;51.4;0.3
27/03/2026;21:00:00;3.119;0.341;239.15;13.04;3.3;0.0;55.0;13.6;66.7;0.23
27/03/2026;22:00:00;4.679;0.307;241.31;19.39;0.0;0.0;55.0;9.9;72.8;0.24
27/03/2026;23:00:00;2.262;0.291;241.78;9.36;0.0;0.0;55.0;7.5;68.2;0.28
28/03/2026;00:00:00;1.089;0.214;242.53;4.49;0.0;0.0;55.0;9.6;72.9;0.14
28/03/2026;01:00:00;0.996;0.13;240.1;4.15;0.0;0.0;55.0;9.6;58.4;0.14
28/03/2026;02:00:00;0.999;0.132;239.2;4.18;0.0;0.0;55.0;11.1;58.6;0.14
28/03/2026;03:00:00;1.235;0.115;237.83;5.19;0.0;0.0;55.0;5.2;71.3;0.14
28/03/2026;04:00:00;3.527;0.276;241.36;14.61;0.0;0.0;55.0;8.2;70.2;0.14
28/03/2026;05:00:00;1.589;0.14;234.69;6.77;0.0;0.0;55.0;7.1;75.5;0.14
28/03/2026;06:00:00;2.115;0.31;240.86;8.78;0.0;0.0;55.0;9.6;69.9;0.37
28/03/2026;07:00:00;2.996;0.451;241.07;12.43;0.0;6.1;55.0;7.3;62.6;0.25
28/03/2026;08:00:00;3.087;0.27;245.25;12.59;0.0;14.6;55.0;8.8;68.4;0.28
28/03/2026;09:00:00;2.91;0.343;238.15;12.22;0.0;12.6;55.0;10.8;68.7;0.28
28/03/2026;10:00:00;1.842;0.27;240.53;7.66;0.0;0.0;55.0;13.4;54.3;0.38
28/03/2026;11:00:00;1.31;0.235;240.45;5.45;0.0;0.0;55.0;13.5;63.4;0.27
28/03/2026;12:00:00;0.957;0.1;236.9;4.04;0.0;0.0;55.0;16.5;59.5;0.26
28/03/2026;13:00:00;0.997;0.096;239.98;4.15;0.0;0.0;55.0;17.9;56.8;0.33
28/03/2026;14:00:00;0.768;0.134;236.24;3.25;0.0;0.0;55.0;17.7;62.7;0.33
28/03/2026;15:00:00;0.911;0.125;242.7;3.76;0.0;0.0;55.0;19.4;53.1;0.37
28/03/2026;16:00:00;1.566;0.306;241.65;6.48;0.0;0.0;55.0;17.5;62.5;0.38
28/03/2026;17:00:00;1.643;0.141;241.21;6.81;0.0;0.0;55.0;14.5;65.6;0.33
28/03/2026;18:00:00;2.517;0.456;238.22;10.57;13.2;0.0;55.0;17.6;65.8;0.38
28/03/2026;19:00:00;3.509;0.272;243.97;14.38;22.0;0.0;55.0;13.6;57.9;0.35
28/03/2026;20:00:00;3.732;0.558;236.96;15.75;2.7;0.0;55.0;14.7;55.1;0.29
28/03/2026;21:00:00;3.416;0.335;240.14;14.22;21.2;0.0;55.0;14.4;64.3;0.38
28/03/2026;22:00:00;2.91;0.196;236.73;12.29;0.0;0.0;55.0;11.4;63.9;0.35
28/03/2026;23:00:00;2.354;0.365;239.49;9.83;0.0;0.0;55.0;7.3;83.1;0.31
29/03/2026;00:00:00;1.183;0.161;243.56;4.86;0.0;0.0;55.0;7.1;71.0;0.14
29/03/2026;01:00:00;0.999;0.132;241.32;4.14;0.0;0.0;55.0;9.7;67.0;0.14
29/03/2026;02:00:00;1.193;0.18;237.42;5.03;0.0;0.0;55.0;6.9;68.0;0.14
29/03/2026;03:00:00;1.132;0.128;238.54;4.74;0.0;0.0;55.0;7.1;62.6;0.14
29/03/2026;04:00:00;0.967;0.159;238.94;4.05;0.0;0.0;55.0;8.3;70.6;0.14
29/03/2026;05:00:00;1.404;0.101;237.66;5.91;0.0;0.0;55.0;8.7;67.0;0.14
29/03/2026;06:00:00;2.138;0.367;240.76;8.88;0.0;0.0;55.0;8.9;66.9;0.28
29/03/2026;07:00:00;2.896;0.43;246.11;11.77;0.0;2.6;55.0;9.2;67.5;0.39
29/03/2026;08:00:00;2.889;0.383;238.43;12.12;0.0;5.0;55.0;10.2;67.3;0.26
29/03/2026;09:00:00;2.531;0.181;245.4;10.31;0.0;14.0;55.0;13.3;55.1;0.3
29/03/2026;10:00:00;1.843;0.179;239.99;7.68;0.0;0.0;55.0;14.1;67.3;0.29
29/03/2026;11:00:00;0.969;0.097;240.9;4.02;0.0;0.0;55.0;14.1;58.9;0.26
29/03/2026;12:00:00;0.991;0.089;240.73;4.12;0.0;0.0;55.0;17.2;60.0;0.31
29/03/2026;13:00:00;0.832;0.177;235.25;3.54;0.0;0.0;55.0;16.1;67.9;0.34
29/03/2026;14:00:00;0.93;0.191;241.27;3.86;0.0;0.0;55.0;15.6;70.9;0.37
29/03/2026;15:00:00;0.956;0.137;233.19;4.1;0.0;0.0;55.0;15.9;53.2;0.39
29/03/2026;16:00:00;1.144;0.097;240.59;4.76;0.0;0.0;55.0;15.4;62.3;0.36
29/03/2026;17:00:00;1.96;0.402;240.46;8.15;0.0;0.0;55.0;15.9;63.0;0.32
29/03/2026;18:00:00;2.724;0.483;235.7;11.56;9.7;0.0;55.0;17.4;53.0;0.35
29/03/2026;19:00:00;3.613;0.204;240.18;15.04;22.1;0.0;55.0;13.3;67.8;0.37
29/03/2026;20:00:00;3.923;0.523;239.18;16.4;9.1;0.0;55.0;13.6;64.1;0.32
29/03/2026;21:00:00;3.726;0.569;239.57;15.55;13.6;0.0;55.0;11.0;66.6;0.36
29/03/2026;22:00:00;2.994;0.184;239.6;12.5;0.0;0.0;55.0;10.3;61.6;0.32
29/03/2026;23:00:00;2.165;0.127;238.35;9.08;0.0;0.0;55.0;7.2;70.7;0.31
30/03/2026;00:00:00;1.273;0.164;240.21;5.3;0.0;0.0;55.0;8.1;72.1;0.12
30/03/2026;01:00:00;1.308;0.066;242.42;5.4;0.0;0.0;55.0;7.4;69.1;0.12
30/03/2026;02:00:00;1.163;0.067;239.33;4.86;0.0;0.0;55.0;8.0;65.4;0.12
30/03/2026;03:00:00;1.128;0.088;239.86;4.7;0.0;0.0;55.0;7.3;66.4;0.12
30/03/2026;04:00:00;1.178;0.241;241.82;4.87;0.0;0.0;55.0;5.4;71.2;0.12
30/03/2026;05:00:00;1.309;0.236;246.35;5.31;0.0;0.0;55.0;9.3;67.2;0.12
30/03/2026;06:00:00;2.185;0.277;239.46;9.13;0.0;0.0;55.0;8.8;71.9;0.34
30/03/2026;07:00:00;2.412;0.317;235.23;10.25;0.0;15.4;55.0;9.8;64.2;0.25
30/03/2026;08:00:00;3.27;0.545;237.49;13.77;0.0;5.7;55.0;10.7;59.8;0.61
30/03/2026;09:00:00;2.752;0.36;241.69;11.39;0.0;7.5;55.0;11.2;67.2;0.68
30/03/2026;10:00:00;1.936;0.118;244.24;7.93;0.0;0.0;55.0;13.6;61.1;0.7
30/03/2026;11:00:00;1.228;0.216;237.35;5.18;0.0;0.0;55.0;15.2;66.1;0.66
30/03/2026;12:00:00;1.245;0.074;239.88;5.19;0.0;0.0;55.0;12.9;64.1;0.7
30/03/2026;13:00:00;1.289;0.171;240.05;5.37;0.0;0.0;55.0;15.5;65.3;0.75
30/03/2026;14:00:00;1.285;0.252;237.85;5.4;0.0;0.0;55.0;16.4;56.2;0.7
30/03/2026;15:00:00;1.273;0.089;244.3;5.21;0.0;0.0;55.0;17.4;61.2;0.67
30/03/2026;16:00:00;1.394;0.237;243.26;5.73;0.0;0.0;55.0;18.6;56.0;0.64
30/03/2026;17:00:00;3.994;0.231;240.96;16.57;0.0;0.0;55.0;15.2;56.2;0.64
30/03/2026;18:00:00;2.681;0.587;238.82;11.22;3.6;0.0;55.0;14.8;58.3;0.68
30/03/2026;19:00:00;6.865;1.139;242.68;28.29;22.4;0.0;55.0;13.7;60.7;0.28
30/03/2026;20:00:00;3.477;0.747;241.44;14.4;6.7;0.0;55.0;12.1;71.0;0.22
30/03/2026;21:00:00;3.201;0.524;238.78;13.4;3.1;0.0;55.0;11.5;62.4;0.28
30/03/2026;22:00:00;2.477;0.226;242.72;10.21;0.0;0.0;55.0;11.9;58.6;0.26
30/03/2026;23:00:00;2.096;0.435;241.03;8.7;0.0;0.0;55.0;7.9;68.7;0.3
31/03/2026;00:00:00;3.292;0.515;235.35;13.99;0.0;0.0;55.0;9.1;67.3;0.12
31/03/2026;01:00:00;1.436;0.212;237.22;6.05;0.0;0.0;55.0;5.1;67.8;0.12
31/03/2026;02:00:00;1.176;0.145;236.28;4.98;0.0;0.0;55.0;6.3;68.5;0.12
31/03/2026;03:00:00;1.278;0.126;242.89;5.26;0.0;0.0;55.0;6.5;74.1;0.12
31/03/2026;04:00:00;3.483;0.488;238.03;14.63;0.0;0.0;55.0;9.7;70.0;0.12
31/03/2026;05:00:00;1.473;0.165;241.76;6.09;0.0;0.0;55.0;7.3;71.5;0.12
31/03/2026;06:00:00;2.256;0.44;246.08;9.17;0.0;0.0;55.0;5.2;64.4;0.23
31/03/2026;07:00:00;2.715;0.149;242.22;11.21;0.0;7.7;55.0;6.5;83.6;0.3
31/03/2026;08:00:00;3.171;0.444;238.83;13.28;0.0;19.6;55.0;10.8;71.1;0.75
31/03/2026;09:00:00;2.647;0.509;237.92;11.13;0.0;11.7;55.0;12.9;66.6;0.63
31/03/2026;10:00:00;1.97;0.108;239.14;8.24;0.0;0.0;55.0;13.9;57.5;0.71
31/03/2026;11:00:00;1.523;0.149;237.12;6.42;0.0;0.0;55.0;14.8;67.3;0.67
31/03/2026;12:00:00;1.196;0.07;236.8;5.05;0.0;0.0;55.0;17.3;58.1;0.79
31/03/2026;13:00:00;1.092;0.165;237.75;4.59;0.0;0.0;55.0;15.5;61.0;0.61
31/03/2026;14:00:00;1.359;0.141;241.49;5.63;0.0;0.0;55.0;18.2;51.5;0.75
31/03/2026;15:00:00;1.287;0.274;238.54;5.39;0.0;0.0;55.0;14.6;56.6;0.65
31/03/2026;16:00:00;1.479;0.229;239.37;6.18;0.0;0.0;55.0;15.5;64.2;0.68
31/03/2026;17:00:00;2.067;0.301;241.31;8.56;0.0;0.0;55.0;13.6;68.5;0.68
31/03/2026;18:00:00;2.516;0.518;242.04;10.39;7.5;0.0;55.0;15.1;65.7;0.67
31/03/2026;19:00:00;2.953;0.26;234.6;12.59;22.8;0.0;55.0;14.4;66.1;0.31
31/03/2026;20:00:00;3.225;0.47;235.17;13.71;4.5;0.0;55.0;13.5;63.3;0.28
31/03/2026;21:00:00;3.258;0.464;238.92;13.64;1.0;0.0;55.0;12.1;62.7;0.32
31/03/2026;22:00:00;2.769;0.177;236.88;11.69;0.0;0.0;55.0;9.3;68.4;0.25
31/03/2026;23:00:00;2.038;0.425;242.39;8.41;0.0;0.0;55.0;9.2;71.1;0.23
01/04/2026;00:00:00;1.0;0.169;238.7;4.19;0.0;0.0;55.0;12.2;64.6;0.12
01/04/2026;01:00:00;0.871;0.175;245.03;3.55;0.0;0.0;55.0;15.7;67.9;0.12
01/04/2026;02:00:00;0.851;0.185;238.63;3.57;0.0;0.0;55.0;12.7;63.2;0.12
01/04/2026;03:00:00;0.859;0.113;240.86;3.57;0.0;0.0;55.0;12.3;59.7;0.12
01/04/2026;04:00:00;0.925;0.173;238.13;3.88;0.0;0.0;55.0;15.6;61.9;0.12
01/04/2026;05:00:00;1.047;0.155;241.37;4.34;0.0;0.0;55.0;11.8;65.5;0.12
01/04/2026;06:00:00;1.545;0.334;241.43;6.4;0.0;0.0;55.0;12.8;63.8;0.27
01/04/2026;07:00:00;2.313;0.213;242.49;9.54;0.0;14.9;55.0;13.9;69.7;0.3
01/04/2026;08:00:00;2.973;0.156;239.62;12.41;0.0;19.4;55.0;16.6;65.1;0.79
01/04/2026;09:00:00;2.508;0.205;243.56;10.3;0.0;3.7;55.0;18.6;52.3;0.58
01/04/2026;10:00:00;1.769;0.127;240.84;7.35;0.0;0.0;55.0;20.4;65.7;0.66
01/04/2026;11:00:00;1.572;0.195;238.2;6.6;0.0;0.0;55.0;24.4;41.2;0.62
01/04/2026;12:00:00;1.125;0.071;238.22;4.72;0.0;0.0;55.0;18.2;70.6;0.68
01/04/2026;13:00:00;1.451;0.127;242.04;6.0;0.0;0.0;55.0;23.2;54.4;0.74
01/04/2026;14:00:00;1.038;0.069;243.54;4.26;0.0;0.0;55.0;22.0;55.9;0.69
01/04/2026;15:00:00;1.283;0.17;236.86;5.42;0.0;0.0;55.0;22.1;56.4;0.73
01/04/2026;16:00:00;1.396;0.133;242.1;5.77;0.0;0.0;55.0;21.9;58.8;0.62
01/04/2026;17:00:00;1.958;0.255;235.84;8.3;0.0;0.0;55.0;21.0;57.6;0.65
01/04/2026;18:00:00;2.945;0.192;238.27;12.36;24.1;0.0;55.0;24.1;54.5;0.69
01/04/2026;19:00:00;3.045;0.42;241.37;12.62;0.1;0.0;55.0;21.8;63.5;0.26
01/04/2026;20:00:00;3.327;0.24;237.63;14.0;24.8;0.0;55.0;19.3;61.8;0.3
01/04/2026;21:00:00;3.09;0.207;244.1;12.66;1.9;0.0;55.0;20.0;53.6;0.25
01/04/2026;22:00:00;2.516;0.258;241.7;10.41;0.0;0.0;55.0;14.4;66.6;0.33
01/04/2026;23:00:00;1.774;0.352;236.69;7.5;0.0;0.0;55.0;13.5;66.2;0.3
02/04/2026;00:00:00;0.971;0.179;241.84;4.01;0.0;0.0;55.0;11.2;62.7;0.12
02/04/2026;01:00:00;3.116;0.664;236.3;13.19;0.0;0.0;55.0;12.6;68.3;0.12
02/04/2026;02:00:00;0.595;0.076;240.01;2.48;0.0;0.0;55.0;13.4;62.9;0.12
02/04/2026;03:00:00;0.772;0.08;242.46;3.18;0.0;0.0;55.0;13.2;62.8;0.12
02/04/2026;04:00:00;4.689;1.008;241.99;19.38;0.0;0.0;55.0;13.4;62.4;0.12
02/04/2026;05:00:00;1.111;0.128;239.76;4.64;0.0;0.0;55.0;11.6;53.0;0.12
02/04/2026;06:00:00;1.537;0.079;239.04;6.43;0.0;0.0;55.0;15.7;59.2;0.29
02/04/2026;07:00:00;2.33;0.441;236.76;9.84;0.0;7.3;55.0;15.9;65.3;0.3
02/04/2026;08:00:00;2.935;0.231;240.51;12.2;0.0;8.1;55.0;17.8;60.0;0.61
02/04/2026;09:00:00;2.663;0.458;242.25;10.99;0.0;5.7;55.0;15.2;55.8;0.71
02/04/2026;10:00:00;1.743;0.092;245.78;7.09;0.0;0.0;55.0;19.8;63.4;0.62
02/04/2026;11:00:00;1.153;0.079;238.72;4.83;0.0;0.0;55.0;18.7;57.9;0.6
02/04/2026;12:00:00;1.263;0.167;242.37;5.21;0.0;0.0;55.0;20.9;51.5;0.64
02/04/2026;13:00:00;1.189;0.073;242.14;4.91;0.0;0.0;55.0;23.1;66.9;0.72
02/04/2026;14:00:00;1.143;0.23;238.67;4.79;0.0;0.0;55.0;23.0;50.8;0.67
02/04/2026;15:00:00;1.151;0.204;242.02;4.76;0.0;0.0;55.0;21.7;61.4;0.69
02/04/2026;16:00:00;1.705;0.18;237.71;7.17;0.0;0.0;55.0;22.8;52.3;0.7
02/04/2026;17:00:00;2.027;0.307;240.72;8.42;0.0;0.0;55.0;20.0;59.1;0.74
02/04/2026;18:00:00;2.856;0.49;239.41;11.93;23.9;0.0;55.0;23.3;51.3;0.75
02/04/2026;19:00:00;3.099;0.553;241.24;12.85;12.5;0.0;55.0;20.2;52.0;0.26
02/04/2026;20:00:00;3.342;0.392;241.46;13.84;3.8;0.0;55.0;21.0;60.2;0.31
02/04/2026;21:00:00;3.128;0.634;238.52;13.12;12.6;0.0;55.0;17.2;62.7;0.25
02/04/2026;22:00:00;2.198;0.462;239.97;9.16;0.0;0.0;55.0;15.9;67.4;0.28
02/04/2026;23:00:00;1.549;0.129;239.64;6.46;0.0;0.0;55.0;14.4;62.7;0.29
03/04/2026;00:00:00;0.559;0.115;236.95;2.36;0.0;0.0;55.0;15.8;72.9;0.12
03/04/2026;01:00:00;0.89;0.152;238.96;3.73;0.0;0.0;55.0;12.6;65.7;0.12
03/04/2026;02:00:00;0.809;0.163;238.38;3.39;0.0;0.0;55.0;14.1;65.9;0.12
03/04/2026;03:00:00;0.801;0.098;236.84;3.38;0.0;0.0;55.0;12.4;57.7;0.12
03/04/2026;04:00:00;1.007;0.164;237.75;4.24;0.0;0.0;55.0;10.2;63.2;0.12
03/04/2026;05:00:00;1.223;0.11;239.28;5.11;0.0;0.0;55.0;12.8;66.7;0.12
03/04/2026;06:00:00;1.645;0.292;240.15;6.85;0.0;0.0;55.0;12.7;63.8;0.31
03/04/2026;07:00:00;2.28;0.339;236.52;9.64;0.0;3.5;55.0;15.6;62.9;0.25
03/04/2026;08:00:00;2.917;0.384;243.36;11.99;0.0;3.4;55.0;14.9;58.4;0.74
03/04/2026;09:00:00;2.706;0.454;241.72;11.2;0.0;14.9;55.0;19.4;59.5;0.67
03/04/2026;10:00:00;1.954;0.281;239.76;8.15;0.0;0.0;55.0;19.2;59.7;0.67
03/04/2026;11:00:00;1.229;0.221;236.59;5.19;0.0;0.0;55.0;20.2;52.3;0.69
03/04/2026;12:00:00;1.18;0.231;239.4;4.93;0.0;0.0;55.0;22.5;59.6;0.65
03/04/2026;13:00:00;1.014;0.189;239.23;4.24;0.0;0.0;55.0;23.8;46.9;0.64
03/04/2026;14:00:00;1.344;0.138;236.97;5.67;0.0;0.0;55.0;22.8;57.1;0.68
03/04/2026;15:00:00;1.55;0.335;236.75;6.55;0.0;0.0;55.0;21.8;65.8;0.74
03/04/2026;16:00:00;1.183;0.19;242.15;4.88;0.0;0.0;55.0;20.2;61.7;0.63
03/04/2026;17:00:00;1.786;0.188;239.09;7.47;0.0;0.0;55.0;21.3;60.7;0.68
03/04/2026;18:00:00;2.738;0.157;242.48;11.29;21.7;0.0;55.0;20.6;53.4;0.75
03/04/2026;19:00:00;3.034;0.661;239.96;12.64;12.6;0.0;55.0;20.7;66.7;0.29
03/04/2026;20:00:00;3.271;0.497;242.1;13.51;8.2;0.0;55.0;18.8;66.3;0.28
03/04/2026;21:00:00;2.86;0.254;242.01;11.82;15.6;0.0;55.0;19.0;55.0;0.33
03/04/2026;22:00:00;2.352;0.314;241.31;9.75;0.0;0.0;55.0;15.8;59.4;0.25
03/04/2026;23:00:00;1.765;0.208;243.31;7.26;0.0;0.0;55.0;15.4;68.3;0.31
04/04/2026;00:00:00;1.052;0.223;240.28;4.38;0.0;0.0;55.0;16.2;70.4;0.14
04/04/2026;01:00:00;0.916;0.123;235.81;3.89;0.0;0.0;55.0;14.2;56.7;0.14
04/04/2026;02:00:00;0.67;0.089;236.26;2.84;0.0;0.0;55.0;13.1;58.9;0.14
04/04/2026;03:00:00;0.891;0.165;238.17;3.74;0.0;0.0;55.0;12.1;64.0;0.14
04/04/2026;04:00:00;1.007;0.117;242.08;4.16;0.0;0.0;55.0;12.2;53.8;0.14
04/04/2026;05:00:00;1.064;0.089;238.88;4.46;0.0;0.0;55.0;12.4;64.6;0.14
04/04/2026;06:00:00;1.843;0.333;240.57;7.66;0.0;0.0;55.0;13.7;69.4;0.27
04/04/2026;07:00:00;2.622;0.537;241.5;10.86;0.0;0.1;55.0;16.6;53.9;0.35
04/04/2026;08:00:00;3.122;0.18;240.46;12.99;0.0;10.1;55.0;16.4;61.9;0.38
04/04/2026;09:00:00;2.62;0.514;233.58;11.22;0.0;7.3;55.0;16.0;58.7;0.33
04/04/2026;10:00:00;1.708;0.213;236.68;7.22;0.0;0.0;55.0;21.9;65.0;0.28
04/04/2026;11:00:00;1.02;0.101;244.94;4.16;0.0;0.0;55.0;21.0;54.8;0.27
04/04/2026;12:00:00;0.736;0.042;240.91;3.06;0.0;0.0;55.0;19.4;66.5;0.29
04/04/2026;13:00:00;0.854;0.073;232.44;3.68;0.0;0.0;55.0;21.7;54.1;0.27
04/04/2026;14:00:00;0.923;0.098;240.2;3.84;0.0;0.0;55.0;23.0;59.9;0.32
04/04/2026;15:00:00;1.184;0.073;245.05;4.83;0.0;0.0;55.0;25.6;55.2;0.26
04/04/2026;16:00:00;1.351;0.111;240.77;5.61;0.0;0.0;55.0;21.2;56.8;0.28
04/04/2026;17:00:00;2.092;0.367;240.12;8.71;0.0;0.0;55.0;23.8;51.4;0.31
04/04/2026;18:00:00;2.581;0.43;234.88;10.99;11.1;0.0;55.0;23.6;57.1;0.32
04/04/2026;19:00:00;3.377;0.611;239.24;14.11;24.5;0.0;55.0;19.6;56.6;0.33
04/04/2026;20:00:00;3.703;0.289;235.4;15.73;2.2;0.0;55.0;18.9;55.8;0.35
04/04/2026;21:00:00;3.383;0.194;236.58;14.3;22.8;0.0;55.0;16.4;68.6;0.26
04/04/2026;22:00:00;2.283;0.296;235.94;9.68;0.0;0.0;55.0;16.4;64.0;0.26
04/04/2026;23:00:00;1.567;0.17;244.87;6.4;0.0;0.0;55.0;15.4;65.3;0.26
05/04/2026;00:00:00;0.696;0.127;242.04;2.88;0.0;0.0;55.0;15.5;60.1;0.14
05/04/2026;01:00:00;0.805;0.114;243.92;3.3;0.0;0.0;55.0;15.3;61.2;0.14
05/04/2026;02:00:00;0.897;0.187;236.29;3.8;0.0;0.0;55.0;12.0;63.5;0.14
05/04/2026;03:00:00;1.096;0.066;240.53;4.56;0.0;0.0;55.0;10.0;68.0;0.14
05/04/2026;04:00:00;0.905;0.101;237.18;3.82;0.0;0.0;55.0;13.1;67.1;0.14
05/04/2026;05:00:00;1.197;0.142;237.48;5.04;0.0;0.0;55.0;14.1;63.0;0.14
05/04/2026;06:00:00;1.891;0.135;241.31;7.83;0.0;0.0;55.0;14.8;58.6;0.31
05/04/2026;07:00:00;2.455;0.366;240.5;10.21;0.0;1.9;55.0;15.0;66.2;0.36
05/04/2026;08:00:00;3.057;0.174;240.8;12.7;0.0;6.6;55.0;16.9;61.1;0.35
05/04/2026;09:00:00;2.588;0.443;236.48;10.94;0.0;6.3;55.0;20.3;51.0;0.34
05/04/2026;10:00:00;2.057;0.116;240.36;8.56;0.0;0.0;55.0;19.9;47.8;0.38
05/04/2026;11:00:00;1.034;0.205;240.97;4.29;0.0;0.0;55.0;19.9;59.9;0.31
05/04/2026;12:00:00;0.938;0.057;238.11;3.94;0.0;0.0;55.0;20.8;53.6;0.36
05/04/2026;13:00:00;0.741;0.095;239.24;3.1;0.0;0.0;55.0;22.1;58.9;0.31
05/04/2026;14:00:00;1.074;0.082;235.39;4.56;0.0;0.0;55.0;25.3;50.3;0.37
05/04/2026;15:00:00;1.062;0.077;233.96;4.54;0.0;0.0;55.0;22.7;56.9;0.29
05/04/2026;16:00:00;1.312;0.226;245.62;5.34;0.0;0.0;55.0;22.8;54.3;0.29
05/04/2026;17:00:00;1.876;0.341;240.57;7.8;0.0;0.0;55.0;21.6;65.9;0.35
05/04/2026;18:00:00;2.727;0.479;239.0;11.41;21.3;0.0;55.0;23.2;60.6;0.28
05/04/2026;19:00:00;3.452;0.41;242.24;14.25;13.9;0.0;55.0;23.4;62.4;0.28
05/04/2026;20:00:00;3.682;0.804;237.56;15.5;17.4;0.0;55.0;20.0;58.5;0.3
05/04/2026;21:00:00;3.298;0.356;240.31;13.72;19.4;0.0;55.0;18.1;64.0;0.35
05/04/2026;22:00:00;2.56;0.235;243.1;10.53;0.0;0.0;55.0;16.8;61.4;0.38
05/04/2026;23:00:00;1.988;0.436;236.91;8.39;0.0;0.0;55.0;11.9;72.2;0.35
06/04/2026;00:00:00;0.72;0.156;238.62;3.02;0.0;0.0;55.0;15.6;61.6;0.12
06/04/2026;01:00:00;0.849;0.128;236.13;3.6;0.0;0.0;55.0;13.9;56.3;0.12
06/04/2026;02:00:00;0.841;0.072;242.34;3.47;0.0;0.0;55.0;13.8;53.4;0.12
06/04/2026;03:00:00;1.074;0.097;240.58;4.46;0.0;0.0;55.0;11.9;73.2;0.12
06/04/2026;04:00:00;0.775;0.107;243.28;3.19;0.0;0.0;55.0;12.6;66.7;0.12
06/04/2026;05:00:00;1.028;0.187;242.36;4.24;0.0;0.0;55.0;13.1;66.7;0.12
06/04/2026;06:00:00;1.431;0.09;239.27;5.98;0.0;0.0;55.0;16.0;69.1;0.25
06/04/2026;07:00:00;2.419;0.404;241.15;10.03;0.0;5.7;55.0;14.9;54.2;0.28
06/04/2026;08:00:00;2.93;0.198;241.18;12.15;0.0;0.0;55.0;19.8;56.7;0.74
06/04/2026;09:00:00;2.739;0.53;242.05;11.32;0.0;10.5;55.0;18.6;58.3;0.7
06/04/2026;10:00:00;2.147;0.302;244.11;8.8;0.0;0.0;55.0;17.4;64.2;0.79
06/04/2026;11:00:00;1.43;0.312;236.95;6.04;0.0;0.0;55.0;20.3;54.7;0.67
06/04/2026;12:00:00;1.264;0.225;234.75;5.39;0.0;0.0;55.0;20.6;51.9;0.72
06/04/2026;13:00:00;1.224;0.165;237.06;5.16;0.0;0.0;55.0;19.0;53.1;0.76
06/04/2026;14:00:00;1.437;0.106;241.32;5.95;0.0;0.0;55.0;25.2;60.0;0.74
06/04/2026;15:00:00;1.348;0.192;241.16;5.59;0.0;0.0;55.0;24.1;51.4;0.66
06/04/2026;16:00:00;1.636;0.114;238.41;6.86;0.0;0.0;55.0;23.6;52.7;0.73
06/04/2026;17:00:00;2.214;0.451;239.24;9.25;0.0;0.0;55.0;22.6;59.5;0.67
06/04/2026;18:00:00;2.57;0.229;237.66;10.81;2.5;0.0;55.0;19.5;55.3;0.72
06/04/2026;19:00:00;3.047;0.601;239.7;12.71;12.0;0.0;55.0;19.8;50.1;0.27
06/04/2026;20:00:00;3.418;0.347;238.06;14.36;5.6;0.0;55.0;20.6;50.0;0.29
06/04/2026;21:00:00;2.953;0.259;244.58;12.08;21.0;0.0;55.0;16.4;61.0;0.23
06/04/2026;22:00:00;2.562;0.261;243.7;10.51;0.0;0.0;55.0;12.9;66.6;0.34
06/04/2026;23:00:00;1.484;0.253;242.03;6.13;0.0;0.0;55.0;15.2;61.3;0.32
07/04/2026;00:00:00;0.9;0.125;240.09;3.75;0.0;0.0;55.0;14.3;65.2;0.12
07/04/2026;01:00:00;0.899;0.061;243.19;3.7;0.0;0.0;55.0;13.9;55.2;0.12
07/04/2026;02:00:00;0.729;0.053;240.28;3.03;0.0;0.0;55.0;14.3;55.3;0.12
07/04/2026;03:00:00;0.66;0.075;240.45;2.74;0.0;0.0;55.0;14.0;74.5;0.12
07/04/2026;04:00:00;4.729;0.509;235.16;20.11;0.0;0.0;55.0;13.6;69.7;0.12
07/04/2026;05:00:00;0.802;0.156;240.73;3.33;0.0;0.0;55.0;15.5;65.9;0.12
07/04/2026;06:00:00;1.59;0.234;236.38;6.72;0.0;0.0;55.0;12.2;61.4;0.25
07/04/2026;07:00:00;4.465;0.365;238.87;18.69;0.0;6.6;55.0;16.3;60.2;0.29
07/04/2026;08:00:00;3.131;0.172;240.47;13.02;0.0;4.2;55.0;17.6;60.3;0.69
07/04/2026;09:00:00;2.68;0.181;237.48;11.28;0.0;19.3;55.0;16.1;68.1;0.7
07/04/2026;10:00:00;1.837;0.311;241.34;7.61;0.0;0.0;55.0;17.0;62.8;0.72
07/04/2026;11:00:00;1.217;0.236;242.94;5.01;0.0;0.0;55.0;19.4;61.5;0.72
07/04/2026;12:00:00;1.212;0.222;237.53;5.1;0.0;0.0;55.0;20.5;57.1;0.69
07/04/2026;13:00:00;1.236;0.228;240.33;5.14;0.0;0.0;55.0;23.5;59.6;0.6
07/04/2026;14:00:00;1.164;0.11;236.51;4.92;0.0;0.0;55.0;21.9;58.4;0.68
07/04/2026;15:00:00;1.467;0.32;236.73;6.2;0.0;0.0;55.0;21.7;57.2;0.68
07/04/2026;16:00:00;1.466;0.095;240.87;6.09;0.0;0.0;55.0;21.9;53.2;0.68
07/04/2026;17:00:00;1.821;0.345;242.0;7.52;0.0;0.0;55.0;24.0;54.6;0.65
07/04/2026;18:00:00;2.606;0.173;235.77;11.05;8.2;0.0;55.0;21.6;51.8;0.67
07/04/2026;19:00:00;5.3;0.506;245.74;21.57;5.5;0.0;55.0;20.2;58.0;0.3
07/04/2026;20:00:00;3.363;0.451;238.61;14.09;21.2;0.0;55.0;19.1;59.5;0.27
07/04/2026;21:00:00;3.052;0.18;240.58;12.69;20.9;0.0;55.0;19.9;46.4;0.33
07/04/2026;22:00:00;2.337;0.273;238.5;9.8;0.0;0.0;55.0;15.6;60.8;0.33
07/04/2026;23:00:00;1.397;0.153;239.2;5.84;0.0;0.0;55.0;17.5;54.5;0.28
08/04/2026;00:00:00;0.719;0.115;244.25;2.95;0.0;0.0;55.0;14.8;65.1;0.12
08/04/2026;01:00:00;0.75;0.129;244.22;3.07;0.0;0.0;55.0;13.4;66.8;0.12
08/04/2026;02:00:00;0.727;0.048;235.38;3.09;0.0;0.0;55.0;16.9;58.7;0.12
08/04/2026;03:00:00;0.977;0.055;238.42;4.1;0.0;0.0;55.0;11.4;68.0;0.12
08/04/2026;04:00:00;1.038;0.189;248.26;4.18;0.0;0.0;55.0;12.6;67.2;0.12
08/04/2026;05:00:00;1.016;0.142;238.79;4.25;0.0;0.0;55.0;11.8;63.8;0.12
08/04/2026;06:00:00;1.449;0.204;241.18;6.01;0.0;0.0;55.0;15.9;69.4;0.33
08/04/2026;07:00:00;2.189;0.474;243.18;9.0;0.0;4.2;55.0;18.0;56.3;0.27
08/04/2026;08:00:00;2.854;0.355;242.39;11.77;0.0;18.9;55.0;19.2;66.4;0.68
08/04/2026;09:00:00;2.389;0.199;232.11;10.29;0.0;15.7;55.0;19.8;57.4;0.56
08/04/2026;10:00:00;1.996;0.331;240.94;8.28;0.0;0.0;55.0;19.0;55.0;0.6
08/04/2026;11:00:00;1.427;0.269;244.9;5.83;0.0;0.0;55.0;20.0;56.7;0.71
08/04/2026;12:00:00;1.479;0.2;240.08;6.16;0.0;0.0;55.0;19.0;53.7;0.74
08/04/2026;13:00:00;1.485;0.249;237.08;6.26;0.0;0.0;55.0;25.4;58.0;0.75
08/04/2026;14:00:00;1.132;0.155;237.14;4.77;0.0;0.0;55.0;23.5;47.6;0.65
08/04/2026;15:00:00;1.182;0.141;239.44;4.94;0.0;0.0;55.0;22.3;63.5;0.68
08/04/2026;16:00:00;1.817;0.101;241.89;7.51;0.0;0.0;55.0;24.8;49.9;0.66
08/04/2026;17:00:00;1.796;0.143;248.09;7.24;0.0;0.0;55.0;20.9;61.9;0.65
08/04/2026;18:00:00;2.724;0.358;239.19;11.39;5.3;0.0;55.0;22.1;56.8;0.66
08/04/2026;19:00:00;3.026;0.355;241.57;12.53;22.7;0.0;55.0;20.2;59.6;0.33
08/04/2026;20:00:00;3.255;0.629;235.68;13.81;16.6;0.0;55.0;20.3;55.2;0.33
08/04/2026;21:00:00;3.235;0.221;235.28;13.75;12.6;0.0;55.0;17.9;61.8;0.33
08/04/2026;22:00:00;2.25;0.132;238.61;9.43;0.0;0.0;55.0;14.5;63.5;0.22
08/04/2026;23:00:00;1.578;0.102;241.25;6.54;0.0;0.0;55.0;15.6;54.6;0.33
09/04/2026;00:00:00;0.687;0.113;239.76;2.86;0.0;0.0;55.0;16.0;56.8;0.12
09/04/2026;01:00:00;0.717;0.108;240.15;2.99;0.0;0.0;55.0;13.6;60.8;0.12
09/04/2026;02:00:00;1.002;0.158;239.23;4.19;0.0;0.0;55.0;14.3;59.2;0.12
09/04/2026;03:00:00;1.044;0.08;239.92;4.35;0.0;0.0;55.0;11.4;71.5;0.12
09/04/2026;04:00:00;0.789;0.109;239.18;3.3;0.0;0.0;55.0;13.1;63.9;0.12
09/04/2026;05:00:00;1.019;0.184;236.22;4.31;0.0;0.0;55.0;12.7;60.3;0.12
09/04/2026;06:00:00;1.276;0.212;235.82;5.41;0.0;0.0;55.0;15.6;59.5;0.22
09/04/2026;07:00:00;2.28;0.284;243.81;9.35;0.0;12.7;55.0;15.5;59.4;0.28
09/04/2026;08:00:00;6.683;0.452;237.69;28.11;0.0;2.1;55.0;17.7;58.8;0.72
09/04/2026;09:00:00;2.638;0.522;239.33;11.02;0.0;3.1;55.0;19.6;53.3;0.73
09/04/2026;10:00:00;1.622;0.226;243.33;6.66;0.0;0.0;55.0;20.3;54.1;0.65
09/04/2026;11:00:00;1.376;0.277;239.25;5.75;0.0;0.0;55.0;20.9;61.5;0.67
09/04/2026;12:00:00;1.362;0.17;242.46;5.62;0.0;0.0;55.0;20.0;59.3;0.63
09/04/2026;13:00:00;1.118;0.101;237.51;4.71;0.0;0.0;55.0;22.3;55.8;0.59
09/04/2026;14:00:00;1.083;0.111;244.36;4.43;0.0;0.0;55.0;22.0;56.8;0.68
09/04/2026;15:00:00;1.343;0.163;240.64;5.58;0.0;0.0;55.0;22.5;56.2;0.75
09/04/2026;16:00:00;1.5;0.232;239.92;6.25;0.0;0.0;55.0;22.3;55.5;0.68
09/04/2026;17:00:00;2.161;0.39;239.54;9.02;0.0;0.0;55.0;20.9;60.3;0.61
09/04/2026;18:00:00;2.658;0.243;242.14;10.98;6.1;0.0;55.0;18.6;61.7;0.73
09/04/2026;19:00:00;2.931;0.24;240.66;12.18;22.4;0.0;55.0;19.5;50.9;0.34
09/04/2026;20:00:00;3.301;0.279;231.05;14.29;19.8;0.0;55.0;19.6;58.1;0.25
09/04/2026;21:00:00;3.084;0.644;238.75;12.92;11.2;0.0;55.0;16.0;54.1;0.32
09/04/2026;22:00:00;2.428;0.189;240.9;10.08;0.0;0.0;55.0;16.7;64.2;0.3
09/04/2026;23:00:00;1.679;0.183;237.29;7.08;0.0;0.0;55.0;18.4;63.6;0.22
10/04/2026;00:00:00;0.931;0.123;238.59;3.9;0.0;0.0;55.0;16.0;58.5;0.12
10/04/2026;01:00:00;0.625;0.09;238.91;2.61;0.0;0.0;55.0;16.1;60.9;0.12
10/04/2026;02:00:00;0.689;0.135;244.47;2.82;0.0;0.0;55.0;13.8;52.8;0.12
10/04/2026;03:00:00;0.495;0.034;241.67;2.05;0.0;0.0;55.0;14.8;67.5;0.12
10/04/2026;04:00:00;1.002;0.068;240.92;4.16;0.0;0.0;55.0;12.1;68.3;0.12
10/04/2026;05:00:00;0.971;0.101;236.74;4.1;0.0;0.0;55.0;12.7;70.0;0.12
10/04/2026;06:00:00;1.905;0.229;238.08;8.0;0.0;0.0;55.0;10.4;73.5;0.22
10/04/2026;07:00:00;2.239;0.254;242.38;9.24;0.0;3.2;55.0;17.3;54.5;0.32
10/04/2026;08:00:00;3.191;0.372;241.85;13.19;0.0;18.7;55.0;19.0;63.6;0.73
10/04/2026;09:00:00;2.405;0.468;236.02;10.19;0.0;7.3;55.0;17.2;68.1;0.67
10/04/2026;10:00:00;1.988;0.382;243.92;8.15;0.0;0.0;55.0;18.9;51.8;0.66
10/04/2026;11:00:00;1.566;0.293;237.59;6.59;0.0;0.0;55.0;19.4;58.0;0.77
10/04/2026;12:00:00;1.188;0.212;241.0;4.93;0.0;0.0;55.0;22.1;54.9;0.58
10/04/2026;13:00:00;1.138;0.065;247.65;4.6;0.0;0.0;55.0;24.0;59.5;0.62
10/04/2026;14:00:00;1.242;0.094;238.83;5.2;0.0;0.0;55.0;20.2;46.3;0.69
10/04/2026;15:00:00;1.456;0.254;240.47;6.05;0.0;0.0;55.0;23.6;64.6;0.75
10/04/2026;16:00:00;1.281;0.194;238.44;5.37;0.0;0.0;55.0;22.4;55.9;0.66
10/04/2026;17:00:00;2.198;0.362;240.49;9.14;0.0;0.0;55.0;22.5;61.0;0.7
10/04/2026;18:00:00;2.704;0.465;243.99;11.08;11.6;0.0;55.0;22.2;56.3;0.76
10/04/2026;19:00:00;3.233;0.663;239.46;13.5;13.5;0.0;55.0;20.2;60.7;0.31
10/04/2026;20:00:00;3.343;0.528;239.18;13.98;3.9;0.0;55.0;19.1;47.5;0.31
10/04/2026;21:00:00;3.114;0.302;243.09;12.81;23.0;0.0;55.0;17.7;58.3;0.24
10/04/2026;22:00:00;2.24;0.144;236.46;9.47;0.0;0.0;55.0;18.2;64.1;0.28
10/04/2026;23:00:00;3.896;0.481;240.23;16.22;0.0;0.0;55.0;16.1;62.9;0.32
11/04/2026;00:00:00;0.74;0.126;237.96;3.11;0.0;0.0;55.0;14.8;54.4;0.14
11/04/2026;01:00:00;0.866;0.085;239.33;3.62;0.0;0.0;55.0;11.8;65.3;0.14
11/04/2026;02:00:00;0.751;0.053;237.52;3.16;0.0;0.0;55.0;12.6;60.2;0.14
11/04/2026;03:00:00;0.39;0.086;236.0;1.65;0.0;0.0;55.0;14.3;58.4;0.14
11/04/2026;04:00:00;0.774;0.094;233.82;3.31;0.0;0.0;55.0;13.2;56.2;0.14
11/04/2026;05:00:00;1.095;0.095;238.73;4.59;0.0;0.0;55.0;14.7;65.8;0.14
11/04/2026;06:00:00;1.486;0.116;240.64;6.18;0.0;0.0;55.0;17.1;66.3;0.25
11/04/2026;07:00:00;2.343;0.461;242.28;9.67;0.0;14.7;55.0;17.1;71.4;0.29
11/04/2026;08:00:00;2.71;0.513;236.26;11.47;0.0;3.8;55.0;16.8;53.6;0.27
11/04/2026;09:00:00;2.495;0.385;240.43;10.38;0.0;11.8;55.0;17.2;64.5;0.27
11/04/2026;10:00:00;1.623;0.232;241.57;6.72;0.0;0.0;55.0;15.5;66.2;0.35
11/04/2026;11:00:00;1.253;0.265;241.01;5.2;0.0;0.0;55.0;20.2;55.3;0.28
11/04/2026;12:00:00;1.054;0.094;240.72;4.38;0.0;0.0;55.0;21.0;53.0;0.38
11/04/2026;13:00:00;0.971;0.117;233.95;4.15;0.0;0.0;55.0;22.9;50.6;0.32
11/04/2026;14:00:00;0.97;0.053;239.67;4.05;0.0;0.0;55.0;22.6;53.7;0.32
11/04/2026;15:00:00;0.927;0.112;239.77;3.86;0.0;0.0;55.0;22.5;57.4;0.31
11/04/2026;16:00:00;1.176;0.136;241.53;4.87;0.0;0.0;55.0;20.2;65.1;0.35
11/04/2026;17:00:00;1.871;0.396;243.88;7.67;0.0;0.0;55.0;20.9;63.2;0.32
11/04/2026;18:00:00;2.69;0.298;239.27;11.24;14.6;0.0;55.0;22.3;48.5;0.27
11/04/2026;19:00:00;3.607;0.692;239.03;15.09;4.7;0.0;55.0;23.1;52.0;0.37
11/04/2026;20:00:00;3.668;0.661;240.37;15.26;19.0;0.0;55.0;19.1;65.6;0.31
11/04/2026;21:00:00;3.301;0.248;240.06;13.75;15.8;0.0;55.0;18.5;56.0;0.26
11/04/2026;22:00:00;2.493;0.533;241.21;10.33;0.0;0.0;55.0;18.1;59.6;0.33
11/04/2026;23:00:00;1.942;0.305;241.48;8.04;0.0;0.0;55.0;14.3;54.4;0.34
12/04/2026;00:00:00;0.475;0.072;239.51;1.98;0.0;0.0;55.0;15.0;68.2;0.14
12/04/2026;01:00:00;0.592;0.031;241.4;2.45;0.0;0.0;55.0;12.6;54.8;0.14
12/04/2026;02:00:00;0.502;0.085;239.39;2.1;0.0;0.0;55.0;14.5;54.6;0.14
12/04/2026;03:00:00;0.568;0.034;235.94;2.41;0.0;0.0;55.0;13.2;69.1;0.14
12/04/2026;04:00:00;1.015;0.083;236.76;4.29;0.0;0.0;55.0;13.6;73.1;0.14
12/04/2026;05:00:00;1.235;0.082;233.46;5.29;0.0;0.0;55.0;12.5;63.0;0.14
12/04/2026;06:00:00;1.54;0.176;244.66;6.29;0.0;0.0;55.0;15.5;61.7;0.29
12/04/2026;07:00:00;2.511;0.465;243.6;10.31;0.0;12.1;55.0;18.6;64.0;0.33
12/04/2026;08:00:00;3.082;0.525;242.9;12.69;0.0;15.0;55.0;15.2;63.7;0.3
12/04/2026;09:00:00;2.602;0.177;239.39;10.87;0.0;15.4;55.0;17.5;58.5;0.36
12/04/2026;10:00:00;1.912;0.355;242.73;7.88;0.0;0.0;55.0;19.6;56.3;0.26
12/04/2026;11:00:00;1.074;0.138;242.51;4.43;0.0;0.0;55.0;21.7;49.2;0.26
12/04/2026;12:00:00;0.873;0.049;235.93;3.7;0.0;0.0;55.0;20.7;59.0;0.36
12/04/2026;13:00:00;0.735;0.065;237.8;3.09;0.0;0.0;55.0;18.1;59.5;0.31
12/04/2026;14:00:00;1.105;0.203;241.5;4.58;0.0;0.0;55.0;24.9;52.3;0.3
12/04/2026;15:00:00;1.279;0.223;238.63;5.36;0.0;0.0;55.0;24.1;50.1;0.34
12/04/2026;16:00:00;1.281;0.105;238.02;5.38;0.0;0.0;55.0;20.2;53.7;0.35
12/04/2026;17:00:00;1.715;0.097;242.31;7.08;0.0;0.0;55.0;21.4;60.4;0.28
12/04/2026;18:00:00;2.868;0.287;237.68;12.07;4.7;0.0;55.0;23.9;59.7;0.28
12/04/2026;19:00:00;3.563;0.66;246.95;14.43;11.2;0.0;55.0;22.7;54.6;0.39
12/04/2026;20:00:00;3.729;0.781;244.46;15.25;0.6;0.0;55.0;20.7;55.7;0.33
12/04/2026;21:00:00;3.291;0.485;239.4;13.75;9.5;0.0;55.0;17.7;55.9;0.31
12/04/2026;22:00:00;2.604;0.171;243.5;10.69;0.0;0.0;55.0;16.8;65.6;0.36
12/04/2026;23:00:00;1.85;0.25;240.52;7.69;0.0;0.0;55.0;15.3;62.3;0.33
13/04/2026;00:00:00;0.602;0.132;238.84;2.52;0.0;0.0;55.0;16.2;63.3;0.12
13/04/2026;01:00:00;0.707;0.148;245.54;2.88;0.0;0.0;55.0;12.4;66.3;0.12
13/04/2026;02:00:00;0.821;0.18;241.09;3.41;0.0;0.0;55.0;12.0;63.3;0.12
13/04/2026;03:00:00;0.726;0.123;237.5;3.06;0.0;0.0;55.0;14.5;57.0;0.12
13/04/2026;04:00:00;1.025;0.125;241.29;4.25;0.0;0.0;55.0;13.1;58.9;0.12
13/04/2026;05:00:00;0.8;0.162;244.7;3.27;0.0;0.0;55.0;15.7;67.4;0.12
13/04/2026;06:00:00;1.722;0.348;240.01;7.17;0.0;0.0;55.0;13.5;60.0;0.33
13/04/2026;07:00:00;2.196;0.164;240.59;9.13;0.0;3.6;55.0;15.4;60.0;0.23
13/04/2026;08:00:00;2.941;0.535;239.16;12.3;0.0;14.0;55.0;15.3;56.5;0.71
13/04/2026;09:00:00;2.789;0.575;240.99;11.57;0.0;15.1;55.0;18.0;53.9;0.7
13/04/2026;10:00:00;1.955;0.396;237.26;8.24;0.0;0.0;55.0;17.1;56.9;0.76
13/04/2026;11:00:00;1.289;0.219;237.77;5.42;0.0;0.0;55.0;19.8;67.0;0.69
13/04/2026;12:00:00;1.296;0.183;239.04;5.42;0.0;0.0;55.0;19.4;62.2;0.67
13/04/2026;13:00:00;1.382;0.252;240.47;5.75;0.0;0.0;55.0;23.4;53.1;0.7
13/04/2026;14:00:00;1.212;0.167;243.11;4.99;0.0;0.0;55.0;23.9;60.7;0.69
13/04/2026;15:00:00;1.15;0.12;239.59;4.8;0.0;0.0;55.0;20.4;57.3;0.73
13/04/2026;16:00:00;1.824;0.172;242.32;7.53;0.0;0.0;55.0;24.8;61.3;0.76
13/04/2026;17:00:00;2.272;0.322;238.77;9.51;0.0;0.0;55.0;26.1;64.6;0.67
13/04/2026;18:00:00;2.587;0.33;241.65;10.71;16.6;0.0;55.0;21.6;62.3;0.66
13/04/2026;19:00:00;3.17;0.441;243.36;13.03;7.3;0.0;55.0;19.5;59.2;0.3
13/04/2026;20:00:00;3.394;0.32;239.68;14.16;19.0;0.0;55.0;23.5;59.1;0.3
13/04/2026;21:00:00;3.096;0.466;240.98;12.85;23.6;0.0;55.0;16.0;61.7;0.3
13/04/2026;22:00:00;2.49;0.405;238.36;10.44;0.0;0.0;55.0;16.7;51.8;0.29
13/04/2026;23:00:00;1.562;0.292;241.64;6.46;0.0;0.0;55.0;15.8;58.5;0.24
14/04/2026;00:00:00;0.477;0.072;232.16;2.05;0.0;0.0;55.0;16.5;56.5;0.12
14/04/2026;01:00:00;0.695;0.124;235.45;2.95;0.0;0.0;55.0;14.2;59.6;0.12
14/04/2026;02:00:00;0.874;0.069;241.6;3.62;0.0;0.0;55.0;12.4;73.4;0.12
14/04/2026;03:00:00;1.029;0.073;235.42;4.37;0.0;0.0;55.0;11.6;70.8;0.12
14/04/2026;04:00:00;0.825;0.066;238.63;3.46;0.0;0.0;55.0;12.7;66.5;0.12
14/04/2026;05:00:00;1.317;0.255;243.93;5.4;0.0;0.0;55.0;12.2;68.7;0.12
14/04/2026;06:00:00;1.399;0.202;242.42;5.77;0.0;0.0;55.0;14.5;53.3;0.23
14/04/2026;07:00:00;2.344;0.299;246.71;9.5;0.0;12.5;55.0;14.7;66.3;0.33
14/04/2026;08:00:00;3.014;0.541;240.21;12.55;0.0;2.0;55.0;14.5;67.5;0.76
14/04/2026;09:00:00;2.694;0.192;239.77;11.24;0.0;18.6;55.0;19.9;47.3;0.61
14/04/2026;10:00:00;1.697;0.087;240.03;7.07;0.0;0.0;55.0;18.5;63.4;0.67
14/04/2026;11:00:00;1.395;0.143;237.41;5.88;0.0;0.0;55.0;18.6;52.4;0.63
14/04/2026;12:00:00;1.114;0.103;239.4;4.65;0.0;0.0;55.0;21.3;47.5;0.61
14/04/2026;13:00:00;1.347;0.138;236.47;5.7;0.0;0.0;55.0;22.4;63.1;0.65
14/04/2026;14:00:00;1.136;0.245;243.28;4.67;0.0;0.0;55.0;20.2;53.2;0.76
14/04/2026;15:00:00;1.459;0.214;242.07;6.03;0.0;0.0;55.0;23.5;52.0;0.72
14/04/2026;16:00:00;1.369;0.206;236.75;5.78;0.0;0.0;55.0;21.3;62.3;0.66
14/04/2026;17:00:00;2.236;0.361;238.14;9.39;0.0;0.0;55.0;24.9;53.0;0.71
14/04/2026;18:00:00;2.663;0.313;241.09;11.05;0.4;0.0;55.0;22.3;55.6;0.71
14/04/2026;19:00:00;2.968;0.642;240.76;12.33;18.5;0.0;55.0;19.9;57.5;0.26
14/04/2026;20:00:00;3.086;0.665;237.06;13.02;22.3;0.0;55.0;18.2;61.6;0.28
14/04/2026;21:00:00;3.059;0.553;240.19;12.74;4.7;0.0;55.0;17.8;59.0;0.25
14/04/2026;22:00:00;2.205;0.19;241.6;9.13;0.0;0.0;55.0;17.6;60.9;0.27
14/04/2026;23:00:00;1.489;0.297;241.68;6.16;0.0;0.0;55.0;15.5;59.5;0.26
15/04/2026;00:00:00;0.561;0.038;244.72;2.29;0.0;0.0;55.0;14.1;64.8;0.12
15/04/2026;01:00:00;0.644;0.101;240.7;2.67;0.0;0.0;55.0;13.8;65.0;0.12
15/04/2026;02:00:00;0.921;0.118;236.53;3.89;0.0;0.0;55.0;12.3;74.1;0.12
15/04/2026;03:00:00;0.908;0.051;237.02;3.83;0.0;0.0;55.0;12.5;62.5;0.12
15/04/2026;04:00:00;1.125;0.229;243.52;4.62;0.0;0.0;55.0;10.0;65.4;0.12
15/04/2026;05:00:00;0.816;0.174;244.51;3.34;0.0;0.0;55.0;15.1;63.5;0.12
15/04/2026;06:00:00;1.557;0.318;239.9;6.49;0.0;0.0;55.0;14.9;67.3;0.23
15/04/2026;07:00:00;2.209;0.183;241.07;9.16;0.0;13.6;55.0;14.3;57.5;0.25
15/04/2026;08:00:00;2.968;0.316;240.26;12.35;0.0;18.2;55.0;19.6;59.3;0.57
15/04/2026;09:00:00;2.653;0.564;239.17;11.09;0.0;4.6;55.0;18.1;47.4;0.7
15/04/2026;10:00:00;1.895;0.129;235.83;8.04;0.0;0.0;55.0;17.7;58.9;0.79
15/04/2026;11:00:00;1.443;0.215;241.34;5.98;0.0;0.0;55.0;21.8;62.3;0.59
15/04/2026;12:00:00;1.306;0.173;244.99;5.33;0.0;0.0;55.0;22.1;53.1;0.73
15/04/2026;13:00:00;0.996;0.075;240.48;4.14;0.0;0.0;55.0;22.9;56.9;0.59
15/04/2026;14:00:00;0.962;0.193;239.15;4.02;0.0;0.0;55.0;22.2;54.0;0.65
15/04/2026;15:00:00;1.245;0.091;238.79;5.21;0.0;0.0;55.0;23.7;51.2;0.7
15/04/2026;16:00:00;1.707;0.257;241.39;7.07;0.0;0.0;55.0;22.4;61.3;0.67
15/04/2026;17:00:00;1.904;0.198;243.22;7.83;0.0;0.0;55.0;23.2;50.6;0.65
15/04/2026;18:00:00;2.816;0.341;241.49;11.66;10.0;0.0;55.0;18.7;60.9;0.59
15/04/2026;19:00:00;2.863;0.246;234.76;12.19;19.7;0.0;55.0;19.8;60.1;0.23
15/04/2026;20:00:00;3.174;0.496;244.88;12.96;3.9;0.0;55.0;21.9;52.6;0.27
15/04/2026;21:00:00;3.175;0.692;242.33;13.1;5.1;0.0;55.0;16.8;61.7;0.33
15/04/2026;22:00:00;2.478;0.475;239.5;10.35;0.0;0.0;55.0;15.8;57.1;0.31
15/04/2026;23:00:00;1.734;0.288;238.52;7.27;0.0;0.0;55.0;14.8;65.1;0.31
16/04/2026;00:00:00;0.919;0.164;238.75;3.85;0.0;0.0;55.0;12.6;57.7;0.12
16/04/2026;01:00:00;0.878;0.169;242.42;3.62;0.0;0.0;55.0;10.4;64.4;0.12
16/04/2026;02:00:00;0.927;0.121;234.47;3.95;0.0;0.0;55.0;12.8;62.9;0.12
16/04/2026;03:00:00;0.84;0.123;241.44;3.48;0.0;0.0;55.0;13.2;69.4;0.12
16/04/2026;04:00:00;0.818;0.165;240.79;3.4;0.0;0.0;55.0;13.1;64.6;0.12
16/04/2026;05:00:00;1.044;0.176;240.75;4.34;0.0;0.0;55.0;13.5;68.4;0.12
16/04/2026;06:00:00;1.677;0.123;236.74;7.08;0.0;0.0;55.0;14.5;65.6;0.23
16/04/2026;07:00:00;2.276;0.415;235.23;9.68;0.0;15.6;55.0;17.0;63.5;0.24
16/04/2026;08:00:00;2.742;0.148;246.28;11.13;0.0;6.1;55.0;16.4;59.6;0.75
16/04/2026;09:00:00;2.746;0.533;240.37;11.42;0.0;10.4;55.0;17.1;65.8;0.75
16/04/2026;10:00:00;1.992;0.367;245.42;8.12;0.0;0.0;55.0;18.9;57.5;0.69
16/04/2026;11:00:00;1.384;0.265;242.53;5.71;0.0;0.0;55.0;21.4;48.7;0.73
16/04/2026;12:00:00;1.394;0.075;240.31;5.8;0.0;0.0;55.0;23.7;54.4;0.74
16/04/2026;13:00:00;5.051;1.088;240.65;20.99;0.0;0.0;55.0;21.4;59.6;0.78
16/04/2026;14:00:00;1.045;0.161;243.02;4.3;0.0;0.0;55.0;23.0;48.0;0.72
16/04/2026;15:00:00;1.336;0.249;243.34;5.49;0.0;0.0;55.0;23.5;51.2;0.69
16/04/2026;16:00:00;1.452;0.212;241.33;6.02;0.0;0.0;55.0;21.3;51.2;0.7
16/04/2026;17:00:00;1.994;0.215;243.06;8.2;0.0;0.0;55.0;22.4;60.4;0.72
16/04/2026;18:00:00;2.525;0.253;243.19;10.38;24.3;0.0;55.0;19.3;67.3;0.59
16/04/2026;19:00:00;3.108;0.192;240.92;12.9;6.4;0.0;55.0;17.8;59.1;0.28
16/04/2026;20:00:00;3.181;0.452;238.31;13.35;3.6;0.0;55.0;19.8;61.2;0.22
16/04/2026;21:00:00;3.12;0.232;241.39;12.93;6.5;0.0;55.0;17.4;63.0;0.26
16/04/2026;22:00:00;2.412;0.353;237.9;10.14;0.0;0.0;55.0;17.0;68.6;0.28
16/04/2026;23:00:00;1.761;0.275;238.93;7.37;0.0;0.0;55.0;15.5;58.8;0.23
17/04/2026;00:00:00;1.024;0.128;241.11;4.25;0.0;0.0;55.0;13.0;62.9;0.12
17/04/2026;01:00:00;0.989;0.076;239.78;4.12;0.0;0.0;55.0;13.6;61.8;0.12
17/04/2026;02:00:00;0.775;0.096;243.68;3.18;0.0;0.0;55.0;11.3;65.7;0.12
17/04/2026;03:00:00;0.744;0.148;238.15;3.13;0.0;0.0;55.0;15.1;74.9;0.12
17/04/2026;04:00:00;0.893;0.114;234.04;3.82;0.0;0.0;55.0;11.1;65.6;0.12
17/04/2026;05:00:00;1.431;0.155;243.67;5.87;0.0;0.0;55.0;13.4;59.4;0.12
17/04/2026;06:00:00;1.753;0.275;240.13;7.3;0.0;0.0;55.0;12.9;58.3;0.27
17/04/2026;07:00:00;2.406;0.373;240.27;10.01;0.0;1.4;55.0;16.4;67.6;0.24
17/04/2026;08:00:00;2.982;0.195;237.79;12.54;0.0;5.3;55.0;16.2;57.1;0.66
17/04/2026;09:00:00;2.339;0.211;234.73;9.96;0.0;8.7;55.0;17.2;63.9;0.77
17/04/2026;10:00:00;1.766;0.237;237.71;7.43;0.0;0.0;55.0;20.6;54.5;0.65
17/04/2026;11:00:00;1.303;0.146;241.6;5.39;0.0;0.0;55.0;20.5;51.6;0.68
17/04/2026;12:00:00;5.018;0.524;239.44;20.96;0.0;0.0;55.0;22.3;59.6;0.73
17/04/2026;13:00:00;1.195;0.15;239.07;5.0;0.0;0.0;55.0;20.9;54.6;0.67
17/04/2026;14:00:00;1.286;0.128;235.24;5.47;0.0;0.0;55.0;20.7;59.9;0.75
17/04/2026;15:00:00;0.972;0.106;245.07;3.97;0.0;0.0;55.0;23.2;58.4;0.61
17/04/2026;16:00:00;1.521;0.276;239.83;6.34;0.0;0.0;55.0;22.4;59.3;0.73
17/04/2026;17:00:00;2.01;0.275;246.56;8.15;0.0;0.0;55.0;23.3;54.4;0.69
17/04/2026;18:00:00;2.891;0.574;241.03;11.99;8.9;0.0;55.0;21.4;60.7;0.76
17/04/2026;19:00:00;5.331;1.126;244.34;21.82;0.5;0.0;55.0;20.8;53.1;0.32
17/04/2026;20:00:00;3.341;0.691;237.99;14.04;1.0;0.0;55.0;16.9;48.6;0.33
17/04/2026;21:00:00;3.012;0.281;235.76;12.78;0.7;0.0;55.0;20.8;61.3;0.22
17/04/2026;22:00:00;2.103;0.274;239.48;8.78;0.0;0.0;55.0;16.5;62.1;0.24
17/04/2026;23:00:00;1.675;0.236;241.57;6.93;0.0;0.0;55.0;16.5;58.1;0.23
18/04/2026;00:00:00;0.77;0.15;241.87;3.18;0.0;0.0;55.0;13.2;56.5;0.14
18/04/2026;01:00:00;0.666;0.097;241.1;2.76;0.0;0.0;55.0;14.1;52.9;0.14
18/04/2026;02:00:00;1.096;0.102;246.42;4.45;0.0;0.0;55.0;11.2;65.7;0.14
18/04/2026;03:00:00;0.831;0.119;241.1;3.44;0.0;0.0;55.0;13.7;71.7;0.14
18/04/2026;04:00:00;0.831;0.048;239.13;3.48;0.0;0.0;55.0;12.6;63.6;0.14
18/04/2026;05:00:00;0.995;0.191;239.35;4.16;0.0;0.0;55.0;13.7;61.6;0.14
18/04/2026;06:00:00;1.715;0.251;237.75;7.22;0.0;0.0;55.0;15.5;61.9;0.28
18/04/2026;07:00:00;2.67;0.429;240.82;11.09;0.0;3.4;55.0;13.7;74.4;0.37
18/04/2026;08:00:00;2.929;0.247;243.03;12.05;0.0;8.0;55.0;15.7;65.6;0.32
18/04/2026;09:00:00;2.366;0.343;243.95;9.7;0.0;2.0;55.0;18.7;54.8;0.32
18/04/2026;10:00:00;1.649;0.231;239.17;6.89;0.0;0.0;55.0;22.4;56.6;0.36
18/04/2026;11:00:00;1.003;0.156;239.85;4.18;0.0;0.0;55.0;20.3;59.8;0.27
18/04/2026;12:00:00;0.97;0.188;238.2;4.07;0.0;0.0;55.0;22.4;51.2;0.37
18/04/2026;13:00:00;0.899;0.162;242.71;3.71;0.0;0.0;55.0;22.2;60.5;0.35
18/04/2026;14:00:00;1.212;0.173;236.54;5.12;0.0;0.0;55.0;25.7;49.7;0.37
18/04/2026;15:00:00;1.025;0.207;237.98;4.31;0.0;0.0;55.0;20.4;50.5;0.39
18/04/2026;16:00:00;1.552;0.172;228.36;6.8;0.0;0.0;55.0;23.0;56.4;0.32
18/04/2026;17:00:00;1.848;0.247;236.7;7.81;0.0;0.0;55.0;19.9;58.1;0.27
18/04/2026;18:00:00;2.707;0.434;238.35;11.36;9.0;0.0;55.0;17.8;60.2;0.28
18/04/2026;19:00:00;3.431;0.429;238.57;14.38;18.9;0.0;55.0;20.9;53.8;0.3
18/04/2026;20:00:00;3.698;0.412;236.37;15.64;17.1;0.0;55.0;19.5;55.7;0.27
18/04/2026;21:00:00;3.479;0.24;236.84;14.69;11.0;0.0;55.0;17.6;66.0;0.37
18/04/2026;22:00:00;2.606;0.412;243.53;10.7;0.0;0.0;55.0;16.5;63.4;0.29
18/04/2026;23:00:00;1.94;0.161;237.82;8.16;0.0;0.0;55.0;20.1;53.5;0.39
19/04/2026;00:00:00;0.649;0.048;234.93;2.76;0.0;0.0;55.0;14.1;53.4;0.14
19/04/2026;01:00:00;0.831;0.067;237.08;3.51;0.0;0.0;55.0;14.4;58.3;0.14
19/04/2026;02:00:00;0.899;0.15;237.12;3.79;0.0;0.0;55.0;12.2;65.4;0.14
19/04/2026;03:00:00;0.595;0.044;239.8;2.48;0.0;0.0;55.0;13.4;60.5;0.14
19/04/2026;04:00:00;0.911;0.197;241.01;3.78;0.0;0.0;55.0;12.8;60.6;0.14
19/04/2026;05:00:00;0.951;0.17;236.21;4.02;0.0;0.0;55.0;13.1;61.0;0.14
19/04/2026;06:00:00;1.593;0.186;240.84;6.61;0.0;0.0;55.0;17.2;60.3;0.26
19/04/2026;07:00:00;2.517;0.38;243.92;10.32;0.0;5.8;55.0;17.3;64.5;0.35
19/04/2026;08:00:00;2.745;0.141;242.84;11.3;0.0;3.0;55.0;16.9;60.9;0.32
19/04/2026;09:00:00;2.568;0.497;241.62;10.63;0.0;3.5;55.0;14.5;63.1;0.36
19/04/2026;10:00:00;1.752;0.168;241.14;7.26;0.0;0.0;55.0;18.8;58.3;0.37
19/04/2026;11:00:00;1.403;0.087;239.11;5.87;0.0;0.0;55.0;24.6;52.3;0.28
19/04/2026;12:00:00;0.813;0.145;243.97;3.33;0.0;0.0;55.0;21.2;61.9;0.26
19/04/2026;13:00:00;1.086;0.115;241.2;4.5;0.0;0.0;55.0;24.0;58.9;0.35
19/04/2026;14:00:00;1.171;0.172;237.75;4.93;0.0;0.0;55.0;25.0;64.6;0.39
19/04/2026;15:00:00;1.034;0.2;239.58;4.32;0.0;0.0;55.0;23.3;58.8;0.31
19/04/2026;16:00:00;1.02;0.185;238.11;4.28;0.0;0.0;55.0;21.6;54.7;0.29
19/04/2026;17:00:00;1.74;0.187;239.61;7.26;0.0;0.0;55.0;18.7;54.9;0.27
19/04/2026;18:00:00;2.712;0.536;243.4;11.14;18.4;0.0;55.0;22.6;61.1;0.29
19/04/2026;19:00:00;3.264;0.379;239.51;13.63;14.8;0.0;55.0;19.3;54.9;0.3
19/04/2026;20:00:00;3.698;0.499;237.78;15.55;24.6;0.0;55.0;19.6;62.8;0.31
19/04/2026;21:00:00;3.403;0.525;242.91;14.01;12.3;0.0;55.0;16.1;57.7;0.34
19/04/2026;22:00:00;2.709;0.168;243.57;11.12;0.0;0.0;55.0;16.3;63.1;0.29
19/04/2026;23:00:00;5.545;0.84;237.8;23.32;0.0;0.0;55.0;15.6;56.7;0.26
20/04/2026;00:00:00;0.739;0.109;244.14;3.02;0.0;0.0;55.0;14.9;66.4;0.12
20/04/2026;01:00:00;0.875;0.174;242.7;3.61;0.0;0.0;55.0;12.0;58.6;0.12
20/04/2026;02:00:00;0.64;0.07;238.45;2.68;0.0;0.0;55.0;15.0;63.8;0.12
20/04/2026;03:00:00;0.741;0.068;243.41;3.04;0.0;0.0;55.0;12.1;63.7;0.12
20/04/2026;04:00:00;0.974;0.128;236.55;4.12;0.0;0.0;55.0;10.7;66.4;0.12
20/04/2026;05:00:00;1.076;0.18;238.65;4.51;0.0;0.0;55.0;13.5;61.6;0.12
20/04/2026;06:00:00;1.578;0.23;236.93;6.66;0.0;0.0;55.0;14.5;60.7;0.24
20/04/2026;07:00:00;2.462;0.181;237.27;10.37;0.0;19.5;55.0;15.7;62.6;0.3
20/04/2026;08:00:00;5.236;0.571;242.38;21.6;0.0;2.4;55.0;18.7;54.4;0.65
20/04/2026;09:00:00;2.793;0.17;239.96;11.64;0.0;19.2;55.0;17.6;55.2;0.75
20/04/2026;10:00:00;1.67;0.293;236.89;7.05;0.0;0.0;55.0;19.1;57.3;0.72
20/04/2026;11:00:00;1.63;0.326;238.35;6.84;0.0;0.0;55.0;18.8;57.3;0.75
20/04/2026;12:00:00;1.194;0.069;238.14;5.01;0.0;0.0;55.0;22.8;51.2;0.56
20/04/2026;13:00:00;5.071;0.706;240.7;21.07;0.0;0.0;55.0;22.6;60.9;0.7
20/04/2026;14:00:00;1.301;0.19;246.36;5.28;0.0;0.0;55.0;22.2;55.0;0.69
20/04/2026;15:00:00;1.212;0.151;240.58;5.04;0.0;0.0;55.0;20.1;57.2;0.62
20/04/2026;16:00:00;1.556;0.211;240.76;6.46;0.0;0.0;55.0;25.0;47.8;0.63
20/04/2026;17:00:00;2.189;0.374;244.32;8.96;0.0;0.0;55.0;20.5;68.4;0.75
20/04/2026;18:00:00;2.591;0.343;238.48;10.87;24.0;0.0;55.0;20.6;70.0;0.71
20/04/2026;19:00:00;2.904;0.599;243.73;11.91;4.8;0.0;55.0;21.0;53.7;0.27
20/04/2026;20:00:00;3.28;0.466;238.81;13.74;5.7;0.0;55.0;17.5;66.5;0.26
20/04/2026;21:00:00;2.97;0.185;238.99;12.43;9.0;0.0;55.0;15.8;61.3;0.26
20/04/2026;22:00:00;2.39;0.507;239.08;10.0;0.0;0.0;55.0;13.5;71.6;0.23
20/04/2026;23:00:00;1.591;0.119;239.7;6.64;0.0;0.0;55.0;16.6;62.8;0.24
21/04/2026;00:00:00;0.939;0.172;239.51;3.92;0.0;0.0;55.0;13.6;64.0;0.12
21/04/2026;01:00:00;0.751;0.105;241.0;3.12;0.0;0.0;55.0;18.1;47.5;0.12
21/04/2026;02:00:00;0.793;0.14;238.81;3.32;0.0;0.0;55.0;11.7;60.7;0.12
21/04/2026;03:00:00;0.819;0.112;240.28;3.41;0.0;0.0;55.0;11.6;65.2;0.12
21/04/2026;04:00:00;0.861;0.052;235.49;3.66;0.0;0.0;55.0;12.3;65.5;0.12
21/04/2026;05:00:00;0.951;0.108;242.19;3.93;0.0;0.0;55.0;14.0;57.1;0.12
21/04/2026;06:00:00;1.604;0.249;243.17;6.6;0.0;0.0;55.0;13.8;59.7;0.31
21/04/2026;07:00:00;2.09;0.328;240.62;8.69;0.0;14.2;55.0;16.4;64.0;0.23
21/04/2026;08:00:00;2.986;0.643;242.09;12.33;0.0;12.5;55.0;15.2;55.3;0.69
21/04/2026;09:00:00;2.536;0.388;237.66;10.67;0.0;3.8;55.0;15.9;62.3;0.69
21/04/2026;10:00:00;1.841;0.182;244.25;7.54;0.0;0.0;55.0;16.6;67.3;0.77
21/04/2026;11:00:00;1.496;0.086;240.53;6.22;0.0;0.0;55.0;17.2;62.6;0.74
21/04/2026;12:00:00;1.29;0.237;235.51;5.48;0.0;0.0;55.0;20.8;59.5;0.67
21/04/2026;13:00:00;1.113;0.224;243.4;4.57;0.0;0.0;55.0;21.9;46.8;0.66
21/04/2026;14:00:00;1.327;0.205;242.01;5.48;0.0;0.0;55.0;21.9;52.8;0.61
21/04/2026;15:00:00;1.746;0.231;245.24;7.12;0.0;0.0;55.0;24.9;64.8;0.68
21/04/2026;16:00:00;1.785;0.351;244.66;7.3;0.0;0.0;55.0;24.7;51.7;0.72
21/04/2026;17:00:00;1.878;0.171;243.76;7.71;0.0;0.0;55.0;21.8;63.3;0.65
21/04/2026;18:00:00;2.745;0.323;241.33;11.38;11.0;0.0;55.0;18.8;56.3;0.75
21/04/2026;19:00:00;2.867;0.391;242.0;11.85;13.9;0.0;55.0;19.6;57.3;0.26
21/04/2026;20:00:00;3.225;0.188;236.98;13.61;17.3;0.0;55.0;18.4;62.3;0.29
21/04/2026;21:00:00;2.805;0.469;239.22;11.73;17.3;0.0;55.0;17.0;61.3;0.25
21/04/2026;22:00:00;2.246;0.184;248.36;9.05;0.0;0.0;55.0;15.7;63.8;0.26
21/04/2026;23:00:00;1.531;0.163;235.16;6.51;0.0;0.0;55.0;14.5;58.7;0.3
22/04/2026;00:00:00;0.838;0.101;240.87;3.48;0.0;0.0;55.0;13.9;57.6;0.12
22/04/2026;01:00:00;0.743;0.118;239.89;3.1;0.0;0.0;55.0;12.7;59.8;0.12
22/04/2026;02:00:00;0.821;0.05;242.39;3.39;0.0;0.0;55.0;13.5;61.0;0.12
22/04/2026;03:00:00;0.88;0.095;240.56;3.66;0.0;0.0;55.0;13.5;62.4;0.12
22/04/2026;04:00:00;1.08;0.104;243.4;4.44;0.0;0.0;55.0;11.8;70.1;0.12
22/04/2026;05:00:00;0.897;0.045;240.04;3.74;0.0;0.0;55.0;15.6;62.4;0.12
22/04/2026;06:00:00;1.707;0.286;242.17;7.05;0.0;0.0;55.0;13.0;66.4;0.26
22/04/2026;07:00:00;2.433;0.219;241.02;10.09;0.0;3.9;55.0;13.1;64.6;0.29
22/04/2026;08:00:00;3.047;0.239;239.18;12.74;0.0;16.3;55.0;17.3;55.0;0.62
22/04/2026;09:00:00;2.62;0.486;238.78;10.97;0.0;4.4;55.0;16.8;61.1;0.61
22/04/2026;10:00:00;2.047;0.116;243.58;8.4;0.0;0.0;55.0;19.8;59.2;0.69
22/04/2026;11:00:00;1.284;0.261;241.75;5.31;0.0;0.0;55.0;16.9;64.7;0.8
22/04/2026;12:00:00;1.276;0.213;242.79;5.26;0.0;0.0;55.0;23.6;50.2;0.72
22/04/2026;13:00:00;1.378;0.109;243.51;5.66;0.0;0.0;55.0;23.3;45.5;0.67
22/04/2026;14:00:00;1.248;0.137;238.55;5.23;0.0;0.0;55.0;20.6;58.8;0.69
22/04/2026;15:00:00;1.291;0.273;239.24;5.39;0.0;0.0;55.0;20.8;59.5;0.74
22/04/2026;16:00:00;1.617;0.251;239.05;6.76;0.0;0.0;55.0;25.3;53.2;0.59
22/04/2026;17:00:00;2.068;0.317;242.89;8.51;0.0;0.0;55.0;21.2;57.6;0.7
22/04/2026;18:00:00;2.363;0.38;240.25;9.83;21.6;0.0;55.0;20.3;62.6;0.6
22/04/2026;19:00:00;3.162;0.407;240.51;13.15;8.5;0.0;55.0;17.1;58.4;0.33
22/04/2026;20:00:00;3.352;0.263;237.05;14.14;10.6;0.0;55.0;18.8;58.0;0.3
22/04/2026;21:00:00;2.959;0.224;242.31;12.21;13.5;0.0;55.0;17.7;60.7;0.26
22/04/2026;22:00:00;2.371;0.396;242.4;9.78;0.0;0.0;55.0;17.8;54.1;0.24
22/04/2026;23:00:00;1.716;0.344;241.57;7.1;0.0;0.0;55.0;13.4;62.9;0.32
23/04/2026;00:00:00;0.868;0.088;240.46;3.61;0.0;0.0;55.0;12.2;64.3;0.12
23/04/2026;01:00:00;0.73;0.099;242.92;3.0;0.0;0.0;55.0;14.3;71.1;0.12
23/04/2026;02:00:00;0.805;0.176;239.86;3.36;0.0;0.0;55.0;14.7;61.2;0.12
23/04/2026;03:00:00;3.183;0.298;243.97;13.05;0.0;0.0;55.0;10.6;66.9;0.12
23/04/2026;04:00:00;0.531;0.062;242.0;2.19;0.0;0.0;55.0;14.8;67.2;0.12
23/04/2026;05:00:00;0.849;0.095;236.47;3.59;0.0;0.0;55.0;13.7;59.2;0.12
23/04/2026;06:00:00;1.473;0.082;239.63;6.15;0.0;0.0;55.0;16.1;68.4;0.33
23/04/2026;07:00:00;2.309;0.315;240.91;9.59;0.0;4.2;55.0;15.4;70.9;0.27
23/04/2026;08:00:00;3.151;0.269;238.05;13.24;0.0;4.7;55.0;12.9;63.9;0.7
23/04/2026;09:00:00;2.813;0.202;243.02;11.57;0.0;6.3;55.0;17.8;57.5;0.71
23/04/2026;10:00:00;1.84;0.314;234.47;7.85;0.0;0.0;55.0;20.9;65.8;0.78
23/04/2026;11:00:00;1.535;0.277;242.25;6.34;0.0;0.0;55.0;19.2;63.1;0.67
23/04/2026;12:00:00;0.935;0.188;241.93;3.86;0.0;0.0;55.0;21.0;58.0;0.64
23/04/2026;13:00:00;1.179;0.246;234.44;5.03;0.0;0.0;55.0;22.1;63.9;0.7
23/04/2026;14:00:00;1.217;0.241;240.29;5.07;0.0;0.0;55.0;18.5;66.2;0.7
23/04/2026;15:00:00;1.577;0.112;238.78;6.61;0.0;0.0;55.0;25.5;52.3;0.7
23/04/2026;16:00:00;1.392;0.123;243.97;5.7;0.0;0.0;55.0;21.5;58.5;0.61
23/04/2026;17:00:00;2.101;0.149;237.66;8.84;0.0;0.0;55.0;23.1;58.8;0.74
23/04/2026;18:00:00;2.532;0.279;242.24;10.45;9.9;0.0;55.0;21.4;57.4;0.7
23/04/2026;19:00:00;3.184;0.226;242.8;13.11;13.8;0.0;55.0;22.4;49.5;0.3
23/04/2026;20:00:00;3.33;0.536;238.9;13.94;3.5;0.0;55.0;19.9;53.8;0.25
23/04/2026;21:00:00;3.028;0.52;243.63;12.43;21.1;0.0;55.0;17.6;53.5;0.22
23/04/2026;22:00:00;2.35;0.181;238.84;9.84;0.0;0.0;55.0;15.4;64.6;0.33
23/04/2026;23:00:00;1.55;0.241;243.73;6.36;0.0;0.0;55.0;16.7;55.1;0.22
24/04/2026;00:00:00;0.96;0.052;247.29;3.88;0.0;0.0;55.0;11.7;66.0;0.12
24/04/2026;01:00:00;0.909;0.113;242.6;3.74;0.0;0.0;55.0;14.6;71.8;0.12
24/04/2026;02:00:00;0.738;0.073;241.71;3.05;0.0;0.0;55.0;11.5;72.3;0.12
24/04/2026;03:00:00;0.537;0.118;238.68;2.25;0.0;0.0;55.0;14.9;53.3;0.12
24/04/2026;04:00:00;0.875;0.181;245.2;3.57;0.0;0.0;55.0;13.4;57.3;0.12
24/04/2026;05:00:00;0.922;0.069;242.49;3.8;0.0;0.0;55.0;14.6;58.8;0.12
24/04/2026;06:00:00;1.603;0.33;238.71;6.72;0.0;0.0;55.0;14.6;56.9;0.28
24/04/2026;07:00:00;2.377;0.288;244.2;9.74;0.0;15.0;55.0;12.9;55.8;0.26
24/04/2026;08:00:00;3.08;0.456;240.31;12.82;0.0;3.3;55.0;15.4;62.0;0.76
24/04/2026;09:00:00;2.538;0.357;241.9;10.49;0.0;6.0;55.0;19.0;62.7;0.66
24/04/2026;10:00:00;1.768;0.307;238.85;7.4;0.0;0.0;55.0;19.5;63.5;0.72
24/04/2026;11:00:00;1.294;0.138;237.37;5.45;0.0;0.0;55.0;22.3;54.2;0.65
24/04/2026;12:00:00;1.131;0.07;237.52;4.76;0.0;0.0;55.0;22.1;55.3;0.61
24/04/2026;13:00:00;1.038;0.126;238.93;4.35;0.0;0.0;55.0;20.9;59.5;0.72
24/04/2026;14:00:00;1.212;0.173;241.44;5.02;0.0;0.0;55.0;21.6;56.5;0.74
24/04/2026;15:00:00;1.388;0.2;239.17;5.8;0.0;0.0;55.0;23.2;59.9;0.72
24/04/2026;16:00:00;1.446;0.267;237.78;6.08;0.0;0.0;55.0;19.4;61.1;0.69
24/04/2026;17:00:00;4.38;0.252;237.34;18.46;0.0;0.0;55.0;24.8;52.6;0.65
24/04/2026;18:00:00;2.532;0.552;243.55;10.39;12.6;0.0;55.0;22.2;47.4;0.74
24/04/2026;19:00:00;2.944;0.643;239.66;12.28;12.8;0.0;55.0;22.3;64.0;0.28
24/04/2026;20:00:00;3.179;0.212;234.52;13.56;22.7;0.0;55.0;16.9;57.4;0.27
24/04/2026;21:00:00;3.183;0.345;239.98;13.27;18.0;0.0;55.0;19.9;60.3;0.34
24/04/2026;22:00:00;2.583;0.388;238.84;10.82;0.0;0.0;55.0;20.1;48.8;0.24
24/04/2026;23:00:00;1.628;0.185;240.57;6.77;0.0;0.0;55.0;13.5;63.5;0.29
25/04/2026;00:00:00;0.682;0.091;238.41;2.86;0.0;0.0;55.0;15.6;62.4;0.14
25/04/2026;01:00:00;0.707;0.075;243.6;2.9;0.0;0.0;55.0;13.7;64.2;0.14
25/04/2026;02:00:00;0.986;0.169;239.57;4.12;0.0;0.0;55.0;10.9;80.8;0.14
25/04/2026;03:00:00;0.721;0.081;239.41;3.01;0.0;0.0;55.0;13.7;60.3;0.14
25/04/2026;04:00:00;0.838;0.103;239.12;3.51;0.0;0.0;55.0;14.4;67.0;0.14
25/04/2026;05:00:00;1.204;0.178;241.33;4.99;0.0;0.0;55.0;12.8;66.8;0.14
25/04/2026;06:00:00;1.55;0.333;241.11;6.43;0.0;0.0;55.0;16.2;58.0;0.31
25/04/2026;07:00:00;2.691;0.428;238.91;11.26;0.0;0.6;55.0;13.0;68.0;0.35
25/04/2026;08:00:00;2.706;0.18;240.07;11.27;0.0;16.2;55.0;14.5;62.0;0.27
25/04/2026;09:00:00;2.513;0.262;239.29;10.5;0.0;10.2;55.0;18.2;64.2;0.36
25/04/2026;10:00:00;1.675;0.203;242.38;6.91;0.0;0.0;55.0;19.3;68.7;0.33
25/04/2026;11:00:00;1.085;0.191;236.39;4.59;0.0;0.0;55.0;19.4;59.6;0.29
25/04/2026;12:00:00;0.94;0.118;239.05;3.93;0.0;0.0;55.0;22.7;54.8;0.32
25/04/2026;13:00:00;0.924;0.15;239.45;3.86;0.0;0.0;55.0;23.1;61.2;0.35
25/04/2026;14:00:00;0.974;0.188;243.91;3.99;0.0;0.0;55.0;24.1;62.1;0.25
25/04/2026;15:00:00;1.093;0.074;243.29;4.49;0.0;0.0;55.0;22.8;51.7;0.34
25/04/2026;16:00:00;1.422;0.256;241.1;5.9;0.0;0.0;55.0;23.7;53.1;0.33
25/04/2026;17:00:00;1.774;0.314;237.22;7.48;0.0;0.0;55.0;21.7;60.4;0.28
25/04/2026;18:00:00;2.77;0.524;240.16;11.53;17.9;0.0;55.0;24.6;54.0;0.36
25/04/2026;19:00:00;3.503;0.744;245.26;14.28;20.2;0.0;55.0;19.3;54.2;0.29
25/04/2026;20:00:00;3.927;0.403;239.58;16.39;21.6;0.0;55.0;22.5;59.1;0.29
25/04/2026;21:00:00;3.237;0.398;240.36;13.47;3.0;0.0;55.0;18.1;63.3;0.32
25/04/2026;22:00:00;2.662;0.252;240.52;11.07;0.0;0.0;55.0;14.6;61.0;0.35
25/04/2026;23:00:00;1.782;0.188;237.62;7.5;0.0;0.0;55.0;17.6;60.7;0.38
26/04/2026;00:00:00;0.842;0.089;237.73;3.54;0.0;0.0;55.0;14.7;59.8;0.14
26/04/2026;01:00:00;0.712;0.141;237.73;3.0;0.0;0.0;55.0;14.9;57.0;0.14
26/04/2026;02:00:00;0.717;0.044;239.16;3.0;0.0;0.0;55.0;15.0;59.9;0.14
26/04/2026;03:00:00;0.867;0.073;241.24;3.6;0.0;0.0;55.0;13.5;64.0;0.14
26/04/2026;04:00:00;0.897;0.138;240.48;3.73;0.0;0.0;55.0;12.3;57.2;0.14
26/04/2026;05:00:00;1.192;0.215;241.42;4.94;0.0;0.0;55.0;15.1;60.2;0.14
26/04/2026;06:00:00;1.782;0.3;246.05;7.24;0.0;0.0;55.0;14.5;63.3;0.3
26/04/2026;07:00:00;2.665;0.154;247.27;10.78;0.0;6.1;55.0;16.5;67.2;0.37
26/04/2026;08:00:00;2.996;0.381;240.26;12.47;0.0;9.6;55.0;13.5;62.1;0.33
26/04/2026;09:00:00;2.549;0.207;242.58;10.51;0.0;2.4;55.0;18.7;53.2;0.38
26/04/2026;10:00:00;1.76;0.384;241.85;7.28;0.0;0.0;55.0;18.3;58.7;0.26
26/04/2026;11:00:00;1.303;0.286;243.02;5.36;0.0;0.0;55.0;23.0;53.2;0.32
26/04/2026;12:00:00;0.835;0.049;242.92;3.44;0.0;0.0;55.0;22.5;59.2;0.36
26/04/2026;13:00:00;0.953;0.156;238.52;4.0;0.0;0.0;55.0;22.7;54.6;0.34
26/04/2026;14:00:00;1.019;0.192;245.55;4.15;0.0;0.0;55.0;23.6;42.0;0.26
26/04/2026;15:00:00;1.02;0.107;244.29;4.18;0.0;0.0;55.0;21.5;75.7;0.39
26/04/2026;16:00:00;1.531;0.257;242.71;6.31;0.0;0.0;55.0;25.3;54.9;0.29
26/04/2026;17:00:00;2.018;0.165;241.92;8.34;0.0;0.0;55.0;25.3;54.6;0.29
26/04/2026;18:00:00;2.34;0.168;241.12;9.71;11.9;0.0;55.0;22.1;49.0;0.32
26/04/2026;19:00:00;3.313;0.687;240.57;13.77;22.6;0.0;55.0;22.9;48.8;0.33
26/04/2026;20:00:00;3.879;0.618;242.21;16.02;16.6;0.0;55.0;18.4;59.2;0.36
26/04/2026;21:00:00;3.354;0.633;240.71;13.93;17.6;0.0;55.0;16.8;62.6;0.31
26/04/2026;22:00:00;2.618;0.368;241.06;10.86;0.0;0.0;55.0;16.8;64.5;0.31
26/04/2026;23:00:00;1.794;0.137;240.07;7.47;0.0;0.0;55.0;16.2;62.7;0.33
27/04/2026;00:00:00;0.665;0.076;239.63;2.77;0.0;0.0;55.0;13.9;57.4;0.12
27/04/2026;01:00:00;0.671;0.134;245.36;2.74;0.0;0.0;55.0;14.5;50.3;0.12
27/04/2026;02:00:00;0.818;0.043;240.59;3.4;0.0;0.0;55.0;13.6;63.0;0.12
27/04/2026;03:00:00;0.965;0.082;239.2;4.03;0.0;0.0;55.0;11.5;62.5;0.12
27/04/2026;04:00:00;1.073;0.1;240.81;4.46;0.0;0.0;55.0;13.9;56.9;0.12
27/04/2026;05:00:00;0.884;0.084;236.97;3.73;0.0;0.0;55.0;15.0;66.6;0.12
27/04/2026;06:00:00;1.745;0.117;242.99;7.18;0.0;0.0;55.0;14.7;54.7;0.23
27/04/2026;07:00:00;2.138;0.415;240.39;8.89;0.0;10.6;55.0;17.2;63.7;0.25
27/04/2026;08:00:00;3.011;0.232;239.44;12.57;0.0;15.2;55.0;14.9;55.4;0.68
27/04/2026;09:00:00;2.607;0.498;239.15;10.9;0.0;1.9;55.0;18.7;60.1;0.68
27/04/2026;10:00:00;1.951;0.215;235.93;8.27;0.0;0.0;55.0;17.5;65.0;0.78
27/04/2026;11:00:00;1.426;0.182;245.46;5.81;0.0;0.0;55.0;18.8;57.6;0.73
27/04/2026;12:00:00;1.209;0.156;240.91;5.02;0.0;0.0;55.0;20.6;66.4;0.79
27/04/2026;13:00:00;1.273;0.218;245.42;5.19;0.0;0.0;55.0;20.9;67.3;0.69
27/04/2026;14:00:00;1.09;0.19;239.65;4.55;0.0;0.0;55.0;22.0;58.0;0.7
27/04/2026;15:00:00;1.387;0.22;241.65;5.74;0.0;0.0;55.0;22.7;59.0;0.73
27/04/2026;16:00:00;1.823;0.331;242.43;7.52;0.0;0.0;55.0;24.1;60.4;0.78
27/04/2026;17:00:00;2.166;0.111;241.75;8.96;0.0;0.0;55.0;21.8;59.6;0.74
27/04/2026;18:00:00;2.739;0.372;239.11;11.45;11.2;0.0;55.0;19.2;61.3;0.63
27/04/2026;19:00:00;3.142;0.437;235.42;13.34;18.6;0.0;55.0;22.2;54.0;0.31
27/04/2026;20:00:00;3.233;0.293;246.69;13.1;22.4;0.0;55.0;18.0;51.5;0.26
27/04/2026;21:00:00;2.939;0.425;238.33;12.33;1.7;0.0;55.0;17.9;53.1;0.28
27/04/2026;22:00:00;2.214;0.287;247.48;8.95;0.0;0.0;55.0;17.4;72.4;0.29
27/04/2026;23:00:00;1.498;0.195;238.68;6.28;0.0;0.0;55.0;15.8;63.4;0.29
28/04/2026;00:00:00;0.696;0.049;244.23;2.85;0.0;0.0;55.0;16.1;60.3;0.12
28/04/2026;01:00:00;0.645;0.08;242.01;2.67;0.0;0.0;55.0;14.4;69.2;0.12
28/04/2026;02:00:00;1.028;0.185;242.14;4.24;0.0;0.0;55.0;11.9;61.1;0.12
28/04/2026;03:00:00;0.633;0.076;238.61;2.65;0.0;0.0;55.0;16.3;64.3;0.12
28/04/2026;04:00:00;0.851;0.113;239.23;3.56;0.0;0.0;55.0;13.5;64.0;0.12
28/04/2026;05:00:00;1.001;0.215;239.27;4.18;0.0;0.0;55.0;13.4;65.9;0.12
28/04/2026;06:00:00;1.378;0.273;240.77;5.72;0.0;0.0;55.0;15.9;60.0;0.26
28/04/2026;07:00:00;2.36;0.491;239.76;9.84;0.0;3.5;55.0;15.9;56.9;0.23
28/04/2026;08:00:00;5.261;0.332;238.86;22.02;0.0;7.8;55.0;17.3;56.4;0.72
28/04/2026;09:00:00;2.766;0.429;237.72;11.63;0.0;5.9;55.0;21.7;53.1;0.78
28/04/2026;10:00:00;1.906;0.168;237.99;8.01;0.0;0.0;55.0;18.9;59.3;0.62
28/04/2026;11:00:00;3.518;0.418;241.49;14.57;0.0;0.0;55.0;20.0;50.6;0.71
28/04/2026;12:00:00;1.104;0.183;238.03;4.64;0.0;0.0;55.0;21.7;50.8;0.68
28/04/2026;13:00:00;1.382;0.205;236.92;5.83;0.0;0.0;55.0;23.9;55.9;0.7
28/04/2026;14:00:00;1.454;0.198;240.39;6.05;0.0;0.0;55.0;20.6;57.3;0.8
28/04/2026;15:00:00;1.301;0.245;233.89;5.56;0.0;0.0;55.0;20.1;59.3;0.68
28/04/2026;16:00:00;1.663;0.276;239.98;6.93;0.0;0.0;55.0;21.9;56.6;0.76
28/04/2026;17:00:00;1.888;0.358;240.22;7.86;0.0;0.0;55.0;19.9;71.1;0.67
28/04/2026;18:00:00;2.789;0.581;241.58;11.54;15.2;0.0;55.0;20.9;58.3;0.68
28/04/2026;19:00:00;2.963;0.507;240.96;12.3;23.7;0.0;55.0;21.3;55.5;0.26
28/04/2026;20:00:00;3.338;0.391;236.42;14.12;7.0;0.0;55.0;18.0;60.5;0.26
28/04/2026;21:00:00;3.02;0.26;239.48;12.61;2.5;0.0;55.0;15.9;66.8;0.32
28/04/2026;22:00:00;2.4;0.231;241.83;9.92;0.0;0.0;55.0;16.8;60.7;0.22
28/04/2026;23:00:00;1.758;0.206;241.17;7.29;0.0;0.0;55.0;16.8;64.4;0.3
29/04/2026;00:00:00;0.703;0.124;237.81;2.96;0.0;0.0;55.0;11.9;66.8;0.12
29/04/2026;01:00:00;0.861;0.049;241.16;3.57;0.0;0.0;55.0;14.9;61.0;0.12
29/04/2026;02:00:00;1.018;0.192;242.56;4.2;0.0;0.0;55.0;14.4;63.4;0.12
29/04/2026;03:00:00;0.694;0.124;237.27;2.93;0.0;0.0;55.0;14.4;70.8;0.12
29/04/2026;04:00:00;0.732;0.099;234.51;3.12;0.0;0.0;55.0;15.0;63.6;0.12
29/04/2026;05:00:00;1.088;0.128;244.97;4.44;0.0;0.0;55.0;17.0;55.9;0.12
29/04/2026;06:00:00;1.603;0.111;240.88;6.66;0.0;0.0;55.0;13.9;61.7;0.24
29/04/2026;07:00:00;2.235;0.222;238.72;9.36;0.0;5.6;55.0;15.7;51.3;0.24
29/04/2026;08:00:00;3.201;0.22;238.62;13.42;0.0;18.2;55.0;16.1;62.2;0.72
29/04/2026;09:00:00;2.508;0.475;240.41;10.43;0.0;0.8;55.0;18.0;66.6;0.79
29/04/2026;10:00:00;1.811;0.247;242.91;7.46;0.0;0.0;55.0;21.6;50.4;0.71
29/04/2026;11:00:00;1.491;0.137;235.77;6.32;0.0;0.0;55.0;18.5;60.4;0.75
29/04/2026;12:00:00;1.023;0.054;238.88;4.28;0.0;0.0;55.0;20.2;63.1;0.71
29/04/2026;13:00:00;1.379;0.192;244.63;5.64;0.0;0.0;55.0;24.4;60.3;0.77
29/04/2026;14:00:00;1.299;0.231;242.31;5.36;0.0;0.0;55.0;24.4;61.3;0.66
29/04/2026;15:00:00;1.408;0.254;242.07;5.82;0.0;0.0;55.0;22.5;47.1;0.68
29/04/2026;16:00:00;1.794;0.155;241.14;7.44;0.0;0.0;55.0;24.1;57.6;0.75
29/04/2026;17:00:00;1.81;0.397;240.87;7.52;0.0;0.0;55.0;22.8;48.6;0.67
29/04/2026;18:00:00;2.735;0.401;238.69;11.46;12.2;0.0;55.0;23.8;50.4;0.7
29/04/2026;19:00:00;2.96;0.315;238.44;12.42;0.2;0.0;55.0;20.6;62.0;0.3
29/04/2026;20:00:00;3.259;0.381;242.26;13.45;11.9;0.0;55.0;20.8;58.5;0.23
29/04/2026;21:00:00;2.886;0.205;238.49;12.1;16.2;0.0;55.0;22.0;60.5;0.26
29/04/2026;22:00:00;2.387;0.32;240.79;9.91;0.0;0.0;55.0;17.6;55.7;0.27
29/04/2026;23:00:00;1.557;0.277;240.42;6.48;0.0;0.0;55.0;15.6;69.3;0.29
30/04/2026;00:00:00;0.767;0.092;246.14;3.11;0.0;0.0;55.0;15.5;65.4;0.12
30/04/2026;01:00:00;0.808;0.16;239.55;3.37;0.0;0.0;55.0;13.1;68.3;0.12
30/04/2026;02:00:00;0.58;0.076;243.27;2.38;0.0;0.0;55.0;16.8;55.6;0.12
30/04/2026;03:00:00;3.173;0.645;241.98;13.11;0.0;0.0;55.0;13.3;69.6;0.12
30/04/2026;04:00:00;1.052;0.178;239.67;4.39;0.0;0.0;55.0;12.8;62.6;0.12
30/04/2026;05:00:00;1.129;0.067;236.52;4.78;0.0;0.0;55.0;12.4;61.4;0.12
30/04/2026;06:00:00;1.534;0.094;239.85;6.39;0.0;0.0;55.0;16.1;64.6;0.28
30/04/2026;07:00:00;2.114;0.393;242.52;8.72;0.0;4.7;55.0;16.8;63.9;0.25
30/04/2026;08:00:00;3.066;0.339;236.57;12.96;0.0;7.6;55.0;16.0;57.4;0.67
30/04/2026;09:00:00;2.723;0.224;242.34;11.24;0.0;14.2;55.0;18.9;69.6;0.73
30/04/2026;10:00:00;1.799;0.355;243.76;7.38;0.0;0.0;55.0;17.0;69.8;0.7
30/04/2026;11:00:00;1.357;0.295;240.27;5.65;0.0;0.0;55.0;20.8;60.8;0.74
30/04/2026;12:00:00;1.283;0.241;242.56;5.29;0.0;0.0;55.0;22.2;58.8;0.7
30/04/2026;13:00:00;1.292;0.224;240.39;5.38;0.0;0.0;55.0;24.9;56.1;0.74
30/04/2026;14:00:00;1.111;0.056;241.6;4.6;0.0;0.0;55.0;21.7;49.3;0.7
30/04/2026;15:00:00;1.122;0.076;244.18;4.6;0.0;0.0;55.0;21.1;58.1;0.67
30/04/2026;16:00:00;1.368;0.224;235.65;5.81;0.0;0.0;55.0;21.5;57.7;0.69
30/04/2026;17:00:00;1.885;0.225;237.86;7.92;0.0;0.0;55.0;20.3;55.3;0.7
30/04/2026;18:00:00;2.994;0.16;243.5;12.3;12.1;0.0;55.0;23.5;54.0;0.81
30/04/2026;19:00:00;2.843;0.5;244.02;11.65;3.9;0.0;55.0;22.8;44.2;0.23
30/04/2026;20:00:00;3.372;0.409;236.06;14.28;10.2;0.0;55.0;19.8;53.1;0.27
30/04/2026;21:00:00;3.085;0.5;244.37;12.62;4.8;0.0;55.0;19.8;63.1;0.31
30/04/2026;22:00:00;2.465;0.319;232.8;10.59;0.0;0.0;55.0;16.9;69.5;0.29
30/04/2026;23:00:00;1.635;0.089;241.75;6.76;0.0;0.0;55.0;15.4;57.4;0.24
01/05/2026;00:00:00;0.651;0.103;240.61;2.7;0.0;0.0;55.0;20.0;59.3;0.12
01/05/2026;01:00:00;0.598;0.11;237.95;2.51;0.0;0.0;55.0;19.2;64.5;0.12
01/05/2026;02:00:00;0.815;0.062;238.12;3.42;0.0;0.0;55.0;16.8;58.3;0.12
01/05/2026;03:00:00;0.763;0.154;238.22;3.2;0.0;0.0;55.0;19.4;62.3;0.12
01/05/2026;04:00:00;0.688;0.056;239.43;2.87;0.0;0.0;55.0;19.1;58.9;0.12
01/05/2026;05:00:00;1.049;0.128;245.56;4.27;0.0;0.0;55.0;20.8;63.7;0.12
01/05/2026;06:00:00;1.534;0.214;242.3;6.33;0.0;0.0;55.0;20.6;51.5;0.31
01/05/2026;07:00:00;2.297;0.237;244.02;9.41;0.0;9.7;55.0;21.3;51.9;0.32
01/05/2026;08:00:00;2.939;0.397;239.1;12.29;0.0;10.1;55.0;21.4;58.7;0.76
01/05/2026;09:00:00;2.804;0.483;240.64;11.65;0.0;3.3;55.0;24.1;55.6;0.66
01/05/2026;10:00:00;2.092;0.359;237.0;8.83;0.0;0.0;55.0;26.4;53.0;0.65
01/05/2026;11:00:00;3.688;0.763;239.22;15.42;0.0;0.0;55.0;24.8;57.5;0.57
01/05/2026;12:00:00;1.619;0.318;238.45;6.79;0.0;0.0;55.0;27.7;47.6;0.74
01/05/2026;13:00:00;1.687;0.367;241.37;6.99;0.0;0.0;55.0;28.7;44.6;0.64
01/05/2026;14:00:00;1.703;0.257;238.02;7.15;0.0;0.0;55.0;27.8;49.7;0.71
01/05/2026;15:00:00;1.632;0.193;237.66;6.87;0.0;0.0;55.0;28.1;50.0;0.71
01/05/2026;16:00:00;2.192;0.199;241.11;9.09;0.0;0.0;55.0;29.2;49.6;0.79
01/05/2026;17:00:00;2.175;0.199;239.85;9.07;0.0;0.0;55.0;26.6;59.4;0.71
01/05/2026;18:00:00;5.6;0.424;238.04;23.52;0.5;0.0;55.0;28.1;55.8;0.67
01/05/2026;19:00:00;3.201;0.555;237.63;13.47;10.6;0.0;55.0;25.2;56.9;0.25
01/05/2026;20:00:00;3.822;0.616;238.04;16.06;24.4;0.0;55.0;26.9;54.0;0.26
01/05/2026;21:00:00;3.504;0.349;242.28;14.46;11.2;0.0;55.0;27.5;50.2;0.29
01/05/2026;22:00:00;2.417;0.487;241.17;10.02;0.0;0.0;55.0;21.4;53.0;0.34
01/05/2026;23:00:00;1.521;0.219;237.89;6.4;0.0;0.0;55.0;22.3;50.6;0.28
02/05/2026;00:00:00;0.812;0.05;238.0;3.41;0.0;0.0;55.0;19.4;55.4;0.14
02/05/2026;01:00:00;0.716;0.043;236.79;3.02;0.0;0.0;55.0;21.2;57.2;0.14
02/05/2026;02:00:00;0.768;0.057;238.9;3.21;0.0;0.0;55.0;17.3;54.8;0.14
02/05/2026;03:00:00;0.708;0.061;240.34;2.94;0.0;0.0;55.0;19.7;59.5;0.14
02/05/2026;04:00:00;0.785;0.158;237.54;3.31;0.0;0.0;55.0;17.9;59.1;0.14
02/05/2026;05:00:00;0.884;0.161;246.12;3.59;0.0;0.0;55.0;19.4;56.9;0.14
02/05/2026;06:00:00;1.741;0.147;241.75;7.2;0.0;0.0;55.0;18.9;65.1;0.39
02/05/2026;07:00:00;2.574;0.237;239.91;10.73;0.0;10.9;55.0;22.7;43.9;0.39
02/05/2026;08:00:00;2.87;0.454;240.24;11.95;0.0;18.6;55.0;21.5;55.3;0.36
02/05/2026;09:00:00;2.735;0.542;236.1;11.58;0.0;4.6;55.0;24.8;42.8;0.29
02/05/2026;10:00:00;1.946;0.202;236.64;8.22;0.0;0.0;55.0;24.8;55.8;0.29
02/05/2026;11:00:00;1.568;0.218;243.7;6.43;0.0;0.0;55.0;26.3;57.1;0.39
02/05/2026;12:00:00;1.318;0.265;244.58;5.39;0.0;0.0;55.0;27.8;45.4;0.26
02/05/2026;13:00:00;1.374;0.249;233.8;5.88;0.0;0.0;55.0;27.2;46.5;0.37
02/05/2026;14:00:00;1.475;0.297;241.32;6.11;0.0;0.0;55.0;29.1;42.6;0.3
02/05/2026;15:00:00;1.73;0.168;243.87;7.1;0.0;0.0;55.0;31.3;49.7;0.31
02/05/2026;16:00:00;1.756;0.294;239.04;7.35;0.0;0.0;55.0;27.7;50.6;0.37
02/05/2026;17:00:00;6.335;0.44;244.25;25.94;0.0;0.0;55.0;30.1;48.9;0.27
02/05/2026;18:00:00;3.063;0.474;242.15;12.65;13.8;0.0;55.0;29.8;48.7;0.3
02/05/2026;19:00:00;3.669;0.373;241.26;15.21;7.2;0.0;55.0;25.3;49.3;0.38
02/05/2026;20:00:00;3.884;0.657;239.31;16.23;20.5;0.0;55.0;23.1;61.6;0.35
02/05/2026;21:00:00;3.429;0.254;240.26;14.27;20.0;0.0;55.0;24.5;56.2;0.36
02/05/2026;22:00:00;2.796;0.456;238.75;11.71;0.0;0.0;55.0;21.9;51.0;0.36
02/05/2026;23:00:00;1.957;0.334;240.83;8.13;0.0;0.0;55.0;24.3;51.5;0.26
03/05/2026;00:00:00;0.825;0.162;240.71;3.43;0.0;0.0;55.0;20.5;53.6;0.14
03/05/2026;01:00:00;0.845;0.141;238.78;3.54;0.0;0.0;55.0;18.5;66.7;0.14
03/05/2026;02:00:00;0.761;0.106;234.55;3.24;0.0;0.0;55.0;17.4;64.0;0.14
03/05/2026;03:00:00;0.45;0.083;239.45;1.88;0.0;0.0;55.0;20.6;57.3;0.14
03/05/2026;04:00:00;0.787;0.077;237.15;3.32;0.0;0.0;55.0;18.3;68.3;0.14
03/05/2026;05:00:00;3.216;0.531;236.86;13.58;0.0;0.0;55.0;19.7;65.9;0.14
03/05/2026;06:00:00;1.596;0.276;238.07;6.7;0.0;0.0;55.0;21.9;55.7;0.34
03/05/2026;07:00:00;2.245;0.262;242.32;9.27;0.0;5.6;55.0;20.8;55.7;0.25
03/05/2026;08:00:00;2.986;0.651;236.89;12.6;0.0;0.2;55.0;22.6;54.5;0.26
03/05/2026;09:00:00;2.513;0.278;237.52;10.58;0.0;3.7;55.0;24.0;50.5;0.31
03/05/2026;10:00:00;2.339;0.151;241.98;9.67;0.0;0.0;55.0;26.3;62.0;0.37
03/05/2026;11:00:00;1.561;0.159;237.86;6.56;0.0;0.0;55.0;27.4;47.5;0.27
03/05/2026;12:00:00;1.502;0.101;236.84;6.34;0.0;0.0;55.0;27.2;57.0;0.33
03/05/2026;13:00:00;1.409;0.152;242.26;5.82;0.0;0.0;55.0;28.4;55.1;0.35
03/05/2026;14:00:00;1.452;0.104;239.64;6.06;0.0;0.0;55.0;28.3;50.3;0.28
03/05/2026;15:00:00;1.374;0.171;240.18;5.72;0.0;0.0;55.0;26.8;62.0;0.32
03/05/2026;16:00:00;1.99;0.363;239.37;8.31;0.0;0.0;55.0;29.2;43.2;0.38
03/05/2026;17:00:00;2.281;0.14;241.19;9.46;0.0;0.0;55.0;31.2;49.1;0.32
03/05/2026;18:00:00;3.007;0.438;241.92;12.43;22.4;0.0;55.0;26.2;51.0;0.27
03/05/2026;19:00:00;3.756;0.216;239.66;15.67;14.2;0.0;55.0;25.3;58.9;0.34
03/05/2026;20:00:00;3.883;0.778;235.81;16.47;4.1;0.0;55.0;24.0;57.0;0.33
03/05/2026;21:00:00;3.54;0.732;240.83;14.7;24.8;0.0;55.0;25.1;45.7;0.26
03/05/2026;22:00:00;2.631;0.352;239.05;11.0;0.0;0.0;55.0;23.4;61.9;0.27
03/05/2026;23:00:00;1.787;0.323;242.4;7.37;0.0;0.0;55.0;21.3;59.8;0.27
04/05/2026;00:00:00;0.842;0.127;237.49;3.54;0.0;0.0;55.0;19.1;54.0;0.12
04/05/2026;01:00:00;0.632;0.068;239.12;2.64;0.0;0.0;55.0;19.8;56.8;0.12
04/05/2026;02:00:00;0.492;0.045;235.85;2.09;0.0;0.0;55.0;16.8;54.4;0.12
04/05/2026;03:00:00;1.001;0.179;242.19;4.13;0.0;0.0;55.0;19.2;58.2;0.12
04/05/2026;04:00:00;0.828;0.102;243.43;3.4;0.0;0.0;55.0;20.5;58.8;0.12
04/05/2026;05:00:00;0.893;0.184;238.63;3.74;0.0;0.0;55.0;17.8;58.5;0.12
04/05/2026;06:00:00;1.743;0.376;239.46;7.28;0.0;0.0;55.0;18.2;57.6;0.33
04/05/2026;07:00:00;2.529;0.217;237.73;10.64;0.0;18.1;55.0;23.9;47.2;0.28
04/05/2026;08:00:00;2.951;0.429;238.0;12.4;0.0;3.1;55.0;21.8;58.7;0.62
04/05/2026;09:00:00;2.795;0.395;241.94;11.55;0.0;15.6;55.0;25.7;44.2;0.64
04/05/2026;10:00:00;2.233;0.441;238.59;9.36;0.0;0.0;55.0;25.1;54.5;0.71
04/05/2026;11:00:00;1.836;0.307;241.33;7.61;0.0;0.0;55.0;26.3;44.4;0.65
04/05/2026;12:00:00;1.48;0.227;239.96;6.17;0.0;0.0;55.0;28.2;52.1;0.67
04/05/2026;13:00:00;1.526;0.252;242.1;6.3;0.0;0.0;55.0;27.0;52.8;0.61
04/05/2026;14:00:00;1.73;0.201;238.9;7.24;0.0;0.0;55.0;29.0;53.2;0.63
04/05/2026;15:00:00;1.771;0.378;243.04;7.29;0.0;0.0;55.0;28.4;56.0;0.64
04/05/2026;16:00:00;1.828;0.109;245.25;7.45;0.0;0.0;55.0;26.8;58.2;0.62
04/05/2026;17:00:00;2.612;0.144;235.24;11.1;0.0;0.0;55.0;28.8;43.3;0.64
04/05/2026;18:00:00;3.103;0.374;239.74;12.94;12.0;0.0;55.0;27.1;52.4;0.75
04/05/2026;19:00:00;5.56;0.424;239.74;23.19;13.8;0.0;55.0;26.3;63.4;0.27
04/05/2026;20:00:00;3.493;0.498;238.0;14.68;17.8;0.0;55.0;23.5;56.2;0.3
04/05/2026;21:00:00;3.363;0.173;241.14;13.95;6.2;0.0;55.0;26.4;49.1;0.28
04/05/2026;22:00:00;2.34;0.3;243.14;9.63;0.0;0.0;55.0;24.0;54.8;0.29
04/05/2026;23:00:00;1.713;0.172;234.47;7.31;0.0;0.0;55.0;22.9;54.1;0.25
05/05/2026;00:00:00;0.723;0.061;234.26;3.09;0.0;0.0;55.0;20.0;52.5;0.12
05/05/2026;01:00:00;0.652;0.082;244.64;2.67;0.0;0.0;55.0;17.1;65.1;0.12
05/05/2026;02:00:00;0.689;0.134;239.33;2.88;0.0;0.0;55.0;22.1;59.6;0.12
05/05/2026;03:00:00;0.321;0.052;240.25;1.34;0.0;0.0;55.0;18.9;52.6;0.12
05/05/2026;04:00:00;0.892;0.069;237.01;3.77;0.0;0.0;55.0;18.0;59.5;0.12
05/05/2026;05:00:00;1.048;0.141;240.12;4.36;0.0;0.0;55.0;20.3;55.3;0.12
05/05/2026;06:00:00;1.394;0.29;243.83;5.72;0.0;0.0;55.0;22.2;48.6;0.25
05/05/2026;07:00:00;2.143;0.267;241.39;8.88;0.0;15.4;55.0;21.5;50.2;0.23
05/05/2026;08:00:00;3.355;0.436;240.54;13.95;0.0;4.4;55.0;24.6;48.4;0.71
05/05/2026;09:00:00;2.799;0.588;235.04;11.91;0.0;1.6;55.0;25.6;53.6;0.76
05/05/2026;10:00:00;2.096;0.153;242.08;8.66;0.0;0.0;55.0;23.7;53.2;0.71
05/05/2026;11:00:00;1.6;0.28;240.03;6.67;0.0;0.0;55.0;25.5;49.2;0.67
05/05/2026;12:00:00;1.828;0.184;238.3;7.67;0.0;0.0;55.0;29.0;49.3;0.71
05/05/2026;13:00:00;1.309;0.258;241.8;5.41;0.0;0.0;55.0;24.3;58.7;0.64
05/05/2026;14:00:00;1.665;0.099;237.63;7.01;0.0;0.0;55.0;28.6;53.3;0.68
05/05/2026;15:00:00;1.767;0.386;241.57;7.31;0.0;0.0;55.0;26.9;57.9;0.78
05/05/2026;16:00:00;1.892;0.342;243.41;7.77;0.0;0.0;55.0;28.1;50.8;0.65
05/05/2026;17:00:00;2.22;0.218;240.43;9.23;0.0;0.0;55.0;27.9;60.1;0.69
05/05/2026;18:00:00;2.963;0.531;238.81;12.41;6.0;0.0;55.0;27.0;54.5;0.7
05/05/2026;19:00:00;3.209;0.664;238.4;13.46;1.4;0.0;55.0;25.7;51.4;0.29
05/05/2026;20:00:00;3.301;0.228;241.07;13.69;4.4;0.0;55.0;23.6;55.9;0.33
05/05/2026;21:00:00;3.522;0.723;238.79;14.75;0.3;0.0;55.0;27.4;46.2;0.29
05/05/2026;22:00:00;2.646;0.294;246.63;10.73;0.0;0.0;55.0;25.5;52.5;0.34
05/05/2026;23:00:00;1.64;0.084;236.04;6.95;0.0;0.0;55.0;19.8;60.7;0.23
06/05/2026;00:00:00;0.826;0.057;239.64;3.44;0.0;0.0;55.0;22.8;59.2;0.12
06/05/2026;01:00:00;0.787;0.158;240.76;3.27;0.0;0.0;55.0;19.1;57.1;0.12
06/05/2026;02:00:00;0.745;0.162;240.43;3.1;0.0;0.0;55.0;19.4;72.6;0.12
06/05/2026;03:00:00;0.585;0.118;238.43;2.46;0.0;0.0;55.0;18.9;58.4;0.12
06/05/2026;04:00:00;0.817;0.102;243.45;3.36;0.0;0.0;55.0;18.2;51.5;0.12
06/05/2026;05:00:00;0.966;0.206;241.87;3.99;0.0;0.0;55.0;21.1;63.5;0.12
06/05/2026;06:00:00;1.869;0.223;242.07;7.72;0.0;0.0;55.0;20.7;60.9;0.33
06/05/2026;07:00:00;2.255;0.156;238.13;9.47;0.0;8.7;55.0;20.8;58.9;0.27
06/05/2026;08:00:00;2.888;0.312;238.87;12.09;0.0;12.6;55.0;20.7;55.5;0.55
06/05/2026;09:00:00;2.599;0.571;241.37;10.77;0.0;13.2;55.0;22.7;58.2;0.65
06/05/2026;10:00:00;1.942;0.304;236.92;8.2;0.0;0.0;55.0;22.8;64.2;0.66
06/05/2026;11:00:00;1.773;0.191;241.86;7.33;0.0;0.0;55.0;26.5;54.2;0.71
06/05/2026;12:00:00;1.446;0.226;239.72;6.03;0.0;0.0;55.0;25.7;46.5;0.68
06/05/2026;13:00:00;1.619;0.199;242.98;6.67;0.0;0.0;55.0;27.9;34.8;0.64
06/05/2026;14:00:00;1.963;0.115;238.8;8.22;0.0;0.0;55.0;30.9;51.6;0.69
06/05/2026;15:00:00;1.976;0.166;245.08;8.06;0.0;0.0;55.0;30.8;44.8;0.77
06/05/2026;16:00:00;2.065;0.11;241.15;8.56;0.0;0.0;55.0;28.8;50.9;0.6
06/05/2026;17:00:00;2.55;0.238;241.46;10.56;0.0;0.0;55.0;28.2;47.8;0.7
06/05/2026;18:00:00;3.267;0.574;238.06;13.72;21.5;0.0;55.0;30.4;45.7;0.74
06/05/2026;19:00:00;3.34;0.277;240.71;13.87;8.7;0.0;55.0;27.3;48.7;0.28
06/05/2026;20:00:00;3.646;0.51;238.46;15.29;21.0;0.0;55.0;24.8;51.2;0.33
06/05/2026;21:00:00;2.958;0.501;235.69;12.55;8.7;0.0;55.0;21.9;60.8;0.28
06/05/2026;22:00:00;2.336;0.335;239.45;9.75;0.0;0.0;55.0;23.3;58.6;0.3
06/05/2026;23:00:00;1.902;0.1;243.26;7.82;0.0;0.0;55.0;22.7;50.2;0.28
07/05/2026;00:00:00;0.58;0.065;239.82;2.42;0.0;0.0;55.0;19.5;53.4;0.12
07/05/2026;01:00:00;0.513;0.064;239.18;2.15;0.0;0.0;55.0;20.1;60.2;0.12
07/05/2026;02:00:00;0.603;0.065;239.14;2.52;0.0;0.0;55.0;18.6;64.8;0.12
07/05/2026;03:00:00;0.731;0.104;246.28;2.97;0.0;0.0;55.0;18.7;64.6;0.12
07/05/2026;04:00:00;0.756;0.104;241.7;3.13;0.0;0.0;55.0;15.4;57.0;0.12
07/05/2026;05:00:00;1.166;0.095;235.55;4.95;0.0;0.0;55.0;19.3;63.9;0.12
07/05/2026;06:00:00;1.458;0.259;238.48;6.11;0.0;0.0;55.0;21.9;48.0;0.26
07/05/2026;07:00:00;2.298;0.178;238.88;9.62;0.0;15.1;55.0;20.6;56.9;0.29
07/05/2026;08:00:00;3.13;0.401;237.98;13.15;0.0;17.4;55.0;22.8;58.6;0.66
07/05/2026;09:00:00;2.525;0.451;240.18;10.51;0.0;18.7;55.0;22.9;45.7;0.62
07/05/2026;10:00:00;2.282;0.385;238.39;9.57;0.0;0.0;55.0;25.8;64.2;0.69
07/05/2026;11:00:00;1.532;0.189;238.56;6.42;0.0;0.0;55.0;26.2;60.1;0.72
07/05/2026;12:00:00;1.716;0.316;240.43;7.14;0.0;0.0;55.0;26.1;56.7;0.65
07/05/2026;13:00:00;2.011;0.345;235.69;8.53;0.0;0.0;55.0;30.3;45.3;0.77
07/05/2026;14:00:00;1.82;0.21;233.98;7.78;0.0;0.0;55.0;30.2;49.9;0.77
07/05/2026;15:00:00;1.855;0.375;243.48;7.62;0.0;0.0;55.0;28.1;55.9;0.7
07/05/2026;16:00:00;2.232;0.165;242.34;9.21;0.0;0.0;55.0;29.6;45.1;0.66
07/05/2026;17:00:00;2.307;0.256;241.03;9.57;0.0;0.0;55.0;29.1;50.2;0.6
07/05/2026;18:00:00;3.057;0.515;240.85;12.69;2.3;0.0;55.0;28.5;56.2;0.62
07/05/2026;19:00:00;3.312;0.657;239.47;13.83;13.1;0.0;55.0;24.0;47.8;0.23
07/05/2026;20:00:00;3.711;0.389;248.44;14.94;3.7;0.0;55.0;26.8;54.6;0.27
07/05/2026;21:00:00;3.147;0.458;240.54;13.08;6.5;0.0;55.0;23.1;47.1;0.25
07/05/2026;22:00:00;2.342;0.122;247.3;9.47;0.0;0.0;55.0;22.2;51.9;0.25
07/05/2026;23:00:00;2.033;0.23;245.78;8.27;0.0;0.0;55.0;25.5;51.5;0.3
08/05/2026;00:00:00;0.758;0.08;241.29;3.14;0.0;0.0;55.0;20.9;60.2;0.12
08/05/2026;01:00:00;0.709;0.137;239.41;2.96;0.0;0.0;55.0;19.1;55.6;0.12
08/05/2026;02:00:00;0.444;0.028;240.04;1.85;0.0;0.0;55.0;15.9;62.3;0.12
08/05/2026;03:00:00;0.78;0.047;238.88;3.26;0.0;0.0;55.0;21.1;54.1;0.12
08/05/2026;04:00:00;0.835;0.105;241.29;3.46;0.0;0.0;55.0;17.2;58.0;0.12
08/05/2026;05:00:00;0.791;0.094;241.89;3.27;0.0;0.0;55.0;18.2;66.1;0.12
08/05/2026;06:00:00;1.381;0.107;236.57;5.84;0.0;0.0;55.0;20.0;52.7;0.23
08/05/2026;07:00:00;2.469;0.234;247.32;9.98;0.0;2.5;55.0;23.6;59.3;0.29
08/05/2026;08:00:00;3.115;0.672;237.81;13.1;0.0;7.7;55.0;23.9;55.3;0.68
08/05/2026;09:00:00;2.442;0.335;232.48;10.51;0.0;10.0;55.0;23.8;52.5;0.62
08/05/2026;10:00:00;2.058;0.134;239.77;8.58;0.0;0.0;55.0;25.8;47.7;0.65
08/05/2026;11:00:00;1.689;0.099;236.78;7.13;0.0;0.0;55.0;25.6;48.2;0.65
08/05/2026;12:00:00;1.736;0.099;239.85;7.24;0.0;0.0;55.0;27.7;48.5;0.68
08/05/2026;13:00:00;1.541;0.179;240.2;6.42;0.0;0.0;55.0;28.4;50.9;0.6
08/05/2026;14:00:00;1.859;0.367;241.25;7.71;0.0;0.0;55.0;30.3;53.2;0.73
08/05/2026;15:00:00;1.826;0.35;242.82;7.52;0.0;0.0;55.0;30.5;48.5;0.68
08/05/2026;16:00:00;2.258;0.254;237.18;9.52;0.0;0.0;55.0;29.6;49.6;0.69
08/05/2026;17:00:00;2.52;0.458;238.98;10.54;0.0;0.0;55.0;27.8;51.8;0.78
08/05/2026;18:00:00;3.043;0.541;241.9;12.58;3.7;0.0;55.0;28.6;53.9;0.59
08/05/2026;19:00:00;3.234;0.427;238.16;13.58;1.8;0.0;55.0;26.4;56.5;0.27
08/05/2026;20:00:00;3.281;0.39;234.74;13.98;10.5;0.0;55.0;23.7;48.5;0.25
08/05/2026;21:00:00;3.384;0.273;241.73;14.0;20.2;0.0;55.0;23.4;54.3;0.31
08/05/2026;22:00:00;2.422;0.236;238.42;10.16;0.0;0.0;55.0;22.8;62.3;0.32
08/05/2026;23:00:00;1.636;0.176;238.23;6.87;0.0;0.0;55.0;22.9;49.5;0.25
09/05/2026;00:00:00;0.685;0.129;240.34;2.85;0.0;0.0;55.0;20.2;58.6;0.14
09/05/2026;01:00:00;0.635;0.091;240.01;2.64;0.0;0.0;55.0;17.9;59.3;0.14
09/05/2026;02:00:00;0.698;0.059;242.79;2.88;0.0;0.0;55.0;19.3;56.2;0.14
09/05/2026;03:00:00;0.723;0.048;236.5;3.06;0.0;0.0;55.0;19.2;67.0;0.14
09/05/2026;04:00:00;0.771;0.104;246.33;3.13;0.0;0.0;55.0;19.4;59.0;0.14
09/05/2026;05:00:00;4.639;0.757;236.04;19.65;0.0;0.0;55.0;21.0;65.1;0.14
09/05/2026;06:00:00;1.805;0.341;238.91;7.55;0.0;0.0;55.0;22.0;56.8;0.31
09/05/2026;07:00:00;2.418;0.449;237.57;10.18;0.0;3.6;55.0;20.6;60.2;0.28
09/05/2026;08:00:00;2.812;0.535;240.16;11.71;0.0;0.9;55.0;21.8;54.1;0.28
09/05/2026;09:00:00;2.43;0.306;240.05;10.12;0.0;9.7;55.0;22.4;53.6;0.28
09/05/2026;10:00:00;1.896;0.374;240.47;7.88;0.0;0.0;55.0;26.3;55.4;0.28
09/05/2026;11:00:00;1.733;0.218;240.73;7.2;0.0;0.0;55.0;28.7;53.6;0.36
09/05/2026;12:00:00;1.382;0.109;243.66;5.67;0.0;0.0;55.0;27.1;55.7;0.26
09/05/2026;13:00:00;1.317;0.155;240.44;5.48;0.0;0.0;55.0;28.0;53.9;0.39
09/05/2026;14:00:00;1.394;0.15;243.89;5.72;0.0;0.0;55.0;31.0;42.9;0.33
09/05/2026;15:00:00;1.486;0.173;235.1;6.32;0.0;0.0;55.0;29.8;46.6;0.33
09/05/2026;16:00:00;1.776;0.288;233.88;7.59;0.0;0.0;55.0;29.5;55.1;0.3
09/05/2026;17:00:00;2.028;0.328;240.36;8.44;0.0;0.0;55.0;26.5;43.4;0.35
09/05/2026;18:00:00;3.051;0.269;240.92;12.66;4.7;0.0;55.0;28.6;53.0;0.32
09/05/2026;19:00:00;3.558;0.369;238.51;14.92;19.2;0.0;55.0;25.1;53.8;0.3
09/05/2026;20:00:00;3.832;0.579;239.97;15.97;9.5;0.0;55.0;23.6;59.8;0.29
09/05/2026;21:00:00;3.386;0.218;243.01;13.93;13.6;0.0;55.0;23.5;57.7;0.38
09/05/2026;22:00:00;2.648;0.442;241.88;10.95;0.0;0.0;55.0;21.8;53.6;0.29
09/05/2026;23:00:00;1.983;0.159;239.08;8.3;0.0;0.0;55.0;21.2;53.9;0.31
10/05/2026;00:00:00;0.882;0.172;240.55;3.67;0.0;0.0;55.0;18.3;57.1;0.14
10/05/2026;01:00:00;0.64;0.076;242.12;2.64;0.0;0.0;55.0;21.1;60.4;0.14
10/05/2026;02:00:00;0.791;0.069;236.56;3.35;0.0;0.0;55.0;20.9;46.2;0.14
10/05/2026;03:00:00;0.784;0.128;237.75;3.3;0.0;0.0;55.0;16.1;62.3;0.14
10/05/2026;04:00:00;0.764;0.11;242.59;3.15;0.0;0.0;55.0;20.6;53.5;0.14
10/05/2026;05:00:00;1.012;0.08;235.16;4.3;0.0;0.0;55.0;18.5;60.6;0.14
10/05/2026;06:00:00;1.822;0.347;236.95;7.69;0.0;0.0;55.0;21.7;58.7;0.36
10/05/2026;07:00:00;2.644;0.336;236.6;11.18;0.0;18.5;55.0;21.4;49.0;0.35
10/05/2026;08:00:00;2.856;0.217;242.57;11.77;0.0;19.0;55.0;22.7;55.1;0.28
10/05/2026;09:00:00;2.75;0.51;236.96;11.6;0.0;15.5;55.0;23.7;56.2;0.33
10/05/2026;10:00:00;2.344;0.17;242.22;9.68;0.0;0.0;55.0;27.1;53.1;0.36
10/05/2026;11:00:00;1.47;0.315;239.01;6.15;0.0;0.0;55.0;24.6;54.1;0.34
10/05/2026;12:00:00;1.629;0.204;244.98;6.65;0.0;0.0;55.0;28.4;45.5;0.34
10/05/2026;13:00:00;1.227;0.213;240.36;5.1;0.0;0.0;55.0;30.0;45.1;0.36
10/05/2026;14:00:00;1.545;0.196;242.99;6.36;0.0;0.0;55.0;29.9;43.6;0.26
10/05/2026;15:00:00;1.88;0.154;241.29;7.79;0.0;0.0;55.0;32.5;51.2;0.35
10/05/2026;16:00:00;1.828;0.327;238.74;7.66;0.0;0.0;55.0;28.0;51.4;0.29
10/05/2026;17:00:00;2.285;0.227;239.96;9.52;0.0;0.0;55.0;29.8;50.3;0.33
10/05/2026;18:00:00;2.942;0.488;240.02;12.26;4.2;0.0;55.0;27.4;44.0;0.29
10/05/2026;19:00:00;4.048;0.38;238.71;16.96;18.6;0.0;55.0;28.4;51.6;0.37
10/05/2026;20:00:00;3.866;0.352;242.49;15.94;13.7;0.0;55.0;25.3;57.3;0.32
10/05/2026;21:00:00;3.553;0.454;247.03;14.38;15.1;0.0;55.0;23.4;46.5;0.34
10/05/2026;22:00:00;2.845;0.537;240.32;11.84;0.0;0.0;55.0;24.7;52.0;0.36
10/05/2026;23:00:00;1.811;0.279;242.01;7.48;0.0;0.0;55.0;20.8;49.9;0.38
11/05/2026;00:00:00;0.765;0.047;241.48;3.17;0.0;0.0;55.0;18.3;57.6;0.12
11/05/2026;01:00:00;0.562;0.098;232.69;2.42;0.0;0.0;55.0;18.9;54.8;0.12
11/05/2026;02:00:00;0.603;0.09;241.38;2.5;0.0;0.0;55.0;20.1;60.2;0.12
11/05/2026;03:00:00;0.686;0.107;241.24;2.84;0.0;0.0;55.0;21.1;58.4;0.12
11/05/2026;04:00:00;0.603;0.066;236.5;2.55;0.0;0.0;55.0;19.3;65.4;0.12
11/05/2026;05:00:00;1.087;0.157;234.99;4.63;0.0;0.0;55.0;21.6;56.8;0.12
11/05/2026;06:00:00;1.444;0.163;241.2;5.99;0.0;0.0;55.0;18.4;61.4;0.25
11/05/2026;07:00:00;2.335;0.149;244.61;9.54;0.0;18.4;55.0;20.8;54.9;0.25
11/05/2026;08:00:00;2.889;0.559;238.97;12.09;0.0;5.4;55.0;22.3;51.1;0.72
11/05/2026;09:00:00;2.892;0.478;239.07;12.1;0.0;15.7;55.0;23.8;59.5;0.77
11/05/2026;10:00:00;1.921;0.315;246.46;7.79;0.0;0.0;55.0;25.4;60.3;0.63
11/05/2026;11:00:00;1.984;0.165;242.51;8.18;0.0;0.0;55.0;27.5;55.9;0.66
11/05/2026;12:00:00;1.674;0.273;236.6;7.08;0.0;0.0;55.0;26.9;53.6;0.62
11/05/2026;13:00:00;1.585;0.142;238.0;6.66;0.0;0.0;55.0;28.5;46.7;0.64
11/05/2026;14:00:00;1.651;0.275;246.1;6.71;0.0;0.0;55.0;28.8;57.1;0.73
11/05/2026;15:00:00;1.71;0.182;238.14;7.18;0.0;0.0;55.0;27.6;55.2;0.62
11/05/2026;16:00:00;1.845;0.142;238.51;7.74;0.0;0.0;55.0;28.7;61.6;0.7
11/05/2026;17:00:00;2.538;0.518;241.88;10.49;0.0;0.0;55.0;28.1;46.1;0.79
11/05/2026;18:00:00;2.944;0.2;239.26;12.31;12.1;0.0;55.0;27.3;56.9;0.63
11/05/2026;19:00:00;3.347;0.601;241.24;13.87;21.3;0.0;55.0;26.5;55.9;0.26
11/05/2026;20:00:00;3.473;0.234;240.81;14.42;20.5;0.0;55.0;25.4;52.4;0.22
11/05/2026;21:00:00;3.071;0.511;239.59;12.82;23.6;0.0;55.0;23.4;62.5;0.32
11/05/2026;22:00:00;2.738;0.188;243.39;11.25;0.0;0.0;55.0;24.6;56.7;0.26
11/05/2026;23:00:00;1.716;0.234;236.43;7.26;0.0;0.0;55.0;19.7;53.9;0.26
12/05/2026;00:00:00;0.518;0.042;240.33;2.16;0.0;0.0;55.0;19.4;58.3;0.12
12/05/2026;01:00:00;0.738;0.146;238.38;3.1;0.0;0.0;55.0;23.8;50.6;0.12
12/05/2026;02:00:00;0.799;0.095;244.6;3.27;0.0;0.0;55.0;17.6;58.0;0.12
12/05/2026;03:00:00;4.619;0.243;239.51;19.29;0.0;0.0;55.0;17.0;64.3;0.12
12/05/2026;04:00:00;4.381;0.687;245.38;17.85;0.0;0.0;55.0;20.3;63.1;0.12
12/05/2026;05:00:00;1.023;0.129;238.82;4.29;0.0;0.0;55.0;16.6;62.3;0.12
12/05/2026;06:00:00;1.617;0.317;240.31;6.73;0.0;0.0;55.0;20.1;54.6;0.31
12/05/2026;07:00:00;2.23;0.276;243.05;9.18;0.0;17.1;55.0;24.7;56.5;0.26
12/05/2026;08:00:00;2.874;0.345;237.32;12.11;0.0;7.5;55.0;20.4;61.7;0.65
12/05/2026;09:00:00;2.601;0.331;244.23;10.65;0.0;4.8;55.0;21.0;47.7;0.72
12/05/2026;10:00:00;1.937;0.38;240.07;8.07;0.0;0.0;55.0;23.0;56.5;0.63
12/05/2026;11:00:00;1.774;0.266;241.15;7.35;0.0;0.0;55.0;27.8;51.2;0.78
12/05/2026;12:00:00;1.628;0.267;241.53;6.74;0.0;0.0;55.0;29.2;55.8;0.61
12/05/2026;13:00:00;1.595;0.275;239.79;6.65;0.0;0.0;55.0;27.6;54.3;0.76
12/05/2026;14:00:00;1.726;0.361;237.73;7.26;0.0;0.0;55.0;29.9;52.9;0.67
12/05/2026;15:00:00;1.953;0.376;240.26;8.13;0.0;0.0;55.0;31.1;47.1;0.72
12/05/2026;16:00:00;2.263;0.47;234.37;9.66;0.0;0.0;55.0;31.5;49.2;0.73
12/05/2026;17:00:00;2.499;0.271;236.33;10.57;0.0;0.0;55.0;28.0;56.7;0.72
12/05/2026;18:00:00;3.021;0.261;239.61;12.61;24.8;0.0;55.0;24.1;54.8;0.66
12/05/2026;19:00:00;3.349;0.283;244.33;13.71;14.5;0.0;55.0;25.3;55.1;0.22
12/05/2026;20:00:00;3.731;0.731;244.25;15.28;12.2;0.0;55.0;24.7;47.0;0.33
12/05/2026;21:00:00;3.061;0.585;242.74;12.61;8.5;0.0;55.0;23.6;55.2;0.23
12/05/2026;22:00:00;2.287;0.367;235.69;9.71;0.0;0.0;55.0;22.4;46.4;0.32
12/05/2026;23:00:00;1.805;0.11;240.84;7.49;0.0;0.0;55.0;23.2;53.3;0.25
13/05/2026;00:00:00;0.724;0.075;237.59;3.05;0.0;0.0;55.0;22.4;56.8;0.12
13/05/2026;01:00:00;0.784;0.137;239.81;3.27;0.0;0.0;55.0;19.4;62.7;0.12
13/05/2026;02:00:00;0.591;0.054;242.67;2.43;0.0;0.0;55.0;20.8;52.7;0.12
13/05/2026;03:00:00;0.781;0.122;241.84;3.23;0.0;0.0;55.0;19.5;60.6;0.12
13/05/2026;04:00:00;0.726;0.103;243.59;2.98;0.0;0.0;55.0;19.3;66.3;0.12
13/05/2026;05:00:00;0.884;0.084;236.05;3.75;0.0;0.0;55.0;21.0;54.4;0.12
13/05/2026;06:00:00;1.539;0.321;237.14;6.49;0.0;0.0;55.0;20.6;50.2;0.3
13/05/2026;07:00:00;2.484;0.233;244.22;10.17;0.0;13.5;55.0;24.6;56.2;0.22
13/05/2026;08:00:00;3.083;0.623;244.26;12.62;0.0;3.4;55.0;20.5;52.0;0.74
13/05/2026;09:00:00;2.651;0.376;239.95;11.05;0.0;20.0;55.0;23.2;51.7;0.69
13/05/2026;10:00:00;2.135;0.14;239.93;8.9;0.0;0.0;55.0;25.1;58.9;0.63
13/05/2026;11:00:00;1.941;0.372;243.28;7.98;0.0;0.0;55.0;27.2;62.1;0.8
13/05/2026;12:00:00;1.845;0.341;241.49;7.64;0.0;0.0;55.0;29.4;45.8;0.64
13/05/2026;13:00:00;1.728;0.33;241.7;7.15;0.0;0.0;55.0;28.3;48.1;0.62
13/05/2026;14:00:00;1.757;0.279;237.41;7.4;0.0;0.0;55.0;26.7;50.8;0.67
13/05/2026;15:00:00;1.907;0.326;243.22;7.84;0.0;0.0;55.0;30.3;47.4;0.74
13/05/2026;16:00:00;2.285;0.467;239.44;9.54;0.0;0.0;55.0;30.0;60.1;0.67
13/05/2026;17:00:00;2.251;0.161;236.1;9.53;0.0;0.0;55.0;25.4;51.4;0.69
13/05/2026;18:00:00;3.018;0.193;237.81;12.69;21.4;0.0;55.0;27.5;50.4;0.74
13/05/2026;19:00:00;3.147;0.224;238.33;13.21;11.7;0.0;55.0;24.1;63.2;0.31
13/05/2026;20:00:00;3.599;0.712;244.14;14.74;21.2;0.0;55.0;24.3;57.8;0.32
13/05/2026;21:00:00;3.153;0.459;238.05;13.25;22.6;0.0;55.0;22.6;61.2;0.26
13/05/2026;22:00:00;2.387;0.191;241.08;9.9;0.0;0.0;55.0;23.9;50.7;0.3
13/05/2026;23:00:00;1.549;0.115;234.09;6.62;0.0;0.0;55.0;21.7;54.4;0.29
14/05/2026;00:00:00;0.632;0.079;242.62;2.6;0.0;0.0;55.0;18.5;54.4;0.12
14/05/2026;01:00:00;0.592;0.112;237.78;2.49;0.0;0.0;55.0;21.0;61.6;0.12
14/05/2026;02:00:00;0.471;0.088;241.09;1.95;0.0;0.0;55.0;17.0;66.9;0.12
14/05/2026;03:00:00;0.437;0.085;241.09;1.81;0.0;0.0;55.0;19.5;55.8;0.12
14/05/2026;04:00:00;0.702;0.127;241.77;2.9;0.0;0.0;55.0;17.9;58.2;0.12
14/05/2026;05:00:00;0.97;0.059;240.93;4.03;0.0;0.0;55.0;19.1;57.5;0.12
14/05/2026;06:00:00;1.604;0.277;245.36;6.54;0.0;0.0;55.0;21.2;49.7;0.23
14/05/2026;07:00:00;2.109;0.292;240.58;8.77;0.0;1.0;55.0;22.3;53.2;0.26
14/05/2026;08:00:00;2.972;0.516;246.3;12.07;0.0;0.1;55.0;24.7;58.5;0.65
14/05/2026;09:00:00;2.694;0.357;241.79;11.14;0.0;8.5;55.0;23.9;50.9;0.71
14/05/2026;10:00:00;2.232;0.295;240.77;9.27;0.0;0.0;55.0;25.8;54.3;0.74
14/05/2026;11:00:00;1.87;0.134;242.5;7.71;0.0;0.0;55.0;25.8;47.2;0.75
14/05/2026;12:00:00;1.799;0.367;240.55;7.48;0.0;0.0;55.0;27.8;51.4;0.75
14/05/2026;13:00:00;1.752;0.199;241.26;7.26;0.0;0.0;55.0;29.0;48.4;0.78
14/05/2026;14:00:00;1.721;0.256;240.97;7.14;0.0;0.0;55.0;28.7;45.3;0.64
14/05/2026;15:00:00;1.549;0.132;240.69;6.44;0.0;0.0;55.0;26.3;57.3;0.75
14/05/2026;16:00:00;2.083;0.235;245.93;8.47;0.0;0.0;55.0;29.3;55.2;0.69
14/05/2026;17:00:00;2.489;0.493;246.36;10.1;0.0;0.0;55.0;28.9;46.5;0.67
14/05/2026;18:00:00;3.227;0.276;240.92;13.4;21.0;0.0;55.0;26.5;52.1;0.73
14/05/2026;19:00:00;5.474;0.466;243.53;22.48;9.4;0.0;55.0;24.6;55.0;0.25
14/05/2026;20:00:00;3.71;0.35;243.36;15.24;13.8;0.0;55.0;27.5;43.3;0.33
14/05/2026;21:00:00;5.342;0.789;243.06;21.98;8.6;0.0;55.0;24.7;47.6;0.26
14/05/2026;22:00:00;2.337;0.324;241.53;9.68;0.0;0.0;55.0;22.4;62.9;0.29
14/05/2026;23:00:00;1.423;0.114;241.86;5.88;0.0;0.0;55.0;19.8;53.2;0.25
15/05/2026;00:00:00;0.668;0.112;241.6;2.77;0.0;0.0;55.0;19.2;65.3;0.12
15/05/2026;01:00:00;0.679;0.139;237.99;2.85;0.0;0.0;55.0;21.6;50.4;0.12
15/05/2026;02:00:00;0.753;0.063;239.82;3.14;0.0;0.0;55.0;19.4;62.2;0.12
15/05/2026;03:00:00;0.776;0.128;236.65;3.28;0.0;0.0;55.0;18.2;58.3;0.12
15/05/2026;04:00:00;0.759;0.114;241.61;3.14;0.0;0.0;55.0;19.9;57.6;0.12
15/05/2026;05:00:00;0.744;0.079;241.21;3.08;0.0;0.0;55.0;18.4;68.9;0.12
15/05/2026;06:00:00;1.484;0.23;241.96;6.13;0.0;0.0;55.0;22.7;50.0;0.29
15/05/2026;07:00:00;2.322;0.199;237.83;9.76;0.0;16.0;55.0;23.5;58.6;0.29
15/05/2026;08:00:00;3.029;0.581;242.7;12.48;0.0;15.0;55.0;22.0;59.6;0.69
15/05/2026;09:00:00;2.818;0.152;241.32;11.68;0.0;1.7;55.0;23.1;72.7;0.77
15/05/2026;10:00:00;1.839;0.269;246.25;7.47;0.0;0.0;55.0;21.4;51.9;0.66
15/05/2026;11:00:00;1.853;0.193;242.26;7.65;0.0;0.0;55.0;24.3;51.8;0.68
15/05/2026;12:00:00;1.738;0.347;238.33;7.29;0.0;0.0;55.0;25.5;58.1;0.77
15/05/2026;13:00:00;1.794;0.242;236.22;7.59;0.0;0.0;55.0;28.5;50.6;0.64
15/05/2026;14:00:00;5.603;1.045;240.61;23.29;0.0;0.0;55.0;28.3;49.4;0.73
15/05/2026;15:00:00;1.67;0.346;237.12;7.04;0.0;0.0;55.0;27.0;57.6;0.63
15/05/2026;16:00:00;2.026;0.216;237.94;8.52;0.0;0.0;55.0;28.4;50.3;0.66
15/05/2026;17:00:00;2.324;0.464;237.3;9.79;0.0;0.0;55.0;29.1;46.7;0.7
15/05/2026;18:00:00;3.091;0.536;238.37;12.97;18.8;0.0;55.0;28.3;55.4;0.74
15/05/2026;19:00:00;5.314;0.363;244.08;21.77;0.7;0.0;55.0;23.7;57.4;0.25
15/05/2026;20:00:00;3.603;0.244;237.29;15.18;4.4;0.0;55.0;25.1;52.8;0.3
15/05/2026;21:00:00;2.979;0.563;238.81;12.47;15.5;0.0;55.0;21.9;55.1;0.23
15/05/2026;22:00:00;2.547;0.33;235.99;10.79;0.0;0.0;55.0;24.1;50.6;0.29
15/05/2026;23:00:00;1.484;0.199;235.22;6.31;0.0;0.0;55.0;22.7;59.9;0.34
16/05/2026;00:00:00;0.771;0.155;239.22;3.22;0.0;0.0;55.0;19.1;57.3;0.14
16/05/2026;01:00:00;0.718;0.146;240.58;2.98;0.0;0.0;55.0;18.5;55.7;0.14
16/05/2026;02:00:00;0.689;0.048;236.78;2.91;0.0;0.0;55.0;18.5;53.2;0.14
16/05/2026;03:00:00;0.83;0.094;235.75;3.52;0.0;0.0;55.0;15.6;63.9;0.14
16/05/2026;04:00:00;0.644;0.13;234.76;2.74;0.0;0.0;55.0;19.7;56.1;0.14
16/05/2026;05:00:00;0.962;0.182;240.41;4.0;0.0;0.0;55.0;19.3;48.9;0.14
16/05/2026;06:00:00;1.781;0.307;242.62;7.34;0.0;0.0;55.0;21.9;50.8;0.37
16/05/2026;07:00:00;2.376;0.16;236.0;10.07;0.0;9.2;55.0;19.9;57.4;0.28
16/05/2026;08:00:00;2.682;0.417;238.19;11.26;0.0;5.4;55.0;21.8;56.0;0.32
16/05/2026;09:00:00;2.357;0.351;243.03;9.7;0.0;13.7;55.0;21.7;55.8;0.3
16/05/2026;10:00:00;1.82;0.143;239.4;7.6;0.0;0.0;55.0;23.8;53.5;0.29
16/05/2026;11:00:00;1.366;0.248;239.72;5.7;0.0;0.0;55.0;24.7;47.2;0.37
16/05/2026;12:00:00;1.469;0.151;241.06;6.09;0.0;0.0;55.0;29.0;46.8;0.31
16/05/2026;13:00:00;1.198;0.186;238.76;5.02;0.0;0.0;55.0;27.3;58.5;0.3
16/05/2026;14:00:00;1.305;0.146;237.82;5.49;0.0;0.0;55.0;29.0;56.4;0.34
16/05/2026;15:00:00;1.484;0.095;240.86;6.16;0.0;0.0;55.0;28.4;54.5;0.28
16/05/2026;16:00:00;1.591;0.221;236.13;6.74;0.0;0.0;55.0;26.9;55.3;0.28
16/05/2026;17:00:00;2.356;0.241;235.49;10.0;0.0;0.0;55.0;28.1;56.5;0.32
16/05/2026;18:00:00;3.016;0.187;238.06;12.67;0.3;0.0;55.0;28.4;46.0;0.31
16/05/2026;19:00:00;3.345;0.28;241.99;13.82;12.8;0.0;55.0;24.7;54.8;0.29
16/05/2026;20:00:00;3.731;0.579;243.25;15.34;24.8;0.0;55.0;26.5;47.6;0.26
16/05/2026;21:00:00;3.407;0.229;238.67;14.27;24.6;0.0;55.0;22.7;50.7;0.32
16/05/2026;22:00:00;2.652;0.172;242.32;10.94;0.0;0.0;55.0;22.0;58.7;0.37
16/05/2026;23:00:00;1.826;0.384;243.87;7.49;0.0;0.0;55.0;22.3;61.3;0.37
17/05/2026;00:00:00;0.643;0.044;240.11;2.68;0.0;0.0;55.0;19.5;57.9;0.14
17/05/2026;01:00:00;0.519;0.059;241.78;2.15;0.0;0.0;55.0;19.7;66.9;0.14
17/05/2026;02:00:00;0.484;0.035;245.23;1.98;0.0;0.0;55.0;18.7;60.5;0.14
17/05/2026;03:00:00;0.762;0.16;238.03;3.2;0.0;0.0;55.0;19.2;55.2;0.14
17/05/2026;04:00:00;0.742;0.098;239.32;3.1;0.0;0.0;55.0;15.6;56.5;0.14
17/05/2026;05:00:00;0.947;0.065;244.48;3.87;0.0;0.0;55.0;16.9;66.0;0.14
17/05/2026;06:00:00;1.491;0.269;237.37;6.28;0.0;0.0;55.0;21.4;57.9;0.28
17/05/2026;07:00:00;2.457;0.449;240.44;10.22;0.0;5.8;55.0;23.1;59.3;0.29
17/05/2026;08:00:00;2.898;0.589;238.24;12.16;0.0;11.0;55.0;21.3;44.0;0.28
17/05/2026;09:00:00;2.646;0.45;243.82;10.85;0.0;1.5;55.0;23.6;56.7;0.28
17/05/2026;10:00:00;2.033;0.121;236.68;8.59;0.0;0.0;55.0;25.7;51.3;0.38
17/05/2026;11:00:00;1.794;0.258;239.81;7.48;0.0;0.0;55.0;27.5;45.4;0.38
17/05/2026;12:00:00;0.999;0.115;237.07;4.21;0.0;0.0;55.0;24.5;54.5;0.26
17/05/2026;13:00:00;1.437;0.255;235.89;6.09;0.0;0.0;55.0;27.0;58.3;0.33
17/05/2026;14:00:00;1.43;0.215;234.69;6.09;0.0;0.0;55.0;28.3;63.1;0.33
17/05/2026;15:00:00;1.629;0.282;239.54;6.8;0.0;0.0;55.0;30.1;51.6;0.31
17/05/2026;16:00:00;2.219;0.179;241.35;9.2;0.0;0.0;55.0;32.6;44.8;0.34
17/05/2026;17:00:00;2.245;0.279;240.05;9.35;0.0;0.0;55.0;28.0;48.2;0.38
17/05/2026;18:00:00;2.799;0.346;240.66;11.63;5.4;0.0;55.0;25.4;58.9;0.28
17/05/2026;19:00:00;3.614;0.783;238.78;15.14;16.3;0.0;55.0;27.1;47.7;0.27
17/05/2026;20:00:00;4.215;0.224;242.76;17.36;22.8;0.0;55.0;27.3;55.7;0.26
17/05/2026;21:00:00;3.593;0.678;242.04;14.84;24.4;0.0;55.0;24.2;56.5;0.3
17/05/2026;22:00:00;2.715;0.181;240.35;11.3;0.0;0.0;55.0;21.3;58.2;0.3
17/05/2026;23:00:00;1.883;0.12;240.58;7.83;0.0;0.0;55.0;22.9;48.2;0.31
18/05/2026;00:00:00;0.828;0.088;238.7;3.47;0.0;0.0;55.0;21.5;55.4;0.12
18/05/2026;01:00:00;0.606;0.103;245.45;2.47;0.0;0.0;55.0;18.1;52.6;0.12
18/05/2026;02:00:00;0.815;0.135;242.26;3.36;0.0;0.0;55.0;19.7;55.7;0.12
18/05/2026;03:00:00;0.655;0.103;239.71;2.73;0.0;0.0;55.0;20.5;62.6;0.12
18/05/2026;04:00:00;0.748;0.136;239.52;3.12;0.0;0.0;55.0;20.9;63.8;0.12
18/05/2026;05:00:00;1.027;0.092;238.91;4.3;0.0;0.0;55.0;19.6;59.8;0.12
18/05/2026;06:00:00;1.818;0.287;239.16;7.6;0.0;0.0;55.0;19.9;55.6;0.25
18/05/2026;07:00:00;2.453;0.389;240.69;10.19;0.0;5.6;55.0;23.3;63.7;0.26
18/05/2026;08:00:00;3.082;0.497;235.22;13.1;0.0;14.3;55.0;20.9;54.8;0.72
18/05/2026;09:00:00;2.642;0.399;239.3;11.04;0.0;4.3;55.0;24.7;49.0;0.57
18/05/2026;10:00:00;1.973;0.173;239.63;8.23;0.0;0.0;55.0;23.2;59.3;0.64
18/05/2026;11:00:00;1.894;0.389;239.98;7.89;0.0;0.0;55.0;28.1;54.2;0.72
18/05/2026;12:00:00;1.735;0.375;240.49;7.22;0.0;0.0;55.0;27.1;50.0;0.63
18/05/2026;13:00:00;1.797;0.3;240.09;7.48;0.0;0.0;55.0;30.2;50.7;0.68
18/05/2026;14:00:00;1.918;0.241;241.13;7.96;0.0;0.0;55.0;29.6;53.0;0.66
18/05/2026;15:00:00;1.53;0.216;239.62;6.39;0.0;0.0;55.0;27.2;53.7;0.7
18/05/2026;16:00:00;2.412;0.165;242.77;9.93;0.0;0.0;55.0;31.0;51.9;0.74
18/05/2026;17:00:00;2.649;0.296;241.84;10.95;0.0;0.0;55.0;30.7;47.3;0.81
18/05/2026;18:00:00;3.228;0.697;246.29;13.11;14.8;0.0;55.0;28.9;53.9;0.58
18/05/2026;19:00:00;3.168;0.453;241.96;13.09;1.4;0.0;55.0;25.4;54.2;0.25
18/05/2026;20:00:00;3.65;0.53;237.91;15.34;22.8;0.0;55.0;24.8;52.2;0.31
18/05/2026;21:00:00;3.096;0.657;239.56;12.92;5.7;0.0;55.0;24.2;53.8;0.28
18/05/2026;22:00:00;2.448;0.491;238.58;10.26;0.0;0.0;55.0;21.7;56.6;0.26
18/05/2026;23:00:00;1.872;0.275;240.02;7.8;0.0;0.0;55.0;24.0;47.9;0.24
19/05/2026;00:00:00;0.624;0.06;243.07;2.57;0.0;0.0;55.0;20.7;54.7;0.12
19/05/2026;01:00:00;0.765;0.053;239.09;3.2;0.0;0.0;55.0;15.6;62.2;0.12
19/05/2026;02:00:00;0.81;0.159;238.41;3.4;0.0;0.0;55.0;19.7;51.9;0.12
19/05/2026;03:00:00;0.592;0.122;241.45;2.45;0.0;0.0;55.0;18.5;56.5;0.12
19/05/2026;04:00:00;0.623;0.084;237.72;2.62;0.0;0.0;55.0;19.1;71.1;0.12
19/05/2026;05:00:00;0.811;0.054;237.55;3.41;0.0;0.0;55.0;19.1;53.5;0.12
19/05/2026;06:00:00;1.451;0.222;241.07;6.02;0.0;0.0;55.0;21.7;55.1;0.32
19/05/2026;07:00:00;2.223;0.25;234.98;9.46;0.0;5.2;55.0;23.2;51.7;0.27
19/05/2026;08:00:00;3.189;0.245;238.65;13.36;0.0;10.7;55.0;23.1;55.3;0.73
19/05/2026;09:00:00;2.787;0.575;242.4;11.5;0.0;4.7;55.0;23.5;51.5;0.7
19/05/2026;10:00:00;1.91;0.173;234.87;8.13;0.0;0.0;55.0;25.2;53.0;0.64
19/05/2026;11:00:00;1.619;0.277;235.07;6.89;0.0;0.0;55.0;26.5;49.6;0.59
19/05/2026;12:00:00;1.37;0.169;235.98;5.81;0.0;0.0;55.0;26.3;58.6;0.64
19/05/2026;13:00:00;1.852;0.353;232.35;7.97;0.0;0.0;55.0;29.2;51.4;0.7
19/05/2026;14:00:00;1.767;0.299;245.31;7.2;0.0;0.0;55.0;29.5;45.8;0.74
19/05/2026;15:00:00;1.788;0.127;240.34;7.44;0.0;0.0;55.0;31.3;53.6;0.65
19/05/2026;16:00:00;2.201;0.278;238.12;9.24;0.0;0.0;55.0;30.7;45.0;0.68
19/05/2026;17:00:00;2.438;0.23;236.39;10.31;0.0;0.0;55.0;27.3;44.7;0.66
19/05/2026;18:00:00;3.037;0.52;246.16;12.34;24.2;0.0;55.0;28.8;51.4;0.62
19/05/2026;19:00:00;3.248;0.463;241.83;13.43;18.5;0.0;55.0;25.1;63.9;0.28
19/05/2026;20:00:00;3.6;0.388;239.64;15.02;5.3;0.0;55.0;26.3;44.2;0.33
19/05/2026;21:00:00;3.29;0.349;243.41;13.52;6.4;0.0;55.0;23.2;49.2;0.3
19/05/2026;22:00:00;2.31;0.16;241.09;9.58;0.0;0.0;55.0;21.2;61.2;0.31
19/05/2026;23:00:00;1.558;0.135;238.59;6.53;0.0;0.0;55.0;21.9;53.7;0.29
20/05/2026;00:00:00;0.69;0.118;238.3;2.89;0.0;0.0;55.0;16.5;64.3;0.12
20/05/2026;01:00:00;0.671;0.103;238.35;2.82;0.0;0.0;55.0;17.0;56.6;0.12
20/05/2026;02:00:00;0.779;0.086;237.16;3.29;0.0;0.0;55.0;18.9;60.0;0.12
20/05/2026;03:00:00;0.849;0.163;243.11;3.49;0.0;0.0;55.0;19.1;67.8;0.12
20/05/2026;04:00:00;0.894;0.118;238.55;3.75;0.0;0.0;55.0;18.6;53.5;0.12
20/05/2026;05:00:00;0.894;0.165;243.79;3.67;0.0;0.0;55.0;17.3;65.7;0.12
20/05/2026;06:00:00;1.563;0.286;237.68;6.57;0.0;0.0;55.0;19.2;62.4;0.23
20/05/2026;07:00:00;2.412;0.468;238.32;10.12;0.0;0.3;55.0;22.1;49.3;0.23
20/05/2026;08:00:00;3.336;0.649;238.73;13.97;0.0;15.4;55.0;23.6;58.3;0.78
20/05/2026;09:00:00;2.585;0.428;237.48;10.88;0.0;3.2;55.0;24.0;55.6;0.61
20/05/2026;10:00:00;2.44;0.433;238.36;10.24;0.0;0.0;55.0;27.0;53.2;0.78
20/05/2026;11:00:00;1.827;0.333;241.54;7.56;0.0;0.0;55.0;27.1;54.4;0.66
20/05/2026;12:00:00;1.635;0.129;243.37;6.72;0.0;0.0;55.0;26.4;51.5;0.65
20/05/2026;13:00:00;1.815;0.183;240.84;7.54;0.0;0.0;55.0;27.9;52.4;0.73
20/05/2026;14:00:00;1.499;0.102;236.67;6.34;0.0;0.0;55.0;26.7;54.2;0.77
20/05/2026;15:00:00;1.77;0.146;238.32;7.43;0.0;0.0;55.0;28.8;55.1;0.75
20/05/2026;16:00:00;2.226;0.406;238.38;9.34;0.0;0.0;55.0;30.5;42.4;0.62
20/05/2026;17:00:00;2.555;0.539;244.76;10.44;0.0;0.0;55.0;29.4;57.4;0.67
20/05/2026;18:00:00;3.057;0.503;242.76;12.59;23.2;0.0;55.0;29.6;44.9;0.75
20/05/2026;19:00:00;3.117;0.625;243.4;12.81;1.2;0.0;55.0;26.0;57.4;0.23
20/05/2026;20:00:00;3.827;0.398;238.01;16.08;11.7;0.0;55.0;27.3;52.9;0.28
20/05/2026;21:00:00;3.259;0.632;236.43;13.78;9.3;0.0;55.0;23.7;49.0;0.27
20/05/2026;22:00:00;2.373;0.255;241.61;9.82;0.0;0.0;55.0;24.9;57.1;0.23
20/05/2026;23:00:00;1.745;0.353;238.71;7.31;0.0;0.0;55.0;21.5;52.5;0.25
21/05/2026;00:00:00;0.672;0.125;240.82;2.79;0.0;0.0;55.0;21.5;62.5;0.12
21/05/2026;01:00:00;0.573;0.125;241.15;2.38;0.0;0.0;55.0;21.9;53.3;0.12
21/05/2026;02:00:00;0.629;0.12;238.89;2.63;0.0;0.0;55.0;18.9;51.8;0.12
21/05/2026;03:00:00;0.556;0.065;242.81;2.29;0.0;0.0;55.0;19.3;66.6;0.12
21/05/2026;04:00:00;0.674;0.046;235.91;2.85;0.0;0.0;55.0;21.1;58.4;0.12
21/05/2026;05:00:00;0.715;0.142;240.31;2.98;0.0;0.0;55.0;19.5;63.2;0.12
21/05/2026;06:00:00;1.574;0.232;241.9;6.51;0.0;0.0;55.0;18.5;55.4;0.3
21/05/2026;07:00:00;2.592;0.508;244.77;10.59;0.0;0.1;55.0;24.7;45.2;0.33
21/05/2026;08:00:00;2.78;0.322;240.38;11.57;0.0;6.3;55.0;22.0;65.2;0.68
21/05/2026;09:00:00;2.779;0.153;243.52;11.41;0.0;6.5;55.0;24.2;55.0;0.7
21/05/2026;10:00:00;2.168;0.128;243.34;8.91;0.0;0.0;55.0;27.0;55.2;0.65
21/05/2026;11:00:00;1.814;0.297;246.54;7.36;0.0;0.0;55.0;25.6;57.2;0.75
21/05/2026;12:00:00;1.347;0.094;240.91;5.59;0.0;0.0;55.0;26.0;51.9;0.81
21/05/2026;13:00:00;1.755;0.31;245.75;7.14;0.0;0.0;55.0;28.7;52.6;0.65
21/05/2026;14:00:00;1.302;0.158;242.27;5.38;0.0;0.0;55.0;26.1;61.5;0.7
21/05/2026;15:00:00;1.746;0.254;235.7;7.41;0.0;0.0;55.0;28.6;51.4;0.67
21/05/2026;16:00:00;2.053;0.382;240.08;8.55;0.0;0.0;55.0;29.2;55.8;0.78
21/05/2026;17:00:00;2.358;0.219;237.43;9.93;0.0;0.0;55.0;27.9;42.1;0.64
21/05/2026;18:00:00;2.684;0.323;244.28;10.99;5.3;0.0;55.0;25.2;59.8;0.62
21/05/2026;19:00:00;3.822;0.665;240.47;15.9;12.2;0.0;55.0;28.9;43.7;0.33
21/05/2026;20:00:00;3.408;0.702;236.31;14.42;23.1;0.0;55.0;25.4;59.1;0.23
21/05/2026;21:00:00;3.239;0.322;242.47;13.36;24.9;0.0;55.0;26.1;55.4;0.31
21/05/2026;22:00:00;2.593;0.404;243.7;10.64;0.0;0.0;55.0;22.3;56.1;0.3
21/05/2026;23:00:00;1.635;0.346;238.87;6.84;0.0;0.0;55.0;20.2;57.8;0.23
22/05/2026;00:00:00;2.745;0.44;238.75;11.5;0.0;0.0;55.0;20.9;56.4;0.12
22/05/2026;01:00:00;0.681;0.137;240.56;2.83;0.0;0.0;55.0;19.3;54.8;0.12
22/05/2026;02:00:00;0.668;0.14;234.93;2.84;0.0;0.0;55.0;17.4;59.4;0.12
22/05/2026;03:00:00;0.5;0.104;241.99;2.07;0.0;0.0;55.0;21.2;68.5;0.12
22/05/2026;04:00:00;0.656;0.117;244.74;2.68;0.0;0.0;55.0;18.2;66.3;0.12
22/05/2026;05:00:00;0.936;0.135;238.18;3.93;0.0;0.0;55.0;16.9;56.5;0.12
22/05/2026;06:00:00;1.738;0.115;245.16;7.09;0.0;0.0;55.0;22.5;57.8;0.26
22/05/2026;07:00:00;2.219;0.195;242.79;9.14;0.0;15.1;55.0;20.7;58.3;0.25
22/05/2026;08:00:00;2.964;0.277;239.78;12.36;0.0;10.5;55.0;21.8;56.3;0.72
22/05/2026;09:00:00;2.487;0.138;241.78;10.29;0.0;13.3;55.0;21.4;52.3;0.68
22/05/2026;10:00:00;2.482;0.167;244.47;10.15;0.0;0.0;55.0;27.9;54.3;0.67
22/05/2026;11:00:00;1.731;0.173;240.4;7.2;0.0;0.0;55.0;24.6;59.0;0.72
22/05/2026;12:00:00;1.688;0.11;241.1;7.0;0.0;0.0;55.0;27.6;48.1;0.61
22/05/2026;13:00:00;1.782;0.14;238.5;7.47;0.0;0.0;55.0;29.7;60.4;0.68
22/05/2026;14:00:00;1.623;0.096;239.66;6.77;0.0;0.0;55.0;29.5;58.4;0.74
22/05/2026;15:00:00;1.972;0.238;241.96;8.15;0.0;0.0;55.0;28.9;54.0;0.72
22/05/2026;16:00:00;5.678;1.077;239.5;23.71;0.0;0.0;55.0;26.3;47.2;0.74
22/05/2026;17:00:00;2.331;0.438;238.59;9.77;0.0;0.0;55.0;27.1;54.7;0.68
22/05/2026;18:00:00;3.14;0.64;243.22;12.91;15.3;0.0;55.0;27.8;53.6;0.63
22/05/2026;19:00:00;3.336;0.59;241.35;13.82;14.3;0.0;55.0;25.3;56.7;0.3
22/05/2026;20:00:00;3.524;0.323;238.66;14.77;2.3;0.0;55.0;25.6;61.9;0.33
22/05/2026;21:00:00;3.233;0.548;244.91;13.2;9.0;0.0;55.0;25.0;53.5;0.28
22/05/2026;22:00:00;2.306;0.411;245.92;9.38;0.0;0.0;55.0;24.1;65.3;0.31
22/05/2026;23:00:00;1.691;0.241;242.84;6.96;0.0;0.0;55.0;19.7;60.7;0.34
23/05/2026;00:00:00;1.011;0.189;236.65;4.27;0.0;0.0;55.0;23.8;53.9;0.14
23/05/2026;01:00:00;0.495;0.031;241.14;2.05;0.0;0.0;55.0;20.8;69.7;0.14
23/05/2026;02:00:00;0.727;0.11;241.65;3.01;0.0;0.0;55.0;19.2;63.2;0.14
23/05/2026;03:00:00;0.799;0.105;235.56;3.39;0.0;0.0;55.0;20.6;55.6;0.14
23/05/2026;04:00:00;0.925;0.173;243.34;3.8;0.0;0.0;55.0;22.7;56.6;0.14
23/05/2026;05:00:00;0.901;0.065;240.59;3.75;0.0;0.0;55.0;17.5;63.6;0.14
23/05/2026;06:00:00;1.566;0.135;243.14;6.44;0.0;0.0;55.0;20.1;57.5;0.31
23/05/2026;07:00:00;2.44;0.354;239.14;10.2;0.0;8.3;55.0;17.9;60.7;0.32
23/05/2026;08:00:00;3.172;0.669;241.36;13.14;0.0;19.7;55.0;23.0;51.9;0.35
23/05/2026;09:00:00;2.517;0.161;241.49;10.42;0.0;5.3;55.0;24.5;46.3;0.33
23/05/2026;10:00:00;1.809;0.319;240.53;7.52;0.0;0.0;55.0;25.2;54.7;0.31
23/05/2026;11:00:00;1.318;0.112;241.38;5.46;0.0;0.0;55.0;25.5;54.7;0.26
23/05/2026;12:00:00;1.008;0.068;239.62;4.21;0.0;0.0;55.0;24.5;57.5;0.34
23/05/2026;13:00:00;1.459;0.171;236.69;6.16;0.0;0.0;55.0;28.9;48.4;0.37
23/05/2026;14:00:00;1.802;0.269;234.28;7.69;0.0;0.0;55.0;31.0;42.9;0.35
23/05/2026;15:00:00;1.315;0.251;238.27;5.52;0.0;0.0;55.0;28.1;47.1;0.31
23/05/2026;16:00:00;1.787;0.282;242.21;7.38;0.0;0.0;55.0;29.5;56.1;0.27
23/05/2026;17:00:00;2.143;0.286;237.09;9.04;0.0;0.0;55.0;26.0;50.3;0.37
23/05/2026;18:00:00;3.108;0.306;242.97;12.79;10.0;0.0;55.0;28.2;49.6;0.38
23/05/2026;19:00:00;3.506;0.35;243.9;14.37;23.1;0.0;55.0;25.9;52.1;0.31
23/05/2026;20:00:00;3.853;0.697;241.32;15.97;9.1;0.0;55.0;24.2;52.0;0.35
23/05/2026;21:00:00;3.378;0.234;239.54;14.1;25.0;0.0;55.0;22.9;52.6;0.31
23/05/2026;22:00:00;2.687;0.201;242.87;11.06;0.0;0.0;55.0;22.1;52.4;0.32
23/05/2026;23:00:00;1.884;0.325;243.24;7.75;0.0;0.0;55.0;22.1;63.7;0.37
24/05/2026;00:00:00;0.524;0.112;239.37;2.19;0.0;0.0;55.0;18.5;63.0;0.14
24/05/2026;01:00:00;0.664;0.047;240.24;2.76;0.0;0.0;55.0;19.1;65.4;0.14
24/05/2026;02:00:00;0.651;0.1;237.72;2.74;0.0;0.0;55.0;19.1;66.4;0.14
24/05/2026;03:00:00;0.953;0.086;240.8;3.96;0.0;0.0;55.0;17.4;48.8;0.14
24/05/2026;04:00:00;0.805;0.044;234.21;3.44;0.0;0.0;55.0;21.9;58.6;0.14
24/05/2026;05:00:00;3.061;0.586;239.18;12.8;0.0;0.0;55.0;18.4;56.8;0.14
24/05/2026;06:00:00;1.626;0.222;237.61;6.84;0.0;0.0;55.0;19.5;64.4;0.33
24/05/2026;07:00:00;2.446;0.132;239.75;10.2;0.0;13.4;55.0;20.0;54.7;0.29
24/05/2026;08:00:00;3.262;0.66;237.77;13.72;0.0;13.3;55.0;25.4;48.8;0.35
24/05/2026;09:00:00;2.76;0.389;234.64;11.76;0.0;1.2;55.0;24.8;47.4;0.27
24/05/2026;10:00:00;1.91;0.335;238.17;8.02;0.0;0.0;55.0;23.9;53.8;0.35
24/05/2026;11:00:00;1.622;0.198;238.67;6.79;0.0;0.0;55.0;28.2;56.4;0.34
24/05/2026;12:00:00;1.42;0.116;242.98;5.85;0.0;0.0;55.0;27.8;53.4;0.39
24/05/2026;13:00:00;1.439;0.186;238.2;6.04;0.0;0.0;55.0;28.7;45.4;0.38
24/05/2026;14:00:00;1.157;0.114;237.63;4.87;0.0;0.0;55.0;28.3;62.5;0.29
24/05/2026;15:00:00;1.394;0.14;236.66;5.89;0.0;0.0;55.0;27.9;55.3;0.26
24/05/2026;16:00:00;1.781;0.284;243.2;7.33;0.0;0.0;55.0;29.3;54.8;0.34
24/05/2026;17:00:00;2.045;0.135;239.38;8.54;0.0;0.0;55.0;27.5;58.8;0.34
24/05/2026;18:00:00;3.5;0.411;240.76;14.54;11.0;0.0;55.0;30.3;42.0;0.26
24/05/2026;19:00:00;3.598;0.514;235.68;15.27;19.1;0.0;55.0;24.6;50.2;0.27
24/05/2026;20:00:00;4.191;0.715;235.09;17.83;4.5;0.0;55.0;27.6;56.4;0.33
24/05/2026;21:00:00;3.542;0.558;237.47;14.92;10.4;0.0;55.0;23.8;51.3;0.38
24/05/2026;22:00:00;2.826;0.567;244.55;11.56;0.0;0.0;55.0;23.2;54.5;0.38
24/05/2026;23:00:00;1.673;0.366;236.94;7.06;0.0;0.0;55.0;22.7;55.8;0.27
25/05/2026;00:00:00;0.658;0.138;238.25;2.76;0.0;0.0;55.0;19.5;52.4;0.12
25/05/2026;01:00:00;0.582;0.105;240.04;2.42;0.0;0.0;55.0;21.0;55.8;0.12
25/05/2026;02:00:00;0.783;0.13;238.25;3.29;0.0;0.0;55.0;15.1;66.9;0.12
25/05/2026;03:00:00;0.604;0.034;241.34;2.5;0.0;0.0;55.0;17.9;63.7;0.12
25/05/2026;04:00:00;0.88;0.124;237.67;3.7;0.0;0.0;55.0;17.8;65.7;0.12
25/05/2026;05:00:00;0.928;0.151;236.92;3.92;0.0;0.0;55.0;17.8;65.2;0.12
25/05/2026;06:00:00;1.618;0.195;247.61;6.54;0.0;0.0;55.0;20.1;60.3;0.23
25/05/2026;07:00:00;2.308;0.266;237.38;9.72;0.0;0.5;55.0;22.1;58.4;0.27
25/05/2026;08:00:00;3.199;0.455;242.23;13.21;0.0;9.7;55.0;23.8;56.7;0.66
25/05/2026;09:00:00;2.623;0.535;237.36;11.05;0.0;10.6;55.0;24.4;51.8;0.63
25/05/2026;10:00:00;2.192;0.207;235.69;9.3;0.0;0.0;55.0;24.3;49.8;0.7
25/05/2026;11:00:00;1.546;0.182;239.75;6.45;0.0;0.0;55.0;27.1;49.3;0.65
25/05/2026;12:00:00;1.694;0.273;236.25;7.17;0.0;0.0;55.0;27.7;50.6;0.72
25/05/2026;13:00:00;1.745;0.142;238.9;7.3;0.0;0.0;55.0;29.7;47.3;0.72
25/05/2026;14:00:00;1.579;0.303;237.77;6.64;0.0;0.0;55.0;30.0;52.5;0.6
25/05/2026;15:00:00;1.684;0.275;243.51;6.92;0.0;0.0;55.0;29.0;52.2;0.65
25/05/2026;16:00:00;1.819;0.2;235.68;7.72;0.0;0.0;55.0;27.5;54.0;0.65
25/05/2026;17:00:00;2.359;0.407;241.89;9.75;0.0;0.0;55.0;27.4;54.3;0.68
25/05/2026;18:00:00;3.02;0.294;240.8;12.54;20.1;0.0;55.0;26.7;59.0;0.74
25/05/2026;19:00:00;3.394;0.617;239.36;14.18;21.7;0.0;55.0;26.0;53.5;0.32
25/05/2026;20:00:00;3.485;0.216;237.88;14.65;4.3;0.0;55.0;25.7;58.9;0.24
25/05/2026;21:00:00;3.247;0.398;240.48;13.5;12.0;0.0;55.0;25.1;56.9;0.32
25/05/2026;22:00:00;2.35;0.222;240.63;9.76;0.0;0.0;55.0;22.6;61.9;0.27
25/05/2026;23:00:00;1.612;0.304;241.1;6.68;0.0;0.0;55.0;21.5;65.3;0.22
26/05/2026;00:00:00;0.798;0.142;239.25;3.33;0.0;0.0;55.0;20.7;60.7;0.12
26/05/2026;01:00:00;0.798;0.154;236.79;3.37;0.0;0.0;55.0;18.9;59.8;0.12
26/05/2026;02:00:00;0.725;0.117;242.46;2.99;0.0;0.0;55.0;17.8;60.7;0.12
26/05/2026;03:00:00;0.755;0.14;239.99;3.14;0.0;0.0;55.0;16.4;59.0;0.12
26/05/2026;04:00:00;0.785;0.098;238.28;3.29;0.0;0.0;55.0;18.1;57.4;0.12
26/05/2026;05:00:00;0.902;0.149;237.2;3.8;0.0;0.0;55.0;20.4;62.6;0.12
26/05/2026;06:00:00;1.69;0.093;242.58;6.97;0.0;0.0;55.0;19.4;54.1;0.3
26/05/2026;07:00:00;2.126;0.425;243.88;8.72;0.0;5.0;55.0;21.1;65.6;0.24
26/05/2026;08:00:00;2.86;0.476;241.61;11.84;0.0;6.9;55.0;23.4;54.9;0.74
26/05/2026;09:00:00;2.671;0.527;241.8;11.05;0.0;3.1;55.0;24.8;68.9;0.66
26/05/2026;10:00:00;2.193;0.397;243.28;9.02;0.0;0.0;55.0;23.7;52.0;0.69
26/05/2026;11:00:00;1.887;0.186;238.99;7.89;0.0;0.0;55.0;28.0;53.3;0.75
26/05/2026;12:00:00;1.836;0.177;245.98;7.46;0.0;0.0;55.0;29.2;49.3;0.72
26/05/2026;13:00:00;1.491;0.277;237.03;6.29;0.0;0.0;55.0;26.6;49.1;0.68
26/05/2026;14:00:00;1.708;0.139;239.32;7.14;0.0;0.0;55.0;27.6;57.6;0.71
26/05/2026;15:00:00;1.944;0.134;237.84;8.17;0.0;0.0;55.0;30.8;44.2;0.65
26/05/2026;16:00:00;1.998;0.105;240.18;8.32;0.0;0.0;55.0;28.6;48.1;0.67
26/05/2026;17:00:00;2.274;0.229;244.85;9.29;0.0;0.0;55.0;25.0;57.3;0.69
26/05/2026;18:00:00;2.88;0.193;239.33;12.03;2.6;0.0;55.0;25.4;57.8;0.68
26/05/2026;19:00:00;3.431;0.639;241.18;14.23;17.0;0.0;55.0;26.1;46.5;0.31
26/05/2026;20:00:00;3.403;0.45;231.86;14.68;9.3;0.0;55.0;23.5;58.5;0.25
26/05/2026;21:00:00;3.174;0.295;241.2;13.16;9.5;0.0;55.0;23.4;56.3;0.34
26/05/2026;22:00:00;2.272;0.346;242.8;9.36;0.0;0.0;55.0;22.8;51.6;0.24
26/05/2026;23:00:00;1.785;0.111;240.34;7.43;0.0;0.0;55.0;23.7;51.5;0.33
27/05/2026;00:00:00;0.631;0.109;237.01;2.66;0.0;0.0;55.0;20.0;48.2;0.12
27/05/2026;01:00:00;0.832;0.112;236.64;3.51;0.0;0.0;55.0;21.3;66.0;0.12
27/05/2026;02:00:00;0.495;0.025;238.45;2.07;0.0;0.0;55.0;21.3;62.4;0.12
27/05/2026;03:00:00;0.81;0.084;236.62;3.42;0.0;0.0;55.0;21.2;51.0;0.12
27/05/2026;04:00:00;0.538;0.096;244.41;2.2;0.0;0.0;55.0;19.6;62.7;0.12
27/05/2026;05:00:00;1.004;0.082;241.31;4.16;0.0;0.0;55.0;16.7;58.1;0.12
27/05/2026;06:00:00;1.425;0.304;244.05;5.84;0.0;0.0;55.0;21.2;62.0;0.23
27/05/2026;07:00:00;2.454;0.497;239.19;10.26;0.0;11.3;55.0;23.1;53.5;0.32
27/05/2026;08:00:00;2.986;0.544;237.86;12.56;0.0;1.4;55.0;22.6;54.5;0.69
27/05/2026;09:00:00;2.772;0.176;238.03;11.64;0.0;17.1;55.0;26.6;51.7;0.67
27/05/2026;10:00:00;2.41;0.265;238.71;10.09;0.0;0.0;55.0;26.6;49.8;0.67
27/05/2026;11:00:00;1.935;0.195;238.62;8.11;0.0;0.0;55.0;27.4;59.5;0.71
27/05/2026;12:00:00;1.814;0.133;243.42;7.45;0.0;0.0;55.0;29.2;55.6;0.66
27/05/2026;13:00:00;1.636;0.36;242.56;6.74;0.0;0.0;55.0;28.8;51.9;0.69
27/05/2026;14:00:00;1.454;0.109;240.76;6.04;0.0;0.0;55.0;25.1;59.5;0.6
27/05/2026;15:00:00;1.568;0.162;235.35;6.66;0.0;0.0;55.0;28.3;43.7;0.64
27/05/2026;16:00:00;1.928;0.385;240.83;8.0;0.0;0.0;55.0;30.6;43.8;0.71
27/05/2026;17:00:00;2.126;0.158;239.13;8.89;0.0;0.0;55.0;27.1;55.1;0.62
27/05/2026;18:00:00;2.911;0.378;243.94;11.93;8.3;0.0;55.0;27.2;56.3;0.61
27/05/2026;19:00:00;3.174;0.685;242.51;13.09;19.3;0.0;55.0;24.9;55.9;0.28
27/05/2026;20:00:00;3.742;0.344;240.4;15.56;6.6;0.0;55.0;28.0;42.6;0.27
27/05/2026;21:00:00;3.385;0.574;234.13;14.46;16.6;0.0;55.0;26.5;47.9;0.33
27/05/2026;22:00:00;2.249;0.143;239.62;9.39;0.0;0.0;55.0;21.4;59.4;0.26
27/05/2026;23:00:00;1.424;0.217;238.17;5.98;0.0;0.0;55.0;21.7;69.2;0.33
28/05/2026;00:00:00;0.719;0.077;241.13;2.98;0.0;0.0;55.0;19.4;64.9;0.12
28/05/2026;01:00:00;0.664;0.112;236.8;2.81;0.0;0.0;55.0;20.6;65.8;0.12
28/05/2026;02:00:00;0.613;0.076;240.73;2.55;0.0;0.0;55.0;19.9;60.2;0.12
28/05/2026;03:00:00;0.871;0.088;233.79;3.72;0.0;0.0;55.0;20.2;59.9;0.12
28/05/2026;04:00:00;0.718;0.103;236.12;3.04;0.0;0.0;55.0;19.7;53.5;0.12
28/05/2026;05:00:00;1.112;0.082;237.54;4.68;0.0;0.0;55.0;24.1;59.9;0.12
28/05/2026;06:00:00;5.425;1.022;238.47;22.75;0.0;0.0;55.0;18.9;58.9;0.24
28/05/2026;07:00:00;2.067;0.367;241.09;8.57;0.0;10.1;55.0;18.9;62.7;0.26
28/05/2026;08:00:00;3.008;0.429;235.37;12.78;0.0;5.8;55.0;22.1;56.9;0.75
28/05/2026;09:00:00;2.736;0.307;238.2;11.48;0.0;10.4;55.0;21.6;58.5;0.75
28/05/2026;10:00:00;1.976;0.406;238.28;8.29;0.0;0.0;55.0;23.1;55.5;0.7
28/05/2026;11:00:00;1.492;0.235;241.93;6.17;0.0;0.0;55.0;25.0;55.5;0.71
28/05/2026;12:00:00;1.476;0.145;239.46;6.17;0.0;0.0;55.0;26.2;58.5;0.69
28/05/2026;13:00:00;1.485;0.278;237.29;6.26;0.0;0.0;55.0;26.9;46.6;0.57
28/05/2026;14:00:00;1.592;0.251;236.98;6.72;0.0;0.0;55.0;29.6;43.2;0.76
28/05/2026;15:00:00;1.622;0.116;238.45;6.8;0.0;0.0;55.0;28.2;53.9;0.72
28/05/2026;16:00:00;2.229;0.155;235.38;9.47;0.0;0.0;55.0;28.6;58.8;0.66
28/05/2026;17:00:00;2.645;0.554;244.55;10.82;0.0;0.0;55.0;29.7;59.1;0.7
28/05/2026;18:00:00;3.206;0.317;239.99;13.36;1.9;0.0;55.0;26.4;47.2;0.7
28/05/2026;19:00:00;3.494;0.569;237.44;14.72;2.3;0.0;55.0;26.1;51.5;0.32
28/05/2026;20:00:00;3.652;0.205;237.05;15.4;5.9;0.0;55.0;25.8;46.3;0.25
28/05/2026;21:00:00;3.025;0.437;236.62;12.78;19.5;0.0;55.0;21.1;54.8;0.32
28/05/2026;22:00:00;2.347;0.21;241.04;9.74;0.0;0.0;55.0;19.1;64.7;0.23
28/05/2026;23:00:00;1.802;0.133;235.37;7.66;0.0;0.0;55.0;22.0;56.7;0.27
29/05/2026;00:00:00;0.795;0.144;239.5;3.32;0.0;0.0;55.0;21.2;55.6;0.12
29/05/2026;01:00:00;0.777;0.146;241.61;3.22;0.0;0.0;55.0;22.8;58.9;0.12
29/05/2026;02:00:00;0.676;0.116;238.36;2.84;0.0;0.0;55.0;19.4;54.9;0.12
29/05/2026;03:00:00;0.763;0.04;237.17;3.22;0.0;0.0;55.0;20.2;66.2;0.12
29/05/2026;04:00:00;0.684;0.067;242.35;2.82;0.0;0.0;55.0;18.9;59.3;0.12
29/05/2026;05:00:00;0.999;0.111;236.83;4.22;0.0;0.0;55.0;20.1;56.3;0.12
29/05/2026;06:00:00;1.523;0.255;239.22;6.37;0.0;0.0;55.0;23.0;59.0;0.24
29/05/2026;07:00:00;2.235;0.399;240.32;9.3;0.0;18.6;55.0;18.3;64.4;0.3
29/05/2026;08:00:00;2.92;0.458;238.31;12.25;0.0;17.4;55.0;23.3;63.7;0.67
29/05/2026;09:00:00;3.023;0.557;236.64;12.77;0.0;17.4;55.0;27.2;51.6;0.77
29/05/2026;10:00:00;2.156;0.264;238.44;9.04;0.0;0.0;55.0;25.7;59.3;0.75
29/05/2026;11:00:00;2.137;0.304;240.95;8.87;0.0;0.0;55.0;29.0;51.7;0.66
29/05/2026;12:00:00;1.384;0.084;237.96;5.82;0.0;0.0;55.0;26.6;50.1;0.59
29/05/2026;13:00:00;1.695;0.208;241.27;7.02;0.0;0.0;55.0;28.3;47.9;0.67
29/05/2026;14:00:00;1.605;0.198;239.29;6.71;0.0;0.0;55.0;28.9;45.8;0.67
29/05/2026;15:00:00;1.532;0.236;238.31;6.43;0.0;0.0;55.0;25.7;50.2;0.65
29/05/2026;16:00:00;1.974;0.226;237.97;8.3;0.0;0.0;55.0;27.1;58.3;0.74
29/05/2026;17:00:00;2.154;0.195;240.65;8.95;0.0;0.0;55.0;26.7;56.6;0.74
29/05/2026;18:00:00;3.094;0.28;243.16;12.72;17.7;0.0;55.0;28.8;45.2;0.75
29/05/2026;19:00:00;3.343;0.243;240.34;13.91;8.5;0.0;55.0;27.8;43.4;0.23
29/05/2026;20:00:00;3.448;0.583;237.3;14.53;10.5;0.0;55.0;25.8;48.2;0.25
29/05/2026;21:00:00;3.331;0.519;243.06;13.71;23.2;0.0;55.0;25.2;50.3;0.32
29/05/2026;22:00:00;2.437;0.362;237.52;10.26;0.0;0.0;55.0;22.5;54.9;0.32
29/05/2026;23:00:00;1.591;0.223;244.84;6.5;0.0;0.0;55.0;23.3;61.6;0.25
30/05/2026;00:00:00;0.725;0.082;239.55;3.03;0.0;0.0;55.0;20.5;55.3;0.14
30/05/2026;01:00:00;0.66;0.119;237.54;2.78;0.0;0.0;55.0;19.8;67.0;0.14
30/05/2026;02:00:00;0.699;0.145;241.56;2.89;0.0;0.0;55.0;18.8;51.0;0.14
30/05/2026;03:00:00;0.643;0.08;239.13;2.69;0.0;0.0;55.0;20.0;56.6;0.14
30/05/2026;04:00:00;0.828;0.099;241.24;3.43;0.0;0.0;55.0;18.5;63.5;0.14
30/05/2026;05:00:00;1.187;0.092;240.26;4.94;0.0;0.0;55.0;21.1;61.7;0.14
30/05/2026;06:00:00;1.765;0.289;236.14;7.47;0.0;0.0;55.0;18.8;57.7;0.28
30/05/2026;07:00:00;2.705;0.392;239.8;11.28;0.0;5.8;55.0;19.9;63.5;0.35
30/05/2026;08:00:00;2.925;0.638;241.4;12.12;0.0;16.8;55.0;23.7;59.5;0.36
30/05/2026;09:00:00;2.626;0.392;240.32;10.93;0.0;11.4;55.0;23.9;51.9;0.38
30/05/2026;10:00:00;1.955;0.194;243.52;8.03;0.0;0.0;55.0;24.6;56.3;0.28
30/05/2026;11:00:00;1.84;0.268;240.87;7.64;0.0;0.0;55.0;27.8;55.6;0.39
30/05/2026;12:00:00;1.327;0.289;239.32;5.55;0.0;0.0;55.0;26.6;50.0;0.27
30/05/2026;13:00:00;1.242;0.215;240.59;5.16;0.0;0.0;55.0;28.0;60.4;0.34
30/05/2026;14:00:00;1.57;0.113;238.62;6.58;0.0;0.0;55.0;30.9;45.5;0.34
30/05/2026;15:00:00;1.76;0.191;241.01;7.3;0.0;0.0;55.0;31.3;50.1;0.31
30/05/2026;16:00:00;1.959;0.197;241.01;8.13;0.0;0.0;55.0;31.2;43.2;0.32
30/05/2026;17:00:00;2.211;0.433;236.53;9.35;0.0;0.0;55.0;27.9;52.6;0.38
30/05/2026;18:00:00;3.173;0.488;242.16;13.1;7.1;0.0;55.0;29.4;45.6;0.34
30/05/2026;19:00:00;3.639;0.683;246.25;14.78;20.3;0.0;55.0;25.1;52.9;0.32
30/05/2026;20:00:00;3.716;0.297;241.53;15.39;21.5;0.0;55.0;23.9;47.3;0.27
30/05/2026;21:00:00;3.459;0.707;234.32;14.76;19.1;0.0;55.0;20.5;62.0;0.25
30/05/2026;22:00:00;2.764;0.166;238.81;11.58;0.0;0.0;55.0;25.2;56.0;0.27
30/05/2026;23:00:00;5.633;0.641;236.42;23.82;0.0;0.0;55.0;20.2;63.7;0.38
31/05/2026;00:00:00;0.835;0.044;239.18;3.49;0.0;0.0;55.0;20.3;56.4;0.14
31/05/2026;01:00:00;0.695;0.057;241.92;2.87;0.0;0.0;55.0;18.3;65.4;0.14
31/05/2026;02:00:00;0.829;0.177;237.99;3.48;0.0;0.0;55.0;20.2;58.4;0.14
31/05/2026;03:00:00;0.595;0.038;245.28;2.43;0.0;0.0;55.0;18.4;60.2;0.14
31/05/2026;04:00:00;0.821;0.061;231.93;3.54;0.0;0.0;55.0;17.2;71.2;0.14
31/05/2026;05:00:00;1.091;0.226;239.31;4.56;0.0;0.0;55.0;20.3;55.7;0.14
31/05/2026;06:00:00;1.596;0.272;241.06;6.62;0.0;0.0;55.0;18.3;65.9;0.31
31/05/2026;07:00:00;2.449;0.292;236.59;10.35;0.0;4.9;55.0;20.2;60.6;0.27
31/05/2026;08:00:00;2.916;0.18;236.95;12.31;0.0;2.6;55.0;19.5;55.9;0.33
31/05/2026;09:00:00;2.516;0.462;242.12;10.39;0.0;9.0;55.0;21.9;50.3;0.29
31/05/2026;10:00:00;2.068;0.277;245.4;8.43;0.0;0.0;55.0;25.6;48.8;0.34
31/05/2026;11:00:00;1.17;0.123;245.73;4.76;0.0;0.0;55.0;23.6;61.2;0.34
31/05/2026;12:00:00;1.198;0.133;239.03;5.01;0.0;0.0;55.0;25.3;62.8;0.35
31/05/2026;13:00:00;1.623;0.221;243.78;6.66;0.0;0.0;55.0;28.3;52.2;0.39
31/05/2026;14:00:00;1.485;0.213;239.81;6.19;0.0;0.0;55.0;28.0;52.7;0.31
31/05/2026;15:00:00;1.874;0.354;242.57;7.73;0.0;0.0;55.0;32.0;52.7;0.32
31/05/2026;16:00:00;2.024;0.367;239.41;8.45;0.0;0.0;55.0;31.6;49.5;0.36
31/05/2026;17:00:00;6.257;1.129;236.82;26.42;0.0;0.0;55.0;27.0;58.3;0.33
31/05/2026;18:00:00;5.384;0.937;244.49;22.02;18.9;0.0;55.0;28.4;53.2;0.26
31/05/2026;19:00:00;3.887;0.695;245.22;15.85;17.4;0.0;55.0;27.6;53.0;0.37
31/05/2026;20:00:00;3.901;0.644;238.82;16.34;15.9;0.0;55.0;24.4;51.4;0.26
31/05/2026;21:00:00;3.303;0.653;242.62;13.62;8.5;0.0;55.0;21.8;52.3;0.28
31/05/2026;22:00:00;2.66;0.385;239.59;11.1;0.0;0.0;55.0;22.7;40.5;0.27
31/05/2026;23:00:00;1.816;0.252;246.11;7.38;0.0;0.0;55.0;21.2;63.6;0.26
01/06/2026;00:00:00;0.957;0.162;235.82;4.06;0.0;0.0;55.0;24.2;54.3;0.12
01/06/2026;01:00:00;0.892;0.07;239.5;3.73;0.0;0.0;55.0;24.7;52.6;0.12
01/06/2026;02:00:00;0.555;0.101;235.95;2.35;0.0;0.0;55.0;22.4;46.7;0.12
01/06/2026;03:00:00;0.732;0.153;235.56;3.11;0.0;0.0;55.0;21.7;53.9;0.12
01/06/2026;04:00:00;0.97;0.097;239.68;4.05;0.0;0.0;55.0;23.7;51.6;0.12
01/06/2026;05:00:00;1.033;0.159;238.74;4.33;0.0;0.0;55.0;24.6;50.7;0.12
01/06/2026;06:00:00;1.614;0.09;237.17;6.81;0.0;0.0;55.0;23.1;57.6;0.25
01/06/2026;07:00:00;2.803;0.505;242.34;11.57;0.0;0.4;55.0;27.3;53.2;0.22
01/06/2026;08:00:00;2.968;0.431;243.64;12.18;0.0;10.3;55.0;24.4;48.0;0.65
01/06/2026;09:00:00;2.968;0.488;241.44;12.29;0.0;10.3;55.0;27.5;45.9;0.65
01/06/2026;10:00:00;2.642;0.196;234.75;11.25;0.0;0.0;55.0;29.3;44.5;0.67
01/06/2026;11:00:00;2.032;0.381;240.95;8.43;0.0;0.0;55.0;29.9;59.5;0.67
01/06/2026;12:00:00;1.851;0.173;240.92;7.68;0.0;0.0;55.0;31.1;57.0;0.67
01/06/2026;13:00:00;2.284;0.38;237.64;9.61;0.0;0.0;55.0;35.5;41.7;0.74
01/06/2026;14:00:00;2.117;0.319;240.97;8.78;0.0;0.0;55.0;31.9;39.0;0.74
01/06/2026;15:00:00;2.388;0.385;238.58;10.01;0.0;0.0;55.0;37.1;45.4;0.62
01/06/2026;16:00:00;2.49;0.146;237.7;10.47;0.0;0.0;55.0;33.9;47.5;0.66
01/06/2026;17:00:00;2.875;0.506;236.69;12.15;0.0;0.0;55.0;32.9;49.7;0.71
01/06/2026;18:00:00;3.609;0.668;242.34;14.89;13.0;0.0;55.0;32.6;52.0;0.75
01/06/2026;19:00:00;4.09;0.535;243.62;16.79;21.0;0.0;55.0;34.7;48.9;0.24
01/06/2026;20:00:00;3.783;0.452;239.6;15.79;4.7;0.0;55.0;28.2;46.3;0.28
01/06/2026;21:00:00;3.286;0.356;242.76;13.54;15.8;0.0;55.0;26.7;54.5;0.27
01/06/2026;22:00:00;2.73;0.567;244.27;11.17;0.0;0.0;55.0;26.0;57.9;0.3
01/06/2026;23:00:00;1.975;0.352;240.37;8.22;0.0;0.0;55.0;25.9;50.0;0.33
02/06/2026;00:00:00;0.664;0.112;239.78;2.77;0.0;0.0;55.0;22.3;58.1;0.12
02/06/2026;01:00:00;0.927;0.192;241.31;3.84;0.0;0.0;55.0;24.1;52.4;0.12
02/06/2026;02:00:00;1.178;0.129;237.65;4.96;0.0;0.0;55.0;26.1;63.5;0.12
02/06/2026;03:00:00;0.814;0.128;241.53;3.37;0.0;0.0;55.0;23.6;48.9;0.12
02/06/2026;04:00:00;0.838;0.14;240.42;3.49;0.0;0.0;55.0;23.1;61.7;0.12
02/06/2026;05:00:00;0.889;0.195;236.34;3.76;0.0;0.0;55.0;23.1;47.5;0.12
02/06/2026;06:00:00;1.894;0.232;236.37;8.01;0.0;0.0;55.0;26.2;62.4;0.31
02/06/2026;07:00:00;2.514;0.297;237.24;10.6;0.0;14.8;55.0;24.7;49.0;0.29
02/06/2026;08:00:00;3.578;0.23;241.44;14.82;0.0;18.7;55.0;29.9;51.5;0.69
02/06/2026;09:00:00;3.243;0.216;239.06;13.57;0.0;8.0;55.0;31.3;41.2;0.63
02/06/2026;10:00:00;4.835;0.662;239.93;20.15;0.0;0.0;55.0;30.1;43.6;0.7
02/06/2026;11:00:00;2.061;0.163;243.83;8.45;0.0;0.0;55.0;30.9;54.2;0.62
02/06/2026;12:00:00;2.486;0.155;241.24;10.31;0.0;0.0;55.0;33.5;52.8;0.76
02/06/2026;13:00:00;2.19;0.469;238.2;9.19;0.0;0.0;55.0;34.4;48.1;0.7
02/06/2026;14:00:00;1.626;0.344;237.24;6.85;0.0;0.0;55.0;32.0;52.5;0.66
02/06/2026;15:00:00;2.023;0.213;240.85;8.4;0.0;0.0;55.0;32.6;53.5;0.75
02/06/2026;16:00:00;2.263;0.417;237.28;9.54;0.0;0.0;55.0;31.2;46.0;0.65
02/06/2026;17:00:00;2.77;0.549;243.51;11.38;0.0;0.0;55.0;33.3;40.7;0.66
02/06/2026;18:00:00;3.523;0.455;240.69;14.64;19.5;0.0;55.0;32.9;48.0;0.75
02/06/2026;19:00:00;3.446;0.303;240.36;14.34;22.5;0.0;55.0;28.9;48.4;0.3
02/06/2026;20:00:00;3.78;0.272;237.33;15.93;6.6;0.0;55.0;29.0;53.1;0.22
02/06/2026;21:00:00;3.4;0.251;241.73;14.07;19.0;0.0;55.0;26.4;56.0;0.28
02/06/2026;22:00:00;2.71;0.503;243.16;11.14;0.0;0.0;55.0;25.8;50.4;0.31
02/06/2026;23:00:00;1.891;0.218;239.62;7.89;0.0;0.0;55.0;26.7;56.5;0.28
03/06/2026;00:00:00;0.933;0.157;242.6;3.85;0.0;0.0;55.0;23.8;58.7;0.12
03/06/2026;01:00:00;0.682;0.097;238.87;2.85;0.0;0.0;55.0;23.6;59.1;0.12
03/06/2026;02:00:00;0.749;0.088;239.83;3.12;0.0;0.0;55.0;21.1;55.5;0.12
03/06/2026;03:00:00;0.877;0.062;245.84;3.57;0.0;0.0;55.0;23.7;59.4;0.12
03/06/2026;04:00:00;0.755;0.081;238.96;3.16;0.0;0.0;55.0;23.5;58.2;0.12
03/06/2026;05:00:00;0.891;0.172;241.51;3.69;0.0;0.0;55.0;23.0;59.2;0.12
03/06/2026;06:00:00;1.82;0.342;238.91;7.62;0.0;0.0;55.0;24.6;63.1;0.29
03/06/2026;07:00:00;2.517;0.138;240.79;10.45;0.0;8.4;55.0;26.2;55.1;0.26
03/06/2026;08:00:00;3.216;0.237;241.95;13.29;0.0;15.1;55.0;25.9;50.7;0.66
03/06/2026;09:00:00;3.05;0.544;237.48;12.84;0.0;16.5;55.0;26.2;47.9;0.74
03/06/2026;10:00:00;2.78;0.298;238.03;11.68;0.0;0.0;55.0;32.4;54.1;0.69
03/06/2026;11:00:00;1.961;0.313;241.59;8.12;0.0;0.0;55.0;29.9;52.2;0.74
03/06/2026;12:00:00;2.03;0.296;240.45;8.44;0.0;0.0;55.0;31.8;57.3;0.75
03/06/2026;13:00:00;2.075;0.334;243.28;8.53;0.0;0.0;55.0;34.2;36.9;0.75
03/06/2026;14:00:00;4.829;0.286;240.76;20.06;0.0;0.0;55.0;38.5;48.1;0.72
03/06/2026;15:00:00;2.228;0.464;245.21;9.09;0.0;0.0;55.0;31.5;47.9;0.72
03/06/2026;16:00:00;2.32;0.124;241.95;9.59;0.0;0.0;55.0;33.9;45.5;0.66
03/06/2026;17:00:00;2.761;0.142;245.26;11.26;0.0;0.0;55.0;31.7;45.2;0.73
03/06/2026;18:00:00;3.566;0.315;244.73;14.57;18.5;0.0;55.0;31.1;54.0;0.76
03/06/2026;19:00:00;3.643;0.797;238.2;15.29;3.4;0.0;55.0;29.8;53.6;0.26
03/06/2026;20:00:00;3.832;0.239;244.15;15.7;23.3;0.0;55.0;28.0;46.3;0.23
03/06/2026;21:00:00;3.511;0.698;242.63;14.47;24.3;0.0;55.0;28.3;52.6;0.24
03/06/2026;22:00:00;2.432;0.187;242.44;10.03;0.0;0.0;55.0;24.9;58.0;0.26
03/06/2026;23:00:00;2.081;0.143;243.32;8.55;0.0;0.0;55.0;27.3;53.4;0.29
04/06/2026;00:00:00;1.066;0.195;239.13;4.46;0.0;0.0;55.0;24.9;60.0;0.12
04/06/2026;01:00:00;0.949;0.184;240.92;3.94;0.0;0.0;55.0;24.7;53.2;0.12
04/06/2026;02:00:00;0.961;0.177;238.82;4.02;0.0;0.0;55.0;22.9;44.8;0.12
04/06/2026;03:00:00;0.558;0.051;246.47;2.26;0.0;0.0;55.0;22.8;57.1;0.12
04/06/2026;04:00:00;0.952;0.19;237.89;4.0;0.0;0.0;55.0;24.0;56.1;0.12
04/06/2026;05:00:00;0.887;0.055;236.42;3.75;0.0;0.0;55.0;22.3;58.1;0.12
04/06/2026;06:00:00;1.652;0.179;237.71;6.95;0.0;0.0;55.0;24.3;60.5;0.29
04/06/2026;07:00:00;2.638;0.34;239.85;11.0;0.0;5.3;55.0;24.6;45.0;0.29
04/06/2026;08:00:00;3.301;0.203;239.83;13.76;0.0;6.6;55.0;25.8;52.6;0.79
04/06/2026;09:00:00;2.771;0.412;242.49;11.43;0.0;14.8;55.0;25.2;49.6;0.64
04/06/2026;10:00:00;2.645;0.384;240.09;11.02;0.0;0.0;55.0;31.7;43.0;0.61
04/06/2026;11:00:00;1.769;0.387;238.61;7.41;0.0;0.0;55.0;29.9;50.1;0.69
04/06/2026;12:00:00;2.271;0.354;241.35;9.41;0.0;0.0;55.0;33.7;51.0;0.65
04/06/2026;13:00:00;2.422;0.285;243.26;9.96;0.0;0.0;55.0;34.3;48.4;0.74
04/06/2026;14:00:00;2.04;0.376;240.58;8.48;0.0;0.0;55.0;31.3;45.9;0.7
04/06/2026;15:00:00;2.117;0.226;242.43;8.73;0.0;0.0;55.0;31.8;48.3;0.72
04/06/2026;16:00:00;2.675;0.376;240.23;11.14;0.0;0.0;55.0;37.1;49.4;0.7
04/06/2026;17:00:00;2.875;0.171;239.27;12.02;0.0;0.0;55.0;35.3;49.5;0.66
04/06/2026;18:00:00;3.646;0.382;241.96;15.07;21.3;0.0;55.0;31.9;46.1;0.75
04/06/2026;19:00:00;3.85;0.538;240.64;16.0;12.7;0.0;55.0;31.3;46.3;0.24
04/06/2026;20:00:00;3.899;0.66;242.81;16.06;18.9;0.0;55.0;28.7;42.8;0.26
04/06/2026;21:00:00;3.653;0.244;244.32;14.95;24.4;0.0;55.0;29.0;49.0;0.3
04/06/2026;22:00:00;2.713;0.503;239.68;11.32;0.0;0.0;55.0;26.0;44.9;0.3
04/06/2026;23:00:00;1.601;0.325;241.81;6.62;0.0;0.0;55.0;22.8;66.5;0.23
05/06/2026;00:00:00;1.066;0.104;242.99;4.39;0.0;0.0;55.0;22.9;51.8;0.12
05/06/2026;01:00:00;0.829;0.149;241.15;3.44;0.0;0.0;55.0;24.1;60.7;0.12
05/06/2026;02:00:00;0.645;0.052;241.43;2.67;0.0;0.0;55.0;21.9;66.0;0.12
05/06/2026;03:00:00;0.941;0.131;240.4;3.91;0.0;0.0;55.0;23.3;56.8;0.12
05/06/2026;04:00:00;0.744;0.138;240.72;3.09;0.0;0.0;55.0;22.0;56.3;0.12
05/06/2026;05:00:00;1.008;0.117;241.46;4.18;0.0;0.0;55.0;22.9;49.5;0.12
05/06/2026;06:00:00;2.033;0.111;238.3;8.53;0.0;0.0;55.0;26.1;51.0;0.24
05/06/2026;07:00:00;2.715;0.385;235.24;11.54;0.0;18.2;55.0;26.3;61.4;0.31
05/06/2026;08:00:00;3.52;0.681;239.75;14.68;0.0;10.7;55.0;27.1;54.5;0.78
05/06/2026;09:00:00;3.077;0.211;239.53;12.85;0.0;8.1;55.0;29.7;50.8;0.74
05/06/2026;10:00:00;2.549;0.14;244.54;10.42;0.0;0.0;55.0;30.4;56.6;0.61
05/06/2026;11:00:00;2.233;0.419;240.83;9.27;0.0;0.0;55.0;33.1;51.4;0.78
05/06/2026;12:00:00;1.95;0.186;241.57;8.07;0.0;0.0;55.0;31.2;48.7;0.77
05/06/2026;13:00:00;1.998;0.224;238.85;8.37;0.0;0.0;55.0;32.1;49.8;0.7
05/06/2026;14:00:00;1.868;0.121;238.33;7.84;0.0;0.0;55.0;31.3;45.5;0.63
05/06/2026;15:00:00;2.098;0.139;237.66;8.83;0.0;0.0;55.0;32.7;45.4;0.56
05/06/2026;16:00:00;2.656;0.41;236.47;11.23;0.0;0.0;55.0;34.7;45.6;0.76
05/06/2026;17:00:00;3.04;0.437;242.03;12.56;0.0;0.0;55.0;34.7;49.4;0.64
05/06/2026;18:00:00;3.421;0.341;240.86;14.2;5.1;0.0;55.0;33.4;41.5;0.7
05/06/2026;19:00:00;3.838;0.487;244.14;15.72;3.3;0.0;55.0;28.2;52.2;0.32
05/06/2026;20:00:00;4.022;0.466;241.54;16.65;4.2;0.0;55.0;31.3;47.4;0.22
05/06/2026;21:00:00;3.496;0.588;240.68;14.53;14.9;0.0;55.0;25.6;49.4;0.32
05/06/2026;22:00:00;2.509;0.493;234.45;10.7;0.0;0.0;55.0;28.4;49.7;0.22
05/06/2026;23:00:00;1.886;0.34;245.34;7.69;0.0;0.0;55.0;25.3;42.5;0.3
06/06/2026;00:00:00;0.848;0.043;240.11;3.53;0.0;0.0;55.0;25.9;49.9;0.14
06/06/2026;01:00:00;0.612;0.041;234.17;2.61;0.0;0.0;55.0;22.1;51.3;0.14
06/06/2026;02:00:00;0.983;0.121;240.63;4.08;0.0;0.0;55.0;25.3;52.7;0.14
06/06/2026;03:00:00;0.678;0.132;237.73;2.85;0.0;0.0;55.0;21.2;46.0;0.14
06/06/2026;04:00:00;0.972;0.088;237.63;4.09;0.0;0.0;55.0;22.6;57.3;0.14
06/06/2026;05:00:00;1.248;0.249;240.75;5.18;0.0;0.0;55.0;22.6;60.9;0.14
06/06/2026;06:00:00;1.561;0.107;238.36;6.55;0.0;0.0;55.0;22.2;56.0;0.26
06/06/2026;07:00:00;2.814;0.175;242.87;11.58;0.0;2.1;55.0;26.0;56.1;0.36
06/06/2026;08:00:00;3.38;0.694;239.68;14.1;0.0;14.6;55.0;29.8;48.0;0.26
06/06/2026;09:00:00;3.444;0.267;241.12;14.28;0.0;3.7;55.0;32.4;40.7;0.27
06/06/2026;10:00:00;2.312;0.298;241.59;9.57;0.0;0.0;55.0;29.8;50.5;0.27
06/06/2026;11:00:00;2.042;0.215;240.71;8.48;0.0;0.0;55.0;32.6;51.7;0.39
06/06/2026;12:00:00;1.742;0.131;240.6;7.24;0.0;0.0;55.0;32.3;42.0;0.28
06/06/2026;13:00:00;1.796;0.283;240.4;7.47;0.0;0.0;55.0;33.5;45.3;0.38
06/06/2026;14:00:00;1.698;0.363;244.18;6.96;0.0;0.0;55.0;32.7;47.0;0.39
06/06/2026;15:00:00;1.912;0.31;242.36;7.89;0.0;0.0;55.0;33.7;61.7;0.31
06/06/2026;16:00:00;2.191;0.241;238.07;9.2;0.0;0.0;55.0;34.0;48.3;0.34
06/06/2026;17:00:00;2.652;0.453;236.89;11.19;0.0;0.0;55.0;31.9;39.4;0.36
06/06/2026;18:00:00;3.179;0.236;237.78;13.37;24.1;0.0;55.0;31.8;38.2;0.31
06/06/2026;19:00:00;4.084;0.607;241.2;16.93;6.3;0.0;55.0;30.8;53.4;0.28
06/06/2026;20:00:00;4.357;0.566;236.91;18.39;20.7;0.0;55.0;30.9;62.1;0.31
06/06/2026;21:00:00;3.826;0.425;238.17;16.07;23.0;0.0;55.0;26.8;51.6;0.36
06/06/2026;22:00:00;3.143;0.552;236.24;13.3;0.0;0.0;55.0;27.0;51.1;0.36
06/06/2026;23:00:00;2.235;0.157;242.61;9.21;0.0;0.0;55.0;28.8;53.5;0.28
07/06/2026;00:00:00;1.222;0.172;241.86;5.05;0.0;0.0;55.0;26.6;49.1;0.14
07/06/2026;01:00:00;0.828;0.162;242.46;3.42;0.0;0.0;55.0;26.1;40.8;0.14
07/06/2026;02:00:00;1.024;0.086;238.67;4.29;0.0;0.0;55.0;23.6;60.7;0.14
07/06/2026;03:00:00;4.817;0.457;235.08;20.49;0.0;0.0;55.0;23.9;52.2;0.14
07/06/2026;04:00:00;0.908;0.147;237.66;3.82;0.0;0.0;55.0;25.1;59.6;0.14
07/06/2026;05:00:00;1.237;0.224;236.23;5.24;0.0;0.0;55.0;26.4;49.5;0.14
07/06/2026;06:00:00;1.574;0.155;236.2;6.66;0.0;0.0;55.0;21.9;57.5;0.38
07/06/2026;07:00:00;6.557;0.729;243.18;26.96;0.0;0.2;55.0;23.9;59.5;0.29
07/06/2026;08:00:00;3.406;0.599;239.31;14.23;0.0;5.4;55.0;29.1;56.5;0.26
07/06/2026;09:00:00;2.943;0.29;240.81;12.22;0.0;0.4;55.0;28.0;53.2;0.32
07/06/2026;10:00:00;2.086;0.341;243.09;8.58;0.0;0.0;55.0;28.7;52.4;0.29
07/06/2026;11:00:00;1.907;0.147;237.15;8.04;0.0;0.0;55.0;29.0;54.3;0.31
07/06/2026;12:00:00;1.547;0.185;241.72;6.4;0.0;0.0;55.0;31.1;51.8;0.34
07/06/2026;13:00:00;1.532;0.256;235.93;6.49;0.0;0.0;55.0;30.6;43.4;0.28
07/06/2026;14:00:00;2.049;0.263;240.71;8.51;0.0;0.0;55.0;36.4;39.0;0.3
07/06/2026;15:00:00;1.876;0.1;242.99;7.72;0.0;0.0;55.0;33.4;37.2;0.36
07/06/2026;16:00:00;2.081;0.248;236.81;8.79;0.0;0.0;55.0;33.1;51.7;0.34
07/06/2026;17:00:00;2.656;0.263;242.32;10.96;0.0;0.0;55.0;33.6;45.5;0.3
07/06/2026;18:00:00;3.597;0.242;240.63;14.95;16.0;0.0;55.0;33.4;51.8;0.34
07/06/2026;19:00:00;4.207;0.217;238.73;17.62;15.1;0.0;55.0;32.3;50.6;0.36
07/06/2026;20:00:00;4.682;0.27;236.64;19.78;18.4;0.0;55.0;31.3;44.4;0.33
07/06/2026;21:00:00;3.708;0.784;240.68;15.41;15.5;0.0;55.0;27.4;51.8;0.29
07/06/2026;22:00:00;3.009;0.534;241.38;12.46;0.0;0.0;55.0;26.7;50.8;0.25
07/06/2026;23:00:00;2.017;0.423;239.11;8.44;0.0;0.0;55.0;27.0;49.7;0.36
08/06/2026;00:00:00;0.768;0.053;237.25;3.24;0.0;0.0;55.0;24.1;59.7;0.12
08/06/2026;01:00:00;0.762;0.112;242.13;3.15;0.0;0.0;55.0;24.1;67.7;0.12
08/06/2026;02:00:00;0.737;0.047;243.32;3.03;0.0;0.0;55.0;24.2;60.7;0.12
08/06/2026;03:00:00;0.943;0.051;242.67;3.88;0.0;0.0;55.0;24.6;54.6;0.12
08/06/2026;04:00:00;0.734;0.095;244.45;3.0;0.0;0.0;55.0;20.9;64.0;0.12
08/06/2026;05:00:00;0.917;0.147;238.18;3.85;0.0;0.0;55.0;25.1;62.9;0.12
08/06/2026;06:00:00;1.975;0.12;236.04;8.37;0.0;0.0;55.0;24.5;47.8;0.24
08/06/2026;07:00:00;2.691;0.302;241.15;11.16;0.0;13.0;55.0;27.0;59.0;0.29
08/06/2026;08:00:00;3.483;0.228;238.87;14.58;0.0;4.3;55.0;28.3;55.6;0.73
08/06/2026;09:00:00;3.377;0.377;242.77;13.91;0.0;18.2;55.0;30.8;55.7;0.59
08/06/2026;10:00:00;2.745;0.357;237.1;11.58;0.0;0.0;55.0;31.7;53.1;0.64
08/06/2026;11:00:00;2.234;0.24;237.3;9.41;0.0;0.0;55.0;32.9;46.9;0.69
08/06/2026;12:00:00;1.993;0.295;240.19;8.3;0.0;0.0;55.0;34.1;57.3;0.76
08/06/2026;13:00:00;2.162;0.323;240.49;8.99;0.0;0.0;55.0;33.2;49.6;0.74
08/06/2026;14:00:00;5.813;0.62;241.89;24.03;0.0;0.0;55.0;33.3;45.6;0.75
08/06/2026;15:00:00;4.632;0.538;239.72;19.32;0.0;0.0;55.0;34.7;49.2;0.7
08/06/2026;16:00:00;4.61;0.576;234.63;19.65;0.0;0.0;55.0;34.3;51.8;0.72
08/06/2026;17:00:00;2.769;0.315;249.67;11.09;0.0;0.0;55.0;32.3;49.1;0.74
08/06/2026;18:00:00;3.313;0.594;240.09;13.8;20.3;0.0;55.0;32.5;50.3;0.64
08/06/2026;19:00:00;3.599;0.266;248.09;14.51;14.1;0.0;55.0;30.8;50.2;0.3
08/06/2026;20:00:00;3.839;0.751;239.65;16.02;10.3;0.0;55.0;28.4;48.4;0.3
08/06/2026;21:00:00;3.647;0.388;237.05;15.39;13.1;0.0;55.0;30.3;46.0;0.25
08/06/2026;22:00:00;2.707;0.469;239.11;11.32;0.0;0.0;55.0;27.2;45.6;0.29
08/06/2026;23:00:00;2.442;0.489;243.08;10.05;0.0;0.0;55.0;29.0;58.8;0.28
09/06/2026;00:00:00;0.802;0.161;241.73;3.32;0.0;0.0;55.0;22.4;55.3;0.12
09/06/2026;01:00:00;0.795;0.101;240.86;3.3;0.0;0.0;55.0;23.2;38.7;0.12
09/06/2026;02:00:00;0.495;0.046;239.83;2.06;0.0;0.0;55.0;23.6;57.5;0.12
09/06/2026;03:00:00;1.05;0.161;240.36;4.37;0.0;0.0;55.0;25.1;56.2;0.12
09/06/2026;04:00:00;1.28;0.104;239.58;5.34;0.0;0.0;55.0;24.2;45.7;0.12
09/06/2026;05:00:00;1.119;0.206;243.35;4.6;0.0;0.0;55.0;24.5;50.6;0.12
09/06/2026;06:00:00;1.519;0.26;242.56;6.26;0.0;0.0;55.0;23.2;51.5;0.23
09/06/2026;07:00:00;2.417;0.448;237.36;10.18;0.0;1.6;55.0;24.2;51.4;0.23
09/06/2026;08:00:00;3.295;0.407;235.86;13.97;0.0;17.8;55.0;27.6;58.4;0.78
09/06/2026;09:00:00;2.945;0.426;236.57;12.45;0.0;4.9;55.0;26.3;52.6;0.63
09/06/2026;10:00:00;2.64;0.178;239.0;11.05;0.0;0.0;55.0;28.9;49.2;0.71
09/06/2026;11:00:00;2.087;0.348;240.62;8.68;0.0;0.0;55.0;31.6;54.7;0.69
09/06/2026;12:00:00;1.745;0.232;239.85;7.28;0.0;0.0;55.0;30.5;52.5;0.62
09/06/2026;13:00:00;2.204;0.301;241.76;9.12;0.0;0.0;55.0;35.1;37.6;0.69
09/06/2026;14:00:00;2.131;0.413;239.96;8.88;0.0;0.0;55.0;35.1;43.3;0.65
09/06/2026;15:00:00;1.729;0.314;244.47;7.07;0.0;0.0;55.0;31.0;51.2;0.6
09/06/2026;16:00:00;2.219;0.313;241.42;9.19;0.0;0.0;55.0;31.8;44.3;0.68
09/06/2026;17:00:00;2.484;0.274;240.05;10.35;0.0;0.0;55.0;29.3;61.1;0.7
09/06/2026;18:00:00;3.498;0.44;235.77;14.83;19.7;0.0;55.0;30.8;50.4;0.65
09/06/2026;19:00:00;4.007;0.439;240.98;16.63;0.4;0.0;55.0;32.0;45.0;0.32
09/06/2026;20:00:00;4.094;0.31;241.4;16.96;23.1;0.0;55.0;29.1;45.5;0.33
09/06/2026;21:00:00;3.725;0.595;238.0;15.65;10.2;0.0;55.0;29.1;55.8;0.32
09/06/2026;22:00:00;2.625;0.44;236.76;11.09;0.0;0.0;55.0;24.8;51.3;0.32
09/06/2026;23:00:00;1.945;0.418;243.07;8.0;0.0;0.0;55.0;27.1;54.6;0.29
10/06/2026;00:00:00;1.017;0.13;237.29;4.29;0.0;0.0;55.0;24.0;49.4;0.12
10/06/2026;01:00:00;0.904;0.199;240.46;3.76;0.0;0.0;55.0;24.1;55.5;0.12
10/06/2026;02:00:00;0.661;0.054;240.08;2.75;0.0;0.0;55.0;23.4;52.5;0.12
10/06/2026;03:00:00;0.593;0.096;241.25;2.46;0.0;0.0;55.0;21.5;55.6;0.12
10/06/2026;04:00:00;0.596;0.131;237.31;2.51;0.0;0.0;55.0;21.8;53.0;0.12
10/06/2026;05:00:00;0.974;0.155;239.66;4.07;0.0;0.0;55.0;25.5;59.1;0.12
10/06/2026;06:00:00;1.912;0.243;237.29;8.06;0.0;0.0;55.0;25.5;51.6;0.31
10/06/2026;07:00:00;2.585;0.356;240.21;10.76;0.0;1.2;55.0;27.5;51.7;0.32
10/06/2026;08:00:00;3.302;0.64;241.41;13.68;0.0;0.4;55.0;27.6;51.9;0.68
10/06/2026;09:00:00;3.138;0.658;242.51;12.94;0.0;12.0;55.0;28.6;59.6;0.7
10/06/2026;10:00:00;2.288;0.291;244.19;9.37;0.0;0.0;55.0;27.1;57.2;0.7
10/06/2026;11:00:00;2.008;0.364;239.26;8.39;0.0;0.0;55.0;30.5;54.0;0.71
10/06/2026;12:00:00;2.131;0.445;239.21;8.91;0.0;0.0;55.0;31.9;41.0;0.63
10/06/2026;13:00:00;2.116;0.207;243.56;8.69;0.0;0.0;55.0;35.7;42.6;0.74
10/06/2026;14:00:00;4.156;0.556;241.61;17.2;0.0;0.0;55.0;34.3;52.9;0.66
10/06/2026;15:00:00;2.35;0.515;243.46;9.65;0.0;0.0;55.0;35.7;40.0;0.61
10/06/2026;16:00:00;2.376;0.262;245.47;9.68;0.0;0.0;55.0;34.1;47.5;0.68
10/06/2026;17:00:00;2.71;0.421;237.64;11.4;0.0;0.0;55.0;31.7;43.7;0.76
10/06/2026;18:00:00;3.348;0.541;242.27;13.82;7.4;0.0;55.0;32.1;43.9;0.69
10/06/2026;19:00:00;3.817;0.291;238.32;16.02;13.7;0.0;55.0;31.2;57.8;0.29
10/06/2026;20:00:00;3.809;0.713;244.38;15.59;4.5;0.0;55.0;28.3;55.4;0.22
10/06/2026;21:00:00;3.47;0.417;236.67;14.66;13.4;0.0;55.0;27.8;57.1;0.23
10/06/2026;22:00:00;2.673;0.361;242.57;11.02;0.0;0.0;55.0;26.8;56.9;0.3
10/06/2026;23:00:00;2.072;0.33;238.45;8.69;0.0;0.0;55.0;28.3;51.1;0.31
11/06/2026;00:00:00;0.676;0.081;241.55;2.8;0.0;0.0;55.0;21.7;53.6;0.12
11/06/2026;01:00:00;1.122;0.118;243.55;4.61;0.0;0.0;55.0;25.9;51.7;0.12
11/06/2026;02:00:00;0.897;0.128;238.2;3.77;0.0;0.0;55.0;22.2;55.7;0.12
11/06/2026;03:00:00;0.836;0.091;235.89;3.55;0.0;0.0;55.0;21.3;66.2;0.12
11/06/2026;04:00:00;1.075;0.133;239.27;4.49;0.0;0.0;55.0;25.3;47.5;0.12
11/06/2026;05:00:00;1.31;0.09;238.92;5.48;0.0;0.0;55.0;25.2;51.5;0.12
11/06/2026;06:00:00;1.83;0.354;236.4;7.74;0.0;0.0;55.0;26.7;48.4;0.32
11/06/2026;07:00:00;2.561;0.307;234.37;10.93;0.0;19.0;55.0;27.1;58.0;0.25
11/06/2026;08:00:00;3.586;0.23;243.41;14.73;0.0;3.7;55.0;30.2;59.5;0.59
11/06/2026;09:00:00;3.113;0.574;244.18;12.75;0.0;16.9;55.0;29.2;52.6;0.63
11/06/2026;10:00:00;2.515;0.134;238.31;10.55;0.0;0.0;55.0;29.5;52.8;0.67
11/06/2026;11:00:00;2.178;0.331;239.18;9.11;0.0;0.0;55.0;31.4;49.7;0.58
11/06/2026;12:00:00;2.254;0.382;242.26;9.31;0.0;0.0;55.0;33.8;49.6;0.7
11/06/2026;13:00:00;1.73;0.143;242.31;7.14;0.0;0.0;55.0;31.6;53.0;0.61
11/06/2026;14:00:00;2.037;0.147;244.98;8.31;0.0;0.0;55.0;32.2;50.7;0.73
11/06/2026;15:00:00;1.995;0.138;241.74;8.25;0.0;0.0;55.0;32.9;50.6;0.65
11/06/2026;16:00:00;1.979;0.433;237.13;8.35;0.0;0.0;55.0;30.1;54.2;0.61
11/06/2026;17:00:00;2.612;0.466;242.22;10.78;0.0;0.0;55.0;32.9;39.2;0.66
11/06/2026;18:00:00;3.285;0.339;238.05;13.8;10.9;0.0;55.0;29.1;51.1;0.73
11/06/2026;19:00:00;3.534;0.378;239.82;14.74;12.1;0.0;55.0;31.0;51.1;0.28
11/06/2026;20:00:00;4.109;0.659;243.12;16.9;25.0;0.0;55.0;31.0;51.7;0.3
11/06/2026;21:00:00;3.643;0.466;237.46;15.34;0.5;0.0;55.0;27.7;51.4;0.27
11/06/2026;22:00:00;2.988;0.287;239.8;12.46;0.0;0.0;55.0;29.6;51.5;0.25
11/06/2026;23:00:00;1.823;0.109;236.57;7.71;0.0;0.0;55.0;23.7;51.8;0.34
12/06/2026;00:00:00;1.252;0.229;237.23;5.28;0.0;0.0;55.0;26.6;44.2;0.12
12/06/2026;01:00:00;0.981;0.197;238.47;4.12;0.0;0.0;55.0;25.1;59.3;0.12
12/06/2026;02:00:00;0.593;0.05;244.56;2.43;0.0;0.0;55.0;21.0;51.9;0.12
12/06/2026;03:00:00;1.155;0.07;240.09;4.81;0.0;0.0;55.0;27.5;51.6;0.12
12/06/2026;04:00:00;1.1;0.077;247.4;4.45;0.0;0.0;55.0;23.5;51.9;0.12
12/06/2026;05:00:00;0.868;0.105;242.67;3.58;0.0;0.0;55.0;22.7;64.1;0.12
12/06/2026;06:00:00;1.495;0.151;242.75;6.16;0.0;0.0;55.0;22.7;55.8;0.33
12/06/2026;07:00:00;2.595;0.162;236.94;10.95;0.0;14.0;55.0;25.6;52.4;0.24
12/06/2026;08:00:00;3.334;0.424;239.57;13.92;0.0;9.1;55.0;26.9;56.6;0.71
12/06/2026;09:00:00;3.048;0.258;236.8;12.87;0.0;2.6;55.0;28.5;62.3;0.68
12/06/2026;10:00:00;2.25;0.138;239.13;9.41;0.0;0.0;55.0;29.2;53.0;0.6
12/06/2026;11:00:00;1.9;0.308;238.72;7.96;0.0;0.0;55.0;31.8;47.0;0.63
12/06/2026;12:00:00;1.801;0.265;239.88;7.51;0.0;0.0;55.0;31.3;52.8;0.72
12/06/2026;13:00:00;2.017;0.384;242.31;8.32;0.0;0.0;55.0;29.8;42.7;0.73
12/06/2026;14:00:00;2.054;0.208;239.27;8.58;0.0;0.0;55.0;33.0;48.2;0.68
12/06/2026;15:00:00;1.683;0.123;242.36;6.94;0.0;0.0;55.0;29.8;60.5;0.73
12/06/2026;16:00:00;2.56;0.285;235.9;10.85;0.0;0.0;55.0;33.8;48.2;0.67
12/06/2026;17:00:00;2.785;0.508;241.26;11.54;0.0;0.0;55.0;31.3;49.9;0.61
12/06/2026;18:00:00;3.686;0.336;238.78;15.44;17.4;0.0;55.0;32.2;48.8;0.76
12/06/2026;19:00:00;3.803;0.355;240.71;15.8;12.8;0.0;55.0;32.9;46.1;0.22
12/06/2026;20:00:00;3.772;0.283;242.42;15.56;23.7;0.0;55.0;28.3;53.4;0.25
12/06/2026;21:00:00;3.642;0.793;235.96;15.44;4.9;0.0;55.0;30.0;54.3;0.23
12/06/2026;22:00:00;2.879;0.617;244.11;11.79;0.0;0.0;55.0;26.4;51.6;0.3
12/06/2026;23:00:00;2.052;0.332;239.46;8.57;0.0;0.0;55.0;28.5;39.1;0.23
13/06/2026;00:00:00;0.805;0.07;245.21;3.28;0.0;0.0;55.0;24.3;57.3;0.14
13/06/2026;01:00:00;0.858;0.155;240.2;3.57;0.0;0.0;55.0;22.8;66.8;0.14
13/06/2026;02:00:00;1.064;0.159;243.7;4.36;0.0;0.0;55.0;24.6;52.8;0.14
13/06/2026;03:00:00;0.771;0.137;240.17;3.21;0.0;0.0;55.0;22.7;48.9;0.14
13/06/2026;04:00:00;0.874;0.172;240.75;3.63;0.0;0.0;55.0;22.3;59.9;0.14
13/06/2026;05:00:00;1.112;0.116;240.33;4.63;0.0;0.0;55.0;23.3;64.4;0.14
13/06/2026;06:00:00;1.85;0.38;239.39;7.73;0.0;0.0;55.0;24.8;57.2;0.26
13/06/2026;07:00:00;2.928;0.594;239.28;12.23;0.0;19.3;55.0;27.9;60.7;0.37
13/06/2026;08:00:00;2.991;0.428;240.63;12.43;0.0;12.0;55.0;24.2;59.0;0.35
13/06/2026;09:00:00;2.942;0.489;241.54;12.18;0.0;17.4;55.0;28.4;55.2;0.31
13/06/2026;10:00:00;2.262;0.271;240.65;9.4;0.0;0.0;55.0;30.6;47.3;0.3
13/06/2026;11:00:00;1.904;0.307;241.45;7.89;0.0;0.0;55.0;31.2;50.9;0.32
13/06/2026;12:00:00;2.056;0.295;235.75;8.72;0.0;0.0;55.0;33.9;47.1;0.37
13/06/2026;13:00:00;1.718;0.18;242.53;7.08;0.0;0.0;55.0;32.6;48.0;0.29
13/06/2026;14:00:00;1.611;0.169;237.92;6.77;0.0;0.0;55.0;32.9;46.8;0.27
13/06/2026;15:00:00;2.109;0.339;235.39;8.96;0.0;0.0;55.0;34.3;48.1;0.37
13/06/2026;16:00:00;2.14;0.455;245.17;8.73;0.0;0.0;55.0;33.4;41.2;0.26
13/06/2026;17:00:00;2.707;0.228;243.95;11.1;0.0;0.0;55.0;32.1;52.7;0.38
13/06/2026;18:00:00;3.374;0.394;239.97;14.06;7.7;0.0;55.0;32.7;43.8;0.3
13/06/2026;19:00:00;4.165;0.779;242.99;17.14;18.8;0.0;55.0;29.9;49.2;0.32
13/06/2026;20:00:00;4.369;0.31;239.07;18.27;8.1;0.0;55.0;28.8;53.0;0.27
13/06/2026;21:00:00;3.865;0.846;238.69;16.19;10.8;0.0;55.0;27.6;47.7;0.38
13/06/2026;22:00:00;3.285;0.543;238.34;13.78;0.0;0.0;55.0;29.1;41.3;0.36
13/06/2026;23:00:00;1.97;0.404;238.21;8.27;0.0;0.0;55.0;21.1;55.6;0.38
14/06/2026;00:00:00;0.931;0.179;239.27;3.89;0.0;0.0;55.0;25.5;46.9;0.14
14/06/2026;01:00:00;0.87;0.158;238.0;3.65;0.0;0.0;55.0;24.1;58.7;0.14
14/06/2026;02:00:00;0.721;0.04;232.02;3.11;0.0;0.0;55.0;21.0;51.8;0.14
14/06/2026;03:00:00;0.735;0.088;239.49;3.07;0.0;0.0;55.0;23.9;62.7;0.14
14/06/2026;04:00:00;1.005;0.085;237.29;4.23;0.0;0.0;55.0;24.3;54.9;0.14
14/06/2026;05:00:00;1.349;0.267;240.83;5.6;0.0;0.0;55.0;24.9;54.7;0.14
14/06/2026;06:00:00;1.679;0.278;239.33;7.01;0.0;0.0;55.0;20.9;47.8;0.31
14/06/2026;07:00:00;3.054;0.208;241.78;12.63;0.0;2.3;55.0;27.9;52.8;0.35
14/06/2026;08:00:00;3.466;0.385;240.04;14.44;0.0;6.0;55.0;26.0;53.2;0.39
14/06/2026;09:00:00;3.022;0.187;236.45;12.78;0.0;16.2;55.0;29.4;44.4;0.27
14/06/2026;10:00:00;2.496;0.439;236.45;10.55;0.0;0.0;55.0;30.8;50.2;0.37
14/06/2026;11:00:00;1.667;0.202;236.53;7.05;0.0;0.0;55.0;29.6;48.7;0.31
14/06/2026;12:00:00;1.745;0.157;237.58;7.35;0.0;0.0;55.0;32.9;47.0;0.35
14/06/2026;13:00:00;1.702;0.235;238.03;7.15;0.0;0.0;55.0;32.1;48.8;0.29
14/06/2026;14:00:00;1.55;0.089;242.57;6.39;0.0;0.0;55.0;30.1;48.0;0.3
14/06/2026;15:00:00;2.05;0.192;240.52;8.52;0.0;0.0;55.0;35.1;47.5;0.26
14/06/2026;16:00:00;2.113;0.169;234.79;9.0;0.0;0.0;55.0;32.1;48.3;0.39
14/06/2026;17:00:00;2.637;0.549;237.55;11.1;0.0;0.0;55.0;31.4;51.6;0.37
14/06/2026;18:00:00;3.502;0.4;239.9;14.6;9.5;0.0;55.0;31.3;46.7;0.27
14/06/2026;19:00:00;4.321;0.645;237.19;18.22;16.4;0.0;55.0;31.3;44.0;0.39
14/06/2026;20:00:00;4.393;0.595;240.23;18.29;5.3;0.0;55.0;29.6;47.2;0.34
14/06/2026;21:00:00;4.072;0.66;237.65;17.13;12.3;0.0;55.0;29.2;58.2;0.37
14/06/2026;22:00:00;2.765;0.269;239.62;11.54;0.0;0.0;55.0;25.1;59.1;0.26
14/06/2026;23:00:00;1.982;0.14;238.41;8.31;0.0;0.0;55.0;24.8;60.6;0.31
15/06/2026;00:00:00;0.97;0.062;240.31;4.04;0.0;0.0;55.0;24.7;61.1;0.12
15/06/2026;01:00:00;1.099;0.091;244.03;4.5;0.0;0.0;55.0;26.9;50.5;0.12
15/06/2026;02:00:00;0.903;0.119;242.5;3.72;0.0;0.0;55.0;23.4;57.2;0.12
15/06/2026;03:00:00;1.097;0.099;236.97;4.63;0.0;0.0;55.0;25.0;54.8;0.12
15/06/2026;04:00:00;4.665;0.577;247.03;18.88;0.0;0.0;55.0;23.6;58.8;0.12
15/06/2026;05:00:00;0.805;0.044;243.31;3.31;0.0;0.0;55.0;23.3;54.3;0.12
15/06/2026;06:00:00;2.052;0.321;238.08;8.62;0.0;0.0;55.0;24.5;55.3;0.34
15/06/2026;07:00:00;2.458;0.49;237.57;10.35;0.0;16.3;55.0;25.6;54.2;0.25
15/06/2026;08:00:00;3.396;0.197;240.95;14.09;0.0;18.7;55.0;28.0;54.7;0.62
15/06/2026;09:00:00;3.307;0.288;241.97;13.67;0.0;2.6;55.0;30.5;53.3;0.63
15/06/2026;10:00:00;2.729;0.284;244.95;11.14;0.0;0.0;55.0;30.2;50.7;0.7
15/06/2026;11:00:00;2.527;0.25;241.42;10.47;0.0;0.0;55.0;32.7;48.9;0.77
15/06/2026;12:00:00;1.866;0.106;238.14;7.83;0.0;0.0;55.0;30.5;51.1;0.72
15/06/2026;13:00:00;2.012;0.137;238.58;8.43;0.0;0.0;55.0;32.1;57.0;0.56
15/06/2026;14:00:00;2.058;0.422;241.75;8.51;0.0;0.0;55.0;32.1;40.0;0.74
15/06/2026;15:00:00;2.602;0.445;236.25;11.01;0.0;0.0;55.0;33.9;42.5;0.77
15/06/2026;16:00:00;2.468;0.525;244.19;10.11;0.0;0.0;55.0;32.7;51.6;0.68
15/06/2026;17:00:00;2.944;0.368;238.48;12.35;0.0;0.0;55.0;33.8;48.7;0.76
15/06/2026;18:00:00;3.203;0.639;242.69;13.2;1.5;0.0;55.0;30.5;51.3;0.62
15/06/2026;19:00:00;3.422;0.646;243.36;14.06;14.7;0.0;55.0;31.0;53.0;0.27
15/06/2026;20:00:00;4.061;0.807;248.55;16.34;12.3;0.0;55.0;30.7;50.9;0.23
15/06/2026;21:00:00;3.439;0.195;239.15;14.38;20.3;0.0;55.0;25.3;51.4;0.31
15/06/2026;22:00:00;3.05;0.491;239.22;12.75;0.0;0.0;55.0;30.3;53.3;0.23
15/06/2026;23:00:00;1.6;0.234;239.08;6.69;0.0;0.0;55.0;25.5;54.1;0.24
16/06/2026;00:00:00;0.545;0.078;240.49;2.27;0.0;0.0;55.0;21.8;54.7;0.12
16/06/2026;01:00:00;0.938;0.127;238.2;3.94;0.0;0.0;55.0;24.3;58.4;0.12
16/06/2026;02:00:00;1.04;0.193;243.39;4.27;0.0;0.0;55.0;23.6;58.8;0.12
16/06/2026;03:00:00;0.798;0.171;242.82;3.29;0.0;0.0;55.0;23.3;56.9;0.12
16/06/2026;04:00:00;1.122;0.214;239.28;4.69;0.0;0.0;55.0;25.0;62.9;0.12
16/06/2026;05:00:00;1.07;0.212;238.01;4.5;0.0;0.0;55.0;25.2;60.9;0.12
16/06/2026;06:00:00;1.858;0.246;238.78;7.78;0.0;0.0;55.0;25.3;59.2;0.29
16/06/2026;07:00:00;2.579;0.432;238.69;10.8;0.0;1.5;55.0;26.6;66.0;0.26
16/06/2026;08:00:00;3.49;0.421;241.38;14.46;0.0;12.9;55.0;26.9;52.1;0.69
16/06/2026;09:00:00;3.26;0.363;240.54;13.55;0.0;15.9;55.0;31.1;47.2;0.7
16/06/2026;10:00:00;2.553;0.516;242.3;10.54;0.0;0.0;55.0;27.5;56.7;0.72
16/06/2026;11:00:00;2.102;0.429;244.16;8.61;0.0;0.0;55.0;31.1;48.3;0.71
16/06/2026;12:00:00;1.854;0.308;240.84;7.7;0.0;0.0;55.0;32.0;48.8;0.66
16/06/2026;13:00:00;2.004;0.386;241.66;8.29;0.0;0.0;55.0;33.9;42.3;0.7
16/06/2026;14:00:00;1.936;0.215;246.88;7.84;0.0;0.0;55.0;32.0;51.9;0.73
16/06/2026;15:00:00;2.0;0.247;241.6;8.28;0.0;0.0;55.0;30.8;42.4;0.68
16/06/2026;16:00:00;2.312;0.438;238.63;9.69;0.0;0.0;55.0;33.5;47.2;0.66
16/06/2026;17:00:00;2.778;0.327;239.81;11.58;0.0;0.0;55.0;33.1;47.8;0.72
16/06/2026;18:00:00;3.769;0.214;235.34;16.01;19.3;0.0;55.0;34.2;44.9;0.72
16/06/2026;19:00:00;3.216;0.354;241.53;13.31;23.5;0.0;55.0;29.0;42.4;0.29
16/06/2026;20:00:00;3.981;0.469;238.46;16.69;14.4;0.0;55.0;31.4;40.4;0.22
16/06/2026;21:00:00;7.46;0.569;237.51;31.41;18.4;0.0;55.0;31.9;45.1;0.27
16/06/2026;22:00:00;2.608;0.283;237.58;10.98;0.0;0.0;55.0;26.5;55.9;0.29
16/06/2026;23:00:00;1.866;0.39;243.2;7.67;0.0;0.0;55.0;24.0;56.7;0.34
17/06/2026;00:00:00;0.851;0.167;239.28;3.56;0.0;0.0;55.0;24.2;54.9;0.12
17/06/2026;01:00:00;0.827;0.104;242.14;3.42;0.0;0.0;55.0;24.1;50.7;0.12
17/06/2026;02:00:00;1.032;0.176;241.08;4.28;0.0;0.0;55.0;24.4;56.6;0.12
17/06/2026;03:00:00;0.742;0.056;240.56;3.08;0.0;0.0;55.0;22.5;47.4;0.12
17/06/2026;04:00:00;1.276;0.227;238.93;5.34;0.0;0.0;55.0;25.9;41.7;0.12
17/06/2026;05:00:00;1.056;0.138;241.39;4.38;0.0;0.0;55.0;22.4;55.3;0.12
17/06/2026;06:00:00;1.432;0.247;238.81;6.0;0.0;0.0;55.0;22.2;53.9;0.23
17/06/2026;07:00:00;2.918;0.465;240.44;12.14;0.0;12.5;55.0;27.6;57.4;0.25
17/06/2026;08:00:00;3.18;0.285;243.1;13.08;0.0;1.0;55.0;23.7;56.2;0.77
17/06/2026;09:00:00;3.365;0.646;243.69;13.81;0.0;9.4;55.0;28.1;60.2;0.77
17/06/2026;10:00:00;2.872;0.423;238.78;12.03;0.0;0.0;55.0;34.4;44.2;0.72
17/06/2026;11:00:00;2.153;0.395;241.04;8.93;0.0;0.0;55.0;30.9;52.1;0.71
17/06/2026;12:00:00;1.928;0.127;241.64;7.98;0.0;0.0;55.0;30.2;48.9;0.7
17/06/2026;13:00:00;1.941;0.3;240.66;8.07;0.0;0.0;55.0;32.6;55.2;0.62
17/06/2026;14:00:00;2.277;0.227;242.14;9.41;0.0;0.0;55.0;33.1;46.9;0.76
17/06/2026;15:00:00;2.447;0.481;242.17;10.11;0.0;0.0;55.0;33.6;51.8;0.72
17/06/2026;16:00:00;2.135;0.451;245.15;8.71;0.0;0.0;55.0;34.2;41.6;0.62
17/06/2026;17:00:00;2.809;0.167;246.04;11.42;0.0;0.0;55.0;31.2;47.4;0.71
17/06/2026;18:00:00;3.556;0.616;239.54;14.84;9.4;0.0;55.0;34.5;46.4;0.69
17/06/2026;19:00:00;3.418;0.231;244.65;13.97;21.6;0.0;55.0;31.3;55.7;0.23
17/06/2026;20:00:00;4.067;0.796;241.23;16.86;3.5;0.0;55.0;30.8;38.8;0.25
17/06/2026;21:00:00;3.503;0.249;239.5;14.62;10.3;0.0;55.0;27.5;50.8;0.25
17/06/2026;22:00:00;3.021;0.251;241.7;12.5;0.0;0.0;55.0;29.0;49.3;0.33
17/06/2026;23:00:00;1.975;0.183;239.35;8.25;0.0;0.0;55.0;25.5;43.6;0.3
18/06/2026;00:00:00;1.063;0.185;239.88;4.43;0.0;0.0;55.0;25.3;51.9;0.12
18/06/2026;01:00:00;0.677;0.067;236.93;2.86;0.0;0.0;55.0;22.7;48.6;0.12
18/06/2026;02:00:00;0.734;0.111;240.23;3.05;0.0;0.0;55.0;22.1;45.1;0.12
18/06/2026;03:00:00;0.981;0.144;242.61;4.04;0.0;0.0;55.0;24.4;53.5;0.12
18/06/2026;04:00:00;0.982;0.116;242.02;4.06;0.0;0.0;55.0;22.9;54.6;0.12
18/06/2026;05:00:00;1.007;0.143;241.02;4.18;0.0;0.0;55.0;22.8;55.0;0.12
18/06/2026;06:00:00;1.735;0.122;244.86;7.09;0.0;0.0;55.0;23.9;56.6;0.34
18/06/2026;07:00:00;2.702;0.537;245.98;10.98;0.0;2.8;55.0;26.9;48.5;0.34
18/06/2026;08:00:00;3.205;0.273;241.4;13.28;0.0;15.0;55.0;26.2;62.4;0.77
18/06/2026;09:00:00;3.168;0.632;244.47;12.96;0.0;13.9;55.0;28.2;51.7;0.67
18/06/2026;10:00:00;2.336;0.323;240.98;9.69;0.0;0.0;55.0;29.7;57.1;0.69
18/06/2026;11:00:00;1.912;0.295;240.25;7.96;0.0;0.0;55.0;28.0;43.6;0.67
18/06/2026;12:00:00;1.868;0.175;242.69;7.7;0.0;0.0;55.0;29.7;46.5;0.73
18/06/2026;13:00:00;1.87;0.164;239.8;7.8;0.0;0.0;55.0;33.2;51.3;0.68
18/06/2026;14:00:00;1.794;0.239;233.39;7.68;0.0;0.0;55.0;32.1;47.6;0.67
18/06/2026;15:00:00;2.126;0.203;239.28;8.89;0.0;0.0;55.0;35.0;41.1;0.6
18/06/2026;16:00:00;2.442;0.298;235.78;10.36;0.0;0.0;55.0;34.7;37.5;0.66
18/06/2026;17:00:00;3.049;0.381;238.91;12.76;0.0;0.0;55.0;33.8;51.0;0.64
18/06/2026;18:00:00;3.642;0.35;238.47;15.27;11.5;0.0;55.0;34.7;49.9;0.66
18/06/2026;19:00:00;3.772;0.376;238.49;15.81;10.2;0.0;55.0;30.8;51.0;0.25
18/06/2026;20:00:00;4.167;0.897;237.06;17.58;23.4;0.0;55.0;30.7;47.4;0.28
18/06/2026;21:00:00;3.607;0.541;236.64;15.24;20.5;0.0;55.0;27.5;46.8;0.29
18/06/2026;22:00:00;3.052;0.584;238.19;12.81;0.0;0.0;55.0;30.8;49.5;0.29
18/06/2026;23:00:00;2.142;0.124;238.96;8.96;0.0;0.0;55.0;28.9;44.7;0.33
19/06/2026;00:00:00;0.986;0.05;239.17;4.12;0.0;0.0;55.0;24.9;50.7;0.12
19/06/2026;01:00:00;0.825;0.114;240.72;3.43;0.0;0.0;55.0;24.6;61.0;0.12
19/06/2026;02:00:00;1.203;0.229;241.98;4.97;0.0;0.0;55.0;25.6;44.7;0.12
19/06/2026;03:00:00;0.901;0.139;237.17;3.8;0.0;0.0;55.0;23.2;59.3;0.12
19/06/2026;04:00:00;0.819;0.127;237.55;3.45;0.0;0.0;55.0;22.6;63.8;0.12
19/06/2026;05:00:00;1.271;0.094;244.66;5.19;0.0;0.0;55.0;25.4;58.2;0.12
19/06/2026;06:00:00;1.864;0.403;242.12;7.7;0.0;0.0;55.0;25.0;56.4;0.33
19/06/2026;07:00:00;2.573;0.36;237.83;10.82;0.0;7.7;55.0;26.2;51.1;0.3
19/06/2026;08:00:00;3.343;0.225;236.49;14.13;0.0;12.0;55.0;25.8;50.5;0.72
19/06/2026;09:00:00;2.882;0.347;238.6;12.08;0.0;0.0;55.0;25.8;42.5;0.71
19/06/2026;10:00:00;2.77;0.172;239.29;11.57;0.0;0.0;55.0;30.0;50.6;0.69
19/06/2026;11:00:00;2.081;0.252;241.91;8.6;0.0;0.0;55.0;32.2;46.6;0.63
19/06/2026;12:00:00;1.958;0.335;233.55;8.38;0.0;0.0;55.0;31.6;45.6;0.6
19/06/2026;13:00:00;2.148;0.226;237.3;9.05;0.0;0.0;55.0;34.9;46.4;0.75
19/06/2026;14:00:00;1.894;0.196;245.04;7.73;0.0;0.0;55.0;32.2;49.0;0.68
19/06/2026;15:00:00;1.817;0.25;240.05;7.57;0.0;0.0;55.0;31.8;45.8;0.67
19/06/2026;16:00:00;2.47;0.333;240.17;10.28;0.0;0.0;55.0;33.1;56.0;0.74
19/06/2026;17:00:00;2.79;0.361;238.42;11.7;0.0;0.0;55.0;32.6;52.0;0.74
19/06/2026;18:00:00;3.637;0.501;242.21;15.02;9.1;0.0;55.0;33.1;52.4;0.63
19/06/2026;19:00:00;3.735;0.217;234.95;15.9;18.2;0.0;55.0;29.7;50.1;0.33
19/06/2026;20:00:00;4.126;0.539;238.81;17.28;16.1;0.0;55.0;31.7;51.6;0.29
19/06/2026;21:00:00;3.621;0.792;234.17;15.46;20.6;0.0;55.0;31.3;44.8;0.3
19/06/2026;22:00:00;2.772;0.499;239.94;11.55;0.0;0.0;55.0;27.0;56.1;0.23
19/06/2026;23:00:00;1.982;0.196;238.75;8.3;0.0;0.0;55.0;27.8;51.2;0.24
20/06/2026;00:00:00;0.64;0.106;235.44;2.72;0.0;0.0;55.0;23.3;50.7;0.14
20/06/2026;01:00:00;1.056;0.112;242.83;4.35;0.0;0.0;55.0;25.7;53.7;0.14
20/06/2026;02:00:00;0.811;0.067;241.93;3.35;0.0;0.0;55.0;25.1;52.8;0.14
20/06/2026;03:00:00;0.682;0.124;242.88;2.81;0.0;0.0;55.0;24.7;66.3;0.14
20/06/2026;04:00:00;1.048;0.09;235.78;4.45;0.0;0.0;55.0;23.5;57.7;0.14
20/06/2026;05:00:00;0.923;0.181;237.19;3.89;0.0;0.0;55.0;19.6;66.6;0.14
20/06/2026;06:00:00;1.612;0.185;243.37;6.62;0.0;0.0;55.0;23.9;60.9;0.27
20/06/2026;07:00:00;2.624;0.469;242.27;10.83;0.0;17.9;55.0;25.0;54.6;0.31
20/06/2026;08:00:00;3.15;0.296;243.93;12.91;0.0;12.5;55.0;25.6;51.7;0.34
20/06/2026;09:00:00;3.157;0.508;239.33;13.19;0.0;16.5;55.0;28.6;42.8;0.3
20/06/2026;10:00:00;2.048;0.176;239.69;8.54;0.0;0.0;55.0;29.1;46.8;0.29
20/06/2026;11:00:00;1.624;0.087;241.73;6.72;0.0;0.0;55.0;29.7;54.0;0.37
20/06/2026;12:00:00;1.756;0.331;236.22;7.43;0.0;0.0;55.0;30.3;48.6;0.39
20/06/2026;13:00:00;1.62;0.317;240.55;6.73;0.0;0.0;55.0;31.6;51.0;0.36
20/06/2026;14:00:00;1.953;0.39;247.1;7.9;0.0;0.0;55.0;34.9;36.3;0.33
20/06/2026;15:00:00;1.751;0.098;239.0;7.33;0.0;0.0;55.0;32.4;50.7;0.31
20/06/2026;16:00:00;2.329;0.418;235.51;9.89;0.0;0.0;55.0;32.4;53.9;0.33
20/06/2026;17:00:00;2.435;0.468;241.15;10.1;0.0;0.0;55.0;32.0;39.9;0.32
20/06/2026;18:00:00;3.47;0.357;237.48;14.61;20.8;0.0;55.0;32.4;50.3;0.32
20/06/2026;19:00:00;4.309;0.56;239.7;17.97;21.7;0.0;55.0;31.6;55.9;0.28
20/06/2026;20:00:00;3.982;0.475;243.05;16.38;18.4;0.0;55.0;25.1;62.7;0.38
20/06/2026;21:00:00;3.966;0.495;241.56;16.42;3.3;0.0;55.0;29.9;47.9;0.36
20/06/2026;22:00:00;3.294;0.639;238.63;13.8;0.0;0.0;55.0;29.3;54.9;0.35
20/06/2026;23:00:00;2.146;0.26;242.35;8.86;0.0;0.0;55.0;24.3;62.1;0.38
21/06/2026;00:00:00;0.726;0.074;235.33;3.09;0.0;0.0;55.0;23.4;57.7;0.14
21/06/2026;01:00:00;0.997;0.072;240.55;4.14;0.0;0.0;55.0;23.4;62.1;0.14
21/06/2026;02:00:00;0.752;0.124;238.92;3.15;0.0;0.0;55.0;22.4;56.3;0.14
21/06/2026;03:00:00;0.918;0.059;233.39;3.93;0.0;0.0;55.0;23.7;57.4;0.14
21/06/2026;04:00:00;0.948;0.057;236.61;4.01;0.0;0.0;55.0;20.6;54.8;0.14
21/06/2026;05:00:00;1.114;0.185;239.96;4.64;0.0;0.0;55.0;22.4;55.7;0.14
21/06/2026;06:00:00;2.153;0.362;242.09;8.89;0.0;0.0;55.0;27.2;54.8;0.36
21/06/2026;07:00:00;2.587;0.217;240.06;10.78;0.0;17.0;55.0;24.5;51.3;0.26
21/06/2026;08:00:00;3.814;0.811;239.17;15.95;0.0;6.1;55.0;29.0;50.1;0.33
21/06/2026;09:00:00;2.95;0.543;242.27;12.18;0.0;13.2;55.0;28.9;55.1;0.29
21/06/2026;10:00:00;4.39;0.732;240.77;18.24;0.0;0.0;55.0;27.0;63.1;0.38
21/06/2026;11:00:00;1.981;0.353;242.79;8.16;0.0;0.0;55.0;31.8;38.7;0.32
21/06/2026;12:00:00;1.809;0.217;241.61;7.49;0.0;0.0;55.0;31.8;58.9;0.38
21/06/2026;13:00:00;1.908;0.243;238.01;8.02;0.0;0.0;55.0;32.0;47.5;0.29
21/06/2026;14:00:00;1.811;0.358;241.88;7.49;0.0;0.0;55.0;33.6;52.4;0.31
21/06/2026;15:00:00;1.99;0.108;242.69;8.2;0.0;0.0;55.0;34.1;52.9;0.38
21/06/2026;16:00:00;2.383;0.444;243.92;9.77;0.0;0.0;55.0;34.3;54.8;0.28
21/06/2026;17:00:00;2.783;0.351;238.52;11.67;0.0;0.0;55.0;34.5;43.2;0.33
21/06/2026;18:00:00;3.537;0.456;238.98;14.8;5.5;0.0;55.0;32.5;47.2;0.31
21/06/2026;19:00:00;3.995;0.421;242.47;16.48;12.3;0.0;55.0;28.8;51.1;0.36
21/06/2026;20:00:00;4.36;0.668;242.36;17.99;23.9;0.0;55.0;29.0;49.4;0.27
21/06/2026;21:00:00;4.339;0.715;238.57;18.19;4.5;0.0;55.0;32.8;54.7;0.31
21/06/2026;22:00:00;3.07;0.237;238.12;12.89;0.0;0.0;55.0;28.2;51.5;0.35
21/06/2026;23:00:00;2.155;0.315;238.79;9.03;0.0;0.0;55.0;29.4;42.8;0.31
22/06/2026;00:00:00;0.891;0.115;240.22;3.71;0.0;0.0;55.0;26.9;49.7;0.12
22/06/2026;01:00:00;0.669;0.122;237.51;2.82;0.0;0.0;55.0;24.4;47.0;0.12
22/06/2026;02:00:00;0.847;0.121;241.18;3.51;0.0;0.0;55.0;24.0;54.0;0.12
22/06/2026;03:00:00;0.528;0.065;235.16;2.24;0.0;0.0;55.0;23.3;59.1;0.12
22/06/2026;04:00:00;0.728;0.102;237.67;3.06;0.0;0.0;55.0;21.0;54.4;0.12
22/06/2026;05:00:00;1.123;0.15;240.52;4.67;0.0;0.0;55.0;24.1;53.1;0.12
22/06/2026;06:00:00;2.003;0.419;237.43;8.44;0.0;0.0;55.0;26.7;51.7;0.23
22/06/2026;07:00:00;2.574;0.265;238.83;10.78;0.0;13.2;55.0;25.0;55.1;0.29
22/06/2026;08:00:00;3.529;0.199;239.64;14.73;0.0;16.2;55.0;27.7;54.8;0.7
22/06/2026;09:00:00;3.17;0.515;245.94;12.89;0.0;0.4;55.0;29.7;54.7;0.58
22/06/2026;10:00:00;2.316;0.354;236.34;9.8;0.0;0.0;55.0;28.3;63.0;0.64
22/06/2026;11:00:00;2.052;0.42;240.66;8.53;0.0;0.0;55.0;30.2;50.8;0.71
22/06/2026;12:00:00;1.746;0.122;237.13;7.36;0.0;0.0;55.0;30.4;53.8;0.65
22/06/2026;13:00:00;1.959;0.272;237.03;8.26;0.0;0.0;55.0;31.5;41.3;0.7
22/06/2026;14:00:00;1.724;0.13;237.55;7.26;0.0;0.0;55.0;31.3;47.5;0.68
22/06/2026;15:00:00;2.171;0.277;239.56;9.06;0.0;0.0;55.0;32.0;47.4;0.66
22/06/2026;16:00:00;2.443;0.454;244.01;10.01;0.0;0.0;55.0;35.4;41.0;0.69
22/06/2026;17:00:00;2.724;0.533;243.29;11.2;0.0;0.0;55.0;31.3;46.6;0.68
22/06/2026;18:00:00;3.557;0.682;238.72;14.9;8.0;0.0;55.0;32.1;48.2;0.74
22/06/2026;19:00:00;3.794;0.543;239.25;15.86;15.3;0.0;55.0;30.1;47.8;0.25
22/06/2026;20:00:00;3.879;0.612;241.66;16.05;12.5;0.0;55.0;31.5;62.2;0.28
22/06/2026;21:00:00;3.672;0.528;240.16;15.29;17.0;0.0;55.0;30.4;52.7;0.29
22/06/2026;22:00:00;2.883;0.419;238.22;12.1;0.0;0.0;55.0;28.4;61.7;0.24
22/06/2026;23:00:00;2.15;0.431;241.85;8.89;0.0;0.0;55.0;26.4;60.8;0.23
23/06/2026;00:00:00;0.892;0.076;244.54;3.65;0.0;0.0;55.0;24.5;51.6;0.12
23/06/2026;01:00:00;0.647;0.081;242.96;2.66;0.0;0.0;55.0;22.3;56.8;0.12
23/06/2026;02:00:00;1.298;0.2;243.8;5.32;0.0;0.0;55.0;26.5;51.0;0.12
23/06/2026;03:00:00;0.819;0.148;239.61;3.42;0.0;0.0;55.0;22.3;55.8;0.12
23/06/2026;04:00:00;1.117;0.201;236.97;4.71;0.0;0.0;55.0;24.6;49.9;0.12
23/06/2026;05:00:00;3.287;0.23;234.4;14.02;0.0;0.0;55.0;25.7;51.7;0.12
23/06/2026;06:00:00;1.782;0.156;234.2;7.61;0.0;0.0;55.0;24.0;57.0;0.27
23/06/2026;07:00:00;2.526;0.518;239.43;10.55;0.0;17.5;55.0;27.4;54.1;0.22
23/06/2026;08:00:00;3.248;0.36;241.42;13.45;0.0;4.0;55.0;28.2;53.1;0.63
23/06/2026;09:00:00;3.41;0.172;242.36;14.07;0.0;1.4;55.0;31.0;49.3;0.72
23/06/2026;10:00:00;2.524;0.212;240.68;10.49;0.0;0.0;55.0;29.0;55.5;0.68
23/06/2026;11:00:00;1.941;0.417;237.98;8.16;0.0;0.0;55.0;29.0;49.9;0.75
23/06/2026;12:00:00;2.067;0.212;241.83;8.55;0.0;0.0;55.0;31.2;56.4;0.64
23/06/2026;13:00:00;2.012;0.31;236.65;8.5;0.0;0.0;55.0;33.0;38.7;0.7
23/06/2026;14:00:00;2.033;0.353;236.91;8.58;0.0;0.0;55.0;33.3;51.0;0.67
23/06/2026;15:00:00;2.057;0.329;241.72;8.51;0.0;0.0;55.0;32.8;50.6;0.61
23/06/2026;16:00:00;2.223;0.254;236.55;9.4;0.0;0.0;55.0;30.4;46.7;0.81
23/06/2026;17:00:00;3.033;0.374;237.86;12.75;0.0;0.0;55.0;33.4;45.9;0.69
23/06/2026;18:00:00;3.645;0.701;237.26;15.36;23.1;0.0;55.0;34.9;48.8;0.78
23/06/2026;19:00:00;3.671;0.597;240.47;15.27;15.7;0.0;55.0;31.6;53.7;0.24
23/06/2026;20:00:00;3.879;0.209;241.65;16.05;8.3;0.0;55.0;30.6;41.2;0.29
23/06/2026;21:00:00;3.884;0.329;241.72;16.07;16.0;0.0;55.0;29.3;54.1;0.34
23/06/2026;22:00:00;2.722;0.269;238.38;11.42;0.0;0.0;55.0;27.7;50.0;0.24
23/06/2026;23:00:00;1.959;0.22;239.53;8.18;0.0;0.0;55.0;27.3;58.2;0.27
24/06/2026;00:00:00;0.938;0.139;242.06;3.87;0.0;0.0;55.0;25.4;44.8;0.12
24/06/2026;01:00:00;0.925;0.104;238.51;3.88;0.0;0.0;55.0;23.6;67.8;0.12
24/06/2026;02:00:00;0.806;0.153;237.44;3.39;0.0;0.0;55.0;22.4;52.1;0.12
24/06/2026;03:00:00;0.715;0.093;238.2;3.0;0.0;0.0;55.0;23.0;63.1;0.12
24/06/2026;04:00:00;0.862;0.117;238.3;3.62;0.0;0.0;55.0;24.0;54.8;0.12
24/06/2026;05:00:00;0.892;0.109;240.09;3.72;0.0;0.0;55.0;23.6;51.4;0.12
24/06/2026;06:00:00;1.886;0.194;239.92;7.86;0.0;0.0;55.0;25.3;55.5;0.33
24/06/2026;07:00:00;2.753;0.477;239.53;11.49;0.0;5.7;55.0;26.6;58.3;0.24
24/06/2026;08:00:00;3.296;0.293;237.76;13.86;0.0;12.7;55.0;28.3;44.0;0.57
24/06/2026;09:00:00;3.295;0.551;237.39;13.88;0.0;1.9;55.0;30.3;53.7;0.64
24/06/2026;10:00:00;2.383;0.334;241.82;9.86;0.0;0.0;55.0;29.8;50.5;0.61
24/06/2026;11:00:00;4.027;0.271;240.96;16.71;0.0;0.0;55.0;28.9;54.1;0.7
24/06/2026;12:00:00;1.983;0.105;238.78;8.3;0.0;0.0;55.0;31.4;49.3;0.62
24/06/2026;13:00:00;2.357;0.186;239.84;9.83;0.0;0.0;55.0;32.8;45.3;0.75
24/06/2026;14:00:00;1.917;0.344;243.39;7.88;0.0;0.0;55.0;30.5;44.5;0.68
24/06/2026;15:00:00;2.289;0.264;239.8;9.54;0.0;0.0;55.0;35.5;49.4;0.69
24/06/2026;16:00:00;2.36;0.441;239.98;9.83;0.0;0.0;55.0;33.4;51.0;0.69
24/06/2026;17:00:00;5.307;0.718;244.28;21.73;0.0;0.0;55.0;33.3;51.1;0.7
24/06/2026;18:00:00;3.691;0.205;243.0;15.19;12.9;0.0;55.0;34.0;49.4;0.72
24/06/2026;19:00:00;3.556;0.689;238.21;14.93;1.4;0.0;55.0;29.9;55.2;0.26
24/06/2026;20:00:00;3.955;0.827;243.0;16.28;18.2;0.0;55.0;30.5;57.0;0.22
24/06/2026;21:00:00;3.527;0.221;239.52;14.72;5.9;0.0;55.0;28.2;42.4;0.25
24/06/2026;22:00:00;2.8;0.239;237.06;11.81;0.0;0.0;55.0;26.8;41.2;0.3
24/06/2026;23:00:00;2.083;0.357;243.65;8.55;0.0;0.0;55.0;24.7;63.2;0.34
25/06/2026;00:00:00;1.278;0.28;238.01;5.37;0.0;0.0;55.0;27.4;45.8;0.12
25/06/2026;01:00:00;0.84;0.167;238.57;3.52;0.0;0.0;55.0;23.5;50.2;0.12
25/06/2026;02:00:00;0.901;0.06;238.93;3.77;0.0;0.0;55.0;24.6;53.3;0.12
25/06/2026;03:00:00;0.75;0.115;245.7;3.05;0.0;0.0;55.0;20.6;49.7;0.12
25/06/2026;04:00:00;0.941;0.153;237.33;3.97;0.0;0.0;55.0;25.3;52.2;0.12
25/06/2026;05:00:00;1.348;0.212;238.31;5.66;0.0;0.0;55.0;25.6;49.1;0.12
25/06/2026;06:00:00;1.74;0.255;239.04;7.28;0.0;0.0;55.0;25.0;53.2;0.23
25/06/2026;07:00:00;2.635;0.263;241.48;10.91;0.0;14.4;55.0;25.6;55.4;0.31
25/06/2026;08:00:00;5.779;0.946;239.81;24.1;0.0;2.7;55.0;27.7;50.5;0.65
25/06/2026;09:00:00;3.467;0.603;238.13;14.56;0.0;5.9;55.0;31.8;47.0;0.72
25/06/2026;10:00:00;2.375;0.351;241.75;9.82;0.0;0.0;55.0;27.0;54.1;0.75
25/06/2026;11:00:00;2.068;0.278;243.8;8.48;0.0;0.0;55.0;32.1;54.0;0.6
25/06/2026;12:00:00;4.167;0.363;235.46;17.7;0.0;0.0;55.0;30.6;58.0;0.8
25/06/2026;13:00:00;1.807;0.258;238.09;7.59;0.0;0.0;55.0;32.7;47.2;0.59
25/06/2026;14:00:00;2.081;0.149;241.43;8.62;0.0;0.0;55.0;32.9;57.2;0.65
25/06/2026;15:00:00;1.9;0.119;236.55;8.03;0.0;0.0;55.0;32.7;52.6;0.73
25/06/2026;16:00:00;2.479;0.452;239.57;10.35;0.0;0.0;55.0;33.2;41.7;0.66
25/06/2026;17:00:00;2.72;0.449;243.56;11.17;0.0;0.0;55.0;31.0;43.3;0.62
25/06/2026;18:00:00;3.591;0.576;241.74;14.86;14.3;0.0;55.0;33.5;44.7;0.68
25/06/2026;19:00:00;3.509;0.729;241.46;14.53;18.8;0.0;55.0;28.2;59.1;0.34
25/06/2026;20:00:00;4.023;0.462;242.09;16.62;9.7;0.0;55.0;30.5;47.5;0.31
25/06/2026;21:00:00;3.268;0.386;240.91;13.57;10.7;0.0;55.0;27.9;42.6;0.25
25/06/2026;22:00:00;2.726;0.328;239.06;11.4;0.0;0.0;55.0;25.3;53.0;0.3
25/06/2026;23:00:00;1.971;0.255;242.7;8.12;0.0;0.0;55.0;26.2;43.5;0.3
26/06/2026;00:00:00;0.92;0.126;238.67;3.85;0.0;0.0;55.0;22.5;51.1;0.12
26/06/2026;01:00:00;0.913;0.166;239.55;3.81;0.0;0.0;55.0;24.1;52.2;0.12
26/06/2026;02:00:00;0.724;0.063;235.36;3.08;0.0;0.0;55.0;21.4;58.0;0.12
26/06/2026;03:00:00;0.918;0.114;238.66;3.85;0.0;0.0;55.0;24.1;60.3;0.12
26/06/2026;04:00:00;0.644;0.088;240.22;2.68;0.0;0.0;55.0;22.2;60.1;0.12
26/06/2026;05:00:00;0.996;0.078;240.07;4.15;0.0;0.0;55.0;23.4;49.8;0.12
26/06/2026;06:00:00;1.84;0.312;242.59;7.59;0.0;0.0;55.0;25.3;52.3;0.28
26/06/2026;07:00:00;2.492;0.148;238.77;10.44;0.0;9.9;55.0;24.7;55.0;0.34
26/06/2026;08:00:00;3.343;0.5;238.89;13.99;0.0;1.4;55.0;27.0;51.5;0.76
26/06/2026;09:00:00;2.919;0.246;238.48;12.24;0.0;7.3;55.0;26.1;52.2;0.73
26/06/2026;10:00:00;2.616;0.135;240.68;10.87;0.0;0.0;55.0;30.6;41.3;0.72
26/06/2026;11:00:00;2.674;0.277;244.33;10.94;0.0;0.0;55.0;33.5;41.8;0.79
26/06/2026;12:00:00;2.267;0.279;233.53;9.71;0.0;0.0;55.0;36.1;43.5;0.66
26/06/2026;13:00:00;2.012;0.38;238.63;8.43;0.0;0.0;55.0;32.9;32.6;0.77
26/06/2026;14:00:00;2.147;0.256;239.02;8.98;0.0;0.0;55.0;34.4;50.1;0.68
26/06/2026;15:00:00;2.101;0.432;234.03;8.98;0.0;0.0;55.0;30.7;43.0;0.64
26/06/2026;16:00:00;2.717;0.525;239.65;11.34;0.0;0.0;55.0;35.5;49.5;0.64
26/06/2026;17:00:00;3.082;0.255;239.01;12.9;0.0;0.0;55.0;33.9;50.3;0.61
26/06/2026;18:00:00;3.43;0.262;238.77;14.37;24.8;0.0;55.0;31.2;46.7;0.71
26/06/2026;19:00:00;4.007;0.366;236.91;16.92;20.3;0.0;55.0;32.7;53.2;0.33
26/06/2026;20:00:00;3.798;0.422;239.76;15.84;20.9;0.0;55.0;29.3;54.7;0.3
26/06/2026;21:00:00;3.426;0.511;236.73;14.47;18.2;0.0;55.0;27.7;50.7;0.26
26/06/2026;22:00:00;2.7;0.192;237.64;11.36;0.0;0.0;55.0;27.8;50.0;0.32
26/06/2026;23:00:00;1.875;0.263;239.44;7.83;0.0;0.0;55.0;24.3;60.4;0.28
27/06/2026;00:00:00;1.066;0.159;242.86;4.39;0.0;0.0;55.0;26.4;54.4;0.14
27/06/2026;01:00:00;0.776;0.126;241.15;3.22;0.0;0.0;55.0;22.5;61.6;0.14
27/06/2026;02:00:00;0.61;0.087;241.72;2.52;0.0;0.0;55.0;22.0;44.9;0.14
27/06/2026;03:00:00;0.823;0.157;245.49;3.35;0.0;0.0;55.0;22.0;57.3;0.14
27/06/2026;04:00:00;0.697;0.111;241.23;2.89;0.0;0.0;55.0;24.7;46.8;0.14
27/06/2026;05:00:00;1.051;0.218;237.07;4.43;0.0;0.0;55.0;23.1;55.8;0.14
27/06/2026;06:00:00;1.798;0.304;238.42;7.54;0.0;0.0;55.0;22.8;59.7;0.37
27/06/2026;07:00:00;2.473;0.307;237.6;10.41;0.0;5.4;55.0;25.0;63.1;0.27
27/06/2026;08:00:00;3.43;0.294;239.62;14.32;0.0;16.3;55.0;27.1;48.1;0.39
27/06/2026;09:00:00;2.817;0.146;238.85;11.79;0.0;12.3;55.0;26.6;50.5;0.26
27/06/2026;10:00:00;2.256;0.147;237.36;9.51;0.0;0.0;55.0;28.0;51.6;0.33
27/06/2026;11:00:00;2.389;0.196;242.59;9.85;0.0;0.0;55.0;34.1;42.3;0.38
27/06/2026;12:00:00;1.697;0.147;242.79;6.99;0.0;0.0;55.0;30.6;54.8;0.38
27/06/2026;13:00:00;1.778;0.313;240.5;7.39;0.0;0.0;55.0;32.2;48.3;0.29
27/06/2026;14:00:00;1.87;0.216;237.19;7.89;0.0;0.0;55.0;32.7;48.9;0.27
27/06/2026;15:00:00;1.929;0.203;240.34;8.02;0.0;0.0;55.0;32.8;51.3;0.35
27/06/2026;16:00:00;2.065;0.122;238.29;8.66;0.0;0.0;55.0;34.2;46.7;0.26
27/06/2026;17:00:00;2.564;0.363;243.6;10.53;0.0;0.0;55.0;34.1;43.0;0.32
27/06/2026;18:00:00;3.437;0.53;236.65;14.52;9.0;0.0;55.0;31.5;48.9;0.36
27/06/2026;19:00:00;3.916;0.78;241.84;16.19;9.4;0.0;55.0;29.0;46.9;0.33
27/06/2026;20:00:00;4.62;0.626;241.78;19.11;18.0;0.0;55.0;31.6;49.7;0.28
27/06/2026;21:00:00;3.836;0.197;242.51;15.82;4.1;0.0;55.0;28.2;56.8;0.32
27/06/2026;22:00:00;3.262;0.199;240.55;13.56;0.0;0.0;55.0;29.7;44.8;0.38
27/06/2026;23:00:00;1.707;0.164;239.08;7.14;0.0;0.0;55.0;22.5;48.7;0.34
28/06/2026;00:00:00;0.921;0.068;246.7;3.73;0.0;0.0;55.0;25.1;54.5;0.14
28/06/2026;01:00:00;0.993;0.18;237.54;4.18;0.0;0.0;55.0;26.9;49.0;0.14
28/06/2026;02:00:00;0.692;0.047;242.01;2.86;0.0;0.0;55.0;23.0;56.1;0.14
28/06/2026;03:00:00;0.796;0.062;240.05;3.32;0.0;0.0;55.0;23.1;57.6;0.14
28/06/2026;04:00:00;0.857;0.14;240.96;3.56;0.0;0.0;55.0;24.0;44.5;0.14
28/06/2026;05:00:00;1.404;0.127;240.95;5.83;0.0;0.0;55.0;23.2;59.3;0.14
28/06/2026;06:00:00;2.005;0.43;236.97;8.46;0.0;0.0;55.0;24.4;49.0;0.33
28/06/2026;07:00:00;2.939;0.578;236.24;12.44;0.0;16.5;55.0;25.4;54.0;0.35
28/06/2026;08:00:00;3.273;0.578;236.42;13.84;0.0;12.3;55.0;26.2;50.2;0.35
28/06/2026;09:00:00;3.15;0.341;238.75;13.19;0.0;13.4;55.0;30.2;47.5;0.28
28/06/2026;10:00:00;2.355;0.14;240.7;9.78;0.0;0.0;55.0;30.4;58.6;0.36
28/06/2026;11:00:00;2.213;0.237;238.08;9.3;0.0;0.0;55.0;31.3;51.0;0.35
28/06/2026;12:00:00;1.742;0.199;235.98;7.38;0.0;0.0;55.0;33.1;52.4;0.25
28/06/2026;13:00:00;1.577;0.113;242.57;6.5;0.0;0.0;55.0;32.3;49.3;0.26
28/06/2026;14:00:00;1.621;0.114;235.69;6.88;0.0;0.0;55.0;32.1;51.9;0.34
28/06/2026;15:00:00;4.05;0.663;241.34;16.78;0.0;0.0;55.0;32.5;50.5;0.31
28/06/2026;16:00:00;2.276;0.204;237.9;9.57;0.0;0.0;55.0;33.2;49.1;0.27
28/06/2026;17:00:00;2.602;0.43;243.41;10.69;0.0;0.0;55.0;31.1;55.0;0.26
28/06/2026;18:00:00;3.207;0.459;238.53;13.45;21.7;0.0;55.0;31.2;50.2;0.27
28/06/2026;19:00:00;4.001;0.813;235.07;17.02;12.3;0.0;55.0;30.1;61.7;0.39
28/06/2026;20:00:00;4.777;0.886;239.89;19.91;5.5;0.0;55.0;32.9;52.9;0.35
28/06/2026;21:00:00;3.829;0.29;237.65;16.11;20.3;0.0;55.0;24.2;49.3;0.33
28/06/2026;22:00:00;3.019;0.464;242.27;12.46;0.0;0.0;55.0;26.8;52.1;0.38
28/06/2026;23:00:00;2.467;0.397;240.92;10.24;0.0;0.0;55.0;28.5;53.6;0.34
29/06/2026;00:00:00;0.763;0.15;238.24;3.2;0.0;0.0;55.0;25.0;54.6;0.12
29/06/2026;01:00:00;0.85;0.135;237.19;3.58;0.0;0.0;55.0;25.2;57.7;0.12
29/06/2026;02:00:00;0.712;0.053;236.93;3.01;0.0;0.0;55.0;23.7;59.4;0.12
29/06/2026;03:00:00;0.784;0.074;238.36;3.29;0.0;0.0;55.0;22.4;49.7;0.12
29/06/2026;04:00:00;0.726;0.115;243.82;2.98;0.0;0.0;55.0;20.2;64.6;0.12
29/06/2026;05:00:00;1.158;0.237;239.6;4.83;0.0;0.0;55.0;24.4;52.4;0.12
29/06/2026;06:00:00;1.819;0.367;242.65;7.49;0.0;0.0;55.0;23.7;52.5;0.25
29/06/2026;07:00:00;2.361;0.262;235.85;10.01;0.0;13.6;55.0;24.7;51.7;0.23
29/06/2026;08:00:00;3.346;0.64;234.62;14.26;0.0;14.5;55.0;26.3;57.4;0.73
29/06/2026;09:00:00;5.368;0.735;237.35;22.61;0.0;6.0;55.0;31.0;48.3;0.71
29/06/2026;10:00:00;2.886;0.372;241.84;11.93;0.0;0.0;55.0;33.3;44.4;0.63
29/06/2026;11:00:00;2.306;0.253;239.19;9.64;0.0;0.0;55.0;31.2;47.3;0.74
29/06/2026;12:00:00;2.012;0.333;242.49;8.3;0.0;0.0;55.0;31.2;40.4;0.72
29/06/2026;13:00:00;1.885;0.286;243.54;7.74;0.0;0.0;55.0;31.0;45.4;0.68
29/06/2026;14:00:00;2.042;0.232;237.32;8.61;0.0;0.0;55.0;33.9;41.1;0.65
29/06/2026;15:00:00;2.311;0.415;242.34;9.54;0.0;0.0;55.0;36.1;44.2;0.8
29/06/2026;16:00:00;2.376;0.272;243.89;9.74;0.0;0.0;55.0;32.9;51.4;0.67
29/06/2026;17:00:00;2.594;0.387;242.89;10.68;0.0;0.0;55.0;29.2;53.8;0.65
29/06/2026;18:00:00;3.758;0.439;235.54;15.96;22.5;0.0;55.0;32.9;54.3;0.66
29/06/2026;19:00:00;3.807;0.266;234.81;16.21;14.7;0.0;55.0;32.4;53.7;0.27
29/06/2026;20:00:00;3.756;0.291;238.74;15.73;21.6;0.0;55.0;27.3;49.9;0.25
29/06/2026;21:00:00;3.69;0.596;238.85;15.45;25.0;0.0;55.0;28.7;51.6;0.27
29/06/2026;22:00:00;2.975;0.559;242.36;12.28;0.0;0.0;55.0;27.8;52.0;0.32
29/06/2026;23:00:00;1.896;0.246;237.29;7.99;0.0;0.0;55.0;25.8;43.0;0.32
30/06/2026;00:00:00;0.796;0.084;241.16;3.3;0.0;0.0;55.0;23.7;49.4;0.12
30/06/2026;01:00:00;0.92;0.099;236.97;3.88;0.0;0.0;55.0;25.6;53.1;0.12
30/06/2026;02:00:00;0.665;0.101;240.97;2.76;0.0;0.0;55.0;23.0;55.2;0.12
30/06/2026;03:00:00;0.88;0.114;238.72;3.68;0.0;0.0;55.0;21.2;60.0;0.12
30/06/2026;04:00:00;0.755;0.038;241.0;3.13;0.0;0.0;55.0;20.5;60.3;0.12
30/06/2026;05:00:00;1.247;0.226;238.98;5.22;0.0;0.0;55.0;26.0;44.8;0.12
30/06/2026;06:00:00;1.887;0.14;233.82;8.07;0.0;0.0;55.0;25.8;56.4;0.27
30/06/2026;07:00:00;2.633;0.434;241.43;10.91;0.0;3.3;55.0;26.0;54.5;0.33
30/06/2026;08:00:00;3.315;0.36;243.28;13.63;0.0;17.6;55.0;26.4;56.4;0.73
30/06/2026;09:00:00;2.951;0.437;237.66;12.42;0.0;18.5;55.0;27.6;57.7;0.69
30/06/2026;10:00:00;2.516;0.492;242.27;10.39;0.0;0.0;55.0;28.1;51.2;0.63
30/06/2026;11:00:00;2.023;0.154;238.28;8.49;0.0;0.0;55.0;30.2;56.4;0.73
30/06/2026;12:00:00;1.667;0.304;236.22;7.06;0.0;0.0;55.0;28.7;47.0;0.73
30/06/2026;13:00:00;1.895;0.107;238.29;7.95;0.0;0.0;55.0;31.6;44.4;0.65
30/06/2026;14:00:00;2.273;0.47;239.49;9.49;0.0;0.0;55.0;32.8;50.3;0.66
30/06/2026;15:00:00;2.056;0.173;236.3;8.7;0.0;0.0;55.0;34.3;45.1;0.58
30/06/2026;16:00:00;2.472;0.457;243.78;10.14;0.0;0.0;55.0;33.2;49.2;0.69
30/06/2026;17:00:00;2.871;0.176;235.71;12.18;0.0;0.0;55.0;33.9;57.2;0.67
30/06/2026;18:00:00;3.577;0.378;238.48;15.0;4.2;0.0;55.0;34.0;49.2;0.59
30/06/2026;19:00:00;3.99;0.629;237.42;16.81;13.1;0.0;55.0;32.5;49.5;0.29
30/06/2026;20:00:00;3.791;0.614;243.79;15.55;21.5;0.0;55.0;30.4;45.7;0.28
30/06/2026;21:00:00;3.463;0.584;235.78;14.69;15.6;0.0;55.0;28.4;43.2;0.31
30/06/2026;22:00:00;2.694;0.295;242.31;11.12;0.0;0.0;55.0;25.6;53.5;0.22
30/06/2026;23:00:00;2.074;0.339;240.55;8.62;0.0;0.0;55.0;27.0;58.1;0.31
01/07/2026;00:00:00;1.28;0.157;236.51;5.41;0.0;0.0;55.0;29.0;49.6;0.12
01/07/2026;01:00:00;1.116;0.163;239.02;4.67;0.0;0.0;55.0;26.2;55.5;0.12
01/07/2026;02:00:00;1.074;0.154;239.49;4.48;0.0;0.0;55.0;28.0;59.1;0.12
01/07/2026;03:00:00;0.886;0.07;241.64;3.67;0.0;0.0;55.0;22.7;63.2;0.12
01/07/2026;04:00:00;0.961;0.186;238.19;4.03;0.0;0.0;55.0;23.4;57.8;0.12
01/07/2026;05:00:00;1.364;0.269;241.77;5.64;0.0;0.0;55.0;27.0;53.7;0.12
01/07/2026;06:00:00;2.012;0.17;240.14;8.38;0.0;0.0;55.0;26.9;45.3;0.28
01/07/2026;07:00:00;3.008;0.363;241.26;12.47;0.0;9.0;55.0;29.5;47.7;0.29
01/07/2026;08:00:00;3.377;0.436;237.53;14.22;0.0;3.9;55.0;28.7;50.1;0.64
01/07/2026;09:00:00;3.233;0.463;239.32;13.51;0.0;3.3;55.0;28.7;47.2;0.72
01/07/2026;10:00:00;2.888;0.155;240.31;12.02;0.0;0.0;55.0;31.0;50.9;0.78
01/07/2026;11:00:00;2.208;0.395;240.23;9.19;0.0;0.0;55.0;30.2;59.8;0.79
01/07/2026;12:00:00;1.978;0.389;239.89;8.24;0.0;0.0;55.0;31.8;56.5;0.71
01/07/2026;13:00:00;2.504;0.186;245.86;10.18;0.0;0.0;55.0;35.8;47.0;0.64
01/07/2026;14:00:00;2.409;0.488;241.61;9.97;0.0;0.0;55.0;36.1;49.4;0.78
01/07/2026;15:00:00;2.469;0.481;242.04;10.2;0.0;0.0;55.0;35.5;42.3;0.63
01/07/2026;16:00:00;2.315;0.329;240.69;9.62;0.0;0.0;55.0;32.2;55.9;0.76
01/07/2026;17:00:00;2.955;0.286;241.49;12.24;0.0;0.0;55.0;33.8;39.6;0.59
01/07/2026;18:00:00;3.359;0.286;240.56;13.97;15.5;0.0;55.0;31.7;53.6;0.67
01/07/2026;19:00:00;4.084;0.544;245.09;16.66;12.4;0.0;55.0;34.3;49.5;0.32
01/07/2026;20:00:00;3.951;0.538;239.83;16.47;1.5;0.0;55.0;30.4;46.3;0.31
01/07/2026;21:00:00;3.782;0.608;242.33;15.61;0.9;0.0;55.0;28.4;50.7;0.3
01/07/2026;22:00:00;2.889;0.538;245.84;11.75;0.0;0.0;55.0;28.8;45.7;0.32
01/07/2026;23:00:00;1.886;0.394;241.83;7.8;0.0;0.0;55.0;26.5;47.7;0.31
02/07/2026;00:00:00;1.243;0.23;239.2;5.19;0.0;0.0;55.0;28.7;43.5;0.12
02/07/2026;01:00:00;0.966;0.198;237.94;4.06;0.0;0.0;55.0;24.6;58.6;0.12
02/07/2026;02:00:00;0.779;0.105;238.61;3.27;0.0;0.0;55.0;23.1;62.0;0.12
02/07/2026;03:00:00;0.605;0.034;241.1;2.51;0.0;0.0;55.0;21.8;46.2;0.12
02/07/2026;04:00:00;1.122;0.066;245.0;4.58;0.0;0.0;55.0;25.1;63.5;0.12
02/07/2026;05:00:00;1.317;0.126;241.69;5.45;0.0;0.0;55.0;24.8;54.5;0.12
02/07/2026;06:00:00;1.532;0.237;238.92;6.41;0.0;0.0;55.0;24.3;56.4;0.26
02/07/2026;07:00:00;2.696;0.288;239.15;11.27;0.0;9.0;55.0;29.3;43.6;0.22
02/07/2026;08:00:00;3.499;0.274;239.58;14.61;0.0;1.4;55.0;29.7;57.2;0.63
02/07/2026;09:00:00;3.131;0.609;236.25;13.25;0.0;10.5;55.0;30.0;51.4;0.65
02/07/2026;10:00:00;2.866;0.623;238.72;12.0;0.0;0.0;55.0;33.3;53.4;0.69
02/07/2026;11:00:00;2.585;0.137;238.6;10.84;0.0;0.0;55.0;33.5;53.7;0.75
02/07/2026;12:00:00;1.995;0.13;247.78;8.05;0.0;0.0;55.0;32.3;55.2;0.71
02/07/2026;13:00:00;2.175;0.293;242.6;8.97;0.0;0.0;55.0;32.8;44.9;0.64
02/07/2026;14:00:00;2.14;0.23;237.0;9.03;0.0;0.0;55.0;36.1;44.5;0.7
02/07/2026;15:00:00;2.444;0.447;235.61;10.37;0.0;0.0;55.0;35.6;42.9;0.74
02/07/2026;16:00:00;4.643;0.749;236.34;19.64;0.0;0.0;55.0;35.1;50.8;0.66
02/07/2026;17:00:00;2.86;0.176;243.96;11.72;0.0;0.0;55.0;33.1;49.6;0.63
02/07/2026;18:00:00;3.514;0.501;236.22;14.87;12.5;0.0;55.0;34.4;52.2;0.77
02/07/2026;19:00:00;3.608;0.387;244.51;14.76;22.4;0.0;55.0;31.4;54.9;0.26
02/07/2026;20:00:00;4.073;0.872;240.67;16.93;19.8;0.0;55.0;31.1;40.9;0.23
02/07/2026;21:00:00;3.749;0.49;239.31;15.67;13.9;0.0;55.0;32.2;55.4;0.26
02/07/2026;22:00:00;2.779;0.577;236.8;11.74;0.0;0.0;55.0;27.7;57.0;0.31
02/07/2026;23:00:00;2.122;0.117;243.54;8.71;0.0;0.0;55.0;25.1;52.4;0.3
03/07/2026;00:00:00;0.943;0.064;241.53;3.91;0.0;0.0;55.0;24.9;56.2;0.12
03/07/2026;01:00:00;1.217;0.141;242.52;5.02;0.0;0.0;55.0;27.2;52.1;0.12
03/07/2026;02:00:00;0.89;0.179;239.24;3.72;0.0;0.0;55.0;25.6;57.0;0.12
03/07/2026;03:00:00;0.767;0.109;241.87;3.17;0.0;0.0;55.0;24.8;52.7;0.12
03/07/2026;04:00:00;0.93;0.177;244.15;3.81;0.0;0.0;55.0;24.4;57.3;0.12
03/07/2026;05:00:00;1.113;0.109;241.67;4.6;0.0;0.0;55.0;26.4;53.6;0.12
03/07/2026;06:00:00;1.781;0.123;237.04;7.51;0.0;0.0;55.0;25.2;52.1;0.34
03/07/2026;07:00:00;2.742;0.252;241.46;11.36;0.0;5.1;55.0;28.0;53.0;0.24
03/07/2026;08:00:00;3.428;0.547;242.11;14.16;0.0;5.8;55.0;27.6;65.8;0.74
03/07/2026;09:00:00;3.064;0.607;244.7;12.52;0.0;5.7;55.0;28.7;48.0;0.56
03/07/2026;10:00:00;2.673;0.34;241.64;11.06;0.0;0.0;55.0;30.3;48.9;0.74
03/07/2026;11:00:00;2.039;0.169;243.08;8.39;0.0;0.0;55.0;31.9;45.5;0.68
03/07/2026;12:00:00;1.917;0.304;241.73;7.93;0.0;0.0;55.0;33.5;44.8;0.58
03/07/2026;13:00:00;1.908;0.159;236.21;8.08;0.0;0.0;55.0;34.7;50.7;0.68
03/07/2026;14:00:00;1.796;0.264;242.32;7.41;0.0;0.0;55.0;29.3;54.5;0.79
03/07/2026;15:00:00;2.303;0.155;240.34;9.58;0.0;0.0;55.0;33.8;47.3;0.7
03/07/2026;16:00:00;2.636;0.495;245.59;10.74;0.0;0.0;55.0;34.2;52.1;0.67
03/07/2026;17:00:00;3.191;0.596;235.97;13.52;0.0;0.0;55.0;36.6;49.1;0.74
03/07/2026;18:00:00;3.671;0.521;236.83;15.5;10.2;0.0;55.0;31.9;48.1;0.75
03/07/2026;19:00:00;3.964;0.224;242.03;16.38;5.5;0.0;55.0;32.7;40.5;0.32
03/07/2026;20:00:00;4.264;0.416;244.23;17.46;5.3;0.0;55.0;33.5;51.7;0.29
03/07/2026;21:00:00;3.447;0.253;239.66;14.38;17.2;0.0;55.0;28.0;52.8;0.29
03/07/2026;22:00:00;4.867;0.676;239.68;20.3;0.0;0.0;55.0;29.3;51.1;0.32
03/07/2026;23:00:00;2.129;0.143;240.58;8.85;0.0;0.0;55.0;26.3;51.0;0.28
04/07/2026;00:00:00;1.001;0.198;238.64;4.19;0.0;0.0;55.0;25.7;57.6;0.14
04/07/2026;01:00:00;1.074;0.209;242.77;4.43;0.0;0.0;55.0;24.5;56.6;0.14
04/07/2026;02:00:00;0.763;0.058;238.65;3.2;0.0;0.0;55.0;24.1;54.0;0.14
04/07/2026;03:00:00;1.576;0.265;241.96;6.52;0.0;0.0;55.0;29.1;45.0;0.14
04/07/2026;04:00:00;1.095;0.184;236.29;4.63;0.0;0.0;55.0;26.4;58.6;0.14
04/07/2026;05:00:00;1.333;0.157;244.81;5.45;0.0;0.0;55.0;27.3;55.6;0.14
04/07/2026;06:00:00;2.134;0.162;234.06;9.12;0.0;0.0;55.0;27.2;53.9;0.37
04/07/2026;07:00:00;2.773;0.201;237.02;11.7;0.0;6.2;55.0;25.1;41.0;0.31
04/07/2026;08:00:00;7.286;1.2;246.31;29.58;0.0;16.4;55.0;29.3;50.8;0.3
04/07/2026;09:00:00;3.275;0.286;240.28;13.63;0.0;2.1;55.0;31.6;47.9;0.39
04/07/2026;10:00:00;2.18;0.333;238.15;9.16;0.0;0.0;55.0;30.0;47.3;0.38
04/07/2026;11:00:00;2.049;0.404;236.42;8.67;0.0;0.0;55.0;33.9;51.0;0.39
04/07/2026;12:00:00;2.015;0.304;238.78;8.44;0.0;0.0;55.0;34.6;50.3;0.27
04/07/2026;13:00:00;2.018;0.435;240.81;8.38;0.0;0.0;55.0;37.1;46.9;0.38
04/07/2026;14:00:00;1.642;0.262;241.36;6.8;0.0;0.0;55.0;34.2;52.2;0.3
04/07/2026;15:00:00;1.712;0.177;240.9;7.11;0.0;0.0;55.0;33.4;42.6;0.25
04/07/2026;16:00:00;2.207;0.43;235.0;9.39;0.0;0.0;55.0;34.3;44.7;0.31
04/07/2026;17:00:00;2.86;0.294;240.39;11.9;0.0;0.0;55.0;36.5;45.6;0.32
04/07/2026;18:00:00;3.228;0.695;240.95;13.4;10.9;0.0;55.0;30.8;46.7;0.27
04/07/2026;19:00:00;3.895;0.511;240.98;16.16;2.2;0.0;55.0;29.4;54.5;0.33
04/07/2026;20:00:00;4.643;0.985;240.08;19.34;9.7;0.0;55.0;31.4;46.6;0.37
04/07/2026;21:00:00;4.027;0.327;236.56;17.02;19.0;0.0;55.0;29.3;57.4;0.31
04/07/2026;22:00:00;3.389;0.176;237.42;14.27;0.0;0.0;55.0;28.7;46.8;0.3
04/07/2026;23:00:00;2.281;0.19;243.4;9.37;0.0;0.0;55.0;28.9;61.9;0.3
05/07/2026;00:00:00;0.967;0.065;237.83;4.07;0.0;0.0;55.0;25.6;64.0;0.14
05/07/2026;01:00:00;0.921;0.161;237.98;3.87;0.0;0.0;55.0;22.9;55.6;0.14
05/07/2026;02:00:00;1.257;0.119;239.17;5.26;0.0;0.0;55.0;28.2;57.5;0.14
05/07/2026;03:00:00;0.726;0.115;236.59;3.07;0.0;0.0;55.0;23.5;53.6;0.14
05/07/2026;04:00:00;0.963;0.158;241.77;3.98;0.0;0.0;55.0;23.6;60.6;0.14
05/07/2026;05:00:00;1.464;0.245;236.45;6.19;0.0;0.0;55.0;27.3;51.7;0.14
05/07/2026;06:00:00;1.795;0.344;243.04;7.38;0.0;0.0;55.0;25.9;47.3;0.31
05/07/2026;07:00:00;2.859;0.215;236.23;12.1;0.0;15.5;55.0;27.4;34.8;0.31
05/07/2026;08:00:00;3.588;0.21;239.22;15.0;0.0;3.1;55.0;29.4;49.5;0.38
05/07/2026;09:00:00;3.427;0.189;240.96;14.22;0.0;15.4;55.0;31.6;50.5;0.28
05/07/2026;10:00:00;2.512;0.17;242.21;10.37;0.0;0.0;55.0;30.8;56.4;0.34
05/07/2026;11:00:00;2.052;0.235;239.37;8.57;0.0;0.0;55.0;34.8;46.8;0.27
05/07/2026;12:00:00;1.549;0.332;238.03;6.51;0.0;0.0;55.0;30.3;55.1;0.38
05/07/2026;13:00:00;2.055;0.226;243.97;8.42;0.0;0.0;55.0;35.5;43.8;0.33
05/07/2026;14:00:00;1.539;0.195;240.51;6.4;0.0;0.0;55.0;33.6;45.9;0.34
05/07/2026;15:00:00;2.084;0.393;239.52;8.7;0.0;0.0;55.0;37.1;50.0;0.31
05/07/2026;16:00:00;2.442;0.503;234.91;10.39;0.0;0.0;55.0;35.0;34.0;0.3
05/07/2026;17:00:00;2.701;0.581;240.54;11.23;0.0;0.0;55.0;33.3;47.8;0.28
05/07/2026;18:00:00;3.524;0.671;239.99;14.69;19.0;0.0;55.0;34.5;44.8;0.34
05/07/2026;19:00:00;8.048;1.09;236.2;34.07;22.1;0.0;55.0;33.8;54.1;0.38
05/07/2026;20:00:00;4.638;0.413;237.81;19.5;24.8;0.0;55.0;32.3;46.0;0.3
05/07/2026;21:00:00;3.963;0.601;240.26;16.49;0.3;0.0;55.0;28.5;54.2;0.37
05/07/2026;22:00:00;3.015;0.252;241.31;12.49;0.0;0.0;55.0;28.0;56.6;0.27
05/07/2026;23:00:00;2.324;0.138;237.15;9.8;0.0;0.0;55.0;27.5;44.9;0.38
06/07/2026;00:00:00;1.068;0.22;237.18;4.5;0.0;0.0;55.0;26.4;52.6;0.12
06/07/2026;01:00:00;4.89;0.648;240.32;20.35;0.0;0.0;55.0;26.8;50.8;0.12
06/07/2026;02:00:00;0.55;0.075;237.64;2.31;0.0;0.0;55.0;22.1;61.4;0.12
06/07/2026;03:00:00;0.86;0.132;239.44;3.59;0.0;0.0;55.0;25.5;57.4;0.12
06/07/2026;04:00:00;1.056;0.134;244.97;4.31;0.0;0.0;55.0;24.7;53.4;0.12
06/07/2026;05:00:00;1.2;0.151;239.88;5.0;0.0;0.0;55.0;24.4;49.6;0.12
06/07/2026;06:00:00;1.88;0.387;242.86;7.74;0.0;0.0;55.0;25.4;59.3;0.28
06/07/2026;07:00:00;2.564;0.484;236.51;10.84;0.0;16.0;55.0;27.2;52.3;0.22
06/07/2026;08:00:00;5.343;0.46;237.85;22.47;0.0;18.5;55.0;23.3;47.7;0.68
06/07/2026;09:00:00;3.043;0.303;237.79;12.8;0.0;8.9;55.0;28.9;43.6;0.61
06/07/2026;10:00:00;2.74;0.445;236.91;11.57;0.0;0.0;55.0;30.0;52.6;0.76
06/07/2026;11:00:00;2.27;0.334;235.05;9.66;0.0;0.0;55.0;33.3;41.4;0.77
06/07/2026;12:00:00;1.976;0.356;240.54;8.21;0.0;0.0;55.0;32.3;57.8;0.7
06/07/2026;13:00:00;2.135;0.371;241.08;8.86;0.0;0.0;55.0;34.0;42.5;0.73
06/07/2026;14:00:00;2.497;0.426;237.35;10.52;0.0;0.0;55.0;37.1;44.7;0.69
06/07/2026;15:00:00;2.467;0.493;237.91;10.37;0.0;0.0;55.0;36.5;46.0;0.75
06/07/2026;16:00:00;2.636;0.475;240.22;10.97;0.0;0.0;55.0;36.2;41.8;0.7
06/07/2026;17:00:00;2.814;0.257;240.06;11.72;0.0;0.0;55.0;33.6;36.3;0.65
06/07/2026;18:00:00;3.656;0.725;242.89;15.05;9.6;0.0;55.0;34.4;47.9;0.65
06/07/2026;19:00:00;3.856;0.413;243.17;15.86;5.2;0.0;55.0;32.1;44.9;0.31
06/07/2026;20:00:00;3.952;0.81;238.13;16.6;5.9;0.0;55.0;31.0;50.2;0.28
06/07/2026;21:00:00;3.729;0.709;239.81;15.55;14.6;0.0;55.0;30.6;49.3;0.27
06/07/2026;22:00:00;2.842;0.178;237.2;11.98;0.0;0.0;55.0;27.8;53.5;0.3
06/07/2026;23:00:00;2.492;0.451;244.21;10.21;0.0;0.0;55.0;29.7;58.4;0.22
07/07/2026;00:00:00;0.961;0.13;240.75;3.99;0.0;0.0;55.0;26.2;50.7;0.12
07/07/2026;01:00:00;0.963;0.208;242.78;3.97;0.0;0.0;55.0;26.6;50.8;0.12
07/07/2026;02:00:00;1.158;0.148;238.98;4.85;0.0;0.0;55.0;27.4;44.2;0.12
07/07/2026;03:00:00;0.948;0.058;242.86;3.9;0.0;0.0;55.0;26.5;52.2;0.12
07/07/2026;04:00:00;0.703;0.07;242.08;2.9;0.0;0.0;55.0;23.1;58.0;0.12
07/07/2026;05:00:00;1.114;0.137;243.58;4.57;0.0;0.0;55.0;26.3;50.9;0.12
07/07/2026;06:00:00;1.942;0.293;236.24;8.22;0.0;0.0;55.0;27.7;54.3;0.29
07/07/2026;07:00:00;2.715;0.206;240.21;11.3;0.0;11.4;55.0;28.8;50.4;0.27
07/07/2026;08:00:00;3.271;0.45;243.07;13.46;0.0;6.0;55.0;27.0;46.3;0.78
07/07/2026;09:00:00;3.137;0.415;237.38;13.22;0.0;4.1;55.0;29.0;52.7;0.71
07/07/2026;10:00:00;2.478;0.476;241.46;10.26;0.0;0.0;55.0;32.8;47.1;0.7
07/07/2026;11:00:00;2.143;0.217;241.6;8.87;0.0;0.0;55.0;31.4;49.9;0.61
07/07/2026;12:00:00;1.964;0.248;241.96;8.12;0.0;0.0;55.0;33.1;45.1;0.61
07/07/2026;13:00:00;2.305;0.268;240.93;9.57;0.0;0.0;55.0;36.7;41.8;0.71
07/07/2026;14:00:00;2.191;0.345;241.73;9.06;0.0;0.0;55.0;34.8;47.4;0.59
07/07/2026;15:00:00;2.272;0.437;241.21;9.42;0.0;0.0;55.0;33.9;46.1;0.71
07/07/2026;16:00:00;2.27;0.374;243.32;9.33;0.0;0.0;55.0;33.5;56.2;0.61
07/07/2026;17:00:00;3.01;0.388;237.99;12.65;0.0;0.0;55.0;34.8;50.5;0.65
07/07/2026;18:00:00;3.52;0.558;240.95;14.61;8.1;0.0;55.0;31.5;51.9;0.57
07/07/2026;19:00:00;3.756;0.394;243.41;15.43;11.6;0.0;55.0;32.1;47.8;0.33
07/07/2026;20:00:00;4.226;0.315;237.81;17.77;14.7;0.0;55.0;31.8;38.8;0.31
07/07/2026;21:00:00;3.663;0.382;238.06;15.39;22.5;0.0;55.0;31.9;44.8;0.24
07/07/2026;22:00:00;3.14;0.394;241.47;13.0;0.0;0.0;55.0;29.7;47.4;0.33
07/07/2026;23:00:00;1.887;0.235;243.87;7.74;0.0;0.0;55.0;26.4;51.9;0.26
08/07/2026;00:00:00;1.105;0.194;239.62;4.61;0.0;0.0;55.0;28.2;51.6;0.12
08/07/2026;01:00:00;1.092;0.228;240.27;4.54;0.0;0.0;55.0;25.2;57.5;0.12
08/07/2026;02:00:00;0.889;0.103;241.02;3.69;0.0;0.0;55.0;23.3;57.1;0.12
08/07/2026;03:00:00;0.841;0.054;238.64;3.52;0.0;0.0;55.0;24.7;60.4;0.12
08/07/2026;04:00:00;1.189;0.066;246.14;4.83;0.0;0.0;55.0;27.3;51.0;0.12
08/07/2026;05:00:00;1.168;0.059;237.41;4.92;0.0;0.0;55.0;25.9;55.0;0.12
08/07/2026;06:00:00;1.701;0.356;240.25;7.08;0.0;0.0;55.0;26.5;54.9;0.24
08/07/2026;07:00:00;2.906;0.637;240.3;12.09;0.0;8.5;55.0;30.0;51.7;0.26
08/07/2026;08:00:00;3.329;0.196;233.87;14.23;0.0;3.1;55.0;26.6;59.6;0.76
08/07/2026;09:00:00;2.989;0.331;237.64;12.58;0.0;17.7;55.0;28.1;56.0;0.72
08/07/2026;10:00:00;2.646;0.433;236.21;11.2;0.0;0.0;55.0;28.9;44.7;0.75
08/07/2026;11:00:00;5.871;0.472;242.02;24.26;0.0;0.0;55.0;33.1;47.4;0.56
08/07/2026;12:00:00;2.181;0.329;235.26;9.27;0.0;0.0;55.0;33.8;47.3;0.71
08/07/2026;13:00:00;2.56;0.482;242.64;10.55;0.0;0.0;55.0;36.6;55.8;0.81
08/07/2026;14:00:00;2.162;0.424;236.7;9.13;0.0;0.0;55.0;35.2;44.6;0.64
08/07/2026;15:00:00;2.188;0.372;242.69;9.01;0.0;0.0;55.0;34.4;42.0;0.72
08/07/2026;16:00:00;2.557;0.163;236.09;10.83;0.0;0.0;55.0;34.8;48.7;0.7
08/07/2026;17:00:00;5.235;0.572;241.19;21.71;0.0;0.0;55.0;34.5;49.3;0.71
08/07/2026;18:00:00;3.519;0.755;242.62;14.5;14.8;0.0;55.0;31.0;49.2;0.72
08/07/2026;19:00:00;4.46;0.369;241.6;18.46;17.0;0.0;55.0;36.6;44.0;0.33
08/07/2026;20:00:00;4.036;0.513;236.58;17.06;18.3;0.0;55.0;32.1;53.5;0.23
08/07/2026;21:00:00;3.724;0.398;243.16;15.32;12.2;0.0;55.0;30.3;45.9;0.29
08/07/2026;22:00:00;2.817;0.239;241.53;11.66;0.0;0.0;55.0;29.6;49.0;0.3
08/07/2026;23:00:00;2.219;0.233;233.4;9.51;0.0;0.0;55.0;28.6;48.9;0.25
09/07/2026;00:00:00;1.058;0.087;240.31;4.4;0.0;0.0;55.0;26.3;58.9;0.12
09/07/2026;01:00:00;0.892;0.178;247.93;3.6;0.0;0.0;55.0;24.7;56.0;0.12
09/07/2026;02:00:00;0.948;0.076;243.13;3.9;0.0;0.0;55.0;26.1;48.2;0.12
09/07/2026;03:00:00;0.947;0.148;238.6;3.97;0.0;0.0;55.0;25.6;49.1;0.12
09/07/2026;04:00:00;0.932;0.196;241.52;3.86;0.0;0.0;55.0;24.0;64.6;0.12
09/07/2026;05:00:00;1.288;0.273;238.9;5.39;0.0;0.0;55.0;27.8;57.6;0.12
09/07/2026;06:00:00;1.892;0.288;242.84;7.79;0.0;0.0;55.0;26.9;57.1;0.25
09/07/2026;07:00:00;2.765;0.266;237.72;11.63;0.0;13.5;55.0;28.6;51.6;0.24
09/07/2026;08:00:00;3.51;0.323;243.38;14.42;0.0;17.3;55.0;30.8;57.3;0.74
09/07/2026;09:00:00;3.039;0.538;242.58;12.53;0.0;12.3;55.0;30.0;44.9;0.6
09/07/2026;10:00:00;2.561;0.555;241.8;10.59;0.0;0.0;55.0;31.8;52.7;0.65
09/07/2026;11:00:00;2.505;0.158;245.8;10.19;0.0;0.0;55.0;33.7;45.2;0.67
09/07/2026;12:00:00;4.16;0.766;242.82;17.13;0.0;0.0;55.0;32.4;47.2;0.71
09/07/2026;13:00:00;2.053;0.146;242.86;8.45;0.0;0.0;55.0;34.4;50.5;0.57
09/07/2026;14:00:00;2.03;0.204;243.15;8.35;0.0;0.0;55.0;35.0;45.7;0.61
09/07/2026;15:00:00;2.126;0.311;242.0;8.79;0.0;0.0;55.0;33.6;45.4;0.73
09/07/2026;16:00:00;2.563;0.258;241.3;10.62;0.0;0.0;55.0;38.3;41.3;0.62
09/07/2026;17:00:00;2.818;0.452;238.1;11.84;0.0;0.0;55.0;32.2;38.7;0.64
09/07/2026;18:00:00;3.328;0.402;238.14;13.97;6.5;0.0;55.0;31.6;52.9;0.75
09/07/2026;19:00:00;4.09;0.357;241.21;16.95;24.5;0.0;55.0;34.5;41.8;0.22
09/07/2026;20:00:00;4.188;0.587;241.71;17.33;21.3;0.0;55.0;32.4;57.8;0.25
09/07/2026;21:00:00;3.504;0.189;240.05;14.6;23.2;0.0;55.0;28.5;50.2;0.24
09/07/2026;22:00:00;3.027;0.533;238.65;12.68;0.0;0.0;55.0;29.6;57.3;0.24
09/07/2026;23:00:00;2.668;0.37;239.62;11.14;0.0;0.0;55.0;29.7;41.6;0.34
10/07/2026;00:00:00;1.107;0.233;239.85;4.61;0.0;0.0;55.0;26.4;56.9;0.12
10/07/2026;01:00:00;1.167;0.079;240.77;4.85;0.0;0.0;55.0;29.6;55.7;0.12
10/07/2026;02:00:00;0.922;0.161;239.38;3.85;0.0;0.0;55.0;22.6;62.9;0.12
10/07/2026;03:00:00;1.049;0.106;243.26;4.31;0.0;0.0;55.0;26.0;45.9;0.12
10/07/2026;04:00:00;1.394;0.158;239.69;5.82;0.0;0.0;55.0;26.9;49.4;0.12
10/07/2026;05:00:00;1.279;0.14;238.2;5.37;0.0;0.0;55.0;27.0;55.7;0.12
10/07/2026;06:00:00;2.085;0.231;239.77;8.7;0.0;0.0;55.0;26.2;54.2;0.32
10/07/2026;07:00:00;2.658;0.328;236.92;11.22;0.0;13.2;55.0;27.1;54.2;0.26
10/07/2026;08:00:00;3.834;0.205;245.64;15.61;0.0;7.7;55.0;29.4;49.1;0.66
10/07/2026;09:00:00;3.334;0.647;241.84;13.78;0.0;2.9;55.0;31.2;57.2;0.74
10/07/2026;10:00:00;3.024;0.605;239.96;12.6;0.0;0.0;55.0;32.2;61.7;0.64
10/07/2026;11:00:00;2.413;0.137;243.97;9.89;0.0;0.0;55.0;34.1;47.7;0.69
10/07/2026;12:00:00;2.105;0.383;239.43;8.79;0.0;0.0;55.0;32.0;51.1;0.69
10/07/2026;13:00:00;2.295;0.143;239.91;9.57;0.0;0.0;55.0;34.0;47.5;0.65
10/07/2026;14:00:00;1.981;0.371;238.03;8.32;0.0;0.0;55.0;33.4;54.1;0.67
10/07/2026;15:00:00;2.419;0.373;237.37;10.19;0.0;0.0;55.0;34.4;51.0;0.75
10/07/2026;16:00:00;2.574;0.263;240.59;10.7;0.0;0.0;55.0;36.4;40.0;0.65
10/07/2026;17:00:00;2.955;0.456;242.98;12.16;0.0;0.0;55.0;34.5;43.7;0.66
10/07/2026;18:00:00;3.864;0.526;237.54;16.27;6.7;0.0;55.0;37.4;39.4;0.63
10/07/2026;19:00:00;3.956;0.625;239.33;16.53;10.6;0.0;55.0;32.8;61.6;0.27
10/07/2026;20:00:00;4.158;0.544;239.43;17.37;13.0;0.0;55.0;31.4;52.5;0.31
10/07/2026;21:00:00;3.572;0.648;242.16;14.75;1.3;0.0;55.0;30.2;47.3;0.23
10/07/2026;22:00:00;2.773;0.16;238.79;11.61;0.0;0.0;55.0;27.7;48.8;0.23
10/07/2026;23:00:00;1.776;0.193;242.11;7.34;0.0;0.0;55.0;27.4;56.5;0.26
11/07/2026;00:00:00;1.322;0.192;242.0;5.46;0.0;0.0;55.0;28.2;56.4;0.14
11/07/2026;01:00:00;1.221;0.183;238.15;5.13;0.0;0.0;55.0;25.8;57.7;0.14
11/07/2026;02:00:00;0.892;0.07;239.18;3.73;0.0;0.0;55.0;24.0;53.1;0.14
11/07/2026;03:00:00;0.655;0.041;240.23;2.73;0.0;0.0;55.0;23.6;57.0;0.14
11/07/2026;04:00:00;1.058;0.057;238.78;4.43;0.0;0.0;55.0;24.5;55.4;0.14
11/07/2026;05:00:00;1.201;0.144;237.49;5.06;0.0;0.0;55.0;25.8;49.1;0.14
11/07/2026;06:00:00;2.19;0.233;244.15;8.97;0.0;0.0;55.0;28.3;47.2;0.27
11/07/2026;07:00:00;2.848;0.417;235.01;12.12;0.0;18.5;55.0;25.5;56.1;0.29
11/07/2026;08:00:00;3.507;0.443;240.65;14.57;0.0;11.4;55.0;28.2;52.8;0.34
11/07/2026;09:00:00;3.253;0.381;243.82;13.34;0.0;10.7;55.0;30.2;53.0;0.26
11/07/2026;10:00:00;2.225;0.43;237.74;9.36;0.0;0.0;55.0;28.5;55.5;0.29
11/07/2026;11:00:00;1.866;0.291;240.07;7.77;0.0;0.0;55.0;31.2;56.9;0.28
11/07/2026;12:00:00;1.814;0.29;242.53;7.48;0.0;0.0;55.0;32.5;44.5;0.28
11/07/2026;13:00:00;1.774;0.204;231.48;7.67;0.0;0.0;55.0;33.1;51.0;0.35
11/07/2026;14:00:00;1.893;0.345;239.86;7.89;0.0;0.0;55.0;35.1;50.1;0.37
11/07/2026;15:00:00;2.083;0.158;235.6;8.84;0.0;0.0;55.0;34.8;45.0;0.35
11/07/2026;16:00:00;2.087;0.247;242.7;8.6;0.0;0.0;55.0;34.0;47.8;0.34
11/07/2026;17:00:00;2.865;0.166;237.78;12.05;0.0;0.0;55.0;35.0;45.0;0.38
11/07/2026;18:00:00;3.517;0.245;245.0;14.35;9.3;0.0;55.0;36.1;56.0;0.26
11/07/2026;19:00:00;4.328;0.276;237.33;18.24;9.6;0.0;55.0;35.0;47.0;0.28
11/07/2026;20:00:00;4.174;0.522;241.26;17.3;16.9;0.0;55.0;28.4;53.9;0.31
11/07/2026;21:00:00;3.972;0.669;237.55;16.72;9.6;0.0;55.0;30.9;48.4;0.3
11/07/2026;22:00:00;3.24;0.334;239.34;13.54;0.0;0.0;55.0;28.4;49.3;0.31
11/07/2026;23:00:00;2.339;0.128;239.99;9.75;0.0;0.0;55.0;27.7;45.7;0.28
12/07/2026;00:00:00;1.177;0.2;240.07;4.9;0.0;0.0;55.0;25.9;59.2;0.14
12/07/2026;01:00:00;0.996;0.085;244.63;4.07;0.0;0.0;55.0;25.8;57.6;0.14
12/07/2026;02:00:00;0.931;0.161;244.0;3.82;0.0;0.0;55.0;25.4;52.6;0.14
12/07/2026;03:00:00;0.985;0.05;237.9;4.14;0.0;0.0;55.0;24.1;50.6;0.14
12/07/2026;04:00:00;0.931;0.096;240.12;3.88;0.0;0.0;55.0;23.8;56.2;0.14
12/07/2026;05:00:00;1.245;0.194;236.74;5.26;0.0;0.0;55.0;25.0;51.9;0.14
12/07/2026;06:00:00;1.766;0.35;236.1;7.48;0.0;0.0;55.0;26.8;51.8;0.29
12/07/2026;07:00:00;3.09;0.551;238.13;12.97;0.0;18.6;55.0;28.4;45.4;0.29
12/07/2026;08:00:00;3.622;0.458;244.71;14.8;0.0;9.5;55.0;30.0;51.5;0.3
12/07/2026;09:00:00;3.12;0.537;235.27;13.26;0.0;10.7;55.0;29.3;52.2;0.35
12/07/2026;10:00:00;2.619;0.37;241.61;10.84;0.0;0.0;55.0;31.7;54.5;0.37
12/07/2026;11:00:00;2.175;0.41;241.29;9.02;0.0;0.0;55.0;33.9;46.5;0.33
12/07/2026;12:00:00;1.877;0.34;237.92;7.89;0.0;0.0;55.0;35.3;44.5;0.3
12/07/2026;13:00:00;1.804;0.389;241.81;7.46;0.0;0.0;55.0;34.2;39.2;0.3
12/07/2026;14:00:00;1.728;0.117;241.79;7.15;0.0;0.0;55.0;34.5;52.3;0.27
12/07/2026;15:00:00;2.27;0.245;239.9;9.46;0.0;0.0;55.0;35.3;50.6;0.38
12/07/2026;16:00:00;2.268;0.188;239.58;9.46;0.0;0.0;55.0;33.1;48.1;0.34
12/07/2026;17:00:00;2.604;0.409;239.31;10.88;0.0;0.0;55.0;34.0;40.5;0.26
12/07/2026;18:00:00;3.706;0.604;237.64;15.59;0.5;0.0;55.0;34.7;40.6;0.34
12/07/2026;19:00:00;4.339;0.367;240.46;18.05;11.6;0.0;55.0;33.5;44.9;0.31
12/07/2026;20:00:00;4.414;0.537;238.59;18.5;21.1;0.0;55.0;30.9;54.5;0.39
12/07/2026;21:00:00;4.111;0.626;240.45;17.1;9.9;0.0;55.0;30.3;51.6;0.37
12/07/2026;22:00:00;3.106;0.503;238.29;13.03;0.0;0.0;55.0;27.5;45.0;0.28
12/07/2026;23:00:00;2.452;0.165;238.16;10.3;0.0;0.0;55.0;28.6;53.6;0.35
13/07/2026;00:00:00;1.324;0.273;238.47;5.55;0.0;0.0;55.0;26.3;49.1;0.12
13/07/2026;01:00:00;0.968;0.054;243.55;3.97;0.0;0.0;55.0;25.3;51.6;0.12
13/07/2026;02:00:00;0.878;0.189;236.14;3.72;0.0;0.0;55.0;24.6;59.6;0.12
13/07/2026;03:00:00;1.003;0.104;244.96;4.09;0.0;0.0;55.0;24.9;58.3;0.12
13/07/2026;04:00:00;0.925;0.096;242.15;3.82;0.0;0.0;55.0;24.5;60.3;0.12
13/07/2026;05:00:00;1.242;0.156;235.62;5.27;0.0;0.0;55.0;26.7;53.0;0.12
13/07/2026;06:00:00;1.776;0.299;238.38;7.45;0.0;0.0;55.0;25.9;58.1;0.3
13/07/2026;07:00:00;2.451;0.189;235.46;10.41;0.0;4.9;55.0;29.9;47.6;0.24
13/07/2026;08:00:00;3.757;0.351;241.81;15.54;0.0;3.2;55.0;30.9;48.4;0.7
13/07/2026;09:00:00;2.905;0.62;243.57;11.93;0.0;12.1;55.0;28.7;49.8;0.66
13/07/2026;10:00:00;2.548;0.507;240.64;10.59;0.0;0.0;55.0;31.4;49.4;0.7
13/07/2026;11:00:00;2.214;0.191;243.41;9.1;0.0;0.0;55.0;31.5;42.7;0.72
13/07/2026;12:00:00;2.038;0.3;240.51;8.47;0.0;0.0;55.0;33.0;46.8;0.68
13/07/2026;13:00:00;2.594;0.219;242.72;10.69;0.0;0.0;55.0;37.3;51.8;0.62
13/07/2026;14:00:00;1.99;0.286;240.82;8.26;0.0;0.0;55.0;34.4;41.4;0.69
13/07/2026;15:00:00;2.629;0.295;240.04;10.95;0.0;0.0;55.0;35.5;39.3;0.71
13/07/2026;16:00:00;2.712;0.303;242.17;11.2;0.0;0.0;55.0;35.6;39.6;0.65
13/07/2026;17:00:00;2.944;0.465;239.56;12.29;0.0;0.0;55.0;32.8;61.4;0.7
13/07/2026;18:00:00;3.6;0.334;244.08;14.75;0.7;0.0;55.0;32.3;50.9;0.61
13/07/2026;19:00:00;3.804;0.452;239.12;15.91;19.7;0.0;55.0;30.7;48.5;0.32
13/07/2026;20:00:00;3.715;0.77;241.59;15.38;11.7;0.0;55.0;30.0;50.8;0.23
13/07/2026;21:00:00;3.369;0.601;238.02;14.15;3.5;0.0;55.0;25.7;55.0;0.25
13/07/2026;22:00:00;2.72;0.313;235.6;11.55;0.0;0.0;55.0;29.5;47.6;0.22
13/07/2026;23:00:00;2.212;0.197;241.0;9.18;0.0;0.0;55.0;30.6;47.3;0.22
14/07/2026;00:00:00;1.062;0.172;234.95;4.52;0.0;0.0;55.0;26.7;52.3;0.12
14/07/2026;01:00:00;0.71;0.133;246.02;2.89;0.0;0.0;55.0;23.5;51.9;0.12
14/07/2026;02:00:00;0.987;0.194;239.01;4.13;0.0;0.0;55.0;24.2;53.1;0.12
14/07/2026;03:00:00;0.862;0.126;239.78;3.6;0.0;0.0;55.0;24.3;56.7;0.12
14/07/2026;04:00:00;0.928;0.128;239.13;3.88;0.0;0.0;55.0;23.6;50.5;0.12
14/07/2026;05:00:00;1.335;0.23;240.39;5.55;0.0;0.0;55.0;27.0;65.9;0.12
14/07/2026;06:00:00;2.05;0.164;240.95;8.51;0.0;0.0;55.0;27.7;56.0;0.3
14/07/2026;07:00:00;2.444;0.476;237.65;10.28;0.0;7.9;55.0;25.8;47.4;0.26
14/07/2026;08:00:00;3.461;0.217;232.85;14.86;0.0;11.5;55.0;29.8;38.2;0.72
14/07/2026;09:00:00;3.362;0.513;236.92;14.19;0.0;0.1;55.0;32.3;45.1;0.64
14/07/2026;10:00:00;2.648;0.398;238.64;11.1;0.0;0.0;55.0;34.1;50.5;0.57
14/07/2026;11:00:00;2.826;0.291;240.78;11.74;0.0;0.0;55.0;36.8;47.4;0.79
14/07/2026;12:00:00;1.895;0.106;240.51;7.88;0.0;0.0;55.0;32.2;48.1;0.74
14/07/2026;13:00:00;2.757;0.474;242.11;11.39;0.0;0.0;55.0;38.6;40.5;0.67
14/07/2026;14:00:00;2.212;0.12;235.4;9.4;0.0;0.0;55.0;34.3;42.4;0.7
14/07/2026;15:00:00;2.214;0.178;237.5;9.32;0.0;0.0;55.0;34.1;45.1;0.66
14/07/2026;16:00:00;2.477;0.353;238.77;10.38;0.0;0.0;55.0;35.3;41.1;0.67
14/07/2026;17:00:00;2.964;0.622;244.27;12.14;0.0;0.0;55.0;33.5;45.6;0.7
14/07/2026;18:00:00;3.599;0.22;247.62;14.54;16.3;0.0;55.0;34.1;53.7;0.67
14/07/2026;19:00:00;3.783;0.561;236.22;16.01;8.2;0.0;55.0;30.5;46.1;0.32
14/07/2026;20:00:00;4.143;0.439;243.06;17.04;11.7;0.0;55.0;30.9;52.7;0.28
14/07/2026;21:00:00;3.867;0.633;240.24;16.1;19.0;0.0;55.0;31.9;52.7;0.23
14/07/2026;22:00:00;2.984;0.633;241.56;12.35;0.0;0.0;55.0;28.6;46.1;0.24
14/07/2026;23:00:00;2.187;0.209;236.29;9.26;0.0;0.0;55.0;27.7;48.0;0.32
15/07/2026;00:00:00;0.996;0.212;243.79;4.09;0.0;0.0;55.0;27.2;58.0;0.12
15/07/2026;01:00:00;0.881;0.174;233.78;3.77;0.0;0.0;55.0;27.4;47.8;0.12
15/07/2026;02:00:00;0.777;0.119;236.32;3.29;0.0;0.0;55.0;22.7;56.0;0.12
15/07/2026;03:00:00;1.04;0.186;239.24;4.35;0.0;0.0;55.0;25.9;63.9;0.12
15/07/2026;04:00:00;1.2;0.236;238.34;5.03;0.0;0.0;55.0;24.8;59.5;0.12
15/07/2026;05:00:00;3.439;0.642;240.07;14.33;0.0;0.0;55.0;25.9;54.1;0.12
15/07/2026;06:00:00;2.092;0.221;238.08;8.79;0.0;0.0;55.0;28.1;56.2;0.28
15/07/2026;07:00:00;2.669;0.502;239.0;11.17;0.0;11.2;55.0;25.7;53.6;0.3
15/07/2026;08:00:00;3.381;0.349;239.48;14.12;0.0;15.3;55.0;27.2;57.7;0.63
15/07/2026;09:00:00;3.031;0.598;239.37;12.66;0.0;12.0;55.0;27.1;42.5;0.6
15/07/2026;10:00:00;2.39;0.223;240.42;9.94;0.0;0.0;55.0;30.5;49.3;0.59
15/07/2026;11:00:00;2.331;0.343;242.51;9.61;0.0;0.0;55.0;34.5;36.4;0.76
15/07/2026;12:00:00;2.087;0.35;237.89;8.77;0.0;0.0;55.0;33.4;48.5;0.7
15/07/2026;13:00:00;1.739;0.213;243.77;7.13;0.0;0.0;55.0;32.3;47.4;0.7
15/07/2026;14:00:00;2.144;0.393;240.14;8.93;0.0;0.0;55.0;34.1;53.9;0.69
15/07/2026;15:00:00;1.949;0.404;243.53;8.0;0.0;0.0;55.0;32.8;51.7;0.57
15/07/2026;16:00:00;2.332;0.19;239.04;9.75;0.0;0.0;55.0;33.1;45.3;0.58
15/07/2026;17:00:00;3.003;0.167;237.57;12.64;0.0;0.0;55.0;34.9;44.4;0.74
15/07/2026;18:00:00;3.352;0.525;240.22;13.96;4.7;0.0;55.0;31.8;50.9;0.72
15/07/2026;19:00:00;4.155;0.633;247.18;16.81;2.0;0.0;55.0;34.2;44.2;0.27
15/07/2026;20:00:00;4.1;0.443;236.18;17.36;18.7;0.0;55.0;31.2;49.3;0.32
15/07/2026;21:00:00;3.784;0.695;241.9;15.64;18.5;0.0;55.0;30.1;56.9;0.28
15/07/2026;22:00:00;2.854;0.544;240.5;11.87;0.0;0.0;55.0;28.3;47.6;0.27
15/07/2026;23:00:00;2.192;0.233;241.13;9.09;0.0;0.0;55.0;28.7;49.2;0.24
16/07/2026;00:00:00;0.984;0.163;236.62;4.16;0.0;0.0;55.0;27.6;50.8;0.12
16/07/2026;01:00:00;1.183;0.188;241.28;4.9;0.0;0.0;55.0;26.2;69.3;0.12
16/07/2026;02:00:00;1.123;0.122;240.83;4.66;0.0;0.0;55.0;26.0;56.6;0.12
16/07/2026;03:00:00;0.915;0.197;235.85;3.88;0.0;0.0;55.0;24.7;60.3;0.12
16/07/2026;04:00:00;1.101;0.12;240.37;4.58;0.0;0.0;55.0;26.0;57.5;0.12
16/07/2026;05:00:00;1.313;0.204;239.32;5.49;0.0;0.0;55.0;25.2;58.4;0.12
16/07/2026;06:00:00;1.917;0.22;239.01;8.02;0.0;0.0;55.0;26.5;55.6;0.33
16/07/2026;07:00:00;2.492;0.13;239.87;10.39;0.0;6.5;55.0;27.1;54.6;0.29
16/07/2026;08:00:00;3.431;0.225;243.05;14.12;0.0;17.5;55.0;28.0;44.7;0.74
16/07/2026;09:00:00;3.087;0.276;241.28;12.79;0.0;18.7;55.0;29.0;53.0;0.59
16/07/2026;10:00:00;2.704;0.508;237.08;11.4;0.0;0.0;55.0;32.0;48.3;0.71
16/07/2026;11:00:00;2.527;0.316;241.39;10.47;0.0;0.0;55.0;34.5;49.6;0.66
16/07/2026;12:00:00;2.088;0.313;239.88;8.71;0.0;0.0;55.0;35.3;45.8;0.61
16/07/2026;13:00:00;1.957;0.412;238.27;8.21;0.0;0.0;55.0;32.4;52.3;0.76
16/07/2026;14:00:00;2.275;0.171;236.53;9.62;0.0;0.0;55.0;36.8;49.7;0.74
16/07/2026;15:00:00;2.333;0.459;242.26;9.63;0.0;0.0;55.0;34.5;32.2;0.71
16/07/2026;16:00:00;2.343;0.268;238.4;9.83;0.0;0.0;55.0;35.7;43.6;0.61
16/07/2026;17:00:00;2.924;0.314;242.54;12.06;0.0;0.0;55.0;33.0;38.7;0.68
16/07/2026;18:00:00;3.511;0.549;236.99;14.82;1.9;0.0;55.0;33.7;48.6;0.71
16/07/2026;19:00:00;3.849;0.78;245.59;15.67;17.7;0.0;55.0;33.0;46.5;0.32
16/07/2026;20:00:00;4.115;0.45;247.37;16.64;4.8;0.0;55.0;29.1;57.9;0.3
16/07/2026;21:00:00;3.923;0.704;241.52;16.24;0.8;0.0;55.0;30.9;50.7;0.32
16/07/2026;22:00:00;3.072;0.164;243.63;12.61;0.0;0.0;55.0;30.7;47.4;0.3
16/07/2026;23:00:00;1.858;0.29;238.73;7.78;0.0;0.0;55.0;27.2;57.3;0.23
17/07/2026;00:00:00;1.458;0.229;238.45;6.11;0.0;0.0;55.0;28.5;50.0;0.12
17/07/2026;01:00:00;0.943;0.136;243.34;3.88;0.0;0.0;55.0;25.4;51.6;0.12
17/07/2026;02:00:00;1.082;0.227;240.42;4.5;0.0;0.0;55.0;26.4;55.2;0.12
17/07/2026;03:00:00;0.812;0.17;236.16;3.44;0.0;0.0;55.0;21.7;65.1;0.12
17/07/2026;04:00:00;1.056;0.114;240.22;4.4;0.0;0.0;55.0;28.8;55.6;0.12
17/07/2026;05:00:00;3.536;0.451;236.58;14.95;0.0;0.0;55.0;27.9;54.9;0.12
17/07/2026;06:00:00;1.847;0.341;239.48;7.71;0.0;0.0;55.0;26.0;67.3;0.24
17/07/2026;07:00:00;2.465;0.477;242.94;10.14;0.0;8.4;55.0;24.5;51.1;0.26
17/07/2026;08:00:00;3.295;0.399;244.09;13.5;0.0;3.9;55.0;29.1;47.3;0.6
17/07/2026;09:00:00;3.05;0.334;240.77;12.67;0.0;16.2;55.0;27.8;52.9;0.63
17/07/2026;10:00:00;2.655;0.503;243.75;10.89;0.0;0.0;55.0;32.0;56.4;0.64
17/07/2026;11:00:00;2.572;0.293;238.71;10.78;0.0;0.0;55.0;33.1;43.2;0.8
17/07/2026;12:00:00;2.214;0.263;244.76;9.05;0.0;0.0;55.0;32.1;57.5;0.79
17/07/2026;13:00:00;2.239;0.164;237.98;9.41;0.0;0.0;55.0;36.0;38.4;0.67
17/07/2026;14:00:00;2.357;0.335;237.73;9.92;0.0;0.0;55.0;36.0;45.0;0.79
17/07/2026;15:00:00;2.537;0.268;238.71;10.63;0.0;0.0;55.0;36.5;46.1;0.69
17/07/2026;16:00:00;2.453;0.369;237.91;10.31;0.0;0.0;55.0;34.8;42.1;0.57
17/07/2026;17:00:00;2.583;0.326;241.45;10.7;0.0;0.0;55.0;32.2;45.5;0.65
17/07/2026;18:00:00;7.82;1.2;243.51;32.11;21.6;0.0;55.0;35.0;50.4;0.77
17/07/2026;19:00:00;3.748;0.364;240.04;15.61;8.1;0.0;55.0;32.1;55.9;0.32
17/07/2026;20:00:00;4.209;0.334;240.87;17.48;18.9;0.0;55.0;29.2;40.5;0.29
17/07/2026;21:00:00;3.851;0.653;236.13;16.31;1.7;0.0;55.0;32.0;49.7;0.24
17/07/2026;22:00:00;3.086;0.356;240.27;12.85;0.0;0.0;55.0;31.9;48.3;0.32
17/07/2026;23:00:00;1.799;0.262;244.96;7.34;0.0;0.0;55.0;27.4;53.0;0.3
18/07/2026;00:00:00;1.42;0.298;243.96;5.82;0.0;0.0;55.0;29.7;49.1;0.14
18/07/2026;01:00:00;0.829;0.11;236.93;3.5;0.0;0.0;55.0;25.8;47.3;0.14
18/07/2026;02:00:00;0.962;0.073;238.77;4.03;0.0;0.0;55.0;24.6;62.4;0.14
18/07/2026;03:00:00;1.115;0.137;249.54;4.47;0.0;0.0;55.0;24.1;61.0;0.14
18/07/2026;04:00:00;1.083;0.142;241.17;4.49;0.0;0.0;55.0;27.6;51.8;0.14
18/07/2026;05:00:00;1.279;0.231;244.24;5.24;0.0;0.0;55.0;24.5;52.4;0.14
18/07/2026;06:00:00;2.028;0.169;244.46;8.3;0.0;0.0;55.0;27.6;49.3;0.29
18/07/2026;07:00:00;3.02;0.329;236.88;12.75;0.0;18.0;55.0;26.7;40.1;0.32
18/07/2026;08:00:00;3.462;0.203;242.03;14.3;0.0;11.9;55.0;28.0;53.8;0.38
18/07/2026;09:00:00;3.318;0.562;240.52;13.79;0.0;16.2;55.0;31.5;53.1;0.37
18/07/2026;10:00:00;2.576;0.455;244.88;10.52;0.0;0.0;55.0;30.7;50.5;0.35
18/07/2026;11:00:00;1.952;0.249;245.49;7.95;0.0;0.0;55.0;31.9;48.5;0.26
18/07/2026;12:00:00;1.862;0.264;237.67;7.84;0.0;0.0;55.0;35.2;46.9;0.3
18/07/2026;13:00:00;2.285;0.405;249.64;9.15;0.0;0.0;55.0;36.7;40.8;0.35
18/07/2026;14:00:00;1.769;0.169;240.47;7.36;0.0;0.0;55.0;35.8;43.3;0.27
18/07/2026;15:00:00;2.012;0.308;241.77;8.32;0.0;0.0;55.0;34.0;46.4;0.36
18/07/2026;16:00:00;2.159;0.462;232.57;9.28;0.0;0.0;55.0;34.1;50.6;0.38
18/07/2026;17:00:00;2.592;0.42;242.82;10.68;0.0;0.0;55.0;34.4;53.7;0.3
18/07/2026;18:00:00;3.449;0.218;233.97;14.74;5.1;0.0;55.0;34.0;46.0;0.35
18/07/2026;19:00:00;4.071;0.404;239.6;16.99;18.7;0.0;55.0;31.0;44.4;0.27
18/07/2026;20:00:00;4.626;0.64;238.45;19.4;0.6;0.0;55.0;32.4;48.7;0.35
18/07/2026;21:00:00;4.119;0.257;241.31;17.07;8.4;0.0;55.0;30.1;60.4;0.26
18/07/2026;22:00:00;3.071;0.507;240.5;12.77;0.0;0.0;55.0;26.1;48.7;0.27
18/07/2026;23:00:00;2.176;0.351;241.64;9.0;0.0;0.0;55.0;26.1;57.9;0.35
19/07/2026;00:00:00;0.954;0.19;243.49;3.92;0.0;0.0;55.0;25.7;60.5;0.14
19/07/2026;01:00:00;1.12;0.151;237.19;4.72;0.0;0.0;55.0;25.6;52.2;0.14
19/07/2026;02:00:00;1.118;0.187;239.43;4.67;0.0;0.0;55.0;28.0;48.5;0.14
19/07/2026;03:00:00;0.796;0.064;237.63;3.35;0.0;0.0;55.0;25.4;57.0;0.14
19/07/2026;04:00:00;3.235;0.163;237.42;13.63;0.0;0.0;55.0;23.9;57.0;0.14
19/07/2026;05:00:00;1.469;0.117;245.41;5.99;0.0;0.0;55.0;26.0;57.1;0.14
19/07/2026;06:00:00;1.968;0.119;236.45;8.32;0.0;0.0;55.0;25.9;64.0;0.38
19/07/2026;07:00:00;3.262;0.4;237.7;13.72;0.0;8.8;55.0;28.0;52.8;0.36
19/07/2026;08:00:00;3.625;0.47;246.14;14.73;0.0;5.4;55.0;29.6;44.8;0.35
19/07/2026;09:00:00;3.36;0.536;239.64;14.02;0.0;17.4;55.0;31.8;49.3;0.33
19/07/2026;10:00:00;2.345;0.173;239.82;9.78;0.0;0.0;55.0;31.3;50.6;0.27
19/07/2026;11:00:00;2.26;0.195;241.12;9.37;0.0;0.0;55.0;35.0;52.8;0.28
19/07/2026;12:00:00;1.802;0.335;236.63;7.62;0.0;0.0;55.0;34.9;45.5;0.37
19/07/2026;13:00:00;1.766;0.261;237.42;7.44;0.0;0.0;55.0;33.3;45.7;0.36
19/07/2026;14:00:00;2.106;0.116;238.27;8.84;0.0;0.0;55.0;38.1;37.0;0.34
19/07/2026;15:00:00;1.899;0.369;242.92;7.82;0.0;0.0;55.0;35.5;48.7;0.31
19/07/2026;16:00:00;2.224;0.349;241.88;9.19;0.0;0.0;55.0;33.6;64.3;0.26
19/07/2026;17:00:00;2.998;0.245;238.24;12.58;0.0;0.0;55.0;36.8;43.8;0.3
19/07/2026;18:00:00;3.861;0.359;239.63;16.11;22.3;0.0;55.0;36.7;47.3;0.31
19/07/2026;19:00:00;4.196;0.605;242.18;17.33;9.6;0.0;55.0;32.5;45.7;0.32
19/07/2026;20:00:00;4.581;0.666;233.32;19.64;8.2;0.0;55.0;30.5;43.6;0.38
19/07/2026;21:00:00;3.98;0.744;240.85;16.53;13.6;0.0;55.0;29.7;52.8;0.27
19/07/2026;22:00:00;3.169;0.352;242.12;13.09;0.0;0.0;55.0;29.8;50.7;0.32
19/07/2026;23:00:00;2.293;0.329;237.43;9.66;0.0;0.0;55.0;29.4;38.9;0.3
20/07/2026;00:00:00;0.884;0.132;241.82;3.65;0.0;0.0;55.0;27.3;60.6;0.12
20/07/2026;01:00:00;1.142;0.165;240.04;4.76;0.0;0.0;55.0;25.8;55.8;0.12
20/07/2026;02:00:00;1.256;0.078;245.07;5.13;0.0;0.0;55.0;27.4;52.8;0.12
20/07/2026;03:00:00;1.257;0.151;238.54;5.27;0.0;0.0;55.0;24.5;52.7;0.12
20/07/2026;04:00:00;1.085;0.117;241.65;4.49;0.0;0.0;55.0;26.7;55.1;0.12
20/07/2026;05:00:00;1.119;0.245;235.88;4.74;0.0;0.0;55.0;25.2;56.5;0.12
20/07/2026;06:00:00;1.774;0.229;240.21;7.39;0.0;0.0;55.0;27.1;54.7;0.29
20/07/2026;07:00:00;2.781;0.345;242.28;11.48;0.0;12.2;55.0;27.3;57.9;0.25
20/07/2026;08:00:00;3.522;0.466;238.53;14.77;0.0;10.8;55.0;28.6;58.0;0.63
20/07/2026;09:00:00;3.382;0.698;243.13;13.91;0.0;7.0;55.0;29.4;60.9;0.7
20/07/2026;10:00:00;2.768;0.426;242.58;11.41;0.0;0.0;55.0;33.3;43.6;0.79
20/07/2026;11:00:00;2.247;0.261;240.4;9.35;0.0;0.0;55.0;31.4;46.4;0.71
20/07/2026;12:00:00;1.964;0.403;239.24;8.21;0.0;0.0;55.0;32.4;50.3;0.68
20/07/2026;13:00:00;2.573;0.535;231.36;11.12;0.0;0.0;55.0;37.5;40.5;0.7
20/07/2026;14:00:00;2.357;0.224;238.18;9.9;0.0;0.0;55.0;36.3;42.3;0.65
20/07/2026;15:00:00;1.844;0.216;243.08;7.59;0.0;0.0;55.0;31.4;51.6;0.71
20/07/2026;16:00:00;2.405;0.515;239.23;10.05;0.0;0.0;55.0;34.0;51.7;0.65
20/07/2026;17:00:00;2.484;0.353;241.27;10.29;0.0;0.0;55.0;31.6;55.5;0.67
20/07/2026;18:00:00;3.374;0.416;238.7;14.14;20.0;0.0;55.0;32.1;47.7;0.74
20/07/2026;19:00:00;3.319;0.276;236.0;14.06;18.0;0.0;55.0;27.8;54.5;0.23
20/07/2026;20:00:00;3.959;0.457;242.09;16.35;0.7;0.0;55.0;31.1;50.7;0.26
20/07/2026;21:00:00;3.481;0.548;236.56;14.72;19.6;0.0;55.0;28.3;51.9;0.25
20/07/2026;22:00:00;2.866;0.162;239.27;11.98;0.0;0.0;55.0;28.8;47.3;0.23
20/07/2026;23:00:00;1.881;0.121;241.02;7.8;0.0;0.0;55.0;25.1;49.6;0.26
21/07/2026;00:00:00;1.06;0.054;238.1;4.45;0.0;0.0;55.0;26.6;56.5;0.12
21/07/2026;01:00:00;0.98;0.085;244.4;4.01;0.0;0.0;55.0;25.0;50.2;0.12
21/07/2026;02:00:00;0.98;0.08;245.52;3.99;0.0;0.0;55.0;27.4;43.6;0.12
21/07/2026;03:00:00;1.121;0.218;237.73;4.72;0.0;0.0;55.0;27.1;52.5;0.12
21/07/2026;04:00:00;1.267;0.103;237.84;5.33;0.0;0.0;55.0;26.3;60.6;0.12
21/07/2026;05:00:00;1.174;0.191;238.77;4.92;0.0;0.0;55.0;25.2;40.3;0.12
21/07/2026;06:00:00;2.257;0.158;243.23;9.28;0.0;0.0;55.0;29.4;49.4;0.33
21/07/2026;07:00:00;2.534;0.382;241.36;10.5;0.0;17.9;55.0;25.2;57.6;0.24
21/07/2026;08:00:00;3.353;0.416;242.1;13.85;0.0;17.3;55.0;26.6;44.0;0.6
21/07/2026;09:00:00;3.191;0.381;243.68;13.09;0.0;14.3;55.0;29.9;49.4;0.61
21/07/2026;10:00:00;3.032;0.593;237.46;12.77;0.0;0.0;55.0;34.7;41.0;0.72
21/07/2026;11:00:00;2.234;0.175;241.41;9.25;0.0;0.0;55.0;32.2;43.6;0.64
21/07/2026;12:00:00;2.278;0.344;240.14;9.48;0.0;0.0;55.0;33.3;45.8;0.81
21/07/2026;13:00:00;2.058;0.39;241.2;8.53;0.0;0.0;55.0;32.2;43.1;0.72
21/07/2026;14:00:00;2.21;0.379;243.22;9.09;0.0;0.0;55.0;36.2;39.4;0.7
21/07/2026;15:00:00;2.232;0.485;239.58;9.32;0.0;0.0;55.0;36.4;45.0;0.64
21/07/2026;16:00:00;2.549;0.128;238.05;10.71;0.0;0.0;55.0;36.0;56.7;0.67
21/07/2026;17:00:00;3.143;0.63;237.06;13.26;0.0;0.0;55.0;33.4;51.5;0.79
21/07/2026;18:00:00;3.476;0.536;244.91;14.19;17.4;0.0;55.0;32.5;53.5;0.68
21/07/2026;19:00:00;3.759;0.19;239.88;15.67;24.7;0.0;55.0;30.6;53.9;0.29
21/07/2026;20:00:00;3.858;0.498;236.17;16.33;2.8;0.0;55.0;31.4;45.8;0.3
21/07/2026;21:00:00;3.587;0.647;243.87;14.71;3.1;0.0;55.0;28.4;53.3;0.31
21/07/2026;22:00:00;2.711;0.22;235.21;11.52;0.0;0.0;55.0;26.9;58.3;0.24
21/07/2026;23:00:00;1.675;0.277;235.66;7.11;0.0;0.0;55.0;26.9;57.1;0.24
22/07/2026;00:00:00;1.029;0.076;239.12;4.3;0.0;0.0;55.0;25.7;54.8;0.12
22/07/2026;01:00:00;0.727;0.136;238.47;3.05;0.0;0.0;55.0;24.9;57.1;0.12
22/07/2026;02:00:00;0.919;0.135;240.87;3.82;0.0;0.0;55.0;25.9;66.0;0.12
22/07/2026;03:00:00;1.072;0.06;234.61;4.57;0.0;0.0;55.0;25.1;58.5;0.12
22/07/2026;04:00:00;0.985;0.064;240.91;4.09;0.0;0.0;55.0;24.7;53.0;0.12
22/07/2026;05:00:00;1.201;0.236;243.58;4.93;0.0;0.0;55.0;25.9;53.3;0.12
22/07/2026;06:00:00;1.726;0.096;237.25;7.28;0.0;0.0;55.0;25.0;49.1;0.27
22/07/2026;07:00:00;2.709;0.273;238.94;11.34;0.0;7.6;55.0;27.7;64.0;0.33
22/07/2026;08:00:00;3.536;0.518;237.76;14.87;0.0;18.7;55.0;28.9;59.3;0.7
22/07/2026;09:00:00;2.931;0.253;240.9;12.17;0.0;16.3;55.0;27.7;52.6;0.72
22/07/2026;10:00:00;2.904;0.256;236.99;12.25;0.0;0.0;55.0;32.8;59.1;0.71
22/07/2026;11:00:00;1.959;0.356;236.64;8.28;0.0;0.0;55.0;31.2;52.6;0.65
22/07/2026;12:00:00;1.956;0.195;239.58;8.16;0.0;0.0;55.0;33.7;45.3;0.72
22/07/2026;13:00:00;2.349;0.133;240.94;9.75;0.0;0.0;55.0;36.1;50.1;0.61
22/07/2026;14:00:00;2.276;0.393;240.42;9.47;0.0;0.0;55.0;36.2;47.4;0.7
22/07/2026;15:00:00;2.353;0.499;238.77;9.85;0.0;0.0;55.0;35.1;50.5;0.74
22/07/2026;16:00:00;2.453;0.47;241.87;10.14;0.0;0.0;55.0;34.3;40.1;0.57
22/07/2026;17:00:00;3.024;0.433;240.65;12.57;0.0;0.0;55.0;35.8;41.7;0.75
22/07/2026;18:00:00;3.666;0.448;236.73;15.49;14.0;0.0;55.0;34.5;54.2;0.66
22/07/2026;19:00:00;3.843;0.796;232.51;16.53;15.1;0.0;55.0;31.6;57.6;0.24
22/07/2026;20:00:00;4.179;0.753;241.46;17.31;10.6;0.0;55.0;30.1;57.4;0.29
22/07/2026;21:00:00;3.38;0.497;239.28;14.13;15.8;0.0;55.0;26.9;64.0;0.3
22/07/2026;22:00:00;2.83;0.565;236.89;11.94;0.0;0.0;55.0;28.9;54.1;0.27
22/07/2026;23:00:00;2.089;0.318;244.55;8.54;0.0;0.0;55.0;27.4;55.0;0.22
23/07/2026;00:00:00;1.215;0.262;244.52;4.97;0.0;0.0;55.0;28.2;47.3;0.12
23/07/2026;01:00:00;1.016;0.199;243.57;4.17;0.0;0.0;55.0;26.2;50.5;0.12
23/07/2026;02:00:00;1.301;0.187;240.63;5.41;0.0;0.0;55.0;27.2;42.7;0.12
23/07/2026;03:00:00;0.657;0.136;231.14;2.84;0.0;0.0;55.0;24.0;53.6;0.12
23/07/2026;04:00:00;0.967;0.105;243.29;3.97;0.0;0.0;55.0;26.9;42.6;0.12
23/07/2026;05:00:00;0.969;0.164;237.42;4.08;0.0;0.0;55.0;24.9;59.9;0.12
23/07/2026;06:00:00;2.161;0.171;238.43;9.06;0.0;0.0;55.0;27.6;54.2;0.28
23/07/2026;07:00:00;2.594;0.524;242.52;10.69;0.0;17.0;55.0;25.3;44.0;0.28
23/07/2026;08:00:00;3.293;0.303;245.69;13.4;0.0;8.5;55.0;29.1;50.2;0.62
23/07/2026;09:00:00;3.025;0.639;244.32;12.38;0.0;10.7;55.0;27.0;62.6;0.75
23/07/2026;10:00:00;2.634;0.139;240.48;10.95;0.0;0.0;55.0;30.9;49.1;0.73
23/07/2026;11:00:00;1.988;0.33;242.07;8.21;0.0;0.0;55.0;33.2;42.9;0.65
23/07/2026;12:00:00;2.04;0.154;236.9;8.61;0.0;0.0;55.0;32.8;39.3;0.63
23/07/2026;13:00:00;1.877;0.34;235.46;7.97;0.0;0.0;55.0;32.8;39.4;0.68
23/07/2026;14:00:00;2.321;0.31;243.02;9.55;0.0;0.0;55.0;36.1;48.2;0.6
23/07/2026;15:00:00;2.103;0.43;240.9;8.73;0.0;0.0;55.0;34.8;44.4;0.63
23/07/2026;16:00:00;2.454;0.421;235.94;10.4;0.0;0.0;55.0;34.1;45.4;0.65
23/07/2026;17:00:00;3.104;0.561;239.87;12.94;0.0;0.0;55.0;34.4;44.7;0.68
23/07/2026;18:00:00;3.92;0.276;241.73;16.22;16.6;0.0;55.0;37.5;43.7;0.56
23/07/2026;19:00:00;4.067;0.27;242.54;16.77;12.3;0.0;55.0;34.2;40.9;0.28
23/07/2026;20:00:00;4.167;0.811;241.76;17.24;7.5;0.0;55.0;33.0;49.6;0.24
23/07/2026;21:00:00;7.351;0.65;238.98;30.76;19.0;0.0;55.0;30.7;42.8;0.29
23/07/2026;22:00:00;2.835;0.56;237.62;11.93;0.0;0.0;55.0;29.0;47.5;0.27
23/07/2026;23:00:00;1.776;0.132;240.33;7.39;0.0;0.0;55.0;23.9;60.3;0.3
24/07/2026;00:00:00;0.936;0.096;242.25;3.86;0.0;0.0;55.0;25.4;55.9;0.12
24/07/2026;01:00:00;0.748;0.155;242.53;3.08;0.0;0.0;55.0;24.9;57.9;0.12
24/07/2026;02:00:00;0.777;0.15;244.42;3.18;0.0;0.0;55.0;22.4;67.3;0.12
24/07/2026;03:00:00;0.662;0.039;240.1;2.76;0.0;0.0;55.0;23.3;55.5;0.12
24/07/2026;04:00:00;0.949;0.12;236.89;4.01;0.0;0.0;55.0;22.2;56.7;0.12
24/07/2026;05:00:00;1.246;0.255;243.04;5.13;0.0;0.0;55.0;25.6;52.6;0.12
24/07/2026;06:00:00;2.168;0.114;240.23;9.03;0.0;0.0;55.0;27.7;50.0;0.32
24/07/2026;07:00:00;2.992;0.204;236.41;12.66;0.0;5.2;55.0;29.2;46.0;0.33
24/07/2026;08:00:00;3.756;0.6;241.75;15.54;0.0;9.6;55.0;29.3;51.4;0.65
24/07/2026;09:00:00;3.133;0.213;243.95;12.84;0.0;19.6;55.0;28.6;53.3;0.68
24/07/2026;10:00:00;2.355;0.297;241.07;9.77;0.0;0.0;55.0;28.4;53.7;0.69
24/07/2026;11:00:00;1.953;0.266;243.99;8.01;0.0;0.0;55.0;29.9;50.8;0.66
24/07/2026;12:00:00;2.198;0.431;238.64;9.21;0.0;0.0;55.0;31.6;53.7;0.74
24/07/2026;13:00:00;1.94;0.413;237.96;8.15;0.0;0.0;55.0;33.0;48.1;0.76
24/07/2026;14:00:00;2.115;0.29;242.39;8.72;0.0;0.0;55.0;34.6;44.7;0.73
24/07/2026;15:00:00;2.149;0.294;239.01;8.99;0.0;0.0;55.0;33.5;43.0;0.62
24/07/2026;16:00:00;2.499;0.434;243.37;10.27;0.0;0.0;55.0;35.3;38.4;0.64
24/07/2026;17:00:00;3.041;0.252;240.48;12.65;0.0;0.0;55.0;34.0;54.5;0.69
24/07/2026;18:00:00;3.458;0.726;243.41;14.21;15.4;0.0;55.0;33.6;44.1;0.72
24/07/2026;19:00:00;3.995;0.201;241.77;16.52;24.4;0.0;55.0;34.2;42.4;0.27
24/07/2026;20:00:00;3.934;0.198;237.48;16.56;14.0;0.0;55.0;29.5;48.7;0.32
24/07/2026;21:00:00;3.574;0.559;234.42;15.24;1.8;0.0;55.0;30.6;48.5;0.26
24/07/2026;22:00:00;2.988;0.323;242.19;12.34;0.0;0.0;55.0;28.7;59.6;0.29
24/07/2026;23:00:00;1.997;0.235;241.58;8.26;0.0;0.0;55.0;27.0;51.2;0.25
25/07/2026;00:00:00;1.158;0.101;237.15;4.88;0.0;0.0;55.0;27.8;65.3;0.14
25/07/2026;01:00:00;1.011;0.121;242.24;4.17;0.0;0.0;55.0;27.0;53.1;0.14
25/07/2026;02:00:00;3.007;0.574;243.89;12.33;0.0;0.0;55.0;23.8;65.7;0.14
25/07/2026;03:00:00;0.814;0.137;238.02;3.42;0.0;0.0;55.0;24.7;59.1;0.14
25/07/2026;04:00:00;1.161;0.077;234.59;4.95;0.0;0.0;55.0;25.6;55.7;0.14
25/07/2026;05:00:00;1.375;0.082;242.72;5.67;0.0;0.0;55.0;25.3;62.1;0.14
25/07/2026;06:00:00;2.295;0.312;243.56;9.42;0.0;0.0;55.0;27.3;58.1;0.27
25/07/2026;07:00:00;3.068;0.534;237.95;12.89;0.0;10.7;55.0;27.9;55.2;0.36
25/07/2026;08:00:00;3.617;0.589;242.17;14.94;0.0;18.9;55.0;31.5;60.8;0.29
25/07/2026;09:00:00;2.932;0.577;240.93;12.17;0.0;8.4;55.0;27.7;49.7;0.34
25/07/2026;10:00:00;2.518;0.183;239.69;10.51;0.0;0.0;55.0;31.1;44.5;0.35
25/07/2026;11:00:00;1.876;0.287;241.63;7.76;0.0;0.0;55.0;31.1;46.1;0.3
25/07/2026;12:00:00;1.889;0.341;238.59;7.92;0.0;0.0;55.0;34.4;55.6;0.32
25/07/2026;13:00:00;3.822;0.8;236.92;16.13;0.0;0.0;55.0;31.9;56.1;0.31
25/07/2026;14:00:00;2.148;0.144;241.14;8.91;0.0;0.0;55.0;35.3;43.5;0.38
25/07/2026;15:00:00;1.877;0.17;240.75;7.8;0.0;0.0;55.0;34.1;35.4;0.3
25/07/2026;16:00:00;2.312;0.255;232.87;9.93;0.0;0.0;55.0;33.7;46.4;0.28
25/07/2026;17:00:00;2.611;0.371;236.69;11.03;0.0;0.0;55.0;32.2;43.6;0.3
25/07/2026;18:00:00;3.443;0.411;238.12;14.46;22.1;0.0;55.0;32.8;45.7;0.35
25/07/2026;19:00:00;4.292;0.843;241.47;17.78;3.8;0.0;55.0;34.1;41.8;0.35
25/07/2026;20:00:00;4.501;0.952;235.74;19.09;1.7;0.0;55.0;31.3;41.3;0.38
25/07/2026;21:00:00;4.213;0.261;239.11;17.62;2.7;0.0;55.0;30.9;59.1;0.37
25/07/2026;22:00:00;3.269;0.552;245.43;13.32;0.0;0.0;55.0;31.2;46.0;0.29
25/07/2026;23:00:00;2.36;0.164;240.19;9.82;0.0;0.0;55.0;27.9;59.1;0.32
26/07/2026;00:00:00;0.949;0.192;240.36;3.95;0.0;0.0;55.0;25.6;52.8;0.14
26/07/2026;01:00:00;1.045;0.078;239.83;4.36;0.0;0.0;55.0;26.4;47.6;0.14
26/07/2026;02:00:00;0.745;0.163;242.75;3.07;0.0;0.0;55.0;24.4;57.5;0.14
26/07/2026;03:00:00;0.965;0.118;240.12;4.02;0.0;0.0;55.0;24.2;53.1;0.14
26/07/2026;04:00:00;0.809;0.093;239.38;3.38;0.0;0.0;55.0;22.9;55.1;0.14
26/07/2026;05:00:00;1.585;0.237;240.43;6.59;0.0;0.0;55.0;27.1;53.5;0.14
26/07/2026;06:00:00;2.102;0.246;243.71;8.62;0.0;0.0;55.0;25.9;49.6;0.32
26/07/2026;07:00:00;3.032;0.273;241.13;12.57;0.0;10.5;55.0;27.8;44.1;0.38
26/07/2026;08:00:00;3.52;0.553;240.16;14.66;0.0;2.2;55.0;27.2;52.4;0.36
26/07/2026;09:00:00;3.228;0.561;243.3;13.27;0.0;6.1;55.0;30.7;54.7;0.29
26/07/2026;10:00:00;2.462;0.519;238.54;10.32;0.0;0.0;55.0;30.2;45.8;0.3
26/07/2026;11:00:00;1.841;0.22;231.03;7.97;0.0;0.0;55.0;32.3;49.3;0.3
26/07/2026;12:00:00;2.047;0.348;241.25;8.48;0.0;0.0;55.0;34.9;54.0;0.38
26/07/2026;13:00:00;2.069;0.397;241.22;8.58;0.0;0.0;55.0;35.5;45.5;0.39
26/07/2026;14:00:00;1.759;0.337;238.26;7.38;0.0;0.0;55.0;34.8;47.0;0.36
26/07/2026;15:00:00;1.991;0.111;239.25;8.32;0.0;0.0;55.0;32.3;48.8;0.32
26/07/2026;16:00:00;2.439;0.269;243.52;10.02;0.0;0.0;55.0;39.3;39.5;0.25
26/07/2026;17:00:00;2.853;0.149;241.27;11.82;0.0;0.0;55.0;36.9;39.9;0.35
26/07/2026;18:00:00;3.257;0.472;244.13;13.34;16.0;0.0;55.0;34.6;41.8;0.31
26/07/2026;19:00:00;4.216;0.831;240.75;17.51;9.7;0.0;55.0;31.4;51.1;0.34
26/07/2026;20:00:00;4.277;0.806;239.57;17.85;2.1;0.0;55.0;31.1;53.3;0.34
26/07/2026;21:00:00;3.905;0.734;241.98;16.14;15.1;0.0;55.0;29.2;55.1;0.32
26/07/2026;22:00:00;3.439;0.378;241.03;14.27;0.0;0.0;55.0;30.6;48.0;0.38
26/07/2026;23:00:00;2.233;0.129;241.23;9.26;0.0;0.0;55.0;27.9;57.6;0.26
27/07/2026;00:00:00;0.884;0.07;239.36;3.69;0.0;0.0;55.0;25.3;55.7;0.12
27/07/2026;01:00:00;0.742;0.122;238.4;3.11;0.0;0.0;55.0;25.0;54.8;0.12
27/07/2026;02:00:00;1.072;0.078;238.5;4.49;0.0;0.0;55.0;26.9;36.2;0.12
27/07/2026;03:00:00;1.238;0.088;241.46;5.13;0.0;0.0;55.0;27.4;48.4;0.12
27/07/2026;04:00:00;1.269;0.14;241.82;5.25;0.0;0.0;55.0;27.5;44.8;0.12
27/07/2026;05:00:00;1.538;0.102;232.64;6.61;0.0;0.0;55.0;26.8;56.1;0.12
27/07/2026;06:00:00;1.783;0.189;237.95;7.49;0.0;0.0;55.0;26.1;54.0;0.24
27/07/2026;07:00:00;2.126;0.457;235.55;9.03;0.0;19.7;55.0;22.6;50.9;0.24
27/07/2026;08:00:00;3.607;0.193;238.6;15.12;0.0;1.5;55.0;29.2;52.6;0.75
27/07/2026;09:00:00;3.259;0.623;238.31;13.67;0.0;4.0;55.0;30.0;43.3;0.69
27/07/2026;10:00:00;2.705;0.592;240.41;11.25;0.0;0.0;55.0;31.5;44.0;0.76
27/07/2026;11:00:00;2.161;0.268;240.52;8.98;0.0;0.0;55.0;32.6;44.8;0.7
27/07/2026;12:00:00;1.693;0.356;245.97;6.88;0.0;0.0;55.0;31.5;51.9;0.74
27/07/2026;13:00:00;2.168;0.205;241.04;9.0;0.0;0.0;55.0;35.2;53.3;0.78
27/07/2026;14:00:00;2.287;0.496;241.79;9.46;0.0;0.0;55.0;35.8;42.8;0.61
27/07/2026;15:00:00;2.423;0.476;236.02;10.27;0.0;0.0;55.0;36.0;52.2;0.7
27/07/2026;16:00:00;2.783;0.558;239.06;11.64;0.0;0.0;55.0;36.2;45.6;0.74
27/07/2026;17:00:00;3.001;0.217;236.97;12.66;0.0;0.0;55.0;35.2;47.4;0.61
27/07/2026;18:00:00;3.687;0.73;241.68;15.26;7.2;0.0;55.0;32.9;47.7;0.76
27/07/2026;19:00:00;3.937;0.827;240.15;16.39;19.2;0.0;55.0;32.4;47.5;0.26
27/07/2026;20:00:00;4.045;0.765;239.04;16.92;22.6;0.0;55.0;31.4;51.5;0.23
27/07/2026;21:00:00;3.691;0.242;242.68;15.21;17.9;0.0;55.0;30.2;54.0;0.29
27/07/2026;22:00:00;2.621;0.169;239.25;10.96;0.0;0.0;55.0;30.2;45.8;0.25
27/07/2026;23:00:00;2.105;0.233;243.74;8.64;0.0;0.0;55.0;28.5;50.7;0.32
28/07/2026;00:00:00;1.229;0.209;243.7;5.04;0.0;0.0;55.0;29.6;59.1;0.12
28/07/2026;01:00:00;5.041;0.263;238.22;21.16;0.0;0.0;55.0;29.0;52.1;0.12
28/07/2026;02:00:00;0.848;0.179;243.12;3.49;0.0;0.0;55.0;25.3;55.6;0.12
28/07/2026;03:00:00;0.815;0.114;240.32;3.39;0.0;0.0;55.0;19.2;64.8;0.12
28/07/2026;04:00:00;1.044;0.116;238.9;4.37;0.0;0.0;55.0;27.0;50.3;0.12
28/07/2026;05:00:00;1.301;0.189;241.11;5.39;0.0;0.0;55.0;24.9;54.3;0.12
28/07/2026;06:00:00;1.742;0.299;235.56;7.4;0.0;0.0;55.0;25.3;58.3;0.32
28/07/2026;07:00:00;2.629;0.254;238.49;11.02;0.0;6.5;55.0;26.9;59.1;0.33
28/07/2026;08:00:00;7.13;0.709;241.17;29.56;0.0;18.5;55.0;28.0;40.1;0.66
28/07/2026;09:00:00;5.454;0.707;239.18;22.8;0.0;13.3;55.0;30.9;46.0;0.7
28/07/2026;10:00:00;2.645;0.433;243.02;10.88;0.0;0.0;55.0;29.0;46.2;0.76
28/07/2026;11:00:00;1.962;0.334;238.89;8.22;0.0;0.0;55.0;30.9;49.1;0.56
28/07/2026;12:00:00;2.17;0.228;240.34;9.03;0.0;0.0;55.0;34.1;42.5;0.74
28/07/2026;13:00:00;2.151;0.225;239.66;8.97;0.0;0.0;55.0;35.3;49.5;0.71
28/07/2026;14:00:00;2.355;0.313;235.72;9.99;0.0;0.0;55.0;35.8;46.6;0.82
28/07/2026;15:00:00;2.201;0.313;241.1;9.13;0.0;0.0;55.0;33.8;51.8;0.65
28/07/2026;16:00:00;2.438;0.391;240.89;10.12;0.0;0.0;55.0;33.4;52.5;0.77
28/07/2026;17:00:00;2.834;0.439;234.59;12.08;0.0;0.0;55.0;33.6;50.9;0.64
28/07/2026;18:00:00;3.696;0.419;233.08;15.86;7.7;0.0;55.0;33.9;45.6;0.63
28/07/2026;19:00:00;4.054;0.407;238.73;16.98;10.6;0.0;55.0;34.7;47.1;0.25
28/07/2026;20:00:00;3.711;0.38;243.45;15.24;13.9;0.0;55.0;28.2;49.5;0.31
28/07/2026;21:00:00;3.596;0.574;247.61;14.52;1.9;0.0;55.0;29.7;43.8;0.23
28/07/2026;22:00:00;4.89;0.605;234.9;20.82;0.0;0.0;55.0;26.7;57.8;0.33
28/07/2026;23:00:00;1.973;0.144;244.55;8.07;0.0;0.0;55.0;25.0;54.0;0.32
29/07/2026;00:00:00;1.182;0.06;243.25;4.86;0.0;0.0;55.0;27.9;44.6;0.12
29/07/2026;01:00:00;1.191;0.066;238.37;4.99;0.0;0.0;55.0;26.5;55.9;0.12
29/07/2026;02:00:00;4.715;0.931;245.27;19.22;0.0;0.0;55.0;25.8;52.6;0.12
29/07/2026;03:00:00;1.03;0.132;241.31;4.27;0.0;0.0;55.0;26.4;43.0;0.12
29/07/2026;04:00:00;0.816;0.132;239.36;3.41;0.0;0.0;55.0;24.5;48.0;0.12
29/07/2026;05:00:00;1.176;0.245;235.01;5.01;0.0;0.0;55.0;25.0;50.9;0.12
29/07/2026;06:00:00;2.003;0.143;240.29;8.34;0.0;0.0;55.0;29.7;51.7;0.29
29/07/2026;07:00:00;2.693;0.34;240.12;11.21;0.0;12.7;55.0;27.1;56.6;0.25
29/07/2026;08:00:00;3.556;0.504;246.27;14.44;0.0;5.0;55.0;29.8;54.3;0.67
29/07/2026;09:00:00;3.265;0.63;237.35;13.76;0.0;19.3;55.0;30.0;53.4;0.71
29/07/2026;10:00:00;2.49;0.545;237.52;10.48;0.0;0.0;55.0;28.5;51.4;0.67
29/07/2026;11:00:00;2.02;0.345;238.57;8.47;0.0;0.0;55.0;29.4;59.5;0.69
29/07/2026;12:00:00;1.921;0.306;247.44;7.76;0.0;0.0;55.0;32.7;51.8;0.71
29/07/2026;13:00:00;2.232;0.461;236.78;9.43;0.0;0.0;55.0;35.9;46.8;0.72
29/07/2026;14:00:00;2.345;0.451;243.66;9.62;0.0;0.0;55.0;36.0;48.4;0.76
29/07/2026;15:00:00;2.293;0.452;235.64;9.73;0.0;0.0;55.0;36.4;43.3;0.59
29/07/2026;16:00:00;2.399;0.121;241.21;9.95;0.0;0.0;55.0;33.3;47.4;0.72
29/07/2026;17:00:00;3.292;0.453;240.27;13.7;0.0;0.0;55.0;36.8;34.6;0.63
29/07/2026;18:00:00;3.484;0.638;238.04;14.64;23.7;0.0;55.0;32.1;46.8;0.69
29/07/2026;19:00:00;3.916;0.317;242.01;16.18;14.9;0.0;55.0;32.8;56.9;0.25
29/07/2026;20:00:00;3.78;0.672;237.76;15.9;7.4;0.0;55.0;31.3;50.1;0.22
29/07/2026;21:00:00;7.572;0.39;235.48;32.16;8.9;0.0;55.0;29.7;51.1;0.32
29/07/2026;22:00:00;3.363;0.497;239.13;14.06;0.0;0.0;55.0;30.7;54.8;0.26
29/07/2026;23:00:00;2.17;0.423;237.43;9.14;0.0;0.0;55.0;26.4;55.0;0.3
30/07/2026;00:00:00;0.838;0.103;240.73;3.48;0.0;0.0;55.0;24.4;50.9;0.12
30/07/2026;01:00:00;1.266;0.222;239.2;5.29;0.0;0.0;55.0;25.7;54.0;0.12
30/07/2026;02:00:00;0.906;0.127;244.38;3.71;0.0;0.0;55.0;24.6;49.1;0.12
30/07/2026;03:00:00;1.385;0.222;239.11;5.79;0.0;0.0;55.0;30.1;51.3;0.12
30/07/2026;04:00:00;1.05;0.145;240.77;4.36;0.0;0.0;55.0;26.2;49.3;0.12
30/07/2026;05:00:00;1.149;0.15;236.75;4.85;0.0;0.0;55.0;25.1;59.0;0.12
30/07/2026;06:00:00;1.541;0.297;238.81;6.45;0.0;0.0;55.0;24.9;51.9;0.3
30/07/2026;07:00:00;2.567;0.169;237.45;10.81;0.0;1.0;55.0;24.7;50.5;0.27
30/07/2026;08:00:00;3.401;0.508;243.32;13.98;0.0;10.2;55.0;27.2;52.1;0.78
30/07/2026;09:00:00;3.269;0.227;237.88;13.74;0.0;19.1;55.0;30.2;52.1;0.75
30/07/2026;10:00:00;2.839;0.414;238.18;11.92;0.0;0.0;55.0;33.4;41.6;0.69
30/07/2026;11:00:00;2.307;0.493;240.84;9.58;0.0;0.0;55.0;34.2;44.4;0.67
30/07/2026;12:00:00;2.161;0.129;238.0;9.08;0.0;0.0;55.0;33.9;47.8;0.66
30/07/2026;13:00:00;2.26;0.275;243.95;9.26;0.0;0.0;55.0;33.8;54.0;0.69
30/07/2026;14:00:00;2.261;0.421;245.48;9.21;0.0;0.0;55.0;35.2;33.6;0.66
30/07/2026;15:00:00;2.214;0.25;237.49;9.32;0.0;0.0;55.0;34.2;50.1;0.68
30/07/2026;16:00:00;2.682;0.371;242.37;11.07;0.0;0.0;55.0;37.4;42.6;0.66
30/07/2026;17:00:00;2.876;0.2;237.63;12.1;0.0;0.0;55.0;34.0;44.7;0.6
30/07/2026;18:00:00;3.491;0.307;239.0;14.61;1.8;0.0;55.0;33.4;44.3;0.7
30/07/2026;19:00:00;3.627;0.605;241.93;14.99;8.0;0.0;55.0;29.2;49.2;0.28
30/07/2026;20:00:00;4.174;0.797;240.39;17.36;9.7;0.0;55.0;31.0;52.7;0.34
30/07/2026;21:00:00;3.772;0.603;240.47;15.69;9.8;0.0;55.0;31.3;46.7;0.27
30/07/2026;22:00:00;4.867;0.936;243.08;20.02;0.0;0.0;55.0;27.1;61.0;0.24
30/07/2026;23:00:00;1.962;0.3;243.06;8.07;0.0;0.0;55.0;26.4;56.4;0.29
31/07/2026;00:00:00;1.227;0.23;240.14;5.11;0.0;0.0;55.0;27.7;53.3;0.12
31/07/2026;01:00:00;0.68;0.148;238.22;2.86;0.0;0.0;55.0;23.5;54.8;0.12
31/07/2026;02:00:00;0.979;0.063;240.0;4.08;0.0;0.0;55.0;26.8;58.9;0.12
31/07/2026;03:00:00;0.686;0.09;237.18;2.89;0.0;0.0;55.0;24.2;61.7;0.12
31/07/2026;04:00:00;0.958;0.079;242.2;3.96;0.0;0.0;55.0;24.6;48.9;0.12
31/07/2026;05:00:00;1.202;0.155;239.47;5.02;0.0;0.0;55.0;24.0;51.7;0.12
31/07/2026;06:00:00;2.096;0.283;236.9;8.85;0.0;0.0;55.0;27.0;55.9;0.24
31/07/2026;07:00:00;3.214;0.5;243.75;13.18;0.0;16.9;55.0;31.2;54.1;0.31
31/07/2026;08:00:00;3.506;0.437;239.96;14.61;0.0;15.8;55.0;29.9;49.0;0.7
31/07/2026;09:00:00;3.189;0.335;237.91;13.4;0.0;13.3;55.0;28.7;47.7;0.73
31/07/2026;10:00:00;2.729;0.156;243.2;11.22;0.0;0.0;55.0;33.0;48.4;0.7
31/07/2026;11:00:00;2.336;0.131;243.52;9.59;0.0;0.0;55.0;32.0;56.2;0.62
31/07/2026;12:00:00;2.483;0.198;234.72;10.58;0.0;0.0;55.0;35.6;46.1;0.73
31/07/2026;13:00:00;2.293;0.29;243.1;9.43;0.0;0.0;55.0;35.5;39.6;0.72
31/07/2026;14:00:00;1.805;0.218;240.44;7.51;0.0;0.0;55.0;30.4;50.6;0.72
31/07/2026;15:00:00;1.698;0.14;242.72;7.0;0.0;0.0;55.0;33.5;51.5;0.6
31/07/2026;16:00:00;2.489;0.472;239.81;10.38;0.0;0.0;55.0;36.2;44.9;0.73
31/07/2026;17:00:00;2.8;0.465;241.06;11.62;0.0;0.0;55.0;34.6;53.0;0.76
31/07/2026;18:00:00;3.267;0.354;239.15;13.66;2.5;0.0;55.0;32.0;53.1;0.66
31/07/2026;19:00:00;3.982;0.739;242.78;16.4;20.9;0.0;55.0;31.5;48.9;0.23
31/07/2026;20:00:00;3.705;0.808;238.12;15.56;17.1;0.0;55.0;28.4;51.9;0.31
31/07/2026;21:00:00;3.507;0.321;242.87;14.44;20.7;0.0;55.0;29.9;41.3;0.25
31/07/2026;22:00:00;6.797;0.759;240.5;28.26;0.0;0.0;55.0;32.0;54.8;0.24
31/07/2026;23:00:00;2.484;0.543;242.12;10.26;0.0;0.0;55.0;28.7;49.8;0.28
01/08/2026;00:00:00;1.194;0.088;237.17;5.04;0.0;0.0;55.0;28.1;49.9;0.14
01/08/2026;01:00:00;1.101;0.069;241.18;4.56;0.0;0.0;55.0;25.4;51.3;0.14
01/08/2026;02:00:00;0.98;0.136;241.49;4.06;0.0;0.0;55.0;25.1;56.6;0.14
01/08/2026;03:00:00;0.829;0.107;245.19;3.38;0.0;0.0;55.0;26.4;47.7;0.14
01/08/2026;04:00:00;1.124;0.071;241.95;4.64;0.0;0.0;55.0;24.1;50.2;0.14
01/08/2026;05:00:00;1.181;0.117;238.35;4.96;0.0;0.0;55.0;23.8;55.1;0.14
01/08/2026;06:00:00;2.097;0.254;238.24;8.8;0.0;0.0;55.0;26.4;50.1;0.38
01/08/2026;07:00:00;3.25;0.617;242.13;13.42;0.0;4.1;55.0;28.1;53.6;0.37
01/08/2026;08:00:00;3.188;0.543;238.49;13.37;0.0;15.1;55.0;26.4;50.3;0.26
01/08/2026;09:00:00;2.903;0.596;238.55;12.17;0.0;6.1;55.0;27.3;60.5;0.3
01/08/2026;10:00:00;2.259;0.241;237.59;9.51;0.0;0.0;55.0;29.9;54.0;0.27
01/08/2026;11:00:00;2.128;0.218;240.37;8.85;0.0;0.0;55.0;32.1;52.1;0.38
01/08/2026;12:00:00;1.959;0.252;240.61;8.14;0.0;0.0;55.0;33.1;44.9;0.39
01/08/2026;13:00:00;1.563;0.08;239.09;6.54;0.0;0.0;55.0;30.6;62.0;0.29
01/08/2026;14:00:00;1.91;0.163;244.75;7.8;0.0;0.0;55.0;36.1;43.3;0.35
01/08/2026;15:00:00;1.812;0.156;241.6;7.5;0.0;0.0;55.0;32.4;44.9;0.37
01/08/2026;16:00:00;1.957;0.118;244.92;7.99;0.0;0.0;55.0;32.8;51.7;0.29
01/08/2026;17:00:00;2.645;0.337;240.37;11.0;0.0;0.0;55.0;31.4;50.3;0.28
01/08/2026;18:00:00;3.476;0.709;237.95;14.61;12.3;0.0;55.0;36.0;41.5;0.25
01/08/2026;19:00:00;4.317;0.219;237.22;18.2;21.1;0.0;55.0;31.3;60.4;0.31
01/08/2026;20:00:00;4.444;0.697;239.66;18.54;19.8;0.0;55.0;28.4;56.6;0.38
01/08/2026;21:00:00;3.944;0.787;242.11;16.29;0.7;0.0;55.0;29.7;50.7;0.38
01/08/2026;22:00:00;3.01;0.206;239.17;12.59;0.0;0.0;55.0;28.3;63.8;0.27
01/08/2026;23:00:00;1.962;0.404;242.4;8.09;0.0;0.0;55.0;25.6;58.0;0.28
02/08/2026;00:00:00;1.091;0.206;243.93;4.47;0.0;0.0;55.0;26.1;53.4;0.14
02/08/2026;01:00:00;0.946;0.082;237.74;3.98;0.0;0.0;55.0;22.8;67.5;0.14
02/08/2026;02:00:00;0.919;0.187;236.92;3.88;0.0;0.0;55.0;22.8;59.4;0.14
02/08/2026;03:00:00;0.666;0.124;242.65;2.75;0.0;0.0;55.0;20.4;61.2;0.14
02/08/2026;04:00:00;0.92;0.063;240.75;3.82;0.0;0.0;55.0;21.6;55.2;0.14
02/08/2026;05:00:00;1.513;0.289;240.91;6.28;0.0;0.0;55.0;26.8;53.2;0.14
02/08/2026;06:00:00;2.109;0.3;241.95;8.72;0.0;0.0;55.0;27.3;50.5;0.32
02/08/2026;07:00:00;2.888;0.545;235.73;12.25;0.0;19.1;55.0;26.0;60.8;0.39
02/08/2026;08:00:00;3.675;0.57;241.24;15.23;0.0;15.7;55.0;29.6;42.7;0.27
02/08/2026;09:00:00;3.136;0.366;240.51;13.04;0.0;0.2;55.0;28.2;58.7;0.32
02/08/2026;10:00:00;2.419;0.368;241.29;10.02;0.0;0.0;55.0;29.3;46.6;0.29
02/08/2026;11:00:00;2.171;0.343;237.33;9.15;0.0;0.0;55.0;31.0;49.3;0.33
02/08/2026;12:00:00;1.771;0.319;240.23;7.37;0.0;0.0;55.0;31.7;47.5;0.33
02/08/2026;13:00:00;1.751;0.335;238.65;7.34;0.0;0.0;55.0;32.4;45.9;0.33
02/08/2026;14:00:00;2.127;0.346;242.92;8.76;0.0;0.0;55.0;34.9;49.9;0.37
02/08/2026;15:00:00;2.14;0.467;239.76;8.92;0.0;0.0;55.0;33.6;47.5;0.31
02/08/2026;16:00:00;2.158;0.394;238.32;9.06;0.0;0.0;55.0;34.3;43.6;0.32
02/08/2026;17:00:00;2.694;0.552;237.23;11.36;0.0;0.0;55.0;34.3;47.8;0.25
02/08/2026;18:00:00;3.352;0.35;242.44;13.83;23.2;0.0;55.0;32.5;44.9;0.36
02/08/2026;19:00:00;4.004;0.415;242.75;16.5;0.5;0.0;55.0;29.4;48.2;0.29
02/08/2026;20:00:00;4.327;0.483;245.39;17.63;4.9;0.0;55.0;27.7;44.8;0.37
02/08/2026;21:00:00;3.784;0.472;239.1;15.83;6.0;0.0;55.0;28.6;49.3;0.29
02/08/2026;22:00:00;3.071;0.655;237.16;12.95;0.0;0.0;55.0;26.8;55.4;0.25
02/08/2026;23:00:00;2.02;0.126;239.65;8.43;0.0;0.0;55.0;26.0;53.8;0.27
03/08/2026;00:00:00;0.858;0.116;238.05;3.61;0.0;0.0;55.0;24.8;63.6;0.12
03/08/2026;01:00:00;1.307;0.101;238.24;5.48;0.0;0.0;55.0;27.9;65.1;0.12
03/08/2026;02:00:00;0.622;0.117;241.33;2.58;0.0;0.0;55.0;21.6;54.8;0.12
03/08/2026;03:00:00;0.535;0.03;243.06;2.2;0.0;0.0;55.0;20.4;53.9;0.12
03/08/2026;04:00:00;1.002;0.128;241.16;4.15;0.0;0.0;55.0;24.1;60.8;0.12
03/08/2026;05:00:00;1.044;0.122;240.32;4.34;0.0;0.0;55.0;23.5;57.3;0.12
03/08/2026;06:00:00;1.975;0.13;242.3;8.15;0.0;0.0;55.0;25.3;59.8;0.28
03/08/2026;07:00:00;2.719;0.31;239.36;11.36;0.0;9.8;55.0;26.8;55.0;0.25
03/08/2026;08:00:00;3.245;0.609;244.06;13.3;0.0;17.3;55.0;29.0;50.2;0.62
03/08/2026;09:00:00;3.013;0.221;248.4;12.13;0.0;10.1;55.0;26.1;52.6;0.6
03/08/2026;10:00:00;2.608;0.567;238.24;10.95;0.0;0.0;55.0;28.9;53.5;0.62
03/08/2026;11:00:00;2.268;0.136;243.39;9.32;0.0;0.0;55.0;31.5;48.1;0.67
03/08/2026;12:00:00;2.207;0.219;243.39;9.07;0.0;0.0;55.0;33.1;54.0;0.67
03/08/2026;13:00:00;2.268;0.412;241.48;9.39;0.0;0.0;55.0;36.0;39.1;0.71
03/08/2026;14:00:00;2.126;0.236;243.6;8.73;0.0;0.0;55.0;34.7;52.7;0.68
03/08/2026;15:00:00;2.205;0.29;240.99;9.15;0.0;0.0;55.0;33.3;38.4;0.71
03/08/2026;16:00:00;2.372;0.194;241.82;9.81;0.0;0.0;55.0;31.9;49.6;0.66
03/08/2026;17:00:00;2.912;0.5;240.23;12.12;0.0;0.0;55.0;31.9;47.2;0.75
03/08/2026;18:00:00;3.335;0.269;240.39;13.87;9.9;0.0;55.0;31.0;42.0;0.69
03/08/2026;19:00:00;3.723;0.723;241.78;15.4;1.8;0.0;55.0;31.9;38.6;0.24
03/08/2026;20:00:00;5.97;0.846;241.18;24.75;24.2;0.0;55.0;30.1;44.9;0.25
03/08/2026;21:00:00;3.433;0.491;237.07;14.48;23.2;0.0;55.0;26.4;53.5;0.25
03/08/2026;22:00:00;2.653;0.554;241.43;10.99;0.0;0.0;55.0;26.4;50.2;0.28
03/08/2026;23:00:00;2.012;0.365;239.31;8.41;0.0;0.0;55.0;27.2;47.4;0.28
04/08/2026;00:00:00;1.174;0.207;238.44;4.92;0.0;0.0;55.0;25.4;60.9;0.12
04/08/2026;01:00:00;1.001;0.196;242.72;4.12;0.0;0.0;55.0;24.9;48.3;0.12
04/08/2026;02:00:00;0.906;0.059;237.39;3.82;0.0;0.0;55.0;24.1;58.5;0.12
04/08/2026;03:00:00;1.109;0.192;239.24;4.64;0.0;0.0;55.0;25.8;49.3;0.12
04/08/2026;04:00:00;1.071;0.096;237.02;4.52;0.0;0.0;55.0;23.9;49.7;0.12
04/08/2026;05:00:00;0.864;0.084;238.87;3.62;0.0;0.0;55.0;23.5;52.6;0.12
04/08/2026;06:00:00;1.602;0.084;246.7;6.49;0.0;0.0;55.0;23.5;58.7;0.26
04/08/2026;07:00:00;2.614;0.528;237.86;10.99;0.0;13.0;55.0;26.3;46.5;0.32
04/08/2026;08:00:00;2.86;0.502;239.58;11.94;0.0;2.3;55.0;23.4;57.1;0.58
04/08/2026;09:00:00;3.052;0.225;243.9;12.51;0.0;15.1;55.0;28.1;47.1;0.69
04/08/2026;10:00:00;2.336;0.247;241.23;9.68;0.0;0.0;55.0;29.4;47.0;0.74
04/08/2026;11:00:00;2.065;0.272;239.61;8.62;0.0;0.0;55.0;28.8;53.3;0.7
04/08/2026;12:00:00;1.841;0.247;238.06;7.73;0.0;0.0;55.0;30.5;60.8;0.71
04/08/2026;13:00:00;2.166;0.328;241.89;8.96;0.0;0.0;55.0;33.9;42.7;0.72
04/08/2026;14:00:00;2.082;0.271;239.09;8.71;0.0;0.0;55.0;33.6;51.1;0.65
04/08/2026;15:00:00;2.253;0.361;246.09;9.16;0.0;0.0;55.0;33.5;46.0;0.69
04/08/2026;16:00:00;2.061;0.413;239.21;8.62;0.0;0.0;55.0;33.7;45.1;0.6
04/08/2026;17:00:00;2.903;0.342;244.73;11.86;0.0;0.0;55.0;32.9;53.5;0.71
04/08/2026;18:00:00;3.679;0.732;242.46;15.18;15.6;0.0;55.0;33.8;43.1;0.82
04/08/2026;19:00:00;3.801;0.332;242.43;15.68;9.1;0.0;55.0;31.1;43.8;0.27
04/08/2026;20:00:00;3.586;0.253;239.56;14.97;21.9;0.0;55.0;27.5;54.7;0.24
04/08/2026;21:00:00;5.96;0.541;238.71;24.97;6.0;0.0;55.0;30.8;57.7;0.25
04/08/2026;22:00:00;2.926;0.249;239.27;12.23;0.0;0.0;55.0;27.7;56.0;0.25
04/08/2026;23:00:00;1.9;0.413;242.93;7.82;0.0;0.0;55.0;25.0;47.4;0.28
05/08/2026;00:00:00;0.688;0.079;241.47;2.85;0.0;0.0;55.0;23.0;52.9;0.12
05/08/2026;01:00:00;0.828;0.133;234.78;3.53;0.0;0.0;55.0;24.7;59.6;0.12
05/08/2026;02:00:00;0.877;0.148;236.39;3.71;0.0;0.0;55.0;23.4;63.6;0.12
05/08/2026;03:00:00;1.072;0.135;239.62;4.47;0.0;0.0;55.0;25.8;54.9;0.12
05/08/2026;04:00:00;0.874;0.077;241.5;3.62;0.0;0.0;55.0;23.0;53.1;0.12
05/08/2026;05:00:00;1.0;0.124;239.36;4.18;0.0;0.0;55.0;22.8;64.4;0.12
05/08/2026;06:00:00;1.895;0.247;238.59;7.94;0.0;0.0;55.0;26.2;53.1;0.24
05/08/2026;07:00:00;4.905;1.041;237.24;20.67;0.0;11.5;55.0;27.3;49.5;0.31
05/08/2026;08:00:00;3.256;0.478;242.56;13.42;0.0;0.2;55.0;27.4;48.6;0.59
05/08/2026;09:00:00;3.307;0.711;240.28;13.76;0.0;5.2;55.0;29.4;44.9;0.73
05/08/2026;10:00:00;2.562;0.379;244.71;10.47;0.0;0.0;55.0;29.6;64.9;0.72
05/08/2026;11:00:00;2.361;0.176;236.36;9.99;0.0;0.0;55.0;31.2;56.5;0.78
05/08/2026;12:00:00;2.328;0.268;241.94;9.62;0.0;0.0;55.0;33.7;44.2;0.76
05/08/2026;13:00:00;2.112;0.39;241.53;8.74;0.0;0.0;55.0;33.7;56.1;0.67
05/08/2026;14:00:00;2.073;0.252;242.37;8.55;0.0;0.0;55.0;33.0;50.7;0.62
05/08/2026;15:00:00;2.294;0.154;242.31;9.47;0.0;0.0;55.0;35.4;48.4;0.78
05/08/2026;16:00:00;2.073;0.137;238.58;8.69;0.0;0.0;55.0;29.7;47.1;0.66
05/08/2026;17:00:00;3.14;0.284;239.49;13.11;0.0;0.0;55.0;35.8;43.2;0.73
05/08/2026;18:00:00;3.047;0.445;240.47;12.67;3.1;0.0;55.0;29.4;50.7;0.66
05/08/2026;19:00:00;3.729;0.713;237.19;15.72;23.2;0.0;55.0;30.0;40.6;0.29
05/08/2026;20:00:00;3.82;0.538;242.89;15.73;19.8;0.0;55.0;29.6;48.3;0.28
05/08/2026;21:00:00;3.385;0.599;233.07;14.52;19.5;0.0;55.0;28.2;51.9;0.23
05/08/2026;22:00:00;2.82;0.45;236.75;11.91;0.0;0.0;55.0;28.6;58.1;0.3
05/08/2026;23:00:00;4.011;0.558;235.3;17.05;0.0;0.0;55.0;24.3;51.9;0.27
06/08/2026;00:00:00;0.796;0.069;243.08;3.28;0.0;0.0;55.0;25.2;58.3;0.12
06/08/2026;01:00:00;0.894;0.179;240.6;3.72;0.0;0.0;55.0;23.2;45.5;0.12
06/08/2026;02:00:00;0.878;0.085;238.51;3.68;0.0;0.0;55.0;24.0;61.0;0.12
06/08/2026;03:00:00;1.038;0.096;240.27;4.32;0.0;0.0;55.0;23.3;51.3;0.12
06/08/2026;04:00:00;0.92;0.086;240.74;3.82;0.0;0.0;55.0;23.7;56.1;0.12
06/08/2026;05:00:00;1.107;0.073;236.53;4.68;0.0;0.0;55.0;23.2;57.8;0.12
06/08/2026;06:00:00;1.591;0.214;240.41;6.62;0.0;0.0;55.0;24.1;56.2;0.23
06/08/2026;07:00:00;2.5;0.264;243.89;10.25;0.0;5.3;55.0;26.3;52.8;0.32
06/08/2026;08:00:00;3.533;0.49;244.38;14.46;0.0;7.3;55.0;28.5;45.4;0.67
06/08/2026;09:00:00;2.942;0.374;242.39;12.14;0.0;11.1;55.0;27.5;48.0;0.74
06/08/2026;10:00:00;2.42;0.335;240.72;10.05;0.0;0.0;55.0;28.4;56.7;0.62
06/08/2026;11:00:00;2.385;0.24;242.59;9.83;0.0;0.0;55.0;31.8;46.0;0.69
06/08/2026;12:00:00;2.17;0.409;241.98;8.97;0.0;0.0;55.0;31.9;48.4;0.77
06/08/2026;13:00:00;2.137;0.301;236.85;9.02;0.0;0.0;55.0;34.0;39.8;0.62
06/08/2026;14:00:00;1.974;0.169;237.44;8.32;0.0;0.0;55.0;31.9;53.2;0.66
06/08/2026;15:00:00;1.884;0.383;241.78;7.79;0.0;0.0;55.0;30.7;43.2;0.65
06/08/2026;16:00:00;2.325;0.16;238.13;9.76;0.0;0.0;55.0;32.4;53.0;0.71
06/08/2026;17:00:00;2.597;0.454;237.13;10.95;0.0;0.0;55.0;31.6;43.8;0.61
06/08/2026;18:00:00;3.242;0.536;243.61;13.31;1.2;0.0;55.0;31.8;54.0;0.62
06/08/2026;19:00:00;3.687;0.23;240.18;15.35;5.8;0.0;55.0;29.9;50.5;0.3
06/08/2026;20:00:00;7.993;1.2;239.82;33.33;13.1;0.0;55.0;30.8;47.0;0.32
06/08/2026;21:00:00;3.336;0.346;236.63;14.1;13.5;0.0;55.0;28.0;60.0;0.26
06/08/2026;22:00:00;2.908;0.512;238.74;12.18;0.0;0.0;55.0;27.3;52.2;0.25
06/08/2026;23:00:00;2.144;0.208;239.04;8.97;0.0;0.0;55.0;26.1;51.7;0.32
07/08/2026;00:00:00;0.996;0.139;237.47;4.19;0.0;0.0;55.0;25.1;58.8;0.12
07/08/2026;01:00:00;0.907;0.195;236.6;3.83;0.0;0.0;55.0;24.0;47.8;0.12
07/08/2026;02:00:00;0.861;0.132;244.89;3.51;0.0;0.0;55.0;24.3;42.3;0.12
07/08/2026;03:00:00;0.724;0.073;243.95;2.97;0.0;0.0;55.0;22.2;62.4;0.12
07/08/2026;04:00:00;0.985;0.126;239.71;4.11;0.0;0.0;55.0;25.7;49.7;0.12
07/08/2026;05:00:00;1.08;0.178;236.28;4.57;0.0;0.0;55.0;23.7;59.8;0.12
07/08/2026;06:00:00;1.661;0.209;235.17;7.06;0.0;0.0;55.0;22.9;56.3;0.29
07/08/2026;07:00:00;2.834;0.58;238.74;11.87;0.0;4.1;55.0;26.2;47.6;0.29
07/08/2026;08:00:00;3.303;0.652;233.69;14.14;0.0;6.4;55.0;25.8;56.8;0.66
07/08/2026;09:00:00;3.231;0.242;238.73;13.53;0.0;6.6;55.0;29.4;48.8;0.78
07/08/2026;10:00:00;2.749;0.504;234.34;11.73;0.0;0.0;55.0;33.0;42.6;0.68
07/08/2026;11:00:00;1.963;0.413;239.74;8.19;0.0;0.0;55.0;29.7;45.4;0.74
07/08/2026;12:00:00;1.919;0.199;240.55;7.98;0.0;0.0;55.0;32.4;39.8;0.62
07/08/2026;13:00:00;1.922;0.174;239.48;8.03;0.0;0.0;55.0;30.1;52.3;0.69
07/08/2026;14:00:00;2.06;0.106;246.08;8.37;0.0;0.0;55.0;33.9;42.6;0.67
07/08/2026;15:00:00;1.994;0.139;239.42;8.33;0.0;0.0;55.0;32.1;48.6;0.69
07/08/2026;16:00:00;2.238;0.477;244.84;9.14;0.0;0.0;55.0;32.3;47.7;0.68
07/08/2026;17:00:00;2.544;0.296;240.83;10.56;0.0;0.0;55.0;31.1;44.8;0.62
07/08/2026;18:00:00;3.602;0.417;245.64;14.66;12.8;0.0;55.0;33.0;40.4;0.59
07/08/2026;19:00:00;3.926;0.374;235.08;16.7;24.1;0.0;55.0;32.4;61.1;0.34
07/08/2026;20:00:00;6.12;0.477;236.97;25.83;22.3;0.0;55.0;29.7;50.4;0.29
07/08/2026;21:00:00;3.484;0.476;239.2;14.57;5.9;0.0;55.0;27.1;61.8;0.33
07/08/2026;22:00:00;2.927;0.506;244.49;11.97;0.0;0.0;55.0;29.5;56.6;0.23
07/08/2026;23:00:00;1.752;0.252;239.33;7.32;0.0;0.0;55.0;24.8;53.0;0.26
08/08/2026;00:00:00;0.544;0.03;238.1;2.28;0.0;0.0;55.0;21.6;58.0;0.14
08/08/2026;01:00:00;1.091;0.204;241.7;4.51;0.0;0.0;55.0;24.7;55.4;0.14
08/08/2026;02:00:00;0.83;0.173;242.54;3.42;0.0;0.0;55.0;21.9;66.1;0.14
08/08/2026;03:00:00;0.994;0.124;237.85;4.18;0.0;0.0;55.0;24.9;58.6;0.14
08/08/2026;04:00:00;3.159;0.355;238.07;13.27;0.0;0.0;55.0;23.0;52.0;0.14
08/08/2026;05:00:00;1.458;0.13;244.75;5.96;0.0;0.0;55.0;25.0;56.2;0.14
08/08/2026;06:00:00;2.051;0.208;243.5;8.42;0.0;0.0;55.0;27.0;56.9;0.33
08/08/2026;07:00:00;2.548;0.407;244.25;10.43;0.0;15.9;55.0;24.1;49.3;0.32
08/08/2026;08:00:00;3.368;0.609;242.63;13.88;0.0;2.6;55.0;26.2;55.9;0.35
08/08/2026;09:00:00;2.82;0.3;237.61;11.87;0.0;18.9;55.0;28.3;58.5;0.3
08/08/2026;10:00:00;2.502;0.27;239.91;10.43;0.0;0.0;55.0;32.0;44.5;0.31
08/08/2026;11:00:00;1.682;0.213;237.03;7.09;0.0;0.0;55.0;29.9;46.9;0.26
08/08/2026;12:00:00;1.734;0.137;242.73;7.14;0.0;0.0;55.0;31.0;55.4;0.34
08/08/2026;13:00:00;3.921;0.814;238.48;16.44;0.0;0.0;55.0;33.4;45.9;0.31
08/08/2026;14:00:00;1.909;0.324;235.21;8.12;0.0;0.0;55.0;32.4;43.6;0.38
08/08/2026;15:00:00;1.84;0.228;240.32;7.66;0.0;0.0;55.0;33.6;51.9;0.34
08/08/2026;16:00:00;2.032;0.144;243.15;8.36;0.0;0.0;55.0;30.9;52.6;0.31
08/08/2026;17:00:00;2.808;0.546;236.14;11.89;0.0;0.0;55.0;36.0;46.0;0.29
08/08/2026;18:00:00;3.344;0.442;239.65;13.96;4.9;0.0;55.0;29.9;56.1;0.38
08/08/2026;19:00:00;3.892;0.722;238.45;16.32;21.8;0.0;55.0;30.4;56.1;0.26
08/08/2026;20:00:00;4.322;0.241;242.78;17.8;3.7;0.0;55.0;29.6;50.3;0.3
08/08/2026;21:00:00;4.343;0.419;234.27;18.54;13.4;0.0;55.0;31.3;59.3;0.38
08/08/2026;22:00:00;2.881;0.449;243.18;11.85;0.0;0.0;55.0;25.1;62.2;0.34
08/08/2026;23:00:00;2.486;0.331;238.03;10.44;0.0;0.0;55.0;28.9;41.4;0.33
09/08/2026;00:00:00;1.027;0.103;239.55;4.29;0.0;0.0;55.0;26.0;48.5;0.14
09/08/2026;01:00:00;0.865;0.073;242.4;3.57;0.0;0.0;55.0;24.7;43.4;0.14
09/08/2026;02:00:00;0.739;0.075;244.14;3.03;0.0;0.0;55.0;22.1;55.1;0.14
09/08/2026;03:00:00;0.973;0.171;240.14;4.05;0.0;0.0;55.0;24.2;48.9;0.14
09/08/2026;04:00:00;0.579;0.047;237.97;2.43;0.0;0.0;55.0;22.5;52.3;0.14
09/08/2026;05:00:00;3.57;0.539;238.51;14.97;0.0;0.0;55.0;26.0;59.1;0.14
09/08/2026;06:00:00;1.758;0.215;243.27;7.23;0.0;0.0;55.0;23.4;46.9;0.38
09/08/2026;07:00:00;2.682;0.482;237.52;11.29;0.0;19.7;55.0;25.7;54.5;0.34
09/08/2026;08:00:00;3.349;0.282;240.92;13.9;0.0;3.4;55.0;26.3;54.0;0.34
09/08/2026;09:00:00;3.119;0.299;240.02;12.99;0.0;9.1;55.0;26.9;52.5;0.38
09/08/2026;10:00:00;2.409;0.284;242.13;9.95;0.0;0.0;55.0;30.8;50.4;0.28
09/08/2026;11:00:00;1.696;0.133;240.1;7.07;0.0;0.0;55.0;31.7;37.9;0.25
09/08/2026;12:00:00;1.787;0.23;238.79;7.49;0.0;0.0;55.0;33.7;43.4;0.34
09/08/2026;13:00:00;1.467;0.177;238.59;6.15;0.0;0.0;55.0;30.1;58.1;0.32
09/08/2026;14:00:00;1.937;0.423;238.54;8.12;0.0;0.0;55.0;34.8;40.6;0.32
09/08/2026;15:00:00;2.139;0.323;236.14;9.06;0.0;0.0;55.0;37.2;53.0;0.26
09/08/2026;16:00:00;2.145;0.133;241.42;8.88;0.0;0.0;55.0;32.5;41.3;0.32
09/08/2026;17:00:00;2.973;0.381;240.59;12.36;0.0;0.0;55.0;35.6;38.3;0.29
09/08/2026;18:00:00;3.381;0.674;235.89;14.33;6.0;0.0;55.0;31.5;44.4;0.29
09/08/2026;19:00:00;4.019;0.793;238.86;16.82;9.2;0.0;55.0;28.8;57.0;0.28
09/08/2026;20:00:00;4.26;0.91;239.23;17.81;10.7;0.0;55.0;29.2;48.3;0.3
09/08/2026;21:00:00;4.411;0.891;238.36;18.51;21.2;0.0;55.0;30.0;52.2;0.3
09/08/2026;22:00:00;2.954;0.236;239.66;12.33;0.0;0.0;55.0;25.8;54.1;0.3
09/08/2026;23:00:00;2.165;0.11;239.7;9.03;0.0;0.0;55.0;25.0;54.1;0.39
10/08/2026;00:00:00;1.207;0.187;242.5;4.98;0.0;0.0;55.0;25.7;60.2;0.12
10/08/2026;01:00:00;0.872;0.148;239.99;3.63;0.0;0.0;55.0;24.1;59.0;0.12
10/08/2026;02:00:00;0.814;0.059;241.66;3.37;0.0;0.0;55.0;24.4;49.1;0.12
10/08/2026;03:00:00;1.0;0.078;236.11;4.23;0.0;0.0;55.0;23.7;54.0;0.12
10/08/2026;04:00:00;1.094;0.234;237.03;4.61;0.0;0.0;55.0;24.3;63.7;0.12
10/08/2026;05:00:00;1.071;0.225;236.15;4.54;0.0;0.0;55.0;23.4;57.3;0.12
10/08/2026;06:00:00;2.076;0.159;238.89;8.69;0.0;0.0;55.0;25.2;46.7;0.34
10/08/2026;07:00:00;2.466;0.227;240.16;10.27;0.0;13.5;55.0;24.5;47.6;0.29
10/08/2026;08:00:00;3.57;0.72;244.67;14.59;0.0;17.4;55.0;29.0;55.6;0.62
10/08/2026;09:00:00;3.187;0.395;237.68;13.41;0.0;8.5;55.0;27.4;56.0;0.66
10/08/2026;10:00:00;2.643;0.491;242.38;10.9;0.0;0.0;55.0;31.4;44.7;0.68
10/08/2026;11:00:00;2.137;0.251;237.67;8.99;0.0;0.0;55.0;30.5;53.7;0.69
10/08/2026;12:00:00;2.134;0.374;240.07;8.89;0.0;0.0;55.0;32.2;56.6;0.68
10/08/2026;13:00:00;1.88;0.221;239.57;7.85;0.0;0.0;55.0;32.0;56.1;0.64
10/08/2026;14:00:00;1.759;0.357;237.41;7.41;0.0;0.0;55.0;31.7;57.1;0.57
10/08/2026;15:00:00;2.206;0.232;237.63;9.28;0.0;0.0;55.0;30.8;52.6;0.79
10/08/2026;16:00:00;2.276;0.316;244.47;9.31;0.0;0.0;55.0;31.6;48.2;0.66
10/08/2026;17:00:00;2.667;0.37;238.51;11.18;0.0;0.0;55.0;32.2;46.6;0.62
10/08/2026;18:00:00;3.466;0.556;242.8;14.28;15.7;0.0;55.0;32.2;48.5;0.65
10/08/2026;19:00:00;3.929;0.401;241.9;16.24;3.8;0.0;55.0;32.4;44.1;0.29
10/08/2026;20:00:00;3.744;0.596;238.29;15.71;8.7;0.0;55.0;29.0;49.4;0.34
10/08/2026;21:00:00;3.488;0.258;239.99;14.53;24.4;0.0;55.0;27.1;59.1;0.24
10/08/2026;22:00:00;2.586;0.522;240.34;10.76;0.0;0.0;55.0;24.9;46.4;0.23
10/08/2026;23:00:00;2.197;0.164;241.36;9.1;0.0;0.0;55.0;26.6;45.4;0.27
11/08/2026;00:00:00;1.064;0.205;238.87;4.46;0.0;0.0;55.0;26.9;57.0;0.12
11/08/2026;01:00:00;1.178;0.198;235.78;5.0;0.0;0.0;55.0;26.0;51.9;0.12
11/08/2026;02:00:00;0.901;0.097;238.04;3.79;0.0;0.0;55.0;24.6;45.1;0.12
11/08/2026;03:00:00;0.908;0.096;243.26;3.73;0.0;0.0;55.0;24.4;54.6;0.12
11/08/2026;04:00:00;1.11;0.238;239.91;4.63;0.0;0.0;55.0;26.1;52.5;0.12
11/08/2026;05:00:00;1.396;0.116;238.82;5.84;0.0;0.0;55.0;24.6;52.6;0.12
11/08/2026;06:00:00;1.677;0.29;235.87;7.11;0.0;0.0;55.0;25.8;57.2;0.23
11/08/2026;07:00:00;2.572;0.209;243.46;10.56;0.0;10.0;55.0;25.4;47.4;0.25
11/08/2026;08:00:00;3.185;0.649;239.42;13.3;0.0;18.0;55.0;25.1;54.4;0.67
11/08/2026;09:00:00;3.023;0.532;243.04;12.44;0.0;9.8;55.0;27.4;51.5;0.69
11/08/2026;10:00:00;2.532;0.528;241.91;10.47;0.0;0.0;55.0;29.7;50.9;0.64
11/08/2026;11:00:00;2.312;0.461;242.23;9.54;0.0;0.0;55.0;31.0;41.0;0.77
11/08/2026;12:00:00;6.077;0.872;244.65;24.84;0.0;0.0;55.0;34.8;43.9;0.67
11/08/2026;13:00:00;2.159;0.164;240.34;8.98;0.0;0.0;55.0;32.8;48.2;0.66
11/08/2026;14:00:00;2.203;0.193;239.63;9.2;0.0;0.0;55.0;35.0;49.1;0.71
11/08/2026;15:00:00;2.086;0.176;244.38;8.53;0.0;0.0;55.0;32.7;57.4;0.65
11/08/2026;16:00:00;2.237;0.196;242.34;9.23;0.0;0.0;55.0;32.8;52.2;0.7
11/08/2026;17:00:00;5.12;0.671;238.03;21.51;0.0;0.0;55.0;30.7;52.1;0.72
11/08/2026;18:00:00;3.351;0.662;242.92;13.8;15.6;0.0;55.0;30.8;56.1;0.69
11/08/2026;19:00:00;3.8;0.205;244.24;15.56;10.6;0.0;55.0;31.7;47.5;0.32
11/08/2026;20:00:00;4.0;0.362;233.56;17.12;11.0;0.0;55.0;29.7;58.4;0.26
11/08/2026;21:00:00;3.773;0.571;236.52;15.95;19.9;0.0;55.0;29.8;56.2;0.26
11/08/2026;22:00:00;2.684;0.529;237.73;11.29;0.0;0.0;55.0;27.4;50.3;0.28
11/08/2026;23:00:00;2.061;0.207;242.02;8.52;0.0;0.0;55.0;25.4;63.7;0.3
12/08/2026;00:00:00;1.146;0.132;242.21;4.73;0.0;0.0;55.0;28.1;54.2;0.12
12/08/2026;01:00:00;1.021;0.116;241.45;4.23;0.0;0.0;55.0;23.9;66.2;0.12
12/08/2026;02:00:00;0.896;0.09;242.45;3.7;0.0;0.0;55.0;25.3;55.7;0.12
12/08/2026;03:00:00;0.854;0.144;236.9;3.61;0.0;0.0;55.0;22.8;53.4;0.12
12/08/2026;04:00:00;0.963;0.155;236.62;4.07;0.0;0.0;55.0;24.6;50.9;0.12
12/08/2026;05:00:00;1.081;0.209;243.51;4.44;0.0;0.0;55.0;25.5;52.3;0.12
12/08/2026;06:00:00;1.624;0.335;240.29;6.76;0.0;0.0;55.0;25.2;51.4;0.25
12/08/2026;07:00:00;2.198;0.446;243.38;9.03;0.0;18.3;55.0;22.4;62.9;0.27
12/08/2026;08:00:00;3.526;0.5;238.04;14.81;0.0;12.3;55.0;27.1;52.6;0.75
12/08/2026;09:00:00;2.987;0.244;237.04;12.6;0.0;15.0;55.0;30.2;42.1;0.65
12/08/2026;10:00:00;2.642;0.232;236.44;11.18;0.0;0.0;55.0;30.5;51.1;0.73
12/08/2026;11:00:00;2.172;0.326;242.24;8.96;0.0;0.0;55.0;31.6;49.8;0.67
12/08/2026;12:00:00;1.587;0.327;243.17;6.52;0.0;0.0;55.0;29.3;48.6;0.69
12/08/2026;13:00:00;1.771;0.248;241.52;7.33;0.0;0.0;55.0;31.6;50.4;0.6
12/08/2026;14:00:00;2.092;0.437;238.65;8.76;0.0;0.0;55.0;33.8;47.1;0.77
12/08/2026;15:00:00;4.496;0.425;241.78;18.6;0.0;0.0;55.0;34.0;50.4;0.77
12/08/2026;16:00:00;2.71;0.175;241.71;11.21;0.0;0.0;55.0;35.0;49.2;0.69
12/08/2026;17:00:00;2.959;0.549;234.33;12.63;0.0;0.0;55.0;32.5;50.2;0.72
12/08/2026;18:00:00;3.528;0.704;239.02;14.76;14.5;0.0;55.0;32.5;41.9;0.77
12/08/2026;19:00:00;3.687;0.465;240.78;15.31;21.6;0.0;55.0;30.9;60.3;0.33
12/08/2026;20:00:00;3.622;0.244;243.1;14.9;21.4;0.0;55.0;28.2;44.1;0.27
12/08/2026;21:00:00;3.257;0.186;239.76;13.59;5.5;0.0;55.0;25.0;53.7;0.32
12/08/2026;22:00:00;6.533;0.396;240.42;27.17;0.0;0.0;55.0;27.7;46.7;0.33
12/08/2026;23:00:00;1.963;0.245;239.81;8.18;0.0;0.0;55.0;26.2;55.5;0.28
13/08/2026;00:00:00;0.851;0.076;240.74;3.53;0.0;0.0;55.0;23.9;55.9;0.12
13/08/2026;01:00:00;0.639;0.082;236.17;2.71;0.0;0.0;55.0;21.6;56.2;0.12
13/08/2026;02:00:00;0.843;0.112;238.3;3.54;0.0;0.0;55.0;24.5;62.4;0.12
13/08/2026;03:00:00;0.699;0.089;233.75;2.99;0.0;0.0;55.0;23.0;61.5;0.12
13/08/2026;04:00:00;0.878;0.136;238.76;3.68;0.0;0.0;55.0;24.4;53.2;0.12
13/08/2026;05:00:00;3.701;0.612;241.39;15.33;0.0;0.0;55.0;26.9;56.9;0.12
13/08/2026;06:00:00;1.662;0.195;237.78;6.99;0.0;0.0;55.0;21.6;64.9;0.32
13/08/2026;07:00:00;2.517;0.27;239.3;10.52;0.0;4.5;55.0;24.8;60.0;0.23
13/08/2026;08:00:00;3.43;0.386;241.09;14.22;0.0;17.8;55.0;26.8;52.3;0.66
13/08/2026;09:00:00;3.367;0.209;247.62;13.6;0.0;7.2;55.0;30.6;42.0;0.66
13/08/2026;10:00:00;2.473;0.259;239.77;10.32;0.0;0.0;55.0;27.2;54.2;0.68
13/08/2026;11:00:00;4.62;0.388;242.01;19.09;0.0;0.0;55.0;33.8;50.7;0.7
13/08/2026;12:00:00;2.022;0.201;239.48;8.44;0.0;0.0;55.0;32.1;44.8;0.67
13/08/2026;13:00:00;1.877;0.322;241.0;7.79;0.0;0.0;55.0;32.6;48.4;0.61
13/08/2026;14:00:00;1.918;0.418;239.92;7.99;0.0;0.0;55.0;32.9;47.6;0.64
13/08/2026;15:00:00;2.318;0.48;238.82;9.71;0.0;0.0;55.0;32.7;55.1;0.8
13/08/2026;16:00:00;2.461;0.467;239.43;10.28;0.0;0.0;55.0;34.8;55.8;0.64
13/08/2026;17:00:00;2.506;0.439;243.49;10.29;0.0;0.0;55.0;31.1;55.4;0.66
13/08/2026;18:00:00;3.29;0.693;240.81;13.66;18.7;0.0;55.0;32.4;48.0;0.74
13/08/2026;19:00:00;3.985;0.709;236.65;16.84;14.1;0.0;55.0;30.3;55.9;0.32
13/08/2026;20:00:00;3.692;0.48;238.81;15.46;5.7;0.0;55.0;28.5;54.8;0.23
13/08/2026;21:00:00;3.77;0.574;237.5;15.88;18.7;0.0;55.0;32.3;48.2;0.28
13/08/2026;22:00:00;2.968;0.303;242.6;12.23;0.0;0.0;55.0;27.7;62.7;0.31
13/08/2026;23:00:00;1.895;0.096;237.87;7.96;0.0;0.0;55.0;26.8;49.3;0.3
14/08/2026;00:00:00;1.125;0.124;242.41;4.64;0.0;0.0;55.0;26.6;56.2;0.12
14/08/2026;01:00:00;0.915;0.109;242.73;3.77;0.0;0.0;55.0;21.9;61.1;0.12
14/08/2026;02:00:00;1.286;0.224;240.4;5.35;0.0;0.0;55.0;26.2;52.0;0.12
14/08/2026;03:00:00;0.649;0.127;241.52;2.69;0.0;0.0;55.0;19.6;61.5;0.12
14/08/2026;04:00:00;0.779;0.166;238.6;3.26;0.0;0.0;55.0;22.4;61.2;0.12
14/08/2026;05:00:00;1.002;0.11;242.38;4.13;0.0;0.0;55.0;23.4;56.9;0.12
14/08/2026;06:00:00;1.819;0.387;236.53;7.69;0.0;0.0;55.0;25.7;56.2;0.23
14/08/2026;07:00:00;2.717;0.505;238.7;11.38;0.0;4.5;55.0;26.2;54.0;0.23
14/08/2026;08:00:00;3.186;0.176;239.14;13.32;0.0;11.4;55.0;26.8;56.9;0.71
14/08/2026;09:00:00;3.143;0.475;242.76;12.95;0.0;13.1;55.0;28.4;50.6;0.64
14/08/2026;10:00:00;2.335;0.262;244.77;9.54;0.0;0.0;55.0;28.2;50.3;0.65
14/08/2026;11:00:00;2.086;0.116;238.73;8.74;0.0;0.0;55.0;28.6;51.6;0.68
14/08/2026;12:00:00;2.255;0.316;239.73;9.41;0.0;0.0;55.0;33.0;53.9;0.7
14/08/2026;13:00:00;1.977;0.295;236.69;8.35;0.0;0.0;55.0;33.8;38.7;0.59
14/08/2026;14:00:00;2.194;0.204;239.77;9.15;0.0;0.0;55.0;35.6;41.4;0.61
14/08/2026;15:00:00;2.22;0.466;243.08;9.13;0.0;0.0;55.0;32.2;60.0;0.73
14/08/2026;16:00:00;2.601;0.4;234.97;11.07;0.0;0.0;55.0;34.3;48.4;0.7
14/08/2026;17:00:00;2.527;0.202;240.05;10.53;0.0;0.0;55.0;32.3;46.5;0.74
14/08/2026;18:00:00;3.684;0.636;242.01;15.22;9.3;0.0;55.0;33.7;51.4;0.65
14/08/2026;19:00:00;4.077;0.55;240.16;16.98;12.9;0.0;55.0;32.4;44.5;0.3
14/08/2026;20:00:00;3.958;0.516;239.47;16.53;2.9;0.0;55.0;30.0;39.9;0.23
14/08/2026;21:00:00;3.605;0.692;242.45;14.87;24.0;0.0;55.0;27.9;53.9;0.27
14/08/2026;22:00:00;3.04;0.223;237.74;12.79;0.0;0.0;55.0;28.5;47.9;0.31
14/08/2026;23:00:00;2.025;0.27;237.82;8.51;0.0;0.0;55.0;26.9;53.4;0.25
15/08/2026;00:00:00;0.955;0.174;234.83;4.06;0.0;0.0;55.0;23.8;57.0;0.14
15/08/2026;01:00:00;0.718;0.116;240.91;2.98;0.0;0.0;55.0;22.1;57.5;0.14
15/08/2026;02:00:00;0.795;0.04;240.62;3.3;0.0;0.0;55.0;23.1;47.4;0.14
15/08/2026;03:00:00;0.932;0.171;238.39;3.91;0.0;0.0;55.0;25.7;54.0;0.14
15/08/2026;04:00:00;1.053;0.222;237.5;4.43;0.0;0.0;55.0;25.3;56.4;0.14
15/08/2026;05:00:00;1.248;0.212;239.87;5.2;0.0;0.0;55.0;22.4;49.5;0.14
15/08/2026;06:00:00;1.735;0.345;240.27;7.22;0.0;0.0;55.0;23.1;48.3;0.38
15/08/2026;07:00:00;3.023;0.337;236.65;12.78;0.0;2.0;55.0;27.8;46.8;0.28
15/08/2026;08:00:00;3.196;0.35;234.55;13.62;0.0;16.5;55.0;25.4;57.8;0.27
15/08/2026;09:00:00;3.232;0.338;235.17;13.74;0.0;16.5;55.0;29.2;41.1;0.28
15/08/2026;10:00:00;2.413;0.422;235.93;10.23;0.0;0.0;55.0;28.8;55.5;0.28
15/08/2026;11:00:00;4.087;0.859;236.62;17.27;0.0;0.0;55.0;33.3;49.7;0.27
15/08/2026;12:00:00;1.583;0.318;239.76;6.6;0.0;0.0;55.0;30.8;48.5;0.36
15/08/2026;13:00:00;1.804;0.136;240.24;7.51;0.0;0.0;55.0;34.4;39.4;0.32
15/08/2026;14:00:00;1.74;0.272;239.53;7.26;0.0;0.0;55.0;33.5;43.6;0.31
15/08/2026;15:00:00;1.928;0.423;241.0;8.0;0.0;0.0;55.0;33.8;51.3;0.38
15/08/2026;16:00:00;1.935;0.194;241.12;8.03;0.0;0.0;55.0;30.3;56.5;0.3
15/08/2026;17:00:00;2.245;0.355;240.92;9.32;0.0;0.0;55.0;29.4;45.7;0.28
15/08/2026;18:00:00;3.259;0.665;240.25;13.56;2.4;0.0;55.0;31.6;54.8;0.29
15/08/2026;19:00:00;4.012;0.814;237.04;16.93;16.2;0.0;55.0;31.3;52.8;0.29
15/08/2026;20:00:00;4.271;0.447;236.26;18.08;17.6;0.0;55.0;28.0;52.0;0.32
15/08/2026;21:00:00;3.745;0.247;238.43;15.71;14.2;0.0;55.0;26.8;49.3;0.29
15/08/2026;22:00:00;3.049;0.487;243.18;12.54;0.0;0.0;55.0;27.9;49.1;0.32
15/08/2026;23:00:00;2.088;0.44;246.56;8.47;0.0;0.0;55.0;26.7;62.1;0.35
16/08/2026;00:00:00;0.73;0.1;241.56;3.02;0.0;0.0;55.0;24.7;55.6;0.14
16/08/2026;01:00:00;1.165;0.149;241.0;4.83;0.0;0.0;55.0;25.2;60.9;0.14
16/08/2026;02:00:00;0.676;0.133;242.99;2.78;0.0;0.0;55.0;21.8;58.2;0.14
16/08/2026;03:00:00;1.112;0.136;244.24;4.55;0.0;0.0;55.0;22.9;53.8;0.14
16/08/2026;04:00:00;1.185;0.196;237.42;4.99;0.0;0.0;55.0;26.0;56.5;0.14
16/08/2026;05:00:00;1.383;0.161;248.13;5.57;0.0;0.0;55.0;24.2;65.9;0.14
16/08/2026;06:00:00;2.026;0.231;244.45;8.29;0.0;0.0;55.0;25.0;51.1;0.26
16/08/2026;07:00:00;3.125;0.256;236.17;13.23;0.0;4.9;55.0;29.4;55.5;0.33
16/08/2026;08:00:00;3.077;0.2;237.2;12.97;0.0;14.9;55.0;25.0;55.4;0.3
16/08/2026;09:00:00;3.033;0.608;247.89;12.24;0.0;9.7;55.0;29.6;43.5;0.36
16/08/2026;10:00:00;2.637;0.213;242.9;10.86;0.0;0.0;55.0;32.2;41.3;0.3
16/08/2026;11:00:00;1.895;0.115;238.33;7.95;0.0;0.0;55.0;30.4;47.8;0.39
16/08/2026;12:00:00;1.918;0.286;240.22;7.98;0.0;0.0;55.0;33.2;49.6;0.36
16/08/2026;13:00:00;1.661;0.237;242.11;6.86;0.0;0.0;55.0;31.2;53.8;0.26
16/08/2026;14:00:00;1.749;0.256;242.49;7.21;0.0;0.0;55.0;32.2;40.8;0.32
16/08/2026;15:00:00;1.892;0.245;243.83;7.76;0.0;0.0;55.0;34.0;50.5;0.33
16/08/2026;16:00:00;2.383;0.177;240.68;9.9;0.0;0.0;55.0;34.4;46.3;0.35
16/08/2026;17:00:00;2.759;0.148;240.79;11.46;0.0;0.0;55.0;34.4;46.9;0.32
16/08/2026;18:00:00;3.593;0.208;238.98;15.03;2.5;0.0;55.0;34.3;49.9;0.32
16/08/2026;19:00:00;4.17;0.877;237.4;17.56;24.5;0.0;55.0;30.8;58.5;0.3
16/08/2026;20:00:00;4.458;0.626;237.27;18.79;1.5;0.0;55.0;31.5;50.7;0.29
16/08/2026;21:00:00;3.696;0.436;239.6;15.43;3.7;0.0;55.0;27.9;45.3;0.38
16/08/2026;22:00:00;3.222;0.386;240.96;13.37;0.0;0.0;55.0;28.5;50.7;0.3
16/08/2026;23:00:00;2.23;0.359;235.93;9.45;0.0;0.0;55.0;26.2;57.7;0.26
17/08/2026;00:00:00;0.758;0.086;245.73;3.09;0.0;0.0;55.0;25.5;58.4;0.12
17/08/2026;01:00:00;0.787;0.146;238.05;3.3;0.0;0.0;55.0;24.7;58.0;0.12
17/08/2026;02:00:00;0.939;0.088;237.6;3.95;0.0;0.0;55.0;21.2;54.9;0.12
17/08/2026;03:00:00;0.731;0.082;239.92;3.05;0.0;0.0;55.0;21.7;50.2;0.12
17/08/2026;04:00:00;0.885;0.185;233.36;3.79;0.0;0.0;55.0;23.7;58.4;0.12
17/08/2026;05:00:00;0.888;0.084;241.01;3.69;0.0;0.0;55.0;21.5;51.1;0.12
17/08/2026;06:00:00;1.773;0.288;237.23;7.48;0.0;0.0;55.0;26.1;57.0;0.29
17/08/2026;07:00:00;2.627;0.294;234.62;11.2;0.0;14.5;55.0;27.2;56.1;0.24
17/08/2026;08:00:00;3.426;0.446;240.4;14.25;0.0;14.0;55.0;27.6;50.0;0.58
17/08/2026;09:00:00;2.984;0.172;240.4;12.41;0.0;14.9;55.0;26.7;52.5;0.71
17/08/2026;10:00:00;2.766;0.217;245.45;11.27;0.0;0.0;55.0;31.8;50.0;0.72
17/08/2026;11:00:00;2.595;0.175;240.5;10.79;0.0;0.0;55.0;33.9;44.2;0.73
17/08/2026;12:00:00;1.907;0.369;240.48;7.93;0.0;0.0;55.0;32.1;41.8;0.64
17/08/2026;13:00:00;2.169;0.463;240.12;9.03;0.0;0.0;55.0;33.5;47.4;0.75
17/08/2026;14:00:00;2.155;0.133;232.78;9.26;0.0;0.0;55.0;33.5;47.9;0.61
17/08/2026;15:00:00;2.13;0.134;240.22;8.87;0.0;0.0;55.0;34.2;53.9;0.7
17/08/2026;16:00:00;2.361;0.34;239.86;9.84;0.0;0.0;55.0;33.0;44.1;0.65
17/08/2026;17:00:00;3.007;0.408;239.59;12.55;0.0;0.0;55.0;32.7;53.6;0.65
17/08/2026;18:00:00;3.553;0.571;237.67;14.95;11.8;0.0;55.0;33.3;42.0;0.72
17/08/2026;19:00:00;4.156;0.728;241.58;17.2;0.7;0.0;55.0;34.4;40.1;0.29
17/08/2026;20:00:00;3.8;0.705;237.27;16.02;15.0;0.0;55.0;27.6;50.8;0.34
17/08/2026;21:00:00;3.777;0.285;241.98;15.61;2.5;0.0;55.0;28.2;47.1;0.32
17/08/2026;22:00:00;2.401;0.135;241.09;9.96;0.0;0.0;55.0;25.3;47.3;0.27
17/08/2026;23:00:00;2.157;0.434;243.93;8.84;0.0;0.0;55.0;28.3;61.5;0.29
18/08/2026;00:00:00;0.677;0.088;238.7;2.83;0.0;0.0;55.0;24.0;53.0;0.12
18/08/2026;01:00:00;0.612;0.132;243.74;2.51;0.0;0.0;55.0;21.9;68.4;0.12
18/08/2026;02:00:00;0.813;0.114;240.59;3.38;0.0;0.0;55.0;24.5;49.8;0.12
18/08/2026;03:00:00;0.992;0.136;239.79;4.14;0.0;0.0;55.0;26.0;45.1;0.12
18/08/2026;04:00:00;0.809;0.126;237.61;3.41;0.0;0.0;55.0;24.6;61.2;0.12
18/08/2026;05:00:00;1.121;0.088;241.11;4.65;0.0;0.0;55.0;24.4;51.3;0.12
18/08/2026;06:00:00;1.926;0.179;238.67;8.07;0.0;0.0;55.0;25.5;54.7;0.32
18/08/2026;07:00:00;2.541;0.518;239.92;10.59;0.0;19.8;55.0;28.0;45.2;0.25
18/08/2026;08:00:00;3.257;0.28;242.18;13.45;0.0;5.9;55.0;25.8;53.6;0.79
18/08/2026;09:00:00;3.386;0.303;239.91;14.11;0.0;8.5;55.0;28.2;45.0;0.68
18/08/2026;10:00:00;2.513;0.343;240.89;10.43;0.0;0.0;55.0;29.0;50.8;0.72
18/08/2026;11:00:00;1.701;0.27;244.24;6.96;0.0;0.0;55.0;29.1;48.7;0.63
18/08/2026;12:00:00;1.749;0.088;241.58;7.24;0.0;0.0;55.0;31.4;50.4;0.64
18/08/2026;13:00:00;2.268;0.29;238.1;9.53;0.0;0.0;55.0;34.4;50.0;0.8
18/08/2026;14:00:00;2.186;0.258;238.86;9.15;0.0;0.0;55.0;34.1;48.3;0.72
18/08/2026;15:00:00;2.179;0.43;240.39;9.07;0.0;0.0;55.0;34.4;49.2;0.69
18/08/2026;16:00:00;2.682;0.517;245.94;10.91;0.0;0.0;55.0;33.4;47.1;0.71
18/08/2026;17:00:00;3.18;0.649;236.26;13.46;0.0;0.0;55.0;33.5;45.4;0.67
18/08/2026;18:00:00;3.306;0.639;240.53;13.75;14.1;0.0;55.0;30.7;52.2;0.65
18/08/2026;19:00:00;3.823;0.702;243.82;15.68;7.9;0.0;55.0;30.4;49.5;0.3
18/08/2026;20:00:00;4.054;0.795;241.72;16.77;12.0;0.0;55.0;30.0;50.1;0.26
18/08/2026;21:00:00;3.734;0.298;239.63;15.58;23.9;0.0;55.0;28.8;53.3;0.32
18/08/2026;22:00:00;2.729;0.295;235.19;11.6;0.0;0.0;55.0;27.6;47.2;0.3
18/08/2026;23:00:00;2.147;0.357;244.23;8.79;0.0;0.0;55.0;25.7;61.0;0.26
19/08/2026;00:00:00;0.871;0.18;238.68;3.65;0.0;0.0;55.0;24.3;53.7;0.12
19/08/2026;01:00:00;1.291;0.211;237.33;5.44;0.0;0.0;55.0;28.8;52.0;0.12
19/08/2026;02:00:00;0.931;0.079;240.7;3.87;0.0;0.0;55.0;24.9;54.2;0.12
19/08/2026;03:00:00;0.847;0.178;244.0;3.47;0.0;0.0;55.0;24.0;58.5;0.12
19/08/2026;04:00:00;0.878;0.157;241.13;3.64;0.0;0.0;55.0;23.2;57.5;0.12
19/08/2026;05:00:00;0.908;0.156;238.98;3.8;0.0;0.0;55.0;23.4;55.4;0.12
19/08/2026;06:00:00;1.57;0.282;240.69;6.52;0.0;0.0;55.0;24.7;61.9;0.32
19/08/2026;07:00:00;2.601;0.422;240.33;10.82;0.0;8.7;55.0;26.3;37.3;0.3
19/08/2026;08:00:00;2.998;0.161;238.69;12.56;0.0;18.7;55.0;24.3;61.2;0.65
19/08/2026;09:00:00;2.972;0.277;240.19;12.37;0.0;1.5;55.0;26.0;58.2;0.68
19/08/2026;10:00:00;2.507;0.533;237.69;10.55;0.0;0.0;55.0;28.7;42.2;0.72
19/08/2026;11:00:00;2.188;0.217;237.23;9.22;0.0;0.0;55.0;31.2;54.1;0.76
19/08/2026;12:00:00;2.133;0.386;241.55;8.83;0.0;0.0;55.0;31.6;54.4;0.67
19/08/2026;13:00:00;2.129;0.26;238.9;8.91;0.0;0.0;55.0;34.9;49.3;0.6
19/08/2026;14:00:00;1.695;0.346;239.93;7.06;0.0;0.0;55.0;31.0;41.8;0.65
19/08/2026;15:00:00;2.001;0.29;237.84;8.41;0.0;0.0;55.0;32.3;52.0;0.62
19/08/2026;16:00:00;2.639;0.415;238.41;11.07;0.0;0.0;55.0;35.5;51.0;0.6
19/08/2026;17:00:00;4.798;0.435;238.65;20.11;0.0;0.0;55.0;32.9;45.2;0.67
19/08/2026;18:00:00;3.552;0.212;238.36;14.9;18.6;0.0;55.0;33.3;50.0;0.68
19/08/2026;19:00:00;4.035;0.721;238.85;16.89;7.2;0.0;55.0;34.0;45.5;0.25
19/08/2026;20:00:00;4.212;0.259;240.55;17.51;5.8;0.0;55.0;28.6;55.9;0.33
19/08/2026;21:00:00;3.649;0.63;243.89;14.96;24.9;0.0;55.0;28.2;50.2;0.25
19/08/2026;22:00:00;2.691;0.389;242.13;11.11;0.0;0.0;55.0;26.7;50.1;0.23
19/08/2026;23:00:00;1.742;0.33;239.06;7.29;0.0;0.0;55.0;23.0;55.8;0.24
20/08/2026;00:00:00;0.66;0.056;238.23;2.77;0.0;0.0;55.0;24.4;48.2;0.12
20/08/2026;01:00:00;0.841;0.119;235.02;3.58;0.0;0.0;55.0;25.4;53.4;0.12
20/08/2026;02:00:00;0.965;0.149;238.12;4.05;0.0;0.0;55.0;24.4;56.7;0.12
20/08/2026;03:00:00;0.908;0.057;236.92;3.83;0.0;0.0;55.0;24.3;59.3;0.12
20/08/2026;04:00:00;0.862;0.151;240.15;3.59;0.0;0.0;55.0;23.0;57.2;0.12
20/08/2026;05:00:00;1.03;0.12;244.67;4.21;0.0;0.0;55.0;23.1;48.8;0.12
20/08/2026;06:00:00;1.937;0.139;238.89;8.11;0.0;0.0;55.0;26.8;59.8;0.27
20/08/2026;07:00:00;2.558;0.296;235.93;10.84;0.0;16.4;55.0;25.1;61.5;0.32
20/08/2026;08:00:00;3.253;0.217;239.45;13.59;0.0;11.6;55.0;27.5;52.9;0.67
20/08/2026;09:00:00;3.089;0.621;238.77;12.94;0.0;9.4;55.0;28.6;47.7;0.68
20/08/2026;10:00:00;2.554;0.326;243.53;10.49;0.0;0.0;55.0;31.9;46.2;0.72
