Date;Time;Global_active_power;Global_reactive_power;Voltage;Global_intensity;Sub_metering_1;Sub_metering_2;Sub_metering_3;Temperature_C;Humidity_pct;Occupancy_Level;Occupancy_Ratio
20/08/2025;19:00:00;3.355;0.215;236.37;14.19;14.8;0.0;55.0;19.2;72;High;0.85
20/08/2025;20:00:00;3.574;0.395;237.61;15.04;21.7;0.0;55.0;19.3;72;High;0.85
20/08/2025;21:00:00;3.37;0.417;239.29;14.08;24.2;0.0;55.0;19.1;72;High;0.85
20/08/2025;22:00:00;2.795;0.264;240.28;11.63;0.0;0.0;55.0;18.4;74;High;0.85
20/08/2025;23:00:00;1.681;0.133;239.7;7.01;0.0;0.0;55.0;17.5;75;Medium;0.5
21/08/2025;00:00:00;0.639;0.047;238.16;2.68;0.0;0.0;55.0;17.0;77;Low;0.15
21/08/2025;01:00:00;0.82;0.092;243.9;3.36;0.0;0.0;55.0;16.5;79;Low;0.15
21/08/2025;02:00:00;0.74;0.099;242.66;3.05;0.0;0.0;55.0;16.0;81;Low;0.15
21/08/2025;03:00:00;0.622;0.038;240.9;2.58;0.0;0.0;55.0;15.4;88;Low;0.15
21/08/2025;04:00:00;0.765;0.161;238.88;3.2;0.0;0.0;55.0;15.3;91;Low;0.15
21/08/2025;05:00:00;0.846;0.152;242.98;3.48;0.0;0.0;55.0;15.1;91;Low;0.15
21/08/2025;06:00:00;1.583;0.276;238.7;6.63;0.0;0.0;55.0;14.9;93;Medium;0.5
21/08/2025;07:00:00;2.328;0.185;244.4;9.53;0.0;16.0;55.0;14.7;94;Medium;0.5
21/08/2025;08:00:00;2.434;0.371;240.31;10.13;0.0;18.5;55.0;15.0;92;Medium;0.5
21/08/2025;09:00:00;2.114;0.296;243.44;8.68;0.0;10.6;55.0;16.0;85;Medium;0.5
21/08/2025;10:00:00;1.305;0.283;239.68;5.45;0.0;0.0;55.0;17.1;79;Low;0.15
21/08/2025;11:00:00;0.791;0.14;240.2;3.29;0.0;0.0;55.0;18.5;73;Low;0.15
21/08/2025;12:00:00;0.743;0.11;243.43;3.05;0.0;0.0;55.0;20.4;64;Low;0.15
21/08/2025;13:00:00;0.584;0.114;246.14;2.37;0.0;0.0;55.0;21.8;56;Low;0.15
21/08/2025;14:00:00;0.613;0.047;244.37;2.51;0.0;0.0;55.0;22.8;51;Low;0.15
21/08/2025;15:00:00;0.971;0.051;242.46;4.0;0.0;0.0;55.0;22.7;48;Low;0.15
21/08/2025;16:00:00;1.077;0.18;241.65;4.46;0.0;0.0;55.0;23.4;45;Low;0.15
21/08/2025;17:00:00;1.823;0.122;238.58;7.64;0.0;0.0;55.0;23.4;43;Medium;0.5
21/08/2025;18:00:00;2.573;0.179;240.83;10.68;14.3;0.0;55.0;22.9;43;High;0.85
21/08/2025;19:00:00;3.251;0.574;237.44;13.69;3.6;0.0;55.0;21.9;47;High;0.85
21/08/2025;20:00:00;3.599;0.345;241.05;14.93;6.4;0.0;55.0;21.0;53;High;0.85
21/08/2025;21:00:00;3.19;0.5;241.23;13.23;21.0;0.0;55.0;20.0;57;High;0.85
21/08/2025;22:00:00;2.681;0.552;234.51;11.43;0.0;0.0;55.0;18.7;59;High;0.85
21/08/2025;23:00:00;1.644;0.171;240.11;6.85;0.0;0.0;55.0;17.2;72;Medium;0.5
22/08/2025;00:00:00;2.633;0.229;241.16;10.92;0.0;0.0;55.0;16.5;76;Low;0.15
22/08/2025;01:00:00;0.602;0.041;239.77;2.51;0.0;0.0;55.0;15.9;74;Low;0.15
22/08/2025;02:00:00;0.848;0.061;241.0;3.52;0.0;0.0;55.0;15.2;75;Low;0.15
22/08/2025;03:00:00;0.728;0.044;236.24;3.08;0.0;0.0;55.0;14.0;79;Low;0.15
22/08/2025;04:00:00;0.707;0.046;237.83;2.97;0.0;0.0;55.0;13.3;80;Low;0.15
22/08/2025;05:00:00;1.113;0.137;242.9;4.58;0.0;0.0;55.0;12.7;83;Low;0.15
22/08/2025;06:00:00;1.664;0.174;240.0;6.93;0.0;0.0;55.0;12.3;85;Medium;0.5
22/08/2025;07:00:00;2.493;0.424;240.95;10.35;0.0;16.0;55.0;11.9;86;Medium;0.5
22/08/2025;08:00:00;2.585;0.512;238.47;10.84;0.0;3.2;55.0;12.4;85;Medium;0.5
22/08/2025;09:00:00;2.219;0.407;240.05;9.25;0.0;14.8;55.0;13.9;78;Medium;0.5
22/08/2025;10:00:00;1.381;0.194;233.55;5.91;0.0;0.0;55.0;15.8;68;Low;0.15
22/08/2025;11:00:00;0.967;0.065;242.37;3.99;0.0;0.0;55.0;17.5;55;Low;0.15
22/08/2025;12:00:00;0.729;0.124;245.06;2.97;0.0;0.0;55.0;18.8;48;Low;0.15
22/08/2025;13:00:00;0.663;0.074;237.02;2.8;0.0;0.0;55.0;19.6;45;Low;0.15
22/08/2025;14:00:00;0.66;0.043;237.37;2.78;0.0;0.0;55.0;19.9;45;Low;0.15
22/08/2025;15:00:00;0.62;0.12;241.23;2.57;0.0;0.0;55.0;20.9;43;Low;0.15
22/08/2025;16:00:00;0.915;0.098;244.13;3.75;0.0;0.0;55.0;21.0;43;Low;0.15
22/08/2025;17:00:00;1.658;0.144;239.99;6.91;0.0;0.0;55.0;20.6;45;Medium;0.5
22/08/2025;18:00:00;2.749;0.545;236.56;11.62;8.0;0.0;55.0;20.4;47;High;0.85
22/08/2025;19:00:00;3.34;0.679;239.42;13.95;11.6;0.0;55.0;20.2;47;High;0.85
22/08/2025;20:00:00;3.411;0.367;237.12;14.39;21.5;0.0;55.0;19.9;49;High;0.85
22/08/2025;21:00:00;3.338;0.368;238.13;14.02;4.7;0.0;55.0;19.0;61;High;0.85
22/08/2025;22:00:00;2.605;0.387;239.15;10.89;0.0;0.0;55.0;17.8;66;High;0.85
22/08/2025;23:00:00;1.636;0.286;237.4;6.89;0.0;0.0;55.0;16.7;67;Medium;0.5
23/08/2025;00:00:00;0.724;0.044;237.82;3.04;0.0;0.0;55.0;15.4;71;Low;0.15
23/08/2025;01:00:00;0.784;0.118;240.21;3.26;0.0;0.0;55.0;14.7;73;Low;0.15
23/08/2025;02:00:00;0.81;0.172;240.6;3.37;0.0;0.0;55.0;14.1;76;Low;0.15
23/08/2025;03:00:00;0.706;0.067;236.01;2.99;0.0;0.0;55.0;13.0;80;Low;0.15
23/08/2025;04:00:00;0.825;0.169;241.11;3.42;0.0;0.0;55.0;12.7;83;Low;0.15
23/08/2025;05:00:00;1.11;0.235;238.93;4.65;0.0;0.0;55.0;12.5;83;Low;0.15
23/08/2025;06:00:00;2.0;0.192;242.02;8.27;0.0;0.0;55.0;12.1;84;Medium;0.5
23/08/2025;07:00:00;2.653;0.473;242.19;10.95;0.0;16.6;55.0;11.5;87;Medium;0.5
23/08/2025;08:00:00;3.035;0.275;238.48;12.73;0.0;0.5;55.0;12.1;86;Medium;0.5
23/08/2025;09:00:00;2.458;0.431;241.72;10.17;0.0;14.6;55.0;13.7;77;Medium;0.5
23/08/2025;10:00:00;1.609;0.299;237.66;6.77;0.0;0.0;55.0;16.1;64;Medium;0.5
23/08/2025;11:00:00;1.533;0.141;243.71;6.29;0.0;0.0;55.0;18.3;50;High;0.85
23/08/2025;12:00:00;1.38;0.237;237.76;5.8;0.0;0.0;55.0;19.5;45;High;0.85
23/08/2025;13:00:00;1.194;0.225;240.99;4.95;0.0;0.0;55.0;20.7;41;High;0.85
23/08/2025;14:00:00;3.319;0.368;239.47;13.86;0.0;0.0;55.0;22.0;39;High;0.85
23/08/2025;15:00:00;1.425;0.112;237.15;6.01;0.0;0.0;55.0;23.0;38;High;0.85
23/08/2025;16:00:00;1.386;0.091;242.52;5.71;0.0;0.0;55.0;23.9;38;Medium;0.5
23/08/2025;17:00:00;1.953;0.289;238.28;8.2;0.0;0.0;55.0;23.2;40;Medium;0.5
23/08/2025;18:00:00;3.095;0.669;235.24;13.16;15.2;0.0;55.0;23.0;42;High;0.85
23/08/2025;19:00:00;3.62;0.687;231.93;15.61;24.6;0.0;55.0;21.5;55;High;0.85
23/08/2025;20:00:00;4.104;0.509;237.55;17.28;6.5;0.0;55.0;20.3;61;High;0.85
23/08/2025;21:00:00;3.361;0.475;243.85;13.78;6.7;0.0;55.0;19.4;65;High;0.85
23/08/2025;22:00:00;6.444;0.628;243.52;26.46;0.0;0.0;55.0;18.4;71;High;0.85
23/08/2025;23:00:00;1.83;0.142;237.99;7.69;0.0;0.0;55.0;17.7;76;Medium;0.5
24/08/2025;00:00:00;0.633;0.083;238.95;2.65;0.0;0.0;55.0;17.0;79;Low;0.15
24/08/2025;01:00:00;0.672;0.087;238.7;2.81;0.0;0.0;55.0;16.3;82;Low;0.15
24/08/2025;02:00:00;0.464;0.064;236.27;1.97;0.0;0.0;55.0;15.7;85;Low;0.15
24/08/2025;03:00:00;0.648;0.137;237.34;2.73;0.0;0.0;55.0;15.0;81;Low;0.15
24/08/2025;04:00:00;0.796;0.122;242.75;3.28;0.0;0.0;55.0;14.3;78;Low;0.15
24/08/2025;05:00:00;1.159;0.177;241.41;4.8;0.0;0.0;55.0;13.6;75;Low;0.15
24/08/2025;06:00:00;1.797;0.129;240.76;7.46;0.0;0.0;55.0;13.0;75;Medium;0.5
24/08/2025;07:00:00;2.566;0.563;236.26;10.86;0.0;3.2;55.0;12.4;77;Medium;0.5
24/08/2025;08:00:00;2.968;0.538;240.28;12.35;0.0;5.7;55.0;12.7;76;Medium;0.5
24/08/2025;09:00:00;2.654;0.528;233.55;11.36;0.0;18.7;55.0;13.8;70;Medium;0.5
24/08/2025;10:00:00;1.762;0.212;242.36;7.27;0.0;0.0;55.0;15.8;62;Medium;0.5
24/08/2025;11:00:00;1.399;0.189;240.72;5.81;0.0;0.0;55.0;18.1;52;High;0.85
24/08/2025;12:00:00;1.296;0.18;236.23;5.48;0.0;0.0;55.0;19.9;44;High;0.85
24/08/2025;13:00:00;1.211;0.1;244.53;4.95;0.0;0.0;55.0;21.2;38;High;0.85
24/08/2025;14:00:00;1.332;0.223;234.97;5.67;0.0;0.0;55.0;22.2;35;High;0.85
24/08/2025;15:00:00;1.335;0.272;241.48;5.53;0.0;0.0;55.0;23.2;35;High;0.85
24/08/2025;16:00:00;1.402;0.109;241.55;5.8;0.0;0.0;55.0;23.7;34;Medium;0.5
24/08/2025;17:00:00;1.934;0.125;236.53;8.18;0.0;0.0;55.0;23.9;34;Medium;0.5
24/08/2025;18:00:00;2.859;0.502;239.89;11.92;22.7;0.0;55.0;23.8;36;High;0.85
24/08/2025;19:00:00;3.757;0.362;235.42;15.96;7.2;0.0;55.0;23.3;38;High;0.85
24/08/2025;20:00:00;4.006;0.625;232.03;17.26;0.7;0.0;55.0;22.4;41;High;0.85
24/08/2025;21:00:00;3.624;0.61;237.01;15.29;24.8;0.0;55.0;21.2;46;High;0.85
24/08/2025;22:00:00;2.838;0.297;238.27;11.91;0.0;0.0;55.0;20.3;50;High;0.85
24/08/2025;23:00:00;1.68;0.317;241.8;6.95;0.0;0.0;55.0;19.2;55;Medium;0.5
25/08/2025;00:00:00;0.62;0.089;240.19;2.58;0.0;0.0;55.0;18.3;58;Low;0.15
25/08/2025;01:00:00;0.628;0.124;240.26;2.61;0.0;0.0;55.0;17.9;58;Low;0.15
25/08/2025;02:00:00;0.583;0.105;237.16;2.46;0.0;0.0;55.0;17.2;60;Low;0.15
25/08/2025;03:00:00;0.659;0.13;238.52;2.76;0.0;0.0;55.0;14.9;68;Low;0.15
25/08/2025;04:00:00;0.823;0.044;237.4;3.47;0.0;0.0;55.0;13.8;75;Low;0.15
25/08/2025;05:00:00;1.177;0.108;236.57;4.98;0.0;0.0;55.0;13.4;77;Low;0.15
25/08/2025;06:00:00;1.767;0.115;238.34;7.42;0.0;0.0;55.0;12.9;79;Medium;0.5
25/08/2025;07:00:00;2.468;0.309;240.21;10.27;0.0;13.8;55.0;12.4;82;Medium;0.5
25/08/2025;08:00:00;2.732;0.55;238.4;11.46;0.0;9.5;55.0;13.1;78;Medium;0.5
25/08/2025;09:00:00;2.106;0.273;239.09;8.81;0.0;1.9;55.0;14.8;70;Medium;0.5
25/08/2025;10:00:00;1.359;0.264;241.95;5.62;0.0;0.0;55.0;17.3;59;Low;0.15
25/08/2025;11:00:00;0.899;0.095;238.6;3.77;0.0;0.0;55.0;20.2;49;Low;0.15
25/08/2025;12:00:00;1.022;0.11;236.26;4.33;0.0;0.0;55.0;22.8;39;Low;0.15
25/08/2025;13:00:00;0.855;0.173;241.58;3.54;0.0;0.0;55.0;24.5;35;Low;0.15
25/08/2025;14:00:00;1.024;0.125;240.74;4.25;0.0;0.0;55.0;25.8;32;Low;0.15
25/08/2025;15:00:00;1.197;0.22;240.92;4.97;0.0;0.0;55.0;27.4;27;Low;0.15
25/08/2025;16:00:00;1.358;0.123;241.75;5.62;0.0;0.0;55.0;28.1;25;Low;0.15
25/08/2025;17:00:00;2.33;0.492;241.28;9.66;0.0;0.0;55.0;28.4;24;Medium;0.5
25/08/2025;18:00:00;3.23;0.477;240.08;13.46;5.9;0.0;55.0;28.4;24;High;0.85
25/08/2025;19:00:00;3.857;0.691;246.7;15.63;18.3;0.0;55.0;27.9;25;High;0.85
25/08/2025;20:00:00;3.897;0.254;236.4;16.48;11.5;0.0;55.0;27.0;28;High;0.85
25/08/2025;21:00:00;3.694;0.494;238.36;15.5;21.4;0.0;55.0;25.1;33;High;0.85
25/08/2025;22:00:00;2.663;0.541;242.71;10.97;0.0;0.0;55.0;24.0;36;High;0.85
25/08/2025;23:00:00;1.843;0.367;240.4;7.67;0.0;0.0;55.0;23.0;40;Medium;0.5
26/08/2025;00:00:00;0.882;0.051;242.12;3.64;0.0;0.0;55.0;21.9;44;Low;0.15
26/08/2025;01:00:00;0.563;0.057;240.48;2.34;0.0;0.0;55.0;20.9;48;Low;0.15
26/08/2025;02:00:00;0.606;0.076;243.85;2.49;0.0;0.0;55.0;20.2;50;Low;0.15
26/08/2025;03:00:00;0.679;0.054;237.18;2.86;0.0;0.0;55.0;17.8;58;Low;0.15
26/08/2025;04:00:00;0.661;0.115;243.76;2.71;0.0;0.0;55.0;17.3;59;Low;0.15
26/08/2025;05:00:00;0.738;0.06;243.28;3.03;0.0;0.0;55.0;16.9;61;Low;0.15
26/08/2025;06:00:00;1.631;0.178;236.61;6.89;0.0;0.0;55.0;16.6;65;Medium;0.5
26/08/2025;07:00:00;2.18;0.355;241.77;9.02;0.0;12.8;55.0;16.3;67;Medium;0.5
26/08/2025;08:00:00;2.672;0.353;239.88;11.14;0.0;9.3;55.0;16.8;67;Medium;0.5
26/08/2025;09:00:00;2.194;0.385;238.3;9.21;0.0;2.2;55.0;18.1;62;Medium;0.5
26/08/2025;10:00:00;1.516;0.324;234.71;6.46;0.0;0.0;55.0;20.2;55;Low;0.15
26/08/2025;11:00:00;0.878;0.061;237.17;3.7;0.0;0.0;55.0;22.8;48;Low;0.15
26/08/2025;12:00:00;0.944;0.161;241.98;3.9;0.0;0.0;55.0;25.3;41;Low;0.15
26/08/2025;13:00:00;1.172;0.104;242.28;4.84;0.0;0.0;55.0;27.2;36;Low;0.15
26/08/2025;14:00:00;1.039;0.125;239.41;4.34;0.0;0.0;55.0;27.9;33;Low;0.15
26/08/2025;15:00:00;1.311;0.073;242.29;5.41;0.0;0.0;55.0;28.5;31;Low;0.15
26/08/2025;16:00:00;1.67;0.122;242.65;6.88;0.0;0.0;55.0;28.9;30;Low;0.15
26/08/2025;17:00:00;2.111;0.22;240.43;8.78;0.0;0.0;55.0;29.1;28;Medium;0.5
26/08/2025;18:00:00;3.222;0.348;237.98;13.54;21.7;0.0;55.0;29.0;27;High;0.85
26/08/2025;19:00:00;3.779;0.767;241.23;15.67;2.6;0.0;55.0;27.6;33;High;0.85
26/08/2025;20:00:00;4.09;0.72;241.36;16.94;24.3;0.0;55.0;27.3;33;High;0.85
26/08/2025;21:00:00;3.294;0.709;241.89;13.62;0.1;0.0;55.0;23.4;64;High;0.85
26/08/2025;22:00:00;2.519;0.383;242.42;10.39;0.0;0.0;55.0;22.1;70;High;0.85
26/08/2025;23:00:00;1.756;0.16;236.19;7.44;0.0;0.0;55.0;22.0;71;Medium;0.5
27/08/2025;00:00:00;0.692;0.073;238.57;2.9;0.0;0.0;55.0;21.6;71;Low;0.15
27/08/2025;01:00:00;0.688;0.072;234.68;2.93;0.0;0.0;55.0;20.9;73;Low;0.15
27/08/2025;02:00:00;0.698;0.074;242.09;2.88;0.0;0.0;55.0;20.1;76;Low;0.15
27/08/2025;03:00:00;0.601;0.099;239.41;2.51;0.0;0.0;55.0;19.5;76;Low;0.15
27/08/2025;04:00:00;0.734;0.103;241.21;3.04;0.0;0.0;55.0;19.3;75;Low;0.15
27/08/2025;05:00:00;0.922;0.106;235.87;3.91;0.0;0.0;55.0;18.8;77;Low;0.15
27/08/2025;06:00:00;1.552;0.117;243.92;6.36;0.0;0.0;55.0;18.6;78;Medium;0.5
27/08/2025;07:00:00;2.473;0.133;236.66;10.45;0.0;12.4;55.0;18.6;78;Medium;0.5
27/08/2025;08:00:00;2.672;0.233;242.17;11.04;0.0;10.5;55.0;18.8;78;Medium;0.5
27/08/2025;09:00:00;2.167;0.148;240.33;9.02;0.0;0.1;55.0;19.0;74;Medium;0.5
27/08/2025;10:00:00;1.427;0.262;239.47;5.96;0.0;0.0;55.0;20.0;69;Low;0.15
27/08/2025;11:00:00;0.795;0.055;239.24;3.32;0.0;0.0;55.0;21.7;59;Low;0.15
27/08/2025;12:00:00;0.895;0.155;238.21;3.76;0.0;0.0;55.0;23.3;47;Low;0.15
27/08/2025;13:00:00;1.006;0.116;243.63;4.13;0.0;0.0;55.0;24.7;39;Low;0.15
27/08/2025;14:00:00;0.944;0.059;240.04;3.93;0.0;0.0;55.0;26.2;33;Low;0.15
27/08/2025;15:00:00;1.184;0.223;236.45;5.01;0.0;0.0;55.0;26.0;36;Low;0.15
27/08/2025;16:00:00;1.381;0.205;238.92;5.78;0.0;0.0;55.0;26.4;33;Low;0.15
27/08/2025;17:00:00;2.162;0.195;240.36;9.0;0.0;0.0;55.0;26.7;31;Medium;0.5
27/08/2025;18:00:00;3.169;0.64;242.51;13.07;11.4;0.0;55.0;26.2;32;High;0.85
27/08/2025;19:00:00;3.577;0.206;238.31;15.01;9.6;0.0;55.0;25.7;34;High;0.85
27/08/2025;20:00:00;3.752;0.316;238.49;15.73;23.5;0.0;55.0;25.0;37;High;0.85
27/08/2025;21:00:00;3.369;0.599;240.07;14.03;24.3;0.0;55.0;23.9;41;High;0.85
27/08/2025;22:00:00;2.634;0.449;242.45;10.86;0.0;0.0;55.0;22.9;47;High;0.85
27/08/2025;23:00:00;1.728;0.171;236.17;7.32;0.0;0.0;55.0;22.4;49;Medium;0.5
28/08/2025;00:00:00;0.697;0.042;241.41;2.89;0.0;0.0;55.0;22.0;51;Low;0.15
28/08/2025;01:00:00;0.69;0.135;238.7;2.89;0.0;0.0;55.0;21.2;54;Low;0.15
28/08/2025;02:00:00;0.746;0.077;239.09;3.12;0.0;0.0;55.0;20.0;60;Low;0.15
28/08/2025;03:00:00;0.67;0.056;245.6;2.73;0.0;0.0;55.0;19.6;66;Low;0.15
28/08/2025;04:00:00;0.856;0.118;239.45;3.58;0.0;0.0;55.0;18.8;70;Low;0.15
28/08/2025;05:00:00;0.866;0.177;242.11;3.58;0.0;0.0;55.0;18.3;72;Low;0.15
28/08/2025;06:00:00;1.896;0.109;242.01;7.83;0.0;0.0;55.0;17.7;75;Medium;0.5
28/08/2025;07:00:00;2.349;0.423;236.7;9.92;0.0;17.0;55.0;17.2;77;Medium;0.5
28/08/2025;08:00:00;2.539;0.374;234.83;10.81;0.0;14.1;55.0;17.2;78;Medium;0.5
28/08/2025;09:00:00;2.179;0.267;242.3;8.99;0.0;4.9;55.0;17.7;75;Medium;0.5
28/08/2025;10:00:00;1.41;0.249;236.97;5.95;0.0;0.0;55.0;18.1;73;Low;0.15
28/08/2025;11:00:00;0.87;0.186;235.34;3.7;0.0;0.0;55.0;19.5;67;Low;0.15
28/08/2025;12:00:00;0.783;0.07;242.87;3.23;0.0;0.0;55.0;20.5;63;Low;0.15
28/08/2025;13:00:00;0.722;0.054;237.15;3.04;0.0;0.0;55.0;19.1;67;Low;0.15
28/08/2025;14:00:00;0.682;0.14;237.84;2.87;0.0;0.0;55.0;21.9;46;Low;0.15
28/08/2025;15:00:00;0.731;0.12;245.53;2.98;0.0;0.0;55.0;22.6;46;Low;0.15
28/08/2025;16:00:00;0.916;0.114;235.35;3.89;0.0;0.0;55.0;23.0;40;Low;0.15
28/08/2025;17:00:00;1.772;0.261;236.48;7.49;0.0;0.0;55.0;23.4;36;Medium;0.5
28/08/2025;18:00:00;2.857;0.505;238.71;11.97;15.5;0.0;55.0;23.6;33;High;0.85
28/08/2025;19:00:00;3.359;0.609;239.33;14.03;12.2;0.0;55.0;22.4;37;High;0.85
28/08/2025;20:00:00;3.463;0.715;237.5;14.58;0.2;0.0;55.0;21.9;40;High;0.85
28/08/2025;21:00:00;3.323;0.407;236.76;14.03;6.5;0.0;55.0;20.8;46;High;0.85
28/08/2025;22:00:00;2.682;0.268;244.23;10.98;0.0;0.0;55.0;19.8;52;High;0.85
28/08/2025;23:00:00;1.616;0.256;240.74;6.71;0.0;0.0;55.0;18.6;58;Medium;0.5
29/08/2025;00:00:00;0.678;0.082;241.64;2.81;0.0;0.0;55.0;17.8;64;Low;0.15
29/08/2025;01:00:00;0.668;0.101;239.62;2.79;0.0;0.0;55.0;17.1;69;Low;0.15
29/08/2025;02:00:00;0.549;0.067;240.81;2.28;0.0;0.0;55.0;16.6;72;Low;0.15
29/08/2025;03:00:00;0.705;0.054;242.61;2.91;0.0;0.0;55.0;15.9;77;Low;0.15
29/08/2025;04:00:00;0.767;0.1;237.21;3.23;0.0;0.0;55.0;15.6;78;Low;0.15
29/08/2025;05:00:00;1.001;0.168;240.74;4.16;0.0;0.0;55.0;15.3;80;Low;0.15
29/08/2025;06:00:00;1.729;0.321;241.95;7.15;0.0;0.0;55.0;15.4;80;Medium;0.5
29/08/2025;07:00:00;2.148;0.288;244.33;8.79;0.0;10.4;55.0;15.1;83;Medium;0.5
29/08/2025;08:00:00;2.531;0.198;245.45;10.31;0.0;2.5;55.0;15.5;82;Medium;0.5
29/08/2025;09:00:00;2.338;0.282;240.2;9.73;0.0;10.4;55.0;16.2;79;Medium;0.5
29/08/2025;10:00:00;1.413;0.259;243.19;5.81;0.0;0.0;55.0;16.7;79;Low;0.15
29/08/2025;11:00:00;0.944;0.113;232.52;4.06;0.0;0.0;55.0;15.9;85;Low;0.15
29/08/2025;12:00:00;1.097;0.185;244.35;4.49;0.0;0.0;55.0;16.5;84;Low;0.15
29/08/2025;13:00:00;0.731;0.1;237.97;3.07;0.0;0.0;55.0;18.8;75;Low;0.15
29/08/2025;14:00:00;0.803;0.073;239.32;3.36;0.0;0.0;55.0;20.8;62;Low;0.15
29/08/2025;15:00:00;0.863;0.16;241.24;3.58;0.0;0.0;55.0;20.1;69;Low;0.15
29/08/2025;16:00:00;1.052;0.068;239.57;4.39;0.0;0.0;55.0;20.0;63;Low;0.15
29/08/2025;17:00:00;1.673;0.233;240.55;6.95;0.0;0.0;55.0;19.4;70;Medium;0.5
29/08/2025;18:00:00;2.719;0.233;244.45;11.12;8.2;0.0;55.0;20.1;64;High;0.85
29/08/2025;19:00:00;3.228;0.198;238.92;13.51;3.4;0.0;55.0;19.8;62;High;0.85
29/08/2025;20:00:00;3.564;0.483;236.96;15.04;19.3;0.0;55.0;17.9;74;High;0.85
29/08/2025;21:00:00;3.257;0.439;245.08;13.29;24.6;0.0;55.0;17.0;78;High;0.85
29/08/2025;22:00:00;2.651;0.451;241.47;10.98;0.0;0.0;55.0;16.6;80;High;0.85
29/08/2025;23:00:00;1.936;0.342;245.38;7.89;0.0;0.0;55.0;16.4;79;Medium;0.5
30/08/2025;00:00:00;0.476;0.083;242.42;1.96;0.0;0.0;55.0;15.8;84;Low;0.15
30/08/2025;01:00:00;0.731;0.087;236.29;3.09;0.0;0.0;55.0;15.6;85;Low;0.15
30/08/2025;02:00:00;0.502;0.079;241.81;2.08;0.0;0.0;55.0;15.3;85;Low;0.15
30/08/2025;03:00:00;0.629;0.093;237.24;2.65;0.0;0.0;55.0;14.9;86;Low;0.15
30/08/2025;04:00:00;0.863;0.105;240.02;3.6;0.0;0.0;55.0;14.4;87;Low;0.15
30/08/2025;05:00:00;0.994;0.151;239.79;4.14;0.0;0.0;55.0;14.0;89;Low;0.15
30/08/2025;06:00:00;1.705;0.36;235.47;7.24;0.0;0.0;55.0;13.6;91;Medium;0.5
30/08/2025;07:00:00;2.521;0.209;237.72;10.6;0.0;0.7;55.0;13.3;92;Medium;0.5
30/08/2025;08:00:00;3.032;0.618;246.17;12.32;0.0;0.9;55.0;13.6;91;Medium;0.5
30/08/2025;09:00:00;2.417;0.143;240.67;10.04;0.0;19.2;55.0;15.2;83;Medium;0.5
30/08/2025;10:00:00;1.75;0.179;239.51;7.31;0.0;0.0;55.0;16.7;76;Medium;0.5
30/08/2025;11:00:00;1.457;0.144;245.08;5.94;0.0;0.0;55.0;17.8;69;High;0.85
30/08/2025;12:00:00;1.179;0.185;238.89;4.94;0.0;0.0;55.0;19.0;62;High;0.85
30/08/2025;13:00:00;1.415;0.102;239.74;5.9;0.0;0.0;55.0;20.4;57;High;0.85
30/08/2025;14:00:00;1.282;0.256;242.77;5.28;0.0;0.0;55.0;20.8;55;High;0.85
30/08/2025;15:00:00;1.106;0.211;238.88;4.63;0.0;0.0;55.0;21.7;51;High;0.85
30/08/2025;16:00:00;1.317;0.212;237.91;5.54;0.0;0.0;55.0;21.7;50;Medium;0.5
30/08/2025;17:00:00;1.763;0.226;233.69;7.54;0.0;0.0;55.0;22.1;48;Medium;0.5
30/08/2025;18:00:00;2.947;0.615;237.38;12.41;11.6;0.0;55.0;21.8;52;High;0.85
30/08/2025;19:00:00;3.544;0.678;237.35;14.93;21.9;0.0;55.0;20.5;63;High;0.85
30/08/2025;20:00:00;3.936;0.531;240.44;16.37;1.7;0.0;55.0;20.2;68;High;0.85
30/08/2025;21:00:00;3.674;0.622;238.29;15.42;8.2;0.0;55.0;19.2;76;High;0.85
30/08/2025;22:00:00;2.948;0.432;246.04;11.98;0.0;0.0;55.0;19.1;77;High;0.85
30/08/2025;23:00:00;1.701;0.255;237.04;7.18;0.0;0.0;55.0;19.2;76;Medium;0.5
31/08/2025;00:00:00;0.629;0.067;243.92;2.58;0.0;0.0;55.0;19.5;75;Low;0.15
31/08/2025;01:00:00;0.615;0.079;240.62;2.56;0.0;0.0;55.0;18.8;81;Low;0.15
31/08/2025;02:00:00;0.598;0.038;242.26;2.47;0.0;0.0;55.0;18.7;84;Low;0.15
31/08/2025;03:00:00;0.847;0.094;242.09;3.5;0.0;0.0;55.0;18.4;90;Low;0.15
31/08/2025;04:00:00;0.759;0.128;233.79;3.25;0.0;0.0;55.0;18.4;91;Low;0.15
31/08/2025;05:00:00;0.801;0.17;239.97;3.34;0.0;0.0;55.0;18.2;90;Low;0.15
31/08/2025;06:00:00;1.821;0.389;239.27;7.61;0.0;0.0;55.0;17.8;94;Medium;0.5
31/08/2025;07:00:00;2.703;0.39;236.83;11.41;0.0;3.3;55.0;18.1;94;Medium;0.5
31/08/2025;08:00:00;2.983;0.457;241.29;12.36;0.0;0.1;55.0;18.3;93;Medium;0.5
31/08/2025;09:00:00;2.339;0.191;244.81;9.55;0.0;1.6;55.0;18.4;92;Medium;0.5
31/08/2025;10:00:00;1.68;0.283;232.52;7.23;0.0;0.0;55.0;18.4;94;Medium;0.5
31/08/2025;11:00:00;1.579;0.098;238.5;6.62;0.0;0.0;55.0;19.2;87;High;0.85
31/08/2025;12:00:00;3.174;0.312;236.51;13.42;0.0;0.0;55.0;21.0;71;High;0.85
31/08/2025;13:00:00;1.245;0.204;240.2;5.19;0.0;0.0;55.0;21.2;66;High;0.85
31/08/2025;14:00:00;1.296;0.133;239.09;5.42;0.0;0.0;55.0;22.0;62;High;0.85
31/08/2025;15:00:00;1.216;0.071;238.3;5.1;0.0;0.0;55.0;21.2;59;High;0.85
31/08/2025;16:00:00;1.293;0.247;241.93;5.34;0.0;0.0;55.0;20.2;64;Medium;0.5
31/08/2025;17:00:00;1.497;0.154;244.58;6.12;0.0;0.0;55.0;19.2;77;Medium;0.5
31/08/2025;18:00:00;2.759;0.168;247.45;11.15;11.3;0.0;55.0;18.9;80;High;0.85
31/08/2025;19:00:00;3.598;0.226;237.93;15.12;23.1;0.0;55.0;18.4;85;High;0.85
31/08/2025;20:00:00;3.823;0.355;234.9;16.27;18.9;0.0;55.0;17.7;88;High;0.85
31/08/2025;21:00:00;3.786;0.304;241.57;15.67;19.1;0.0;55.0;17.1;88;High;0.85
31/08/2025;22:00:00;2.719;0.494;244.51;11.12;0.0;0.0;55.0;16.4;88;High;0.85
31/08/2025;23:00:00;1.777;0.186;242.28;7.33;0.0;0.0;55.0;15.8;87;Medium;0.5
01/09/2025;00:00:00;0.676;0.126;244.5;2.76;0.0;0.0;55.0;15.4;87;Low;0.15
01/09/2025;01:00:00;0.813;0.065;239.37;3.4;0.0;0.0;55.0;14.9;88;Low;0.15
01/09/2025;02:00:00;0.531;0.071;238.29;2.23;0.0;0.0;55.0;14.8;89;Low;0.15
01/09/2025;03:00:00;0.785;0.131;240.32;3.27;0.0;0.0;55.0;15.2;91;Low;0.15
01/09/2025;04:00:00;0.712;0.115;239.07;2.98;0.0;0.0;55.0;15.0;92;Low;0.15
01/09/2025;05:00:00;0.818;0.125;241.86;3.38;0.0;0.0;55.0;14.6;93;Low;0.15
01/09/2025;06:00:00;1.712;0.355;242.72;7.05;0.0;0.0;55.0;14.3;93;Medium;0.5
01/09/2025;07:00:00;2.378;0.211;242.93;9.79;0.0;13.2;55.0;13.8;94;Medium;0.5
01/09/2025;08:00:00;2.631;0.352;241.43;10.9;0.0;15.5;55.0;13.9;93;Medium;0.5
01/09/2025;09:00:00;4.293;0.86;240.69;17.84;0.0;19.7;55.0;15.0;89;Medium;0.5
01/09/2025;10:00:00;1.323;0.084;242.22;5.46;0.0;0.0;55.0;16.6;80;Low;0.15
01/09/2025;11:00:00;0.904;0.054;234.5;3.86;0.0;0.0;55.0;17.8;75;Low;0.15
01/09/2025;12:00:00;0.778;0.07;240.59;3.23;0.0;0.0;55.0;19.3;67;Low;0.15
01/09/2025;13:00:00;0.833;0.131;240.15;3.47;0.0;0.0;55.0;20.3;63;Low;0.15
01/09/2025;14:00:00;0.566;0.053;240.6;2.35;0.0;0.0;55.0;21.2;58;Low;0.15
01/09/2025;15:00:00;0.981;0.081;239.75;4.09;0.0;0.0;55.0;19.9;70;Low;0.15
01/09/2025;16:00:00;0.792;0.101;241.21;3.28;0.0;0.0;55.0;21.1;61;Low;0.15
01/09/2025;17:00:00;1.689;0.261;238.39;7.08;0.0;0.0;55.0;19.0;72;Medium;0.5
01/09/2025;18:00:00;2.702;0.249;243.16;11.11;8.9;0.0;55.0;18.0;75;High;0.85
01/09/2025;19:00:00;3.334;0.337;241.33;13.81;0.2;0.0;55.0;18.5;73;High;0.85
01/09/2025;20:00:00;3.525;0.544;240.42;14.66;20.4;0.0;55.0;17.9;75;High;0.85
01/09/2025;21:00:00;3.285;0.692;238.05;13.8;2.8;0.0;55.0;16.9;78;High;0.85
01/09/2025;22:00:00;2.594;0.427;242.28;10.71;0.0;0.0;55.0;16.4;80;High;0.85
01/09/2025;23:00:00;1.645;0.301;240.58;6.84;0.0;0.0;55.0;15.8;82;Medium;0.5
02/09/2025;00:00:00;0.747;0.084;237.88;3.14;0.0;0.0;55.0;15.1;84;Low;0.15
02/09/2025;01:00:00;0.734;0.071;239.84;3.06;0.0;0.0;55.0;14.4;86;Low;0.15
02/09/2025;02:00:00;0.66;0.084;241.76;2.73;0.0;0.0;55.0;13.9;88;Low;0.15
02/09/2025;03:00:00;0.837;0.157;241.54;3.47;0.0;0.0;55.0;13.7;91;Low;0.15
02/09/2025;04:00:00;0.826;0.105;241.36;3.42;0.0;0.0;55.0;13.6;88;Low;0.15
02/09/2025;05:00:00;1.082;0.21;240.26;4.5;0.0;0.0;55.0;13.2;89;Low;0.15
02/09/2025;06:00:00;1.825;0.398;242.87;7.51;0.0;0.0;55.0;12.7;92;Medium;0.5
02/09/2025;07:00:00;2.359;0.147;243.47;9.69;0.0;19.4;55.0;12.4;94;Medium;0.5
02/09/2025;08:00:00;2.719;0.157;242.06;11.23;0.0;18.0;55.0;12.5;94;Medium;0.5
02/09/2025;09:00:00;2.433;0.184;238.36;10.21;0.0;11.3;55.0;13.8;87;Medium;0.5
02/09/2025;10:00:00;1.422;0.164;237.04;6.0;0.0;0.0;55.0;15.3;81;Low;0.15
02/09/2025;11:00:00;0.891;0.064;238.48;3.73;0.0;0.0;55.0;16.2;77;Low;0.15
02/09/2025;12:00:00;0.724;0.143;245.47;2.95;0.0;0.0;55.0;17.3;73;Low;0.15
02/09/2025;13:00:00;0.802;0.043;240.79;3.33;0.0;0.0;55.0;17.8;70;Low;0.15
02/09/2025;14:00:00;0.631;0.065;245.95;2.56;0.0;0.0;55.0;17.2;77;Low;0.15
02/09/2025;15:00:00;0.823;0.067;239.66;3.43;0.0;0.0;55.0;16.7;87;Low;0.15
02/09/2025;16:00:00;0.967;0.202;239.28;4.04;0.0;0.0;55.0;17.4;84;Low;0.15
02/09/2025;17:00:00;1.682;0.276;239.79;7.02;0.0;0.0;55.0;17.4;84;Medium;0.5
02/09/2025;18:00:00;2.753;0.564;239.74;11.48;18.1;0.0;55.0;18.3;79;High;0.85
02/09/2025;19:00:00;3.388;0.729;237.83;14.25;16.7;0.0;55.0;18.4;80;High;0.85
02/09/2025;20:00:00;3.669;0.493;236.78;15.49;5.6;0.0;55.0;17.4;86;High;0.85
02/09/2025;21:00:00;3.436;0.309;241.4;14.23;1.6;0.0;55.0;17.0;87;High;0.85
02/09/2025;22:00:00;2.645;0.219;242.95;10.89;0.0;0.0;55.0;17.0;87;High;0.85
02/09/2025;23:00:00;1.772;0.156;246.85;7.18;0.0;0.0;55.0;16.9;85;Medium;0.5
03/09/2025;00:00:00;0.631;0.108;238.79;2.64;0.0;0.0;55.0;16.6;85;Low;0.15
03/09/2025;01:00:00;0.695;0.04;239.01;2.91;0.0;0.0;55.0;16.4;85;Low;0.15
03/09/2025;02:00:00;0.65;0.038;237.84;2.73;0.0;0.0;55.0;16.3;85;Low;0.15
03/09/2025;03:00:00;0.679;0.104;243.15;2.79;0.0;0.0;55.0;16.9;86;Low;0.15
03/09/2025;04:00:00;0.771;0.123;242.28;3.18;0.0;0.0;55.0;16.8;87;Low;0.15
03/09/2025;05:00:00;2.811;0.458;237.54;11.83;0.0;0.0;55.0;16.6;87;Low;0.15
03/09/2025;06:00:00;1.833;0.208;237.47;7.72;0.0;0.0;55.0;16.8;87;Medium;0.5
03/09/2025;07:00:00;2.186;0.409;242.67;9.01;0.0;17.1;55.0;17.0;87;Medium;0.5
03/09/2025;08:00:00;2.504;0.352;241.07;10.39;0.0;2.7;55.0;17.5;86;Medium;0.5
03/09/2025;09:00:00;2.402;0.163;242.12;9.92;0.0;5.1;55.0;18.1;85;Medium;0.5
03/09/2025;10:00:00;1.441;0.267;237.53;6.06;0.0;0.0;55.0;18.9;83;Low;0.15
03/09/2025;11:00:00;0.955;0.202;234.74;4.07;0.0;0.0;55.0;20.3;76;Low;0.15
03/09/2025;12:00:00;0.775;0.047;237.55;3.26;0.0;0.0;55.0;21.4;72;Low;0.15
03/09/2025;13:00:00;0.673;0.078;241.93;2.78;0.0;0.0;55.0;21.1;75;Low;0.15
03/09/2025;14:00:00;0.6;0.08;245.91;2.44;0.0;0.0;55.0;21.2;74;Low;0.15
03/09/2025;15:00:00;0.888;0.066;238.8;3.72;0.0;0.0;55.0;23.4;62;Low;0.15
03/09/2025;16:00:00;1.096;0.216;246.37;4.45;0.0;0.0;55.0;24.2;59;Low;0.15
03/09/2025;17:00:00;1.994;0.196;242.32;8.23;0.0;0.0;55.0;24.4;59;Medium;0.5
03/09/2025;18:00:00;2.684;0.492;236.1;11.37;22.5;0.0;55.0;22.7;65;High;0.85
03/09/2025;19:00:00;3.247;0.533;240.6;13.5;15.7;0.0;55.0;22.3;67;High;0.85
03/09/2025;20:00:00;3.555;0.539;242.42;14.67;8.3;0.0;55.0;21.3;69;High;0.85
03/09/2025;21:00:00;3.347;0.277;233.21;14.35;10.7;0.0;55.0;20.2;73;High;0.85
03/09/2025;22:00:00;2.587;0.226;241.8;10.7;0.0;0.0;55.0;19.5;75;High;0.85
03/09/2025;23:00:00;1.622;0.094;243.28;6.67;0.0;0.0;55.0;18.9;77;Medium;0.5
04/09/2025;00:00:00;0.687;0.062;241.12;2.85;0.0;0.0;55.0;18.3;79;Low;0.15
04/09/2025;01:00:00;0.687;0.075;239.83;2.86;0.0;0.0;55.0;17.8;79;Low;0.15
04/09/2025;02:00:00;0.612;0.117;239.52;2.56;0.0;0.0;55.0;16.7;79;Low;0.15
04/09/2025;03:00:00;2.622;0.294;239.35;10.95;0.0;0.0;55.0;16.2;81;Low;0.15
04/09/2025;04:00:00;0.734;0.131;236.71;3.1;0.0;0.0;55.0;15.6;84;Low;0.15
04/09/2025;05:00:00;0.748;0.093;238.07;3.14;0.0;0.0;55.0;15.1;87;Low;0.15
04/09/2025;06:00:00;1.495;0.274;238.83;6.26;0.0;0.0;55.0;14.8;90;Medium;0.5
04/09/2025;07:00:00;2.232;0.482;240.32;9.29;0.0;13.7;55.0;14.7;92;Medium;0.5
04/09/2025;08:00:00;2.604;0.236;238.44;10.92;0.0;6.9;55.0;15.1;90;Medium;0.5
04/09/2025;09:00:00;2.317;0.456;237.57;9.75;0.0;15.0;55.0;16.2;87;Medium;0.5
04/09/2025;10:00:00;1.509;0.235;242.13;6.23;0.0;0.0;55.0;17.5;81;Low;0.15
04/09/2025;11:00:00;0.978;0.185;241.04;4.06;0.0;0.0;55.0;18.5;75;Low;0.15
04/09/2025;12:00:00;0.696;0.112;238.49;2.92;0.0;0.0;55.0;19.4;69;Low;0.15
04/09/2025;13:00:00;0.672;0.082;241.42;2.79;0.0;0.0;55.0;20.6;66;Low;0.15
04/09/2025;14:00:00;0.589;0.052;238.73;2.47;0.0;0.0;55.0;20.2;66;Low;0.15
04/09/2025;15:00:00;0.766;0.047;240.18;3.19;0.0;0.0;55.0;18.9;77;Low;0.15
04/09/2025;16:00:00;0.958;0.135;242.73;3.95;0.0;0.0;55.0;20.1;69;Low;0.15
04/09/2025;17:00:00;1.736;0.379;238.31;7.29;0.0;0.0;55.0;20.6;57;Medium;0.5
04/09/2025;18:00:00;2.56;0.449;236.72;10.82;18.1;0.0;55.0;20.2;57;High;0.85
04/09/2025;19:00:00;3.357;0.355;239.59;14.01;7.5;0.0;55.0;19.8;61;High;0.85
04/09/2025;20:00:00;3.741;0.713;236.18;15.84;11.6;0.0;55.0;18.3;67;High;0.85
04/09/2025;21:00:00;6.795;1.2;239.22;28.4;5.5;0.0;55.0;16.8;74;High;0.85
04/09/2025;22:00:00;2.683;0.263;239.21;11.22;0.0;0.0;55.0;15.9;80;High;0.85
04/09/2025;23:00:00;1.773;0.093;233.1;7.61;0.0;0.0;55.0;15.4;84;Medium;0.5
05/09/2025;00:00:00;0.634;0.044;241.49;2.63;0.0;0.0;55.0;14.8;86;Low;0.15
05/09/2025;01:00:00;0.721;0.144;239.49;3.01;0.0;0.0;55.0;14.4;87;Low;0.15
05/09/2025;02:00:00;0.718;0.138;243.31;2.95;0.0;0.0;55.0;14.1;88;Low;0.15
05/09/2025;03:00:00;0.757;0.076;240.6;3.15;0.0;0.0;55.0;13.7;94;Low;0.15
05/09/2025;04:00:00;0.73;0.072;242.06;3.01;0.0;0.0;55.0;13.4;96;Low;0.15
05/09/2025;05:00:00;1.009;0.186;243.33;4.15;0.0;0.0;55.0;13.1;93;Low;0.15
05/09/2025;06:00:00;1.824;0.382;239.63;7.61;0.0;0.0;55.0;12.5;93;Medium;0.5
05/09/2025;07:00:00;2.611;0.476;240.0;10.88;0.0;8.5;55.0;12.0;95;Medium;0.5
05/09/2025;08:00:00;2.895;0.443;235.59;12.29;0.0;8.7;55.0;12.1;94;Medium;0.5
05/09/2025;09:00:00;2.604;0.238;243.47;10.69;0.0;4.7;55.0;13.3;91;Medium;0.5
05/09/2025;10:00:00;1.285;0.179;239.59;5.36;0.0;0.0;55.0;15.1;81;Low;0.15
05/09/2025;11:00:00;0.98;0.088;237.18;4.13;0.0;0.0;55.0;16.5;74;Low;0.15
05/09/2025;12:00:00;0.73;0.137;242.07;3.02;0.0;0.0;55.0;17.8;66;Low;0.15
05/09/2025;13:00:00;0.893;0.103;233.9;3.82;0.0;0.0;55.0;18.9;60;Low;0.15
05/09/2025;14:00:00;0.609;0.117;238.8;2.55;0.0;0.0;55.0;19.9;56;Low;0.15
05/09/2025;15:00:00;0.684;0.079;242.54;2.82;0.0;0.0;55.0;21.1;50;Low;0.15
05/09/2025;16:00:00;0.927;0.176;238.77;3.88;0.0;0.0;55.0;21.3;48;Low;0.15
05/09/2025;17:00:00;1.492;0.159;237.99;6.27;0.0;0.0;55.0;21.1;47;Medium;0.5
05/09/2025;18:00:00;2.591;0.323;238.83;10.85;16.8;0.0;55.0;21.1;47;High;0.85
05/09/2025;19:00:00;3.23;0.499;234.37;13.78;4.3;0.0;55.0;20.8;51;High;0.85
05/09/2025;20:00:00;3.603;0.223;242.0;14.89;19.5;0.0;55.0;19.9;65;High;0.85
05/09/2025;21:00:00;3.34;0.705;239.66;13.94;23.1;0.0;55.0;18.2;71;High;0.85
05/09/2025;22:00:00;2.831;0.418;239.24;11.83;0.0;0.0;55.0;17.1;76;High;0.85
05/09/2025;23:00:00;1.799;0.245;239.25;7.52;0.0;0.0;55.0;16.2;78;Medium;0.5
06/09/2025;00:00:00;4.105;0.791;240.04;17.1;0.0;0.0;55.0;15.8;80;Low;0.15
06/09/2025;01:00:00;0.573;0.113;241.83;2.37;0.0;0.0;55.0;15.1;83;Low;0.15
06/09/2025;02:00:00;0.754;0.105;239.85;3.15;0.0;0.0;55.0;14.3;87;Low;0.15
06/09/2025;03:00:00;0.646;0.134;236.19;2.74;0.0;0.0;55.0;13.2;89;Low;0.15
06/09/2025;04:00:00;1.039;0.063;241.61;4.3;0.0;0.0;55.0;12.7;91;Low;0.15
06/09/2025;05:00:00;1.207;0.084;241.4;5.0;0.0;0.0;55.0;12.3;91;Low;0.15
06/09/2025;06:00:00;1.862;0.282;240.58;7.74;0.0;0.0;55.0;12.0;90;Medium;0.5
06/09/2025;07:00:00;2.511;0.277;243.01;10.33;0.0;5.0;55.0;11.8;89;Medium;0.5
06/09/2025;08:00:00;3.195;0.412;240.09;13.31;0.0;2.7;55.0;12.0;87;Medium;0.5
06/09/2025;09:00:00;2.575;0.272;243.11;10.59;0.0;0.7;55.0;13.4;84;Medium;0.5
06/09/2025;10:00:00;1.853;0.22;243.94;7.59;0.0;0.0;55.0;15.6;76;Medium;0.5
06/09/2025;11:00:00;1.293;0.245;241.63;5.35;0.0;0.0;55.0;18.0;68;High;0.85
06/09/2025;12:00:00;1.184;0.179;237.91;4.98;0.0;0.0;55.0;19.8;62;High;0.85
06/09/2025;13:00:00;1.202;0.264;239.63;5.01;0.0;0.0;55.0;21.2;55;High;0.85
06/09/2025;14:00:00;1.256;0.231;243.47;5.16;0.0;0.0;55.0;22.4;49;High;0.85
06/09/2025;15:00:00;1.408;0.136;235.81;5.97;0.0;0.0;55.0;23.8;42;High;0.85
06/09/2025;16:00:00;1.529;0.145;238.9;6.4;0.0;0.0;55.0;24.1;43;Medium;0.5
06/09/2025;17:00:00;1.882;0.202;239.04;7.87;0.0;0.0;55.0;24.1;46;Medium;0.5
06/09/2025;18:00:00;2.991;0.578;237.58;12.59;19.0;0.0;55.0;23.8;48;High;0.85
06/09/2025;19:00:00;3.715;0.203;242.44;15.32;1.2;0.0;55.0;23.0;50;High;0.85
06/09/2025;20:00:00;3.999;0.356;241.06;16.59;20.4;0.0;55.0;21.4;55;High;0.85
06/09/2025;21:00:00;3.694;0.753;238.01;15.52;15.0;0.0;55.0;19.9;60;High;0.85
06/09/2025;22:00:00;2.749;0.437;241.7;11.37;0.0;0.0;55.0;18.9;64;High;0.85
06/09/2025;23:00:00;1.668;0.148;239.56;6.96;0.0;0.0;55.0;18.2;69;Medium;0.5
07/09/2025;00:00:00;0.79;0.069;237.51;3.33;0.0;0.0;55.0;17.6;73;Low;0.15
07/09/2025;01:00:00;0.696;0.137;238.0;2.92;0.0;0.0;55.0;17.0;77;Low;0.15
07/09/2025;02:00:00;0.588;0.119;241.22;2.44;0.0;0.0;55.0;16.4;80;Low;0.15
07/09/2025;03:00:00;0.825;0.077;242.63;3.4;0.0;0.0;55.0;16.0;80;Low;0.15
07/09/2025;04:00:00;0.73;0.089;238.64;3.06;0.0;0.0;55.0;15.6;82;Low;0.15
07/09/2025;05:00:00;1.045;0.201;241.52;4.33;0.0;0.0;55.0;15.3;84;Low;0.15
07/09/2025;06:00:00;1.735;0.314;244.43;7.1;0.0;0.0;55.0;15.0;86;Medium;0.5
07/09/2025;07:00:00;4.703;0.886;236.48;19.89;0.0;1.6;55.0;14.9;86;Medium;0.5
07/09/2025;08:00:00;3.056;0.422;241.0;12.68;0.0;13.6;55.0;15.3;84;Medium;0.5
07/09/2025;09:00:00;2.466;0.505;242.33;10.17;0.0;12.2;55.0;16.8;79;Medium;0.5
07/09/2025;10:00:00;1.826;0.192;239.73;7.62;0.0;0.0;55.0;18.8;71;Medium;0.5
07/09/2025;11:00:00;1.517;0.116;243.47;6.23;0.0;0.0;55.0;21.0;62;High;0.85
07/09/2025;12:00:00;1.493;0.255;246.16;6.07;0.0;0.0;55.0;23.4;56;High;0.85
07/09/2025;13:00:00;1.393;0.197;240.96;5.78;0.0;0.0;55.0;25.6;52;High;0.85
07/09/2025;14:00:00;1.727;0.337;239.35;7.22;0.0;0.0;55.0;27.5;47;High;0.85
07/09/2025;15:00:00;2.031;0.13;242.74;8.37;0.0;0.0;55.0;29.7;42;High;0.85
07/09/2025;16:00:00;1.779;0.344;242.36;7.34;0.0;0.0;55.0;30.2;39;Medium;0.5
07/09/2025;17:00:00;2.295;0.229;232.95;9.85;0.0;0.0;55.0;29.4;43;Medium;0.5
07/09/2025;18:00:00;3.138;0.506;239.99;13.07;22.8;0.0;55.0;28.0;49;High;0.85
07/09/2025;19:00:00;3.98;0.226;238.9;16.66;11.7;0.0;55.0;26.8;56;High;0.85
07/09/2025;20:00:00;4.267;0.656;241.11;17.7;6.9;0.0;55.0;25.1;63;High;0.85
07/09/2025;21:00:00;3.933;0.676;239.46;16.43;21.1;0.0;55.0;24.0;68;High;0.85
07/09/2025;22:00:00;2.965;0.334;239.76;12.37;0.0;0.0;55.0;23.2;71;High;0.85
07/09/2025;23:00:00;2.032;0.176;237.58;8.55;0.0;0.0;55.0;22.6;70;Medium;0.5
08/09/2025;00:00:00;0.524;0.074;242.06;2.17;0.0;0.0;55.0;22.0;72;Low;0.15
08/09/2025;01:00:00;0.492;0.094;244.63;2.01;0.0;0.0;55.0;21.0;77;Low;0.15
08/09/2025;02:00:00;0.658;0.069;237.63;2.77;0.0;0.0;55.0;20.2;81;Low;0.15
08/09/2025;03:00:00;0.707;0.066;236.09;3.0;0.0;0.0;55.0;20.2;80;Low;0.15
08/09/2025;04:00:00;0.708;0.069;240.06;2.95;0.0;0.0;55.0;19.5;82;Low;0.15
08/09/2025;05:00:00;0.686;0.145;239.92;2.86;0.0;0.0;55.0;18.1;88;Low;0.15
08/09/2025;06:00:00;1.615;0.179;243.28;6.64;0.0;0.0;55.0;17.4;91;Medium;0.5
08/09/2025;07:00:00;2.156;0.109;236.56;9.11;0.0;15.5;55.0;17.3;91;Medium;0.5
08/09/2025;08:00:00;2.692;0.492;238.49;11.29;0.0;0.6;55.0;17.3;90;Medium;0.5
08/09/2025;09:00:00;2.323;0.392;233.99;9.93;0.0;5.2;55.0;17.4;88;Medium;0.5
08/09/2025;10:00:00;1.267;0.091;243.85;5.2;0.0;0.0;55.0;17.8;85;Low;0.15
08/09/2025;11:00:00;0.841;0.183;240.7;3.5;0.0;0.0;55.0;19.0;77;Low;0.15
08/09/2025;12:00:00;0.606;0.093;238.7;2.54;0.0;0.0;55.0;20.1;70;Low;0.15
08/09/2025;13:00:00;0.668;0.09;236.3;2.83;0.0;0.0;55.0;21.2;62;Low;0.15
08/09/2025;14:00:00;0.785;0.09;236.55;3.32;0.0;0.0;55.0;22.0;53;Low;0.15
08/09/2025;15:00:00;0.693;0.141;241.16;2.88;0.0;0.0;55.0;22.3;50;Low;0.15
08/09/2025;16:00:00;1.11;0.102;236.9;4.68;0.0;0.0;55.0;22.9;44;Low;0.15
08/09/2025;17:00:00;1.731;0.171;240.29;7.2;0.0;0.0;55.0;23.0;42;Medium;0.5
08/09/2025;18:00:00;2.628;0.186;245.72;10.69;24.2;0.0;55.0;22.8;41;High;0.85
08/09/2025;19:00:00;3.295;0.59;239.03;13.78;14.6;0.0;55.0;22.0;43;High;0.85
08/09/2025;20:00:00;3.484;0.527;237.31;14.68;21.7;0.0;55.0;20.9;48;High;0.85
08/09/2025;21:00:00;3.25;0.499;241.07;13.48;4.9;0.0;55.0;19.9;52;High;0.85
08/09/2025;22:00:00;2.523;0.22;236.57;10.67;0.0;0.0;55.0;18.7;58;High;0.85
08/09/2025;23:00:00;1.901;0.305;244.82;7.76;0.0;0.0;55.0;18.0;62;Medium;0.5
09/09/2025;00:00:00;0.666;0.12;243.93;2.73;0.0;0.0;55.0;17.4;66;Low;0.15
09/09/2025;01:00:00;0.593;0.066;239.54;2.47;0.0;0.0;55.0;16.6;68;Low;0.15
09/09/2025;02:00:00;0.684;0.127;237.49;2.88;0.0;0.0;55.0;15.9;71;Low;0.15
09/09/2025;03:00:00;0.658;0.072;238.81;2.75;0.0;0.0;55.0;15.0;74;Low;0.15
09/09/2025;04:00:00;0.713;0.128;239.17;2.98;0.0;0.0;55.0;14.6;77;Low;0.15
09/09/2025;05:00:00;1.014;0.057;241.07;4.21;0.0;0.0;55.0;14.0;81;Low;0.15
09/09/2025;06:00:00;1.802;0.259;242.91;7.42;0.0;0.0;55.0;13.3;86;Medium;0.5
09/09/2025;07:00:00;2.365;0.508;237.1;9.98;0.0;15.2;55.0;12.8;89;Medium;0.5
09/09/2025;08:00:00;2.699;0.585;242.83;11.12;0.0;11.4;55.0;12.8;89;Medium;0.5
09/09/2025;09:00:00;2.319;0.227;241.73;9.59;0.0;7.7;55.0;14.0;83;Medium;0.5
09/09/2025;10:00:00;1.131;0.141;238.58;4.74;0.0;0.0;55.0;15.9;73;Low;0.15
09/09/2025;11:00:00;0.741;0.045;236.96;3.13;0.0;0.0;55.0;17.7;63;Low;0.15
09/09/2025;12:00:00;0.849;0.168;240.33;3.53;0.0;0.0;55.0;19.3;52;Low;0.15
09/09/2025;13:00:00;0.839;0.123;237.03;3.54;0.0;0.0;55.0;20.5;43;Low;0.15
09/09/2025;14:00:00;0.665;0.077;242.87;2.74;0.0;0.0;55.0;21.3;39;Low;0.15
09/09/2025;15:00:00;0.826;0.057;236.85;3.49;0.0;0.0;55.0;21.9;38;Low;0.15
09/09/2025;16:00:00;1.034;0.218;241.53;4.28;0.0;0.0;55.0;22.2;35;Low;0.15
09/09/2025;17:00:00;2.012;0.282;239.77;8.39;0.0;0.0;55.0;21.7;36;Medium;0.5
09/09/2025;18:00:00;2.755;0.27;238.43;11.56;10.4;0.0;55.0;20.9;39;High;0.85
09/09/2025;19:00:00;3.293;0.361;239.71;13.74;20.3;0.0;55.0;20.6;39;High;0.85
09/09/2025;20:00:00;3.492;0.335;243.02;14.37;15.7;0.0;55.0;19.7;56;High;0.85
09/09/2025;21:00:00;3.145;0.479;236.66;13.29;24.0;0.0;55.0;18.5;53;High;0.85
09/09/2025;22:00:00;2.664;0.554;238.85;11.15;0.0;0.0;55.0;18.5;51;High;0.85
09/09/2025;23:00:00;1.629;0.319;237.9;6.85;0.0;0.0;55.0;18.3;51;Medium;0.5
10/09/2025;00:00:00;0.52;0.067;239.89;2.17;0.0;0.0;55.0;17.2;56;Low;0.15
10/09/2025;01:00:00;0.598;0.114;238.08;2.51;0.0;0.0;55.0;16.9;57;Low;0.15
10/09/2025;02:00:00;0.555;0.068;235.05;2.36;0.0;0.0;55.0;15.8;62;Low;0.15
10/09/2025;03:00:00;0.85;0.079;237.05;3.58;0.0;0.0;55.0;14.8;69;Low;0.15
10/09/2025;04:00:00;0.853;0.185;244.59;3.49;0.0;0.0;55.0;14.1;75;Low;0.15
10/09/2025;05:00:00;0.988;0.1;240.69;4.1;0.0;0.0;55.0;13.4;79;Low;0.15
10/09/2025;06:00:00;1.904;0.2;240.59;7.91;0.0;0.0;55.0;12.8;81;Medium;0.5
10/09/2025;07:00:00;2.45;0.535;239.21;10.24;0.0;11.7;55.0;12.4;84;Medium;0.5
10/09/2025;08:00:00;2.701;0.197;239.86;11.26;0.0;12.7;55.0;12.3;85;Medium;0.5
10/09/2025;09:00:00;2.535;0.454;238.8;10.61;0.0;17.7;55.0;13.4;80;Medium;0.5
10/09/2025;10:00:00;1.415;0.296;241.48;5.86;0.0;0.0;55.0;15.2;70;Low;0.15
10/09/2025;11:00:00;0.789;0.108;240.28;3.28;0.0;0.0;55.0;17.1;61;Low;0.15
10/09/2025;12:00:00;0.693;0.035;236.72;2.93;0.0;0.0;55.0;17.5;58;Low;0.15
10/09/2025;13:00:00;0.587;0.067;240.71;2.44;0.0;0.0;55.0;18.3;58;Low;0.15
10/09/2025;14:00:00;0.551;0.038;233.12;2.37;0.0;0.0;55.0;19.7;55;Low;0.15
10/09/2025;15:00:00;0.861;0.104;241.16;3.57;0.0;0.0;55.0;20.8;53;Low;0.15
10/09/2025;16:00:00;1.178;0.217;236.05;4.99;0.0;0.0;55.0;20.7;54;Low;0.15
10/09/2025;17:00:00;1.564;0.195;239.73;6.53;0.0;0.0;55.0;18.5;74;Medium;0.5
10/09/2025;18:00:00;2.699;0.333;236.66;11.41;24.0;0.0;55.0;17.1;83;High;0.85
10/09/2025;19:00:00;3.24;0.469;240.01;13.5;24.9;0.0;55.0;17.5;81;High;0.85
10/09/2025;20:00:00;3.539;0.527;241.62;14.65;13.9;0.0;55.0;17.3;80;High;0.85
10/09/2025;21:00:00;3.246;0.635;244.21;13.29;6.0;0.0;55.0;17.3;78;High;0.85
10/09/2025;22:00:00;2.557;0.262;235.68;10.85;0.0;0.0;55.0;16.7;84;High;0.85
10/09/2025;23:00:00;1.709;0.324;242.73;7.04;0.0;0.0;55.0;16.5;87;Medium;0.5
11/09/2025;00:00:00;0.579;0.085;240.37;2.41;0.0;0.0;55.0;16.0;91;Low;0.15
11/09/2025;01:00:00;0.69;0.07;238.74;2.89;0.0;0.0;55.0;16.2;91;Low;0.15
11/09/2025;02:00:00;0.658;0.066;242.13;2.72;0.0;0.0;55.0;15.6;90;Low;0.15
11/09/2025;03:00:00;0.645;0.072;239.34;2.7;0.0;0.0;55.0;15.2;85;Low;0.15
11/09/2025;04:00:00;0.668;0.104;242.01;2.76;0.0;0.0;55.0;14.2;84;Low;0.15
11/09/2025;05:00:00;0.913;0.081;237.22;3.85;0.0;0.0;55.0;13.7;87;Low;0.15
11/09/2025;06:00:00;1.795;0.371;238.23;7.54;0.0;0.0;55.0;13.4;87;Medium;0.5
11/09/2025;07:00:00;2.45;0.362;242.64;10.1;0.0;3.5;55.0;13.1;88;Medium;0.5
11/09/2025;08:00:00;2.635;0.544;244.16;10.79;0.0;8.9;55.0;13.2;87;Medium;0.5
11/09/2025;09:00:00;2.356;0.136;239.9;9.82;0.0;17.6;55.0;14.0;85;Medium;0.5
11/09/2025;10:00:00;1.437;0.155;232.2;6.19;0.0;0.0;55.0;15.6;75;Low;0.15
11/09/2025;11:00:00;0.726;0.039;239.44;3.03;0.0;0.0;55.0;17.1;66;Low;0.15
11/09/2025;12:00:00;0.766;0.074;240.09;3.19;0.0;0.0;55.0;18.1;65;Low;0.15
11/09/2025;13:00:00;0.608;0.12;239.35;2.54;0.0;0.0;55.0;19.2;55;Low;0.15
11/09/2025;14:00:00;0.747;0.042;240.94;3.1;0.0;0.0;55.0;20.3;54;Low;0.15
11/09/2025;15:00:00;0.692;0.086;238.66;2.9;0.0;0.0;55.0;19.9;50;Low;0.15
11/09/2025;16:00:00;0.807;0.056;242.35;3.33;0.0;0.0;55.0;19.2;51;Low;0.15
11/09/2025;17:00:00;1.541;0.186;236.73;6.51;0.0;0.0;55.0;17.6;65;Medium;0.5
11/09/2025;18:00:00;2.648;0.51;243.46;10.88;17.0;0.0;55.0;16.7;74;High;0.85
11/09/2025;19:00:00;3.331;0.519;244.34;13.63;9.7;0.0;55.0;17.0;76;High;0.85
11/09/2025;20:00:00;3.575;0.627;237.44;15.06;14.1;0.0;55.0;13.7;89;High;0.85
11/09/2025;21:00:00;5.405;0.591;237.44;22.76;15.4;0.0;55.0;14.4;86;High;0.85
11/09/2025;22:00:00;2.519;0.53;241.15;10.45;0.0;0.0;55.0;14.3;84;High;0.85
11/09/2025;23:00:00;1.746;0.298;236.68;7.38;0.0;0.0;55.0;14.2;83;Medium;0.5
12/09/2025;00:00:00;0.601;0.073;238.62;2.52;0.0;0.0;55.0;14.0;83;Low;0.15
12/09/2025;01:00:00;0.663;0.081;243.09;2.73;0.0;0.0;55.0;13.9;78;Low;0.15
12/09/2025;02:00:00;0.758;0.156;242.07;3.13;0.0;0.0;55.0;13.5;78;Low;0.15
12/09/2025;03:00:00;0.703;0.104;245.54;2.86;0.0;0.0;55.0;13.0;86;Low;0.15
12/09/2025;04:00:00;0.817;0.139;240.48;3.4;0.0;0.0;55.0;12.6;85;Low;0.15
12/09/2025;05:00:00;1.155;0.14;238.29;4.85;0.0;0.0;55.0;12.3;85;Low;0.15
12/09/2025;06:00:00;1.746;0.154;240.14;7.27;0.0;0.0;55.0;12.0;86;Medium;0.5
12/09/2025;07:00:00;2.562;0.443;239.58;10.69;0.0;10.9;55.0;11.8;87;Medium;0.5
12/09/2025;08:00:00;2.704;0.415;239.62;11.28;0.0;9.5;55.0;11.8;88;Medium;0.5
12/09/2025;09:00:00;2.471;0.334;239.93;10.3;0.0;16.7;55.0;12.8;84;Medium;0.5
12/09/2025;10:00:00;1.542;0.241;237.39;6.49;0.0;0.0;55.0;14.4;75;Low;0.15
12/09/2025;11:00:00;0.646;0.055;240.79;2.68;0.0;0.0;55.0;15.8;68;Low;0.15
12/09/2025;12:00:00;0.632;0.117;236.06;2.68;0.0;0.0;55.0;17.0;58;Low;0.15
12/09/2025;13:00:00;0.732;0.155;237.99;3.08;0.0;0.0;55.0;18.2;52;Low;0.15
12/09/2025;14:00:00;4.169;0.84;239.67;17.4;0.0;0.0;55.0;18.8;49;Low;0.15
12/09/2025;15:00:00;0.805;0.084;233.67;3.45;0.0;0.0;55.0;19.1;47;Low;0.15
12/09/2025;16:00:00;0.927;0.11;242.15;3.83;0.0;0.0;55.0;19.5;46;Low;0.15
12/09/2025;17:00:00;1.713;0.321;234.25;7.31;0.0;0.0;55.0;19.6;45;Medium;0.5
12/09/2025;18:00:00;6.128;0.926;241.87;25.33;10.3;0.0;55.0;19.1;47;High;0.85
12/09/2025;19:00:00;3.422;0.49;236.38;14.48;14.8;0.0;55.0;18.4;52;High;0.85
12/09/2025;20:00:00;3.613;0.75;238.87;15.13;0.8;0.0;55.0;17.2;59;High;0.85
12/09/2025;21:00:00;3.339;0.471;241.45;13.83;14.2;0.0;55.0;16.3;63;High;0.85
12/09/2025;22:00:00;2.602;0.358;246.15;10.57;0.0;0.0;55.0;15.7;68;High;0.85
12/09/2025;23:00:00;1.655;0.095;240.33;6.89;0.0;0.0;55.0;15.2;74;Medium;0.5
13/09/2025;00:00:00;0.619;0.038;234.45;2.64;0.0;0.0;55.0;15.1;76;Low;0.15
13/09/2025;01:00:00;0.702;0.036;242.67;2.89;0.0;0.0;55.0;15.1;76;Low;0.15
13/09/2025;02:00:00;0.663;0.136;239.35;2.77;0.0;0.0;55.0;14.3;81;Low;0.15
13/09/2025;03:00:00;0.819;0.098;240.2;3.41;0.0;0.0;55.0;13.0;90;Low;0.15
13/09/2025;04:00:00;1.064;0.138;241.56;4.4;0.0;0.0;55.0;12.7;93;Low;0.15
13/09/2025;05:00:00;1.176;0.228;233.77;5.03;0.0;0.0;55.0;12.3;92;Low;0.15
13/09/2025;06:00:00;1.822;0.28;240.02;7.59;0.0;0.0;55.0;12.9;94;Medium;0.5
13/09/2025;07:00:00;2.737;0.42;238.85;11.46;0.0;8.5;55.0;12.9;95;Medium;0.5
13/09/2025;08:00:00;2.959;0.297;243.42;12.16;0.0;14.0;55.0;13.0;95;Medium;0.5
13/09/2025;09:00:00;2.365;0.453;242.04;9.77;0.0;15.4;55.0;13.7;90;Medium;0.5
13/09/2025;10:00:00;1.64;0.128;235.44;6.97;0.0;0.0;55.0;14.8;87;Medium;0.5
13/09/2025;11:00:00;1.265;0.075;243.54;5.19;0.0;0.0;55.0;16.3;76;High;0.85
13/09/2025;12:00:00;1.209;0.1;241.26;5.01;0.0;0.0;55.0;17.0;76;High;0.85
13/09/2025;13:00:00;1.203;0.115;235.67;5.1;0.0;0.0;55.0;17.9;67;High;0.85
13/09/2025;14:00:00;1.386;0.136;240.16;5.77;0.0;0.0;55.0;16.1;74;High;0.85
13/09/2025;15:00:00;1.341;0.22;242.9;5.52;0.0;0.0;55.0;17.2;72;High;0.85
13/09/2025;16:00:00;1.277;0.111;236.6;5.4;0.0;0.0;55.0;18.0;69;Medium;0.5
13/09/2025;17:00:00;1.904;0.314;243.86;7.81;0.0;0.0;55.0;18.9;64;Medium;0.5
13/09/2025;18:00:00;2.64;0.173;235.76;11.2;22.5;0.0;55.0;15.2;84;High;0.85
13/09/2025;19:00:00;3.647;0.274;237.78;15.34;11.3;0.0;55.0;15.4;86;High;0.85
13/09/2025;20:00:00;4.025;0.549;237.36;16.96;12.8;0.0;55.0;15.2;85;High;0.85
13/09/2025;21:00:00;3.505;0.725;243.86;14.37;23.7;0.0;55.0;14.5;87;High;0.85
13/09/2025;22:00:00;3.036;0.595;238.63;12.72;0.0;0.0;55.0;14.0;90;High;0.85
13/09/2025;23:00:00;1.921;0.412;236.74;8.11;0.0;0.0;55.0;13.9;92;Medium;0.5
14/09/2025;00:00:00;0.681;0.109;241.25;2.82;0.0;0.0;55.0;14.0;92;Low;0.15
14/09/2025;01:00:00;0.804;0.133;241.85;3.32;0.0;0.0;55.0;13.7;92;Low;0.15
14/09/2025;02:00:00;0.992;0.155;241.87;4.1;0.0;0.0;55.0;13.3;93;Low;0.15
14/09/2025;03:00:00;0.748;0.117;239.24;3.13;0.0;0.0;55.0;14.0;98;Low;0.15
14/09/2025;04:00:00;0.803;0.06;240.71;3.34;0.0;0.0;55.0;14.0;97;Low;0.15
14/09/2025;05:00:00;0.959;0.137;238.18;4.03;0.0;0.0;55.0;13.7;96;Low;0.15
14/09/2025;06:00:00;1.764;0.204;244.69;7.21;0.0;0.0;55.0;13.0;96;Medium;0.5
14/09/2025;07:00:00;2.669;0.334;243.2;10.98;0.0;5.3;55.0;13.4;96;Medium;0.5
14/09/2025;08:00:00;2.878;0.4;243.03;11.84;0.0;9.9;55.0;13.6;96;Medium;0.5
14/09/2025;09:00:00;2.546;0.183;242.22;10.51;0.0;9.3;55.0;14.2;94;Medium;0.5
14/09/2025;10:00:00;1.687;0.187;241.46;6.99;0.0;0.0;55.0;14.9;91;Medium;0.5
14/09/2025;11:00:00;1.5;0.091;236.52;6.34;0.0;0.0;55.0;15.7;86;High;0.85
14/09/2025;12:00:00;1.278;0.277;241.77;5.28;0.0;0.0;55.0;15.7;88;High;0.85
14/09/2025;13:00:00;1.305;0.092;240.32;5.43;0.0;0.0;55.0;16.4;87;High;0.85
14/09/2025;14:00:00;1.168;0.11;243.54;4.8;0.0;0.0;55.0;17.2;83;High;0.85
14/09/2025;15:00:00;1.282;0.258;242.26;5.29;0.0;0.0;55.0;17.7;83;High;0.85
14/09/2025;16:00:00;4.701;0.621;241.54;19.46;0.0;0.0;55.0;17.9;83;Medium;0.5
14/09/2025;17:00:00;1.777;0.13;235.28;7.55;0.0;0.0;55.0;18.6;83;Medium;0.5
14/09/2025;18:00:00;2.899;0.334;239.75;12.09;13.9;0.0;55.0;18.7;86;High;0.85
14/09/2025;19:00:00;3.699;0.258;238.44;15.51;2.5;0.0;55.0;19.9;84;High;0.85
14/09/2025;20:00:00;3.855;0.324;240.71;16.02;24.1;0.0;55.0;20.1;84;High;0.85
14/09/2025;21:00:00;3.71;0.218;238.84;15.53;24.6;0.0;55.0;20.3;81;High;0.85
14/09/2025;22:00:00;2.997;0.373;239.23;12.53;0.0;0.0;55.0;19.9;83;High;0.85
14/09/2025;23:00:00;1.862;0.349;241.29;7.72;0.0;0.0;55.0;19.6;85;Medium;0.5
15/09/2025;00:00:00;0.85;0.127;238.79;3.56;0.0;0.0;55.0;19.4;85;Low;0.15
15/09/2025;01:00:00;0.585;0.09;240.34;2.43;0.0;0.0;55.0;19.3;85;Low;0.15
15/09/2025;02:00:00;0.539;0.045;235.75;2.28;0.0;0.0;55.0;18.7;86;Low;0.15
15/09/2025;03:00:00;0.491;0.053;237.67;2.07;0.0;0.0;55.0;19.0;88;Low;0.15
15/09/2025;04:00:00;0.861;0.167;241.84;3.56;0.0;0.0;55.0;18.9;87;Low;0.15
15/09/2025;05:00:00;0.958;0.062;236.56;4.05;0.0;0.0;55.0;18.6;87;Low;0.15
15/09/2025;06:00:00;1.618;0.317;243.49;6.65;0.0;0.0;55.0;18.0;87;Medium;0.5
15/09/2025;07:00:00;2.314;0.306;242.73;9.53;0.0;9.1;55.0;17.4;84;Medium;0.5
15/09/2025;08:00:00;2.512;0.483;239.25;10.5;0.0;9.2;55.0;16.1;83;Medium;0.5
15/09/2025;09:00:00;2.531;0.263;248.4;10.19;0.0;10.7;55.0;16.1;81;Medium;0.5
15/09/2025;10:00:00;1.374;0.148;243.48;5.64;0.0;0.0;55.0;16.7;77;Low;0.15
15/09/2025;11:00:00;0.904;0.161;237.34;3.81;0.0;0.0;55.0;17.7;69;Low;0.15
15/09/2025;12:00:00;0.784;0.144;242.09;3.24;0.0;0.0;55.0;18.7;61;Low;0.15
15/09/2025;13:00:00;0.722;0.064;240.18;3.01;0.0;0.0;55.0;19.5;55;Low;0.15
15/09/2025;14:00:00;0.712;0.153;237.83;2.99;0.0;0.0;55.0;19.8;50;Low;0.15
15/09/2025;15:00:00;0.689;0.044;237.0;2.91;0.0;0.0;55.0;19.9;50;Low;0.15
15/09/2025;16:00:00;1.034;0.064;242.79;4.26;0.0;0.0;55.0;19.3;52;Low;0.15
15/09/2025;17:00:00;1.892;0.286;238.33;7.94;0.0;0.0;55.0;19.7;50;Medium;0.5
15/09/2025;18:00:00;2.778;0.48;239.71;11.59;18.4;0.0;55.0;19.1;53;High;0.85
15/09/2025;19:00:00;3.465;0.739;237.42;14.59;17.0;0.0;55.0;18.0;59;High;0.85
15/09/2025;20:00:00;3.536;0.42;237.91;14.86;12.0;0.0;55.0;16.9;65;High;0.85
15/09/2025;21:00:00;3.207;0.174;239.64;13.38;23.6;0.0;55.0;16.2;67;High;0.85
15/09/2025;22:00:00;2.631;0.401;241.09;10.91;0.0;0.0;55.0;15.7;68;High;0.85
15/09/2025;23:00:00;1.71;0.17;232.75;7.35;0.0;0.0;55.0;15.1;70;Medium;0.5
16/09/2025;00:00:00;0.802;0.099;240.05;3.34;0.0;0.0;55.0;14.5;73;Low;0.15
16/09/2025;01:00:00;0.547;0.073;237.91;2.3;0.0;0.0;55.0;14.1;75;Low;0.15
16/09/2025;02:00:00;0.882;0.054;243.93;3.62;0.0;0.0;55.0;13.9;77;Low;0.15
16/09/2025;03:00:00;0.743;0.099;248.24;2.99;0.0;0.0;55.0;13.5;79;Low;0.15
16/09/2025;04:00:00;2.782;0.341;238.99;11.64;0.0;0.0;55.0;13.1;81;Low;0.15
16/09/2025;05:00:00;0.929;0.159;235.18;3.95;0.0;0.0;55.0;12.7;82;Low;0.15
16/09/2025;06:00:00;1.62;0.259;240.33;6.74;0.0;0.0;55.0;12.3;84;Medium;0.5
16/09/2025;07:00:00;2.549;0.208;239.42;10.64;0.0;9.7;55.0;12.0;85;Medium;0.5
16/09/2025;08:00:00;2.812;0.239;245.52;11.45;0.0;2.3;55.0;12.0;85;Medium;0.5
16/09/2025;09:00:00;2.289;0.212;244.67;9.36;0.0;2.5;55.0;12.8;83;Medium;0.5
16/09/2025;10:00:00;1.28;0.103;242.42;5.28;0.0;0.0;55.0;14.2;78;Low;0.15
16/09/2025;11:00:00;0.859;0.139;238.36;3.6;0.0;0.0;55.0;15.7;71;Low;0.15
16/09/2025;12:00:00;0.879;0.192;241.9;3.63;0.0;0.0;55.0;16.2;67;Low;0.15
16/09/2025;13:00:00;0.648;0.104;240.74;2.69;0.0;0.0;55.0;17.1;62;Low;0.15
16/09/2025;14:00:00;0.539;0.083;240.68;2.24;0.0;0.0;55.0;17.6;61;Low;0.15
16/09/2025;15:00:00;0.743;0.089;235.64;3.15;0.0;0.0;55.0;18.6;55;Low;0.15
16/09/2025;16:00:00;0.96;0.099;242.97;3.95;0.0;0.0;55.0;18.4;58;Low;0.15
16/09/2025;17:00:00;1.434;0.294;240.3;5.97;0.0;0.0;55.0;18.6;56;Medium;0.5
16/09/2025;18:00:00;2.638;0.566;239.72;11.0;18.0;0.0;55.0;17.9;61;High;0.85
16/09/2025;19:00:00;3.282;0.441;238.32;13.77;10.6;0.0;55.0;17.6;62;High;0.85
16/09/2025;20:00:00;3.657;0.363;237.78;15.38;8.8;0.0;55.0;16.6;66;High;0.85
16/09/2025;21:00:00;3.49;0.631;240.89;14.49;20.2;0.0;55.0;15.8;72;High;0.85
16/09/2025;22:00:00;2.756;0.2;235.1;11.72;0.0;0.0;55.0;15.3;76;High;0.85
16/09/2025;23:00:00;1.677;0.302;242.21;6.92;0.0;0.0;55.0;15.0;78;Medium;0.5
17/09/2025;00:00:00;0.588;0.111;237.05;2.48;0.0;0.0;55.0;14.4;82;Low;0.15
17/09/2025;01:00:00;1.004;0.072;234.24;4.29;0.0;0.0;55.0;13.6;85;Low;0.15
17/09/2025;02:00:00;0.753;0.163;245.1;3.07;0.0;0.0;55.0;13.6;84;Low;0.15
17/09/2025;03:00:00;0.76;0.165;237.6;3.2;0.0;0.0;55.0;13.5;85;Low;0.15
17/09/2025;04:00:00;0.781;0.163;237.98;3.28;0.0;0.0;55.0;13.8;84;Low;0.15
17/09/2025;05:00:00;1.038;0.139;243.18;4.27;0.0;0.0;55.0;12.9;88;Low;0.15
17/09/2025;06:00:00;1.729;0.159;245.19;7.05;0.0;0.0;55.0;13.0;88;Medium;0.5
17/09/2025;07:00:00;2.343;0.349;235.71;9.94;0.0;3.2;55.0;13.1;88;Medium;0.5
17/09/2025;08:00:00;2.666;0.324;237.32;11.23;0.0;13.7;55.0;13.4;86;Medium;0.5
17/09/2025;09:00:00;2.355;0.2;237.53;9.91;0.0;8.6;55.0;13.8;84;Medium;0.5
17/09/2025;10:00:00;1.343;0.164;242.62;5.54;0.0;0.0;55.0;14.4;83;Low;0.15
17/09/2025;11:00:00;2.821;0.459;244.59;11.54;0.0;0.0;55.0;15.6;80;Low;0.15
17/09/2025;12:00:00;0.723;0.045;236.98;3.05;0.0;0.0;55.0;16.8;73;Low;0.15
17/09/2025;13:00:00;0.649;0.069;243.96;2.66;0.0;0.0;55.0;18.6;62;Low;0.15
17/09/2025;14:00:00;0.84;0.045;238.01;3.53;0.0;0.0;55.0;19.9;57;Low;0.15
17/09/2025;15:00:00;0.503;0.089;240.94;2.09;0.0;0.0;55.0;21.0;57;Low;0.15
17/09/2025;16:00:00;1.096;0.174;236.44;4.64;0.0;0.0;55.0;21.5;57;Low;0.15
17/09/2025;17:00:00;1.829;0.111;239.66;7.63;0.0;0.0;55.0;21.6;56;Medium;0.5
17/09/2025;18:00:00;2.436;0.521;239.69;10.16;1.0;0.0;55.0;21.3;58;High;0.85
17/09/2025;19:00:00;3.271;0.176;239.12;13.68;24.6;0.0;55.0;20.5;63;High;0.85
17/09/2025;20:00:00;3.55;0.534;241.08;14.73;20.7;0.0;55.0;18.8;72;High;0.85
17/09/2025;21:00:00;3.165;0.576;237.18;13.34;19.0;0.0;55.0;18.0;76;High;0.85
17/09/2025;22:00:00;2.565;0.472;237.53;10.8;0.0;0.0;55.0;17.3;79;High;0.85
17/09/2025;23:00:00;1.593;0.089;241.23;6.6;0.0;0.0;55.0;16.7;81;Medium;0.5
18/09/2025;00:00:00;0.838;0.171;243.76;3.44;0.0;0.0;55.0;16.3;82;Low;0.15
18/09/2025;01:00:00;0.756;0.156;239.94;3.15;0.0;0.0;55.0;16.1;83;Low;0.15
18/09/2025;02:00:00;0.79;0.115;241.41;3.27;0.0;0.0;55.0;15.8;84;Low;0.15
18/09/2025;03:00:00;0.783;0.103;242.12;3.23;0.0;0.0;55.0;14.3;86;Low;0.15
18/09/2025;04:00:00;0.676;0.039;242.33;2.79;0.0;0.0;55.0;13.7;88;Low;0.15
18/09/2025;05:00:00;4.436;0.646;237.33;18.69;0.0;0.0;55.0;13.4;90;Low;0.15
18/09/2025;06:00:00;1.787;0.214;237.82;7.51;0.0;0.0;55.0;13.1;91;Medium;0.5
18/09/2025;07:00:00;2.296;0.416;238.07;9.64;0.0;19.0;55.0;12.8;91;Medium;0.5
18/09/2025;08:00:00;2.828;0.336;245.4;11.53;0.0;12.1;55.0;12.8;91;Medium;0.5
18/09/2025;09:00:00;2.316;0.385;241.42;9.59;0.0;4.8;55.0;14.1;89;Medium;0.5
18/09/2025;10:00:00;1.324;0.089;241.3;5.49;0.0;0.0;55.0;16.1;82;Low;0.15
18/09/2025;11:00:00;0.964;0.07;241.03;4.0;0.0;0.0;55.0;18.5;74;Low;0.15
18/09/2025;12:00:00;0.756;0.056;236.3;3.2;0.0;0.0;55.0;20.4;66;Low;0.15
18/09/2025;13:00:00;0.638;0.037;245.43;2.6;0.0;0.0;55.0;21.7;61;Low;0.15
18/09/2025;14:00:00;0.862;0.122;241.34;3.57;0.0;0.0;55.0;22.7;59;Low;0.15
18/09/2025;15:00:00;0.756;0.14;242.02;3.12;0.0;0.0;55.0;23.2;58;Low;0.15
18/09/2025;16:00:00;4.685;0.72;235.06;19.93;0.0;0.0;55.0;23.7;55;Low;0.15
18/09/2025;17:00:00;5.407;0.799;242.18;22.33;0.0;0.0;55.0;23.8;54;Medium;0.5
18/09/2025;18:00:00;2.748;0.455;239.0;11.5;2.7;0.0;55.0;23.7;54;High;0.85
18/09/2025;19:00:00;3.41;0.367;236.3;14.43;3.0;0.0;55.0;22.9;63;High;0.85
18/09/2025;20:00:00;3.462;0.386;237.33;14.59;0.8;0.0;55.0;20.9;71;High;0.85
18/09/2025;21:00:00;3.398;0.351;236.46;14.37;13.3;0.0;55.0;19.7;76;High;0.85
18/09/2025;22:00:00;2.625;0.449;236.41;11.1;0.0;0.0;55.0;18.8;79;High;0.85
18/09/2025;23:00:00;1.652;0.128;240.17;6.88;0.0;0.0;55.0;17.9;83;Medium;0.5
19/09/2025;00:00:00;0.767;0.04;238.92;3.21;0.0;0.0;55.0;17.0;85;Low;0.15
19/09/2025;01:00:00;0.592;0.09;240.94;2.46;0.0;0.0;55.0;16.4;88;Low;0.15
19/09/2025;02:00:00;0.522;0.11;244.69;2.13;0.0;0.0;55.0;16.0;88;Low;0.15
19/09/2025;03:00:00;0.537;0.083;239.64;2.24;0.0;0.0;55.0;14.6;90;Low;0.15
19/09/2025;04:00:00;0.82;0.15;233.71;3.51;0.0;0.0;55.0;14.2;90;Low;0.15
19/09/2025;05:00:00;0.837;0.138;239.32;3.5;0.0;0.0;55.0;13.8;91;Low;0.15
19/09/2025;06:00:00;1.901;0.256;243.34;7.81;0.0;0.0;55.0;13.3;91;Medium;0.5
19/09/2025;07:00:00;2.21;0.38;239.76;9.22;0.0;9.2;55.0;12.8;91;Medium;0.5
19/09/2025;08:00:00;2.945;0.56;244.28;12.05;0.0;11.4;55.0;12.5;91;Medium;0.5
19/09/2025;09:00:00;2.397;0.211;241.27;9.94;0.0;3.7;55.0;13.5;88;Medium;0.5
19/09/2025;10:00:00;1.352;0.145;234.85;5.76;0.0;0.0;55.0;15.5;80;Low;0.15
19/09/2025;11:00:00;0.838;0.074;240.31;3.49;0.0;0.0;55.0;18.1;70;Low;0.15
19/09/2025;12:00:00;0.752;0.095;240.83;3.12;0.0;0.0;55.0;20.7;61;Low;0.15
19/09/2025;13:00:00;0.775;0.155;243.02;3.19;0.0;0.0;55.0;23.3;54;Low;0.15
19/09/2025;14:00:00;1.064;0.116;245.09;4.34;0.0;0.0;55.0;25.3;48;Low;0.15
19/09/2025;15:00:00;1.355;0.154;242.54;5.59;0.0;0.0;55.0;29.2;35;Low;0.15
19/09/2025;16:00:00;1.666;0.327;241.23;6.91;0.0;0.0;55.0;30.3;30;Low;0.15
19/09/2025;17:00:00;2.364;0.325;241.89;9.77;0.0;0.0;55.0;30.7;26;Medium;0.5
19/09/2025;18:00:00;3.293;0.464;239.53;13.75;10.8;0.0;55.0;30.2;27;High;0.85
19/09/2025;19:00:00;3.848;0.756;235.9;16.31;9.3;0.0;55.0;28.4;35;High;0.85
19/09/2025;20:00:00;3.696;0.493;240.12;15.39;22.7;0.0;55.0;25.5;49;High;0.85
19/09/2025;21:00:00;3.379;0.56;241.02;14.02;3.0;0.0;55.0;24.6;54;High;0.85
19/09/2025;22:00:00;2.845;0.184;236.63;12.03;0.0;0.0;55.0;23.6;57;High;0.85
19/09/2025;23:00:00;1.785;0.143;243.71;7.33;0.0;0.0;55.0;22.8;58;Medium;0.5
20/09/2025;00:00:00;0.66;0.078;242.82;2.72;0.0;0.0;55.0;22.2;57;Low;0.15
20/09/2025;01:00:00;0.664;0.089;236.16;2.81;0.0;0.0;55.0;21.7;57;Low;0.15
20/09/2025;02:00:00;0.698;0.149;243.82;2.86;0.0;0.0;55.0;20.8;63;Low;0.15
20/09/2025;03:00:00;0.616;0.132;239.14;2.58;0.0;0.0;55.0;22.0;60;Low;0.15
20/09/2025;04:00:00;0.641;0.125;237.82;2.69;0.0;0.0;55.0;21.1;64;Low;0.15
20/09/2025;05:00:00;0.947;0.098;243.02;3.9;0.0;0.0;55.0;20.5;66;Low;0.15
20/09/2025;06:00:00;1.631;0.349;239.86;6.8;0.0;0.0;55.0;20.2;71;Medium;0.5
20/09/2025;07:00:00;2.531;0.423;245.32;10.32;0.0;2.3;55.0;20.0;74;Medium;0.5
20/09/2025;08:00:00;2.71;0.316;237.61;11.4;0.0;16.4;55.0;20.3;72;Medium;0.5
20/09/2025;09:00:00;4.593;0.778;235.15;19.53;0.0;15.9;55.0;20.5;71;Medium;0.5
20/09/2025;10:00:00;1.776;0.094;239.21;7.42;0.0;0.0;55.0;19.7;84;Medium;0.5
20/09/2025;11:00:00;1.478;0.111;242.21;6.1;0.0;0.0;55.0;19.7;83;High;0.85
20/09/2025;12:00:00;1.343;0.256;237.4;5.66;0.0;0.0;55.0;20.3;77;High;0.85
20/09/2025;13:00:00;1.368;0.218;236.28;5.79;0.0;0.0;55.0;21.2;74;High;0.85
20/09/2025;14:00:00;3.32;0.372;240.64;13.8;0.0;0.0;55.0;21.7;72;High;0.85
20/09/2025;15:00:00;1.125;0.152;235.9;4.77;0.0;0.0;55.0;19.6;88;High;0.85
20/09/2025;16:00:00;1.171;0.239;240.86;4.86;0.0;0.0;55.0;20.0;87;Medium;0.5
20/09/2025;17:00:00;1.759;0.277;239.05;7.36;0.0;0.0;55.0;21.4;80;Medium;0.5
20/09/2025;18:00:00;2.896;0.341;241.38;12.0;3.7;0.0;55.0;22.4;78;High;0.85
20/09/2025;19:00:00;3.715;0.262;236.13;15.73;18.7;0.0;55.0;22.5;77;High;0.85
20/09/2025;20:00:00;3.875;0.387;243.63;15.9;20.4;0.0;55.0;21.7;79;High;0.85
20/09/2025;21:00:00;3.642;0.788;239.49;15.21;21.9;0.0;55.0;21.2;82;High;0.85
20/09/2025;22:00:00;2.786;0.346;242.14;11.51;0.0;0.0;55.0;20.0;85;High;0.85
20/09/2025;23:00:00;1.76;0.229;242.69;7.25;0.0;0.0;55.0;19.6;84;Medium;0.5
21/09/2025;00:00:00;0.522;0.07;236.76;2.2;0.0;0.0;55.0;18.5;78;Low;0.15
21/09/2025;01:00:00;0.57;0.114;242.47;2.35;0.0;0.0;55.0;17.2;80;Low;0.15
21/09/2025;02:00:00;0.528;0.081;236.01;2.24;0.0;0.0;55.0;16.0;79;Low;0.15
21/09/2025;03:00:00;0.572;0.096;236.16;2.42;0.0;0.0;55.0;15.5;85;Low;0.15
21/09/2025;04:00:00;0.824;0.096;245.5;3.36;0.0;0.0;55.0;15.0;85;Low;0.15
21/09/2025;05:00:00;0.856;0.047;243.11;3.52;0.0;0.0;55.0;14.6;84;Low;0.15
21/09/2025;06:00:00;2.016;0.42;245.81;8.2;0.0;0.0;55.0;14.6;82;Medium;0.5
21/09/2025;07:00:00;2.582;0.546;238.96;10.8;0.0;13.7;55.0;14.3;82;Medium;0.5
21/09/2025;08:00:00;2.964;0.627;240.29;12.34;0.0;4.3;55.0;13.9;83;Medium;0.5
21/09/2025;09:00:00;2.471;0.52;241.48;10.23;0.0;17.4;55.0;13.9;82;Medium;0.5
21/09/2025;10:00:00;1.859;0.351;239.97;7.75;0.0;0.0;55.0;14.0;81;Medium;0.5
21/09/2025;11:00:00;3.407;0.567;237.91;14.32;0.0;0.0;55.0;14.8;77;High;0.85
21/09/2025;12:00:00;1.256;0.243;237.49;5.29;0.0;0.0;55.0;15.2;74;High;0.85
21/09/2025;13:00:00;1.457;0.222;240.6;6.06;0.0;0.0;55.0;15.9;68;High;0.85
21/09/2025;14:00:00;1.209;0.088;237.01;5.1;0.0;0.0;55.0;16.5;64;High;0.85
21/09/2025;15:00:00;1.424;0.166;236.93;6.01;0.0;0.0;55.0;17.4;60;High;0.85
21/09/2025;16:00:00;1.228;0.264;241.1;5.09;0.0;0.0;55.0;17.7;57;Medium;0.5
21/09/2025;17:00:00;1.818;0.199;239.73;7.58;0.0;0.0;55.0;17.8;55;Medium;0.5
21/09/2025;18:00:00;3.039;0.6;242.62;12.52;24.4;0.0;55.0;17.4;56;High;0.85
21/09/2025;19:00:00;3.56;0.234;238.81;14.91;18.8;0.0;55.0;16.4;61;High;0.85
21/09/2025;20:00:00;4.129;0.441;238.37;17.32;10.9;0.0;55.0;15.3;69;High;0.85
21/09/2025;21:00:00;3.712;0.407;241.19;15.39;23.7;0.0;55.0;14.7;73;High;0.85
21/09/2025;22:00:00;2.871;0.169;237.73;12.08;0.0;0.0;55.0;13.9;72;High;0.85
21/09/2025;23:00:00;2.022;0.142;238.16;8.49;0.0;0.0;55.0;12.7;78;Medium;0.5
22/09/2025;00:00:00;0.934;0.077;238.27;3.92;0.0;0.0;55.0;12.1;84;Low;0.15
22/09/2025;01:00:00;0.923;0.178;239.41;3.85;0.0;0.0;55.0;11.7;85;Low;0.15
22/09/2025;02:00:00;0.728;0.044;244.96;2.97;0.0;0.0;55.0;11.3;85;Low;0.15
22/09/2025;03:00:00;0.776;0.078;236.14;3.29;0.0;0.0;55.0;12.0;80;Low;0.15
22/09/2025;04:00:00;0.92;0.048;243.63;3.78;0.0;0.0;55.0;11.1;83;Low;0.15
22/09/2025;05:00:00;1.167;0.196;242.07;4.82;0.0;0.0;55.0;10.3;86;Low;0.15
22/09/2025;06:00:00;1.992;0.31;244.39;8.15;0.0;0.0;55.0;9.9;88;Medium;0.5
22/09/2025;07:00:00;2.628;0.42;248.78;10.56;0.0;4.0;55.0;9.6;87;Medium;0.5
22/09/2025;08:00:00;2.827;0.321;244.01;11.59;0.0;6.3;55.0;9.4;86;Medium;0.5
22/09/2025;09:00:00;2.612;0.223;242.59;10.77;0.0;6.9;55.0;10.2;82;Medium;0.5
22/09/2025;10:00:00;1.632;0.282;236.33;6.91;0.0;0.0;55.0;11.5;76;Low;0.15
22/09/2025;11:00:00;1.057;0.199;236.68;4.46;0.0;0.0;55.0;13.2;70;Low;0.15
22/09/2025;12:00:00;0.838;0.062;241.01;3.48;0.0;0.0;55.0;14.7;63;Low;0.15
22/09/2025;13:00:00;0.758;0.101;235.25;3.22;0.0;0.0;55.0;15.9;54;Low;0.15
22/09/2025;14:00:00;0.736;0.068;241.72;3.04;0.0;0.0;55.0;17.0;44;Low;0.15
22/09/2025;15:00:00;0.761;0.06;234.02;3.25;0.0;0.0;55.0;15.9;53;Low;0.15
22/09/2025;16:00:00;0.821;0.144;243.23;3.38;0.0;0.0;55.0;16.0;52;Low;0.15
22/09/2025;17:00:00;1.747;0.247;239.1;7.31;0.0;0.0;55.0;15.8;51;Medium;0.5
22/09/2025;18:00:00;4.664;0.405;240.35;19.4;14.7;0.0;55.0;15.6;52;High;0.85
22/09/2025;19:00:00;3.375;0.347;237.9;14.18;16.7;0.0;55.0;14.3;59;High;0.85
22/09/2025;20:00:00;3.544;0.76;234.68;15.1;0.6;0.0;55.0;13.6;64;High;0.85
22/09/2025;21:00:00;3.365;0.654;243.46;13.82;9.9;0.0;55.0;12.2;75;High;0.85
22/09/2025;22:00:00;2.904;0.58;243.74;11.92;0.0;0.0;55.0;12.4;74;High;0.85
22/09/2025;23:00:00;1.886;0.242;239.02;7.89;0.0;0.0;55.0;11.9;76;Medium;0.5
23/09/2025;00:00:00;0.947;0.148;241.85;3.91;0.0;0.0;55.0;11.4;79;Low;0.15
23/09/2025;01:00:00;0.911;0.104;238.91;3.81;0.0;0.0;55.0;10.9;84;Low;0.15
23/09/2025;02:00:00;0.93;0.059;240.81;3.86;0.0;0.0;55.0;10.6;85;Low;0.15
23/09/2025;03:00:00;1.051;0.124;242.13;4.34;0.0;0.0;55.0;10.2;90;Low;0.15
23/09/2025;04:00:00;0.953;0.144;241.55;3.95;0.0;0.0;55.0;10.1;89;Low;0.15
23/09/2025;05:00:00;1.196;0.118;243.75;4.91;0.0;0.0;55.0;10.1;87;Low;0.15
23/09/2025;06:00:00;1.884;0.366;241.45;7.8;0.0;0.0;55.0;9.9;87;Medium;0.5
23/09/2025;07:00:00;2.549;0.193;240.08;10.62;0.0;15.9;55.0;9.9;86;Medium;0.5
23/09/2025;08:00:00;4.906;0.552;237.87;20.63;0.0;5.0;55.0;9.8;86;Medium;0.5
23/09/2025;09:00:00;2.602;0.185;238.66;10.9;0.0;2.7;55.0;10.1;82;Medium;0.5
23/09/2025;10:00:00;5.078;0.603;242.27;20.96;0.0;0.0;55.0;10.6;81;Low;0.15
23/09/2025;11:00:00;1.27;0.072;235.79;5.39;0.0;0.0;55.0;10.8;81;Low;0.15
23/09/2025;12:00:00;0.844;0.081;243.1;3.47;0.0;0.0;55.0;11.3;80;Low;0.15
23/09/2025;13:00:00;0.776;0.092;239.21;3.24;0.0;0.0;55.0;13.0;68;Low;0.15
23/09/2025;14:00:00;0.682;0.09;237.71;2.87;0.0;0.0;55.0;14.4;58;Low;0.15
23/09/2025;15:00:00;0.967;0.138;236.92;4.08;0.0;0.0;55.0;14.1;65;Low;0.15
23/09/2025;16:00:00;3.007;0.291;241.89;12.43;0.0;0.0;55.0;15.1;56;Low;0.15
23/09/2025;17:00:00;1.837;0.255;239.96;7.66;0.0;0.0;55.0;14.5;56;Medium;0.5
23/09/2025;18:00:00;2.537;0.346;244.45;10.38;2.3;0.0;55.0;14.3;57;High;0.85
23/09/2025;19:00:00;3.404;0.353;236.46;14.4;7.4;0.0;55.0;13.8;60;High;0.85
23/09/2025;20:00:00;3.778;0.722;238.38;15.85;24.3;0.0;55.0;13.3;64;High;0.85
23/09/2025;21:00:00;3.464;0.494;239.74;14.45;24.4;0.0;55.0;12.5;70;High;0.85
23/09/2025;22:00:00;2.942;0.313;237.89;12.37;0.0;0.0;55.0;11.8;78;High;0.85
23/09/2025;23:00:00;1.904;0.402;240.02;7.93;0.0;0.0;55.0;10.8;91;Medium;0.5
24/09/2025;00:00:00;1.055;0.204;240.89;4.38;0.0;0.0;55.0;10.8;93;Low;0.15
24/09/2025;01:00:00;1.132;0.246;241.36;4.69;0.0;0.0;55.0;11.0;91;Low;0.15
24/09/2025;02:00:00;0.861;0.144;244.22;3.52;0.0;0.0;55.0;11.1;90;Low;0.15
24/09/2025;03:00:00;0.877;0.1;236.35;3.71;0.0;0.0;55.0;10.8;93;Low;0.15
24/09/2025;04:00:00;1.096;0.107;240.95;4.55;0.0;0.0;55.0;11.0;92;Low;0.15
24/09/2025;05:00:00;1.285;0.209;238.19;5.39;0.0;0.0;55.0;11.1;92;Low;0.15
24/09/2025;06:00:00;1.818;0.394;241.2;7.54;0.0;0.0;55.0;10.9;92;Medium;0.5
24/09/2025;07:00:00;2.508;0.393;241.21;10.4;0.0;19.7;55.0;10.6;92;Medium;0.5
24/09/2025;08:00:00;2.879;0.575;237.24;12.13;0.0;2.7;55.0;10.3;92;Medium;0.5
24/09/2025;09:00:00;2.434;0.258;237.48;10.25;0.0;14.8;55.0;10.3;92;Medium;0.5
24/09/2025;10:00:00;1.564;0.186;241.43;6.48;0.0;0.0;55.0;10.1;94;Low;0.15
24/09/2025;11:00:00;1.068;0.218;240.07;4.45;0.0;0.0;55.0;10.4;91;Low;0.15
24/09/2025;12:00:00;0.893;0.16;239.39;3.73;0.0;0.0;55.0;10.7;87;Low;0.15
24/09/2025;13:00:00;0.893;0.194;241.84;3.69;0.0;0.0;55.0;11.3;82;Low;0.15
24/09/2025;14:00:00;0.917;0.167;242.05;3.79;0.0;0.0;55.0;11.6;80;Low;0.15
24/09/2025;15:00:00;1.157;0.146;238.52;4.85;0.0;0.0;55.0;11.1;85;Low;0.15
24/09/2025;16:00:00;1.139;0.16;237.61;4.8;0.0;0.0;55.0;10.8;87;Low;0.15
24/09/2025;17:00:00;2.079;0.422;236.47;8.79;0.0;0.0;55.0;10.4;94;Medium;0.5
24/09/2025;18:00:00;2.886;0.415;240.09;12.02;10.5;0.0;55.0;10.6;92;High;0.85
24/09/2025;19:00:00;7.041;0.658;236.02;29.83;2.2;0.0;55.0;11.0;90;High;0.85
24/09/2025;20:00:00;3.913;0.485;240.28;16.29;14.9;0.0;55.0;10.7;90;High;0.85
24/09/2025;21:00:00;3.463;0.477;243.41;14.23;0.2;0.0;55.0;10.5;89;High;0.85
24/09/2025;22:00:00;2.951;0.196;239.01;12.35;0.0;0.0;55.0;10.5;89;High;0.85
24/09/2025;23:00:00;1.991;0.351;238.5;8.35;0.0;0.0;55.0;10.5;89;Medium;0.5
25/09/2025;00:00:00;0.988;0.068;245.59;4.02;0.0;0.0;55.0;10.4;89;Low;0.15
25/09/2025;01:00:00;0.973;0.116;244.23;3.99;0.0;0.0;55.0;10.3;89;Low;0.15
25/09/2025;02:00:00;1.197;0.224;237.86;5.03;0.0;0.0;55.0;10.2;89;Low;0.15
25/09/2025;03:00:00;0.875;0.113;240.39;3.64;0.0;0.0;55.0;10.5;90;Low;0.15
25/09/2025;04:00:00;0.928;0.179;240.92;3.85;0.0;0.0;55.0;10.5;89;Low;0.15
25/09/2025;05:00:00;1.1;0.119;240.57;4.57;0.0;0.0;55.0;10.5;89;Low;0.15
25/09/2025;06:00:00;1.856;0.395;245.08;7.57;0.0;0.0;55.0;10.2;88;Medium;0.5
25/09/2025;07:00:00;2.535;0.217;240.24;10.55;0.0;6.5;55.0;9.8;88;Medium;0.5
25/09/2025;08:00:00;3.074;0.174;240.66;12.77;0.0;15.6;55.0;9.5;88;Medium;0.5
25/09/2025;09:00:00;2.764;0.548;241.93;11.43;0.0;9.4;55.0;9.4;89;Medium;0.5
25/09/2025;10:00:00;1.64;0.292;243.33;6.74;0.0;0.0;55.0;9.4;88;Low;0.15
25/09/2025;11:00:00;1.139;0.102;242.62;4.7;0.0;0.0;55.0;9.5;86;Low;0.15
25/09/2025;12:00:00;1.071;0.233;241.51;4.43;0.0;0.0;55.0;9.8;85;Low;0.15
25/09/2025;13:00:00;0.919;0.124;235.64;3.9;0.0;0.0;55.0;10.0;84;Low;0.15
25/09/2025;14:00:00;0.951;0.201;238.63;3.99;0.0;0.0;55.0;11.7;75;Low;0.15
25/09/2025;15:00:00;0.968;0.132;242.29;4.0;0.0;0.0;55.0;12.0;74;Low;0.15
25/09/2025;16:00:00;1.004;0.131;240.7;4.17;0.0;0.0;55.0;12.2;73;Low;0.15
25/09/2025;17:00:00;2.021;0.255;242.31;8.34;0.0;0.0;55.0;12.3;73;Medium;0.5
25/09/2025;18:00:00;2.985;0.319;245.28;12.17;14.9;0.0;55.0;12.3;74;High;0.85
25/09/2025;19:00:00;3.418;0.481;236.7;14.44;20.2;0.0;55.0;12.1;76;High;0.85
25/09/2025;20:00:00;3.747;0.476;243.19;15.41;1.5;0.0;55.0;11.7;81;High;0.85
25/09/2025;21:00:00;3.544;0.199;239.07;14.82;6.2;0.0;55.0;11.5;84;High;0.85
25/09/2025;22:00:00;2.893;0.273;242.62;11.92;0.0;0.0;55.0;11.4;83;High;0.85
25/09/2025;23:00:00;1.998;0.172;239.88;8.33;0.0;0.0;55.0;11.2;84;Medium;0.5
26/09/2025;00:00:00;1.11;0.219;245.96;4.51;0.0;0.0;55.0;10.9;85;Low;0.15
26/09/2025;01:00:00;0.915;0.139;240.36;3.81;0.0;0.0;55.0;10.5;86;Low;0.15
26/09/2025;02:00:00;0.865;0.156;238.21;3.63;0.0;0.0;55.0;10.3;86;Low;0.15
26/09/2025;03:00:00;0.819;0.174;241.18;3.4;0.0;0.0;55.0;10.2;89;Low;0.15
26/09/2025;04:00:00;0.932;0.149;240.91;3.87;0.0;0.0;55.0;10.1;90;Low;0.15
26/09/2025;05:00:00;1.195;0.259;243.19;4.91;0.0;0.0;55.0;9.9;91;Low;0.15
26/09/2025;06:00:00;2.115;0.218;241.25;8.77;0.0;0.0;55.0;9.8;92;Medium;0.5
26/09/2025;07:00:00;2.552;0.208;246.93;10.34;0.0;13.9;55.0;9.7;93;Medium;0.5
26/09/2025;08:00:00;2.965;0.352;239.69;12.37;0.0;4.2;55.0;9.7;94;Medium;0.5
26/09/2025;09:00:00;2.597;0.338;239.72;10.83;0.0;13.6;55.0;9.8;94;Medium;0.5
26/09/2025;10:00:00;1.744;0.353;238.31;7.32;0.0;0.0;55.0;10.6;90;Low;0.15
26/09/2025;11:00:00;1.391;0.202;240.24;5.79;0.0;0.0;55.0;10.9;87;Low;0.15
26/09/2025;12:00:00;0.857;0.085;240.65;3.56;0.0;0.0;55.0;11.7;83;Low;0.15
26/09/2025;13:00:00;0.781;0.138;240.79;3.25;0.0;0.0;55.0;12.4;78;Low;0.15
26/09/2025;14:00:00;0.854;0.116;240.19;3.56;0.0;0.0;55.0;14.0;71;Low;0.15
26/09/2025;15:00:00;2.956;0.229;238.29;12.41;0.0;0.0;55.0;13.0;75;Low;0.15
26/09/2025;16:00:00;1.28;0.19;237.53;5.39;0.0;0.0;55.0;13.2;73;Low;0.15
26/09/2025;17:00:00;1.847;0.378;238.95;7.73;0.0;0.0;55.0;13.6;72;Medium;0.5
26/09/2025;18:00:00;2.679;0.518;243.2;11.02;18.1;0.0;55.0;13.8;70;High;0.85
26/09/2025;19:00:00;3.467;0.519;243.8;14.22;12.0;0.0;55.0;13.3;78;High;0.85
26/09/2025;20:00:00;3.848;0.439;239.78;16.05;1.5;0.0;55.0;12.5;80;High;0.85
26/09/2025;21:00:00;3.574;0.232;237.36;15.06;0.4;0.0;55.0;11.9;82;High;0.85
26/09/2025;22:00:00;2.916;0.379;239.77;12.16;0.0;0.0;55.0;11.3;85;High;0.85
26/09/2025;23:00:00;2.063;0.367;245.86;8.39;0.0;0.0;55.0;10.8;87;Medium;0.5
27/09/2025;00:00:00;1.079;0.12;242.8;4.45;0.0;0.0;55.0;10.0;90;Low;0.15
27/09/2025;01:00:00;1.125;0.101;241.54;4.66;0.0;0.0;55.0;9.6;92;Low;0.15
27/09/2025;02:00:00;1.088;0.227;242.7;4.48;0.0;0.0;55.0;9.0;94;Low;0.15
27/09/2025;03:00:00;0.899;0.171;244.31;3.68;0.0;0.0;55.0;10.9;92;Low;0.15
27/09/2025;04:00:00;0.979;0.155;236.77;4.13;0.0;0.0;55.0;10.9;93;Low;0.15
27/09/2025;05:00:00;1.282;0.094;238.9;5.37;0.0;0.0;55.0;11.1;94;Low;0.15
27/09/2025;06:00:00;3.917;0.292;238.52;16.42;0.0;0.0;55.0;10.5;96;Medium;0.5
27/09/2025;07:00:00;2.869;0.194;241.64;11.87;0.0;17.1;55.0;9.3;98;Medium;0.5
27/09/2025;08:00:00;3.225;0.499;240.45;13.41;0.0;10.6;55.0;8.6;100;Medium;0.5
27/09/2025;09:00:00;2.799;0.195;242.12;11.56;0.0;13.5;55.0;9.9;99;Medium;0.5
27/09/2025;10:00:00;2.133;0.412;238.58;8.94;0.0;0.0;55.0;10.4;98;Medium;0.5
27/09/2025;11:00:00;1.663;0.364;243.84;6.82;0.0;0.0;55.0;11.8;91;High;0.85
27/09/2025;12:00:00;1.399;0.157;239.81;5.83;0.0;0.0;55.0;12.5;86;High;0.85
27/09/2025;13:00:00;1.137;0.145;241.94;4.7;0.0;0.0;55.0;13.8;77;High;0.85
27/09/2025;14:00:00;1.305;0.223;243.35;5.36;0.0;0.0;55.0;14.8;69;High;0.85
27/09/2025;15:00:00;1.373;0.287;243.12;5.65;0.0;0.0;55.0;15.0;66;High;0.85
27/09/2025;16:00:00;1.515;0.306;241.01;6.29;0.0;0.0;55.0;15.1;66;Medium;0.5
27/09/2025;17:00:00;1.79;0.107;242.29;7.39;0.0;0.0;55.0;15.4;65;Medium;0.5
27/09/2025;18:00:00;2.883;0.227;244.88;11.78;9.0;0.0;55.0;15.3;65;High;0.85
27/09/2025;19:00:00;3.684;0.657;241.44;15.26;7.4;0.0;55.0;14.4;72;High;0.85
27/09/2025;20:00:00;6.189;1.034;237.96;26.01;21.2;0.0;55.0;13.6;76;High;0.85
27/09/2025;21:00:00;3.728;0.271;241.63;15.43;12.9;0.0;55.0;13.1;78;High;0.85
27/09/2025;22:00:00;3.051;0.413;239.9;12.72;0.0;0.0;55.0;12.3;81;High;0.85
27/09/2025;23:00:00;2.08;0.38;233.43;8.91;0.0;0.0;55.0;11.7;83;Medium;0.5
28/09/2025;00:00:00;0.915;0.08;241.29;3.79;0.0;0.0;55.0;11.1;84;Low;0.15
28/09/2025;01:00:00;0.882;0.175;240.33;3.67;0.0;0.0;55.0;10.6;85;Low;0.15
28/09/2025;02:00:00;0.971;0.057;243.24;3.99;0.0;0.0;55.0;10.2;87;Low;0.15
28/09/2025;03:00:00;1.119;0.205;237.9;4.71;0.0;0.0;55.0;9.3;92;Low;0.15
28/09/2025;04:00:00;0.982;0.152;235.78;4.16;0.0;0.0;55.0;8.9;93;Low;0.15
28/09/2025;05:00:00;1.324;0.137;240.47;5.51;0.0;0.0;55.0;8.6;94;Low;0.15
28/09/2025;06:00:00;2.049;0.354;241.06;8.5;0.0;0.0;55.0;8.5;95;Medium;0.5
28/09/2025;07:00:00;3.03;0.554;240.26;12.61;0.0;17.4;55.0;8.0;95;Medium;0.5
28/09/2025;08:00:00;3.172;0.662;240.06;13.21;0.0;0.8;55.0;7.6;96;Medium;0.5
28/09/2025;09:00:00;2.807;0.316;237.01;11.84;0.0;12.3;55.0;8.8;94;Medium;0.5
28/09/2025;10:00:00;2.042;0.34;239.61;8.52;0.0;0.0;55.0;10.4;89;Medium;0.5
28/09/2025;11:00:00;1.765;0.269;239.02;7.38;0.0;0.0;55.0;12.4;83;High;0.85
28/09/2025;12:00:00;1.268;0.177;243.0;5.22;0.0;0.0;55.0;14.5;76;High;0.85
28/09/2025;13:00:00;1.146;0.231;241.06;4.75;0.0;0.0;55.0;16.3;69;High;0.85
28/09/2025;14:00:00;1.407;0.071;239.22;5.88;0.0;0.0;55.0;17.4;65;High;0.85
28/09/2025;15:00:00;1.164;0.114;244.83;4.75;0.0;0.0;55.0;18.4;63;High;0.85
28/09/2025;16:00:00;1.079;0.153;239.25;4.51;0.0;0.0;55.0;18.8;60;Medium;0.5
28/09/2025;17:00:00;1.865;0.15;241.56;7.72;0.0;0.0;55.0;18.8;59;Medium;0.5
28/09/2025;18:00:00;2.811;0.574;239.53;11.74;22.9;0.0;55.0;18.5;60;High;0.85
28/09/2025;19:00:00;3.521;0.564;244.57;14.4;9.2;0.0;55.0;17.2;71;High;0.85
28/09/2025;20:00:00;6.018;0.79;240.24;25.05;13.1;0.0;55.0;15.7;76;High;0.85
28/09/2025;21:00:00;3.648;0.688;240.33;15.18;4.1;0.0;55.0;15.0;79;High;0.85
28/09/2025;22:00:00;2.835;0.359;239.61;11.83;0.0;0.0;55.0;14.5;81;High;0.85
28/09/2025;23:00:00;1.777;0.258;240.55;7.39;0.0;0.0;55.0;13.6;84;Medium;0.5
29/09/2025;00:00:00;0.882;0.044;243.36;3.62;0.0;0.0;55.0;12.8;86;Low;0.15
29/09/2025;01:00:00;0.896;0.1;242.37;3.7;0.0;0.0;55.0;12.2;88;Low;0.15
29/09/2025;02:00:00;0.869;0.064;240.08;3.62;0.0;0.0;55.0;11.4;90;Low;0.15
29/09/2025;03:00:00;1.136;0.19;244.76;4.64;0.0;0.0;55.0;10.3;91;Low;0.15
29/09/2025;04:00:00;0.904;0.119;242.44;3.73;0.0;0.0;55.0;10.0;92;Low;0.15
29/09/2025;05:00:00;1.058;0.107;238.77;4.43;0.0;0.0;55.0;9.7;92;Low;0.15
29/09/2025;06:00:00;1.891;0.245;236.14;8.01;0.0;0.0;55.0;9.4;91;Medium;0.5
29/09/2025;07:00:00;2.642;0.226;238.84;11.06;0.0;11.3;55.0;9.0;91;Medium;0.5
29/09/2025;08:00:00;3.027;0.627;241.16;12.55;0.0;11.3;55.0;8.7;92;Medium;0.5
29/09/2025;09:00:00;2.58;0.153;241.67;10.68;0.0;1.1;55.0;9.7;91;Medium;0.5
29/09/2025;10:00:00;1.613;0.318;243.81;6.61;0.0;0.0;55.0;11.4;86;Low;0.15
29/09/2025;11:00:00;0.864;0.118;236.94;3.64;0.0;0.0;55.0;13.4;82;Low;0.15
29/09/2025;12:00:00;0.856;0.133;238.77;3.59;0.0;0.0;55.0;15.5;77;Low;0.15
29/09/2025;13:00:00;0.666;0.068;236.7;2.81;0.0;0.0;55.0;17.2;72;Low;0.15
29/09/2025;14:00:00;0.801;0.172;236.25;3.39;0.0;0.0;55.0;18.4;68;Low;0.15
29/09/2025;15:00:00;0.802;0.079;238.24;3.37;0.0;0.0;55.0;18.9;62;Low;0.15
29/09/2025;16:00:00;3.033;0.455;241.03;12.58;0.0;0.0;55.0;19.2;60;Low;0.15
29/09/2025;17:00:00;1.761;0.385;242.16;7.27;0.0;0.0;55.0;19.4;57;Medium;0.5
29/09/2025;18:00:00;2.688;0.537;237.34;11.33;19.5;0.0;55.0;18.9;60;High;0.85
29/09/2025;19:00:00;3.37;0.476;237.73;14.17;3.2;0.0;55.0;17.9;69;High;0.85
29/09/2025;20:00:00;3.72;0.812;235.02;15.83;0.5;0.0;55.0;16.4;74;High;0.85
29/09/2025;21:00:00;3.325;0.563;240.6;13.82;16.0;0.0;55.0;15.3;77;High;0.85
29/09/2025;22:00:00;2.738;0.234;237.95;11.51;0.0;0.0;55.0;14.6;78;High;0.85
29/09/2025;23:00:00;1.767;0.21;244.66;7.22;0.0;0.0;55.0;13.8;81;Medium;0.5
30/09/2025;00:00:00;0.903;0.096;241.15;3.74;0.0;0.0;55.0;13.4;83;Low;0.15
30/09/2025;01:00:00;0.721;0.078;239.52;3.01;0.0;0.0;55.0;12.9;86;Low;0.15
30/09/2025;02:00:00;1.005;0.18;238.2;4.22;0.0;0.0;55.0;12.3;89;Low;0.15
30/09/2025;03:00:00;0.863;0.129;235.81;3.66;0.0;0.0;55.0;11.7;92;Low;0.15
30/09/2025;04:00:00;0.784;0.044;236.17;3.32;0.0;0.0;55.0;11.4;93;Low;0.15
30/09/2025;05:00:00;1.151;0.229;238.26;4.83;0.0;0.0;55.0;10.9;94;Low;0.15
30/09/2025;06:00:00;1.838;0.185;238.04;7.72;0.0;0.0;55.0;10.3;95;Medium;0.5
30/09/2025;07:00:00;2.676;0.587;237.2;11.28;0.0;2.5;55.0;9.9;95;Medium;0.5
30/09/2025;08:00:00;2.884;0.612;241.06;11.96;0.0;3.4;55.0;9.6;95;Medium;0.5
30/09/2025;09:00:00;2.53;0.531;241.44;10.48;0.0;6.2;55.0;10.2;93;Medium;0.5
30/09/2025;10:00:00;1.376;0.259;238.72;5.77;0.0;0.0;55.0;11.6;88;Low;0.15
30/09/2025;11:00:00;0.943;0.083;245.42;3.84;0.0;0.0;55.0;13.4;81;Low;0.15
30/09/2025;12:00:00;0.469;0.066;235.11;2.0;0.0;0.0;55.0;15.1;73;Low;0.15
30/09/2025;13:00:00;0.516;0.045;240.16;2.15;0.0;0.0;55.0;16.3;64;Low;0.15
30/09/2025;14:00:00;0.766;0.072;239.39;3.2;0.0;0.0;55.0;17.3;57;Low;0.15
30/09/2025;15:00:00;0.847;0.13;238.46;3.55;0.0;0.0;55.0;17.8;52;Low;0.15
30/09/2025;16:00:00;1.03;0.059;238.05;4.33;0.0;0.0;55.0;18.0;49;Low;0.15
30/09/2025;17:00:00;1.607;0.345;239.98;6.7;0.0;0.0;55.0;17.9;49;Medium;0.5
30/09/2025;18:00:00;2.638;0.544;239.37;11.02;14.0;0.0;55.0;17.5;52;High;0.85
30/09/2025;19:00:00;3.305;0.379;238.9;13.83;6.1;0.0;55.0;16.0;65;High;0.85
30/09/2025;20:00:00;3.508;0.483;236.36;14.84;3.7;0.0;55.0;14.4;72;High;0.85
30/09/2025;21:00:00;3.534;0.457;235.47;15.01;5.7;0.0;55.0;13.7;73;High;0.85
30/09/2025;22:00:00;2.863;0.573;239.19;11.97;0.0;0.0;55.0;12.8;76;High;0.85
30/09/2025;23:00:00;1.856;0.31;238.87;7.77;0.0;0.0;55.0;12.1;79;Medium;0.5
01/10/2025;00:00:00;0.869;0.085;239.45;3.63;0.0;0.0;55.0;11.6;81;Low;0.15
01/10/2025;01:00:00;0.923;0.116;239.7;3.85;0.0;0.0;55.0;11.0;83;Low;0.15
01/10/2025;02:00:00;0.723;0.089;238.54;3.03;0.0;0.0;55.0;10.6;87;Low;0.15
01/10/2025;03:00:00;2.968;0.633;239.41;12.4;0.0;0.0;55.0;9.6;90;Low;0.15
01/10/2025;04:00:00;0.997;0.08;237.61;4.2;0.0;0.0;55.0;9.1;92;Low;0.15
01/10/2025;05:00:00;1.176;0.077;244.27;4.82;0.0;0.0;55.0;8.6;93;Low;0.15
01/10/2025;06:00:00;1.998;0.399;237.76;8.4;0.0;0.0;55.0;8.3;95;Medium;0.5
01/10/2025;07:00:00;2.886;0.584;238.96;12.08;0.0;14.1;55.0;8.0;96;Medium;0.5
01/10/2025;08:00:00;3.103;0.615;237.97;13.04;0.0;4.4;55.0;8.1;98;Medium;0.5
01/10/2025;09:00:00;2.589;0.354;237.93;10.88;0.0;14.5;55.0;9.0;97;Medium;0.5
01/10/2025;10:00:00;1.671;0.271;240.07;6.96;0.0;0.0;55.0;10.8;92;Low;0.15
01/10/2025;11:00:00;1.165;0.17;239.71;4.86;0.0;0.0;55.0;12.8;86;Low;0.15
01/10/2025;12:00:00;0.816;0.05;238.71;3.42;0.0;0.0;55.0;14.8;78;Low;0.15
01/10/2025;13:00:00;0.68;0.103;239.21;2.84;0.0;0.0;55.0;16.5;70;Low;0.15
01/10/2025;14:00:00;0.625;0.033;237.98;2.63;0.0;0.0;55.0;17.8;60;Low;0.15
01/10/2025;15:00:00;4.338;0.457;241.12;17.99;0.0;0.0;55.0;18.7;55;Low;0.15
01/10/2025;16:00:00;1.027;0.214;245.75;4.18;0.0;0.0;55.0;19.0;54;Low;0.15
01/10/2025;17:00:00;1.794;0.182;237.55;7.55;0.0;0.0;55.0;19.0;51;Medium;0.5
01/10/2025;18:00:00;2.707;0.568;241.1;11.23;5.4;0.0;55.0;18.8;53;High;0.85
01/10/2025;19:00:00;3.41;0.316;240.13;14.2;5.3;0.0;55.0;17.6;64;High;0.85
01/10/2025;20:00:00;3.534;0.366;241.87;14.61;2.0;0.0;55.0;16.6;68;High;0.85
01/10/2025;21:00:00;3.455;0.542;241.95;14.28;2.2;0.0;55.0;14.7;76;High;0.85
01/10/2025;22:00:00;2.723;0.489;240.58;11.32;0.0;0.0;55.0;14.0;79;High;0.85
01/10/2025;23:00:00;2.026;0.274;239.89;8.44;0.0;0.0;55.0;13.1;81;Medium;0.5
02/10/2025;00:00:00;2.726;0.545;238.78;11.41;0.0;0.0;55.0;12.8;83;Low;0.15
02/10/2025;01:00:00;1.034;0.059;237.86;4.35;0.0;0.0;55.0;11.7;86;Low;0.15
02/10/2025;02:00:00;0.911;0.188;239.73;3.8;0.0;0.0;55.0;11.2;89;Low;0.15
02/10/2025;03:00:00;0.862;0.072;236.4;3.65;0.0;0.0;55.0;10.7;90;Low;0.15
02/10/2025;04:00:00;2.945;0.59;238.34;12.36;0.0;0.0;55.0;10.3;91;Low;0.15
02/10/2025;05:00:00;1.173;0.139;243.1;4.82;0.0;0.0;55.0;9.8;91;Low;0.15
02/10/2025;06:00:00;2.008;0.385;240.28;8.36;0.0;0.0;55.0;9.3;91;Medium;0.5
02/10/2025;07:00:00;2.705;0.444;242.5;11.15;0.0;2.7;55.0;8.9;92;Medium;0.5
02/10/2025;08:00:00;2.952;0.236;244.12;12.09;0.0;9.5;55.0;8.6;93;Medium;0.5
02/10/2025;09:00:00;2.638;0.544;239.5;11.01;0.0;19.3;55.0;9.1;93;Medium;0.5
02/10/2025;10:00:00;1.828;0.168;240.58;7.6;0.0;0.0;55.0;10.8;87;Low;0.15
02/10/2025;11:00:00;1.209;0.111;239.15;5.06;0.0;0.0;55.0;12.6;77;Low;0.15
02/10/2025;12:00:00;0.785;0.148;237.72;3.3;0.0;0.0;55.0;14.5;66;Low;0.15
02/10/2025;13:00:00;0.678;0.046;237.33;2.86;0.0;0.0;55.0;16.0;57;Low;0.15
02/10/2025;14:00:00;0.702;0.062;242.36;2.9;0.0;0.0;55.0;17.3;48;Low;0.15
02/10/2025;15:00:00;0.829;0.112;240.58;3.45;0.0;0.0;55.0;17.7;47;Low;0.15
02/10/2025;16:00:00;0.885;0.169;245.17;3.61;0.0;0.0;55.0;17.7;47;Low;0.15
02/10/2025;17:00:00;1.678;0.126;242.72;6.92;0.0;0.0;55.0;17.5;48;Medium;0.5
02/10/2025;18:00:00;2.476;0.354;237.95;10.41;22.4;0.0;55.0;16.9;53;High;0.85
02/10/2025;19:00:00;3.345;0.572;242.35;13.8;23.6;0.0;55.0;15.6;60;High;0.85
02/10/2025;20:00:00;3.688;0.724;239.15;15.42;18.2;0.0;55.0;14.4;65;High;0.85
02/10/2025;21:00:00;3.347;0.7;243.41;13.75;8.7;0.0;55.0;13.5;68;High;0.85
02/10/2025;22:00:00;2.939;0.539;238.64;12.31;0.0;0.0;55.0;12.7;69;High;0.85
02/10/2025;23:00:00;1.738;0.28;237.05;7.33;0.0;0.0;55.0;12.4;71;Medium;0.5
03/10/2025;00:00:00;0.714;0.088;237.77;3.0;0.0;0.0;55.0;11.7;72;Low;0.15
03/10/2025;01:00:00;0.883;0.061;237.91;3.71;0.0;0.0;55.0;11.7;72;Low;0.15
03/10/2025;02:00:00;0.948;0.162;237.65;3.99;0.0;0.0;55.0;12.0;73;Low;0.15
03/10/2025;03:00:00;1.029;0.225;238.4;4.32;0.0;0.0;55.0;11.8;74;Low;0.15
03/10/2025;04:00:00;0.869;0.152;242.4;3.59;0.0;0.0;55.0;11.6;76;Low;0.15
03/10/2025;05:00:00;1.222;0.065;245.03;4.99;0.0;0.0;55.0;11.3;78;Low;0.15
03/10/2025;06:00:00;1.848;0.248;236.28;7.82;0.0;0.0;55.0;11.2;79;Medium;0.5
03/10/2025;07:00:00;2.509;0.388;243.54;10.3;0.0;15.7;55.0;11.0;79;Medium;0.5
03/10/2025;08:00:00;2.941;0.492;238.66;12.32;0.0;3.0;55.0;11.2;80;Medium;0.5
03/10/2025;09:00:00;2.573;0.444;240.97;10.68;0.0;17.9;55.0;11.3;80;Medium;0.5
03/10/2025;10:00:00;1.39;0.201;235.37;5.9;0.0;0.0;55.0;11.9;80;Low;0.15
03/10/2025;11:00:00;1.184;0.104;241.47;4.9;0.0;0.0;55.0;12.6;77;Low;0.15
03/10/2025;12:00:00;0.982;0.206;234.39;4.19;0.0;0.0;55.0;12.8;74;Low;0.15
03/10/2025;13:00:00;0.684;0.115;240.88;2.84;0.0;0.0;55.0;13.8;72;Low;0.15
03/10/2025;14:00:00;0.729;0.066;240.72;3.03;0.0;0.0;55.0;15.2;69;Low;0.15
03/10/2025;15:00:00;0.829;0.087;240.53;3.45;0.0;0.0;55.0;14.8;73;Low;0.15
03/10/2025;16:00:00;1.043;0.216;237.94;4.38;0.0;0.0;55.0;14.5;77;Low;0.15
03/10/2025;17:00:00;1.685;0.338;241.54;6.98;0.0;0.0;55.0;14.4;81;Medium;0.5
03/10/2025;18:00:00;2.618;0.311;241.1;10.86;3.8;0.0;55.0;14.3;86;High;0.85
03/10/2025;19:00:00;3.327;0.188;239.41;13.9;10.3;0.0;55.0;14.6;90;High;0.85
03/10/2025;20:00:00;3.735;0.218;241.88;15.44;0.7;0.0;55.0;14.5;94;High;0.85
03/10/2025;21:00:00;3.36;0.33;239.73;14.02;3.7;0.0;55.0;15.0;95;High;0.85
03/10/2025;22:00:00;2.606;0.409;241.48;10.79;0.0;0.0;55.0;15.6;95;High;0.85
03/10/2025;23:00:00;1.781;0.266;239.65;7.43;0.0;0.0;55.0;16.2;95;Medium;0.5
04/10/2025;00:00:00;0.378;0.06;240.61;1.57;0.0;0.0;55.0;16.9;94;Low;0.15
04/10/2025;01:00:00;0.777;0.134;241.61;3.22;0.0;0.0;55.0;17.3;94;Low;0.15
04/10/2025;02:00:00;2.489;0.133;238.89;10.42;0.0;0.0;55.0;17.9;95;Low;0.15
04/10/2025;03:00:00;0.634;0.043;236.55;2.68;0.0;0.0;55.0;18.2;93;Low;0.15
04/10/2025;04:00:00;0.606;0.067;240.77;2.52;0.0;0.0;55.0;18.0;93;Low;0.15
04/10/2025;05:00:00;0.798;0.061;243.33;3.28;0.0;0.0;55.0;17.9;93;Low;0.15
04/10/2025;06:00:00;1.845;0.116;240.84;7.66;0.0;0.0;55.0;17.7;92;Medium;0.5
04/10/2025;07:00:00;2.444;0.388;240.89;10.14;0.0;15.3;55.0;17.7;92;Medium;0.5
04/10/2025;08:00:00;2.915;0.55;239.88;12.15;0.0;5.8;55.0;17.3;94;Medium;0.5
04/10/2025;09:00:00;2.54;0.452;242.07;10.49;0.0;18.9;55.0;14.1;87;Medium;0.5
04/10/2025;10:00:00;1.896;0.358;239.48;7.92;0.0;0.0;55.0;13.0;88;Medium;0.5
04/10/2025;11:00:00;1.568;0.256;238.73;6.57;0.0;0.0;55.0;13.2;85;High;0.85
04/10/2025;12:00:00;1.116;0.195;243.09;4.59;0.0;0.0;55.0;15.0;65;High;0.85
04/10/2025;13:00:00;1.301;0.125;238.51;5.45;0.0;0.0;55.0;15.6;57;High;0.85
04/10/2025;14:00:00;1.193;0.261;242.49;4.92;0.0;0.0;55.0;14.6;57;High;0.85
04/10/2025;15:00:00;1.177;0.096;243.1;4.84;0.0;0.0;55.0;14.6;61;High;0.85
04/10/2025;16:00:00;1.256;0.109;241.59;5.2;0.0;0.0;55.0;15.0;54;Medium;0.5
04/10/2025;17:00:00;2.019;0.2;236.5;8.54;0.0;0.0;55.0;14.2;62;Medium;0.5
04/10/2025;18:00:00;3.043;0.657;240.08;12.67;11.3;0.0;55.0;13.4;65;High;0.85
04/10/2025;19:00:00;3.708;0.808;239.43;15.49;4.8;0.0;55.0;13.0;65;High;0.85
04/10/2025;20:00:00;4.069;0.753;238.61;17.05;18.8;0.0;55.0;12.4;65;High;0.85
04/10/2025;21:00:00;3.783;0.594;240.4;15.74;8.1;0.0;55.0;11.8;69;High;0.85
04/10/2025;22:00:00;3.291;0.456;242.15;13.59;0.0;0.0;55.0;11.3;73;High;0.85
04/10/2025;23:00:00;2.099;0.451;238.72;8.79;0.0;0.0;55.0;11.0;75;Medium;0.5
05/10/2025;00:00:00;0.958;0.161;239.52;4.0;0.0;0.0;55.0;10.8;76;Low;0.15
05/10/2025;01:00:00;1.042;0.219;239.33;4.35;0.0;0.0;55.0;10.4;78;Low;0.15
05/10/2025;02:00:00;0.939;0.097;243.26;3.86;0.0;0.0;55.0;10.8;82;Low;0.15
05/10/2025;03:00:00;0.914;0.098;239.28;3.82;0.0;0.0;55.0;10.5;82;Low;0.15
05/10/2025;04:00:00;0.981;0.192;236.54;4.15;0.0;0.0;55.0;10.3;82;Low;0.15
05/10/2025;05:00:00;1.202;0.091;235.59;5.1;0.0;0.0;55.0;10.3;81;Low;0.15
05/10/2025;06:00:00;2.007;0.423;241.02;8.33;0.0;0.0;55.0;10.3;81;Medium;0.5
05/10/2025;07:00:00;2.833;0.386;237.87;11.91;0.0;15.3;55.0;10.5;81;Medium;0.5
05/10/2025;08:00:00;3.167;0.657;241.87;13.09;0.0;9.7;55.0;10.3;86;Medium;0.5
05/10/2025;09:00:00;2.828;0.303;236.27;11.97;0.0;16.9;55.0;10.6;86;Medium;0.5
05/10/2025;10:00:00;1.913;0.328;238.49;8.02;0.0;0.0;55.0;11.8;82;Medium;0.5
05/10/2025;11:00:00;1.58;0.209;236.27;6.69;0.0;0.0;55.0;13.0;76;High;0.85
05/10/2025;12:00:00;1.086;0.17;241.22;4.5;0.0;0.0;55.0;14.3;67;High;0.85
05/10/2025;13:00:00;1.293;0.175;241.82;5.35;0.0;0.0;55.0;15.2;61;High;0.85
05/10/2025;14:00:00;1.253;0.269;240.95;5.2;0.0;0.0;55.0;15.9;55;High;0.85
05/10/2025;15:00:00;1.409;0.236;236.96;5.94;0.0;0.0;55.0;16.3;50;High;0.85
05/10/2025;16:00:00;1.009;0.094;237.91;4.24;0.0;0.0;55.0;16.3;51;Medium;0.5
05/10/2025;17:00:00;5.53;1.132;240.66;22.98;0.0;0.0;55.0;15.7;55;Medium;0.5
05/10/2025;18:00:00;4.848;0.485;235.27;20.6;8.2;0.0;55.0;15.0;61;High;0.85
05/10/2025;19:00:00;3.8;0.43;239.32;15.88;5.1;0.0;55.0;13.9;66;High;0.85
05/10/2025;20:00:00;3.946;0.266;244.25;16.15;20.6;0.0;55.0;13.3;72;High;0.85
05/10/2025;21:00:00;3.828;0.777;239.5;15.99;10.5;0.0;55.0;12.6;76;High;0.85
05/10/2025;22:00:00;2.936;0.29;235.83;12.45;0.0;0.0;55.0;12.0;79;High;0.85
05/10/2025;23:00:00;1.963;0.185;238.3;8.24;0.0;0.0;55.0;11.6;81;Medium;0.5
06/10/2025;00:00:00;1.076;0.222;238.23;4.52;0.0;0.0;55.0;11.3;81;Low;0.15
06/10/2025;01:00:00;0.883;0.165;245.99;3.59;0.0;0.0;55.0;11.0;80;Low;0.15
06/10/2025;02:00:00;0.907;0.067;244.66;3.71;0.0;0.0;55.0;11.3;83;Low;0.15
06/10/2025;03:00:00;1.02;0.184;242.05;4.21;0.0;0.0;55.0;10.6;85;Low;0.15
06/10/2025;04:00:00;1.049;0.215;239.04;4.39;0.0;0.0;55.0;10.2;86;Low;0.15
06/10/2025;05:00:00;1.214;0.077;243.36;4.99;0.0;0.0;55.0;9.9;88;Low;0.15
06/10/2025;06:00:00;1.984;0.378;236.83;8.38;0.0;0.0;55.0;9.6;90;Medium;0.5
06/10/2025;07:00:00;2.863;0.41;243.01;11.78;0.0;2.0;55.0;9.4;91;Medium;0.5
06/10/2025;08:00:00;2.937;0.481;242.6;12.11;0.0;15.2;55.0;9.7;92;Medium;0.5
06/10/2025;09:00:00;2.588;0.346;239.58;10.8;0.0;5.9;55.0;10.3;90;Medium;0.5
06/10/2025;10:00:00;1.664;0.281;243.19;6.84;0.0;0.0;55.0;11.7;86;Low;0.15
06/10/2025;11:00:00;1.129;0.063;238.75;4.73;0.0;0.0;55.0;12.9;83;Low;0.15
06/10/2025;12:00:00;2.885;0.518;236.46;12.2;0.0;0.0;55.0;14.1;78;Low;0.15
06/10/2025;13:00:00;0.738;0.041;242.74;3.04;0.0;0.0;55.0;15.0;74;Low;0.15
06/10/2025;14:00:00;0.575;0.073;239.76;2.4;0.0;0.0;55.0;15.6;70;Low;0.15
06/10/2025;15:00:00;0.931;0.07;241.68;3.85;0.0;0.0;55.0;16.0;67;Low;0.15
06/10/2025;16:00:00;0.873;0.166;245.1;3.56;0.0;0.0;55.0;16.0;67;Low;0.15
06/10/2025;17:00:00;1.734;0.179;237.98;7.29;0.0;0.0;55.0;15.9;68;Medium;0.5
06/10/2025;18:00:00;2.568;0.327;239.6;10.72;8.6;0.0;55.0;15.9;70;High;0.85
06/10/2025;19:00:00;3.299;0.405;244.39;13.5;19.1;0.0;55.0;15.0;76;High;0.85
06/10/2025;20:00:00;7.162;1.2;241.87;29.61;15.7;0.0;55.0;14.3;81;High;0.85
06/10/2025;21:00:00;3.428;0.452;238.04;14.4;0.1;0.0;55.0;13.5;82;High;0.85
06/10/2025;22:00:00;2.817;0.519;237.33;11.87;0.0;0.0;55.0;12.8;83;High;0.85
06/10/2025;23:00:00;2.028;0.127;238.52;8.5;0.0;0.0;55.0;12.3;85;Medium;0.5
07/10/2025;00:00:00;0.906;0.075;237.93;3.81;0.0;0.0;55.0;11.7;88;Low;0.15
07/10/2025;01:00:00;0.884;0.127;240.66;3.67;0.0;0.0;55.0;10.9;91;Low;0.15
07/10/2025;02:00:00;1.035;0.218;240.22;4.31;0.0;0.0;55.0;10.4;94;Low;0.15
07/10/2025;03:00:00;1.082;0.068;240.78;4.49;0.0;0.0;55.0;10.1;94;Low;0.15
07/10/2025;04:00:00;0.894;0.051;237.65;3.76;0.0;0.0;55.0;9.9;96;Low;0.15
07/10/2025;05:00:00;1.258;0.096;239.8;5.25;0.0;0.0;55.0;9.9;94;Low;0.15
07/10/2025;06:00:00;4.0;0.636;234.24;17.08;0.0;0.0;55.0;9.9;94;Medium;0.5
07/10/2025;07:00:00;2.574;0.303;240.41;10.71;0.0;4.9;55.0;9.7;95;Medium;0.5
07/10/2025;08:00:00;3.105;0.591;243.29;12.76;0.0;5.2;55.0;9.3;100;Medium;0.5
07/10/2025;09:00:00;2.601;0.162;236.01;11.02;0.0;18.8;55.0;9.5;100;Medium;0.5
07/10/2025;10:00:00;1.656;0.138;241.35;6.86;0.0;0.0;55.0;10.3;99;Low;0.15
07/10/2025;11:00:00;1.049;0.106;238.29;4.4;0.0;0.0;55.0;12.1;94;Low;0.15
07/10/2025;12:00:00;0.743;0.116;242.25;3.07;0.0;0.0;55.0;14.5;82;Low;0.15
07/10/2025;13:00:00;0.565;0.094;240.44;2.35;0.0;0.0;55.0;16.2;72;Low;0.15
07/10/2025;14:00:00;0.546;0.039;241.13;2.26;0.0;0.0;55.0;17.1;68;Low;0.15
07/10/2025;15:00:00;0.927;0.195;240.18;3.86;0.0;0.0;55.0;17.6;67;Low;0.15
07/10/2025;16:00:00;0.903;0.097;243.72;3.7;0.0;0.0;55.0;18.0;66;Low;0.15
07/10/2025;17:00:00;3.605;0.617;240.97;14.96;0.0;0.0;55.0;18.1;66;Medium;0.5
07/10/2025;18:00:00;2.428;0.338;238.02;10.2;17.4;0.0;55.0;17.8;68;High;0.85
07/10/2025;19:00:00;3.242;0.285;240.28;13.49;8.0;0.0;55.0;16.5;78;High;0.85
07/10/2025;20:00:00;3.455;0.67;238.97;14.46;3.8;0.0;55.0;15.4;83;High;0.85
07/10/2025;21:00:00;3.494;0.661;240.45;14.53;9.8;0.0;55.0;14.6;85;High;0.85
07/10/2025;22:00:00;2.81;0.33;238.82;11.77;0.0;0.0;55.0;13.9;87;High;0.85
07/10/2025;23:00:00;1.731;0.26;238.1;7.27;0.0;0.0;55.0;13.4;89;Medium;0.5
08/10/2025;00:00:00;1.026;0.096;240.56;4.26;0.0;0.0;55.0;12.7;92;Low;0.15
08/10/2025;01:00:00;0.929;0.155;240.16;3.87;0.0;0.0;55.0;12.2;94;Low;0.15
08/10/2025;02:00:00;0.841;0.086;242.98;3.46;0.0;0.0;55.0;11.5;96;Low;0.15
08/10/2025;03:00:00;0.671;0.13;238.84;2.81;0.0;0.0;55.0;10.8;98;Low;0.15
08/10/2025;04:00:00;1.228;0.107;234.45;5.24;0.0;0.0;55.0;10.2;99;Low;0.15
08/10/2025;05:00:00;1.06;0.056;238.98;4.43;0.0;0.0;55.0;9.9;100;Low;0.15
08/10/2025;06:00:00;1.783;0.171;235.45;7.57;0.0;0.0;55.0;9.6;100;Medium;0.5
08/10/2025;07:00:00;2.731;0.225;241.16;11.32;0.0;5.2;55.0;9.3;100;Medium;0.5
08/10/2025;08:00:00;3.211;0.438;235.31;13.65;0.0;16.1;55.0;9.3;100;Medium;0.5
08/10/2025;09:00:00;2.749;0.233;237.23;11.59;0.0;8.3;55.0;9.6;99;Medium;0.5
08/10/2025;10:00:00;1.694;0.304;238.99;7.09;0.0;0.0;55.0;10.4;100;Low;0.15
08/10/2025;11:00:00;1.156;0.105;244.32;4.73;0.0;0.0;55.0;11.6;97;Low;0.15
08/10/2025;12:00:00;0.869;0.148;237.0;3.67;0.0;0.0;55.0;13.8;88;Low;0.15
08/10/2025;13:00:00;0.75;0.111;240.03;3.13;0.0;0.0;55.0;15.4;82;Low;0.15
08/10/2025;14:00:00;2.718;0.592;241.62;11.25;0.0;0.0;55.0;15.9;74;Low;0.15
08/10/2025;15:00:00;0.778;0.171;244.16;3.19;0.0;0.0;55.0;16.3;70;Low;0.15
08/10/2025;16:00:00;0.981;0.194;242.18;4.05;0.0;0.0;55.0;17.0;65;Low;0.15
08/10/2025;17:00:00;1.629;0.292;243.06;6.7;0.0;0.0;55.0;17.3;61;Medium;0.5
08/10/2025;18:00:00;2.615;0.303;242.42;10.79;4.5;0.0;55.0;16.6;66;High;0.85
08/10/2025;19:00:00;3.136;0.558;236.61;13.25;11.9;0.0;55.0;15.8;74;High;0.85
08/10/2025;20:00:00;3.644;0.775;241.01;15.12;9.8;0.0;55.0;13.9;80;High;0.85
08/10/2025;21:00:00;3.333;0.18;242.38;13.75;9.2;0.0;55.0;12.9;83;High;0.85
08/10/2025;22:00:00;2.701;0.382;237.32;11.38;0.0;0.0;55.0;12.2;85;High;0.85
08/10/2025;23:00:00;1.878;0.164;238.38;7.88;0.0;0.0;55.0;12.4;85;Medium;0.5
09/10/2025;00:00:00;1.0;0.145;237.75;4.2;0.0;0.0;55.0;11.7;88;Low;0.15
09/10/2025;01:00:00;2.958;0.383;242.16;12.22;0.0;0.0;55.0;11.6;89;Low;0.15
09/10/2025;02:00:00;0.662;0.098;239.81;2.76;0.0;0.0;55.0;12.4;88;Low;0.15
09/10/2025;03:00:00;0.702;0.101;239.1;2.94;0.0;0.0;55.0;12.8;88;Low;0.15
09/10/2025;04:00:00;0.931;0.199;236.41;3.94;0.0;0.0;55.0;12.9;89;Low;0.15
09/10/2025;05:00:00;0.926;0.133;239.81;3.86;0.0;0.0;55.0;12.8;90;Low;0.15
09/10/2025;06:00:00;1.733;0.336;238.41;7.27;0.0;0.0;55.0;12.8;91;Medium;0.5
09/10/2025;07:00:00;2.479;0.259;240.68;10.3;0.0;5.5;55.0;12.7;91;Medium;0.5
09/10/2025;08:00:00;2.654;0.33;236.8;11.21;0.0;5.0;55.0;12.9;93;Medium;0.5
09/10/2025;09:00:00;2.423;0.315;240.5;10.07;0.0;7.1;55.0;12.9;94;Medium;0.5
09/10/2025;10:00:00;1.3;0.127;238.77;5.44;0.0;0.0;55.0;13.8;91;Low;0.15
09/10/2025;11:00:00;0.845;0.097;236.5;3.57;0.0;0.0;55.0;14.8;84;Low;0.15
09/10/2025;12:00:00;0.744;0.113;236.28;3.15;0.0;0.0;55.0;15.8;75;Low;0.15
09/10/2025;13:00:00;0.515;0.077;236.7;2.18;0.0;0.0;55.0;16.7;69;Low;0.15
09/10/2025;14:00:00;0.734;0.116;239.42;3.06;0.0;0.0;55.0;17.5;61;Low;0.15
09/10/2025;15:00:00;0.766;0.084;240.34;3.19;0.0;0.0;55.0;17.7;58;Low;0.15
09/10/2025;16:00:00;1.043;0.108;240.76;4.33;0.0;0.0;55.0;18.0;55;Low;0.15
09/10/2025;17:00:00;1.727;0.266;240.86;7.17;0.0;0.0;55.0;18.1;55;Medium;0.5
09/10/2025;18:00:00;2.78;0.202;237.88;11.69;5.9;0.0;55.0;17.6;63;High;0.85
09/10/2025;19:00:00;3.318;0.309;242.96;13.66;6.3;0.0;55.0;16.5;74;High;0.85
09/10/2025;20:00:00;3.545;0.203;238.76;14.85;8.9;0.0;55.0;15.9;79;High;0.85
09/10/2025;21:00:00;3.318;0.207;241.26;13.75;22.4;0.0;55.0;15.6;83;High;0.85
09/10/2025;22:00:00;2.698;0.246;239.54;11.26;0.0;0.0;55.0;15.2;87;High;0.85
09/10/2025;23:00:00;1.709;0.091;241.05;7.09;0.0;0.0;55.0;15.0;88;Medium;0.5
10/10/2025;00:00:00;0.691;0.063;239.4;2.88;0.0;0.0;55.0;14.6;88;Low;0.15
10/10/2025;01:00:00;0.682;0.11;241.1;2.83;0.0;0.0;55.0;13.5;89;Low;0.15
10/10/2025;02:00:00;0.717;0.043;239.98;2.99;0.0;0.0;55.0;13.0;87;Low;0.15
10/10/2025;03:00:00;0.679;0.084;242.28;2.8;0.0;0.0;55.0;12.5;88;Low;0.15
10/10/2025;04:00:00;3.096;0.635;237.71;13.02;0.0;0.0;55.0;11.5;92;Low;0.15
10/10/2025;05:00:00;1.014;0.187;235.04;4.31;0.0;0.0;55.0;10.9;93;Low;0.15
10/10/2025;06:00:00;1.837;0.187;237.27;7.74;0.0;0.0;55.0;10.3;94;Medium;0.5
10/10/2025;07:00:00;2.532;0.525;242.99;10.42;0.0;4.7;55.0;9.7;96;Medium;0.5
10/10/2025;08:00:00;3.038;0.322;239.57;12.68;0.0;13.4;55.0;9.6;96;Medium;0.5
10/10/2025;09:00:00;2.557;0.159;240.26;10.64;0.0;15.3;55.0;10.0;95;Medium;0.5
10/10/2025;10:00:00;1.702;0.373;237.05;7.18;0.0;0.0;55.0;11.4;90;Low;0.15
10/10/2025;11:00:00;0.951;0.188;240.18;3.96;0.0;0.0;55.0;12.9;85;Low;0.15
10/10/2025;12:00:00;0.782;0.101;237.14;3.3;0.0;0.0;55.0;14.3;75;Low;0.15
10/10/2025;13:00:00;0.591;0.096;237.55;2.49;0.0;0.0;55.0;15.1;72;Low;0.15
10/10/2025;14:00:00;0.94;0.154;238.87;3.94;0.0;0.0;55.0;14.4;75;Low;0.15
10/10/2025;15:00:00;0.661;0.055;241.25;2.74;0.0;0.0;55.0;14.8;74;Low;0.15
10/10/2025;16:00:00;3.042;0.256;241.55;12.6;0.0;0.0;55.0;14.6;74;Low;0.15
10/10/2025;17:00:00;1.798;0.233;241.62;7.44;0.0;0.0;55.0;14.5;74;Medium;0.5
10/10/2025;18:00:00;2.727;0.559;235.55;11.58;15.5;0.0;55.0;14.3;74;High;0.85
10/10/2025;19:00:00;3.347;0.173;239.98;13.95;24.7;0.0;55.0;14.0;79;High;0.85
10/10/2025;20:00:00;3.671;0.672;239.45;15.33;1.5;0.0;55.0;13.4;83;High;0.85
10/10/2025;21:00:00;3.418;0.204;235.71;14.5;1.9;0.0;55.0;13.2;85;High;0.85
10/10/2025;22:00:00;2.742;0.36;240.04;11.42;0.0;0.0;55.0;13.1;86;High;0.85
10/10/2025;23:00:00;1.921;0.304;239.3;8.03;0.0;0.0;55.0;13.0;86;Medium;0.5
11/10/2025;00:00:00;1.022;0.17;241.43;4.23;0.0;0.0;55.0;12.7;88;Low;0.15
11/10/2025;01:00:00;0.739;0.044;240.23;3.08;0.0;0.0;55.0;12.8;87;Low;0.15
11/10/2025;02:00:00;0.676;0.082;238.46;2.84;0.0;0.0;55.0;12.5;88;Low;0.15
11/10/2025;03:00:00;0.811;0.121;242.59;3.34;0.0;0.0;55.0;12.5;88;Low;0.15
11/10/2025;04:00:00;1.15;0.07;233.78;4.92;0.0;0.0;55.0;12.1;89;Low;0.15
11/10/2025;05:00:00;1.051;0.077;239.82;4.38;0.0;0.0;55.0;11.6;91;Low;0.15
11/10/2025;06:00:00;2.127;0.346;235.06;9.05;0.0;0.0;55.0;11.1;92;Medium;0.5
11/10/2025;07:00:00;2.922;0.405;237.45;12.31;0.0;11.0;55.0;10.6;93;Medium;0.5
11/10/2025;08:00:00;3.101;0.24;241.47;12.84;0.0;12.4;55.0;10.4;94;Medium;0.5
11/10/2025;09:00:00;2.805;0.396;236.43;11.87;0.0;18.6;55.0;10.7;94;Medium;0.5
11/10/2025;10:00:00;2.078;0.426;236.01;8.8;0.0;0.0;55.0;11.9;90;Medium;0.5
11/10/2025;11:00:00;1.492;0.079;246.67;6.05;0.0;0.0;55.0;13.7;84;High;0.85
11/10/2025;12:00:00;1.224;0.195;236.19;5.18;0.0;0.0;55.0;15.2;77;High;0.85
11/10/2025;13:00:00;1.143;0.071;244.62;4.67;0.0;0.0;55.0;16.7;69;High;0.85
11/10/2025;14:00:00;1.117;0.057;239.52;4.66;0.0;0.0;55.0;16.9;69;High;0.85
11/10/2025;15:00:00;1.244;0.094;238.53;5.21;0.0;0.0;55.0;17.9;65;High;0.85
11/10/2025;16:00:00;1.176;0.143;241.59;4.87;0.0;0.0;55.0;18.2;65;Medium;0.5
11/10/2025;17:00:00;1.824;0.34;243.74;7.49;0.0;0.0;55.0;17.8;67;Medium;0.5
11/10/2025;18:00:00;2.785;0.273;236.79;11.76;7.0;0.0;55.0;17.6;69;High;0.85
11/10/2025;19:00:00;3.647;0.57;238.57;15.29;0.2;0.0;55.0;16.1;77;High;0.85
11/10/2025;20:00:00;3.798;0.455;242.37;15.67;21.4;0.0;55.0;14.9;81;High;0.85
11/10/2025;21:00:00;3.722;0.334;240.81;15.46;3.0;0.0;55.0;13.9;84;High;0.85
11/10/2025;22:00:00;3.053;0.42;243.09;12.56;0.0;0.0;55.0;13.2;87;High;0.85
11/10/2025;23:00:00;1.766;0.328;241.44;7.31;0.0;0.0;55.0;12.6;88;Medium;0.5
12/10/2025;00:00:00;0.88;0.169;245.06;3.59;0.0;0.0;55.0;12.0;90;Low;0.15
12/10/2025;01:00:00;0.995;0.193;240.5;4.14;0.0;0.0;55.0;11.5;91;Low;0.15
12/10/2025;02:00:00;0.764;0.082;240.62;3.18;0.0;0.0;55.0;11.3;92;Low;0.15
12/10/2025;03:00:00;1.101;0.204;240.9;4.57;0.0;0.0;55.0;10.6;93;Low;0.15
12/10/2025;04:00:00;1.054;0.091;239.6;4.4;0.0;0.0;55.0;10.1;94;Low;0.15
12/10/2025;05:00:00;1.175;0.206;242.37;4.85;0.0;0.0;55.0;9.7;95;Low;0.15
12/10/2025;06:00:00;2.059;0.435;240.66;8.56;0.0;0.0;55.0;9.4;96;Medium;0.5
12/10/2025;07:00:00;2.9;0.152;242.21;11.97;0.0;7.6;55.0;9.1;96;Medium;0.5
12/10/2025;08:00:00;3.236;0.404;242.64;13.33;0.0;16.4;55.0;9.2;96;Medium;0.5
12/10/2025;09:00:00;2.886;0.462;241.2;11.97;0.0;18.6;55.0;9.3;96;Medium;0.5
12/10/2025;10:00:00;1.895;0.321;241.4;7.85;0.0;0.0;55.0;10.7;93;Medium;0.5
12/10/2025;11:00:00;1.625;0.13;237.17;6.85;0.0;0.0;55.0;12.4;87;High;0.85
12/10/2025;12:00:00;1.139;0.245;238.46;4.78;0.0;0.0;55.0;14.4;79;High;0.85
12/10/2025;13:00:00;1.19;0.184;242.36;4.91;0.0;0.0;55.0;16.1;71;High;0.85
12/10/2025;14:00:00;1.128;0.088;243.99;4.62;0.0;0.0;55.0;17.2;65;High;0.85
12/10/2025;15:00:00;1.235;0.066;234.57;5.27;0.0;0.0;55.0;17.4;64;High;0.85
12/10/2025;16:00:00;1.422;0.26;238.41;5.97;0.0;0.0;55.0;17.4;65;Medium;0.5
12/10/2025;17:00:00;1.93;0.123;240.07;8.04;0.0;0.0;55.0;17.1;66;Medium;0.5
12/10/2025;18:00:00;2.922;0.216;237.54;12.3;19.8;0.0;55.0;16.5;68;High;0.85
12/10/2025;19:00:00;3.514;0.519;237.7;14.78;2.6;0.0;55.0;15.2;75;High;0.85
12/10/2025;20:00:00;3.97;0.606;241.33;16.45;19.4;0.0;55.0;14.1;79;High;0.85
12/10/2025;21:00:00;3.853;0.642;244.43;15.76;21.1;0.0;55.0;13.2;81;High;0.85
12/10/2025;22:00:00;3.026;0.354;234.31;12.91;0.0;0.0;55.0;12.5;82;High;0.85
12/10/2025;23:00:00;2.233;0.405;239.52;9.32;0.0;0.0;55.0;12.0;83;Medium;0.5
13/10/2025;00:00:00;0.912;0.197;241.3;3.78;0.0;0.0;55.0;11.5;84;Low;0.15
13/10/2025;01:00:00;0.922;0.089;242.18;3.81;0.0;0.0;55.0;11.0;85;Low;0.15
13/10/2025;02:00:00;0.896;0.152;240.89;3.72;0.0;0.0;55.0;10.6;87;Low;0.15
13/10/2025;03:00:00;0.97;0.202;244.93;3.96;0.0;0.0;55.0;10.2;89;Low;0.15
13/10/2025;04:00:00;1.002;0.167;240.08;4.17;0.0;0.0;55.0;9.9;90;Low;0.15
13/10/2025;05:00:00;1.281;0.212;243.67;5.26;0.0;0.0;55.0;9.7;91;Low;0.15
13/10/2025;06:00:00;2.038;0.179;238.19;8.55;0.0;0.0;55.0;9.7;91;Medium;0.5
13/10/2025;07:00:00;2.52;0.355;240.16;10.49;0.0;10.0;55.0;9.8;92;Medium;0.5
13/10/2025;08:00:00;2.798;0.407;236.6;11.83;0.0;11.0;55.0;9.9;93;Medium;0.5
13/10/2025;09:00:00;2.379;0.402;242.52;9.81;0.0;9.9;55.0;10.4;95;Medium;0.5
13/10/2025;10:00:00;1.568;0.344;239.66;6.54;0.0;0.0;55.0;12.4;90;Low;0.15
13/10/2025;11:00:00;0.86;0.048;241.0;3.57;0.0;0.0;55.0;13.7;85;Low;0.15
13/10/2025;12:00:00;0.503;0.031;239.12;2.1;0.0;0.0;55.0;14.9;79;Low;0.15
13/10/2025;13:00:00;0.713;0.045;241.64;2.95;0.0;0.0;55.0;15.4;76;Low;0.15
13/10/2025;14:00:00;0.939;0.166;241.11;3.89;0.0;0.0;55.0;15.4;74;Low;0.15
13/10/2025;15:00:00;0.767;0.056;237.21;3.23;0.0;0.0;55.0;15.9;73;Low;0.15
13/10/2025;16:00:00;1.071;0.167;237.38;4.51;0.0;0.0;55.0;16.2;73;Low;0.15
13/10/2025;17:00:00;5.212;0.548;239.92;21.73;0.0;0.0;55.0;16.5;73;Medium;0.5
13/10/2025;18:00:00;2.633;0.336;241.85;10.89;7.7;0.0;55.0;16.1;77;High;0.85
13/10/2025;19:00:00;3.397;0.294;245.22;13.85;10.9;0.0;55.0;15.7;79;High;0.85
13/10/2025;20:00:00;3.558;0.702;240.85;14.77;12.5;0.0;55.0;15.3;82;High;0.85
13/10/2025;21:00:00;5.344;0.8;242.82;22.01;24.8;0.0;55.0;14.8;84;High;0.85
13/10/2025;22:00:00;4.735;0.997;235.48;20.11;0.0;0.0;55.0;14.0;88;High;0.85
13/10/2025;23:00:00;1.739;0.257;245.64;7.08;0.0;0.0;55.0;13.3;90;Medium;0.5
14/10/2025;00:00:00;0.894;0.064;241.7;3.7;0.0;0.0;55.0;12.8;92;Low;0.15
14/10/2025;01:00:00;0.807;0.064;239.86;3.36;0.0;0.0;55.0;12.3;93;Low;0.15
14/10/2025;02:00:00;2.707;0.591;239.54;11.3;0.0;0.0;55.0;13.0;93;Low;0.15
14/10/2025;03:00:00;0.867;0.15;236.9;3.66;0.0;0.0;55.0;12.6;94;Low;0.15
14/10/2025;04:00:00;0.795;0.046;237.7;3.35;0.0;0.0;55.0;12.1;95;Low;0.15
14/10/2025;05:00:00;1.069;0.181;245.35;4.36;0.0;0.0;55.0;12.1;95;Low;0.15
14/10/2025;06:00:00;1.779;0.214;237.23;7.5;0.0;0.0;55.0;12.4;95;Medium;0.5
14/10/2025;07:00:00;2.539;0.26;237.18;10.7;0.0;5.9;55.0;12.6;94;Medium;0.5
14/10/2025;08:00:00;2.798;0.213;238.03;11.76;0.0;12.0;55.0;12.9;92;Medium;0.5
14/10/2025;09:00:00;4.416;0.851;236.65;18.66;0.0;1.7;55.0;12.8;91;Medium;0.5
14/10/2025;10:00:00;1.539;0.094;240.04;6.41;0.0;0.0;55.0;13.4;85;Low;0.15
14/10/2025;11:00:00;1.092;0.108;243.05;4.49;0.0;0.0;55.0;14.0;80;Low;0.15
14/10/2025;12:00:00;0.768;0.078;238.29;3.22;0.0;0.0;55.0;15.2;71;Low;0.15
14/10/2025;13:00:00;0.675;0.052;236.15;2.86;0.0;0.0;55.0;16.0;64;Low;0.15
14/10/2025;14:00:00;0.559;0.076;240.82;2.32;0.0;0.0;55.0;16.5;62;Low;0.15
14/10/2025;15:00:00;0.661;0.034;239.84;2.76;0.0;0.0;55.0;17.0;58;Low;0.15
14/10/2025;16:00:00;0.957;0.097;242.81;3.94;0.0;0.0;55.0;17.0;58;Low;0.15
14/10/2025;17:00:00;1.643;0.343;238.73;6.88;0.0;0.0;55.0;16.5;60;Medium;0.5
14/10/2025;18:00:00;2.624;0.27;239.27;10.97;23.7;0.0;55.0;15.0;69;High;0.85
14/10/2025;19:00:00;5.365;0.597;239.58;22.39;20.8;0.0;55.0;14.1;76;High;0.85
14/10/2025;20:00:00;3.736;0.487;240.25;15.55;2.7;0.0;55.0;13.4;81;High;0.85
14/10/2025;21:00:00;3.412;0.496;238.9;14.28;24.9;0.0;55.0;13.1;83;High;0.85
14/10/2025;22:00:00;2.812;0.527;238.45;11.79;0.0;0.0;55.0;13.0;83;High;0.85
14/10/2025;23:00:00;1.855;0.153;234.82;7.9;0.0;0.0;55.0;12.6;85;Medium;0.5
15/10/2025;00:00:00;0.639;0.127;238.42;2.68;0.0;0.0;55.0;12.1;87;Low;0.15
15/10/2025;01:00:00;0.773;0.138;242.0;3.19;0.0;0.0;55.0;11.6;89;Low;0.15
15/10/2025;02:00:00;0.847;0.146;242.38;3.49;0.0;0.0;55.0;11.7;89;Low;0.15
15/10/2025;03:00:00;0.77;0.05;238.68;3.23;0.0;0.0;55.0;11.3;91;Low;0.15
15/10/2025;04:00:00;1.017;0.055;243.64;4.17;0.0;0.0;55.0;10.9;92;Low;0.15
15/10/2025;05:00:00;1.304;0.197;239.92;5.43;0.0;0.0;55.0;10.7;93;Low;0.15
15/10/2025;06:00:00;2.004;0.394;236.25;8.48;0.0;0.0;55.0;10.7;94;Medium;0.5
15/10/2025;07:00:00;2.529;0.378;235.37;10.74;0.0;6.1;55.0;10.6;95;Medium;0.5
15/10/2025;08:00:00;2.972;0.256;243.41;12.21;0.0;14.0;55.0;11.7;96;Medium;0.5
15/10/2025;09:00:00;2.493;0.163;238.96;10.43;0.0;13.1;55.0;11.8;96;Medium;0.5
15/10/2025;10:00:00;1.484;0.251;236.6;6.27;0.0;0.0;55.0;12.4;93;Low;0.15
15/10/2025;11:00:00;0.933;0.161;233.67;3.99;0.0;0.0;55.0;13.3;85;Low;0.15
15/10/2025;12:00:00;4.194;0.333;238.89;17.55;0.0;0.0;55.0;14.8;73;Low;0.15
15/10/2025;13:00:00;0.636;0.035;241.13;2.64;0.0;0.0;55.0;15.7;66;Low;0.15
15/10/2025;14:00:00;0.707;0.084;238.05;2.97;0.0;0.0;55.0;15.4;68;Low;0.15
15/10/2025;15:00:00;0.784;0.117;237.05;3.31;0.0;0.0;55.0;15.3;67;Low;0.15
15/10/2025;16:00:00;0.988;0.168;238.46;4.14;0.0;0.0;55.0;15.4;68;Low;0.15
15/10/2025;17:00:00;1.754;0.329;243.48;7.2;0.0;0.0;55.0;14.9;70;Medium;0.5
15/10/2025;18:00:00;2.78;0.428;236.1;11.78;13.9;0.0;55.0;14.7;73;High;0.85
15/10/2025;19:00:00;3.454;0.238;238.2;14.5;14.5;0.0;55.0;14.1;77;High;0.85
15/10/2025;20:00:00;3.505;0.582;243.39;14.4;9.4;0.0;55.0;13.9;79;High;0.85
15/10/2025;21:00:00;3.14;0.682;241.38;13.01;4.1;0.0;55.0;13.5;80;High;0.85
15/10/2025;22:00:00;2.839;0.579;240.5;11.8;0.0;0.0;55.0;13.3;80;High;0.85
15/10/2025;23:00:00;1.693;0.336;238.18;7.11;0.0;0.0;55.0;12.9;81;Medium;0.5
16/10/2025;00:00:00;0.79;0.08;240.09;3.29;0.0;0.0;55.0;12.5;82;Low;0.15
16/10/2025;01:00:00;0.708;0.126;238.49;2.97;0.0;0.0;55.0;12.3;82;Low;0.15
16/10/2025;02:00:00;0.633;0.123;237.59;2.66;0.0;0.0;55.0;12.5;81;Low;0.15
16/10/2025;03:00:00;4.385;0.725;236.98;18.5;0.0;0.0;55.0;12.3;81;Low;0.15
16/10/2025;04:00:00;0.979;0.091;242.2;4.04;0.0;0.0;55.0;11.8;83;Low;0.15
16/10/2025;05:00:00;1.063;0.226;239.83;4.43;0.0;0.0;55.0;11.2;85;Low;0.15
16/10/2025;06:00:00;1.653;0.209;240.88;6.86;0.0;0.0;55.0;10.2;89;Medium;0.5
16/10/2025;07:00:00;2.562;0.185;240.42;10.65;0.0;13.3;55.0;9.5;93;Medium;0.5
16/10/2025;08:00:00;2.952;0.203;241.23;12.24;0.0;18.2;55.0;10.2;90;Medium;0.5
16/10/2025;09:00:00;2.408;0.386;239.29;10.06;0.0;11.2;55.0;10.5;89;Medium;0.5
16/10/2025;10:00:00;1.602;0.199;238.65;6.71;0.0;0.0;55.0;11.3;86;Low;0.15
16/10/2025;11:00:00;1.029;0.068;237.72;4.33;0.0;0.0;55.0;12.7;80;Low;0.15
16/10/2025;12:00:00;0.836;0.147;236.04;3.54;0.0;0.0;55.0;13.9;74;Low;0.15
16/10/2025;13:00:00;0.722;0.134;236.86;3.05;0.0;0.0;55.0;14.4;67;Low;0.15
16/10/2025;14:00:00;0.628;0.109;238.98;2.63;0.0;0.0;55.0;14.4;67;Low;0.15
16/10/2025;15:00:00;0.924;0.078;235.51;3.92;0.0;0.0;55.0;14.4;67;Low;0.15
16/10/2025;16:00:00;1.007;0.169;236.13;4.27;0.0;0.0;55.0;14.4;67;Low;0.15
16/10/2025;17:00:00;1.743;0.09;242.92;7.18;0.0;0.0;55.0;14.3;65;Medium;0.5
16/10/2025;18:00:00;2.604;0.265;240.63;10.82;11.9;0.0;55.0;14.1;68;High;0.85
16/10/2025;19:00:00;3.357;0.395;238.73;14.06;13.0;0.0;55.0;13.4;74;High;0.85
16/10/2025;20:00:00;3.607;0.693;246.36;14.64;13.2;0.0;55.0;13.2;76;High;0.85
16/10/2025;21:00:00;3.414;0.397;235.38;14.5;21.7;0.0;55.0;12.9;78;High;0.85
16/10/2025;22:00:00;2.952;0.153;242.73;12.16;0.0;0.0;55.0;12.7;78;High;0.85
16/10/2025;23:00:00;1.735;0.191;239.69;7.24;0.0;0.0;55.0;12.2;79;Medium;0.5
17/10/2025;00:00:00;0.699;0.094;242.2;2.89;0.0;0.0;55.0;11.7;82;Low;0.15
17/10/2025;01:00:00;1.038;0.219;240.31;4.32;0.0;0.0;55.0;11.2;85;Low;0.15
17/10/2025;02:00:00;0.846;0.178;234.76;3.6;0.0;0.0;55.0;11.6;83;Low;0.15
17/10/2025;03:00:00;0.824;0.067;240.27;3.43;0.0;0.0;55.0;11.3;85;Low;0.15
17/10/2025;04:00:00;1.097;0.089;240.94;4.55;0.0;0.0;55.0;10.3;90;Low;0.15
17/10/2025;05:00:00;1.162;0.09;233.86;4.97;0.0;0.0;55.0;9.5;92;Low;0.15
17/10/2025;06:00:00;2.16;0.398;245.44;8.8;0.0;0.0;55.0;9.1;93;Medium;0.5
17/10/2025;07:00:00;2.72;0.139;240.87;11.29;0.0;11.1;55.0;8.9;94;Medium;0.5
17/10/2025;08:00:00;2.93;0.21;241.88;12.11;0.0;4.9;55.0;9.1;95;Medium;0.5
17/10/2025;09:00:00;2.85;0.403;236.74;12.04;0.0;11.8;55.0;9.2;96;Medium;0.5
17/10/2025;10:00:00;1.559;0.144;241.93;6.44;0.0;0.0;55.0;10.7;92;Low;0.15
17/10/2025;11:00:00;1.117;0.073;243.05;4.6;0.0;0.0;55.0;12.5;83;Low;0.15
17/10/2025;12:00:00;4.308;0.479;240.71;17.9;0.0;0.0;55.0;13.9;79;Low;0.15
17/10/2025;13:00:00;0.804;0.078;239.97;3.35;0.0;0.0;55.0;15.3;70;Low;0.15
17/10/2025;14:00:00;0.846;0.116;237.5;3.56;0.0;0.0;55.0;16.3;63;Low;0.15
17/10/2025;15:00:00;0.771;0.167;239.39;3.22;0.0;0.0;55.0;16.4;61;Low;0.15
17/10/2025;16:00:00;0.912;0.065;238.57;3.82;0.0;0.0;55.0;16.5;58;Low;0.15
17/10/2025;17:00:00;1.75;0.198;241.6;7.24;0.0;0.0;55.0;16.4;54;Medium;0.5
17/10/2025;18:00:00;2.575;0.537;237.62;10.84;11.1;0.0;55.0;15.6;59;High;0.85
17/10/2025;19:00:00;3.573;0.711;241.58;14.79;14.8;0.0;55.0;13.9;69;High;0.85
17/10/2025;20:00:00;3.709;0.434;237.65;15.61;3.1;0.0;55.0;13.2;73;High;0.85
17/10/2025;21:00:00;3.425;0.578;239.27;14.31;3.9;0.0;55.0;12.4;77;High;0.85
17/10/2025;22:00:00;4.848;0.315;241.72;20.05;0.0;0.0;55.0;11.9;79;High;0.85
17/10/2025;23:00:00;1.803;0.309;238.03;7.58;0.0;0.0;55.0;11.1;81;Medium;0.5
18/10/2025;00:00:00;0.841;0.181;241.82;3.48;0.0;0.0;55.0;10.4;82;Low;0.15
18/10/2025;01:00:00;1.095;0.155;241.55;4.53;0.0;0.0;55.0;9.8;83;Low;0.15
18/10/2025;02:00:00;0.927;0.125;239.24;3.88;0.0;0.0;55.0;9.5;81;Low;0.15
18/10/2025;03:00:00;0.949;0.078;243.25;3.9;0.0;0.0;55.0;8.6;84;Low;0.15
18/10/2025;04:00:00;3.174;0.501;240.22;13.21;0.0;0.0;55.0;8.3;85;Low;0.15
18/10/2025;05:00:00;1.472;0.221;243.09;6.05;0.0;0.0;55.0;7.9;87;Low;0.15
18/10/2025;06:00:00;2.245;0.361;245.02;9.16;0.0;0.0;55.0;7.6;88;Medium;0.5
18/10/2025;07:00:00;3.046;0.166;239.32;12.73;0.0;12.5;55.0;7.4;89;Medium;0.5
18/10/2025;08:00:00;3.26;0.467;241.81;13.48;0.0;0.8;55.0;7.4;85;Medium;0.5
18/10/2025;09:00:00;2.81;0.425;238.21;11.8;0.0;11.2;55.0;7.3;86;Medium;0.5
18/10/2025;10:00:00;4.251;0.363;237.11;17.93;0.0;0.0;55.0;8.8;81;Medium;0.5
18/10/2025;11:00:00;1.684;0.144;239.45;7.03;0.0;0.0;55.0;10.6;73;High;0.85
18/10/2025;12:00:00;1.369;0.133;236.18;5.8;0.0;0.0;55.0;12.5;66;High;0.85
18/10/2025;13:00:00;1.388;0.237;237.37;5.85;0.0;0.0;55.0;14.1;61;High;0.85
18/10/2025;14:00:00;1.274;0.195;241.66;5.27;0.0;0.0;55.0;15.9;52;High;0.85
18/10/2025;15:00:00;1.354;0.262;238.56;5.68;0.0;0.0;55.0;16.4;51;High;0.85
18/10/2025;16:00:00;1.515;0.152;241.99;6.26;0.0;0.0;55.0;16.3;51;Medium;0.5
18/10/2025;17:00:00;1.757;0.36;240.84;7.29;0.0;0.0;55.0;15.8;53;Medium;0.5
18/10/2025;18:00:00;2.954;0.521;245.18;12.05;6.6;0.0;55.0;15.1;58;High;0.85
18/10/2025;19:00:00;3.689;0.432;241.47;15.28;12.6;0.0;55.0;14.0;64;High;0.85
18/10/2025;20:00:00;4.088;0.271;243.12;16.82;22.4;0.0;55.0;13.1;65;High;0.85
18/10/2025;21:00:00;3.944;0.37;241.13;16.36;15.5;0.0;55.0;12.2;70;High;0.85
18/10/2025;22:00:00;3.122;0.664;240.87;12.96;0.0;0.0;55.0;11.5;73;High;0.85
18/10/2025;23:00:00;2.109;0.217;243.26;8.67;0.0;0.0;55.0;11.1;76;Medium;0.5
19/10/2025;00:00:00;1.028;0.109;241.87;4.25;0.0;0.0;55.0;10.7;78;Low;0.15
19/10/2025;01:00:00;0.902;0.074;240.59;3.75;0.0;0.0;55.0;10.4;80;Low;0.15
19/10/2025;02:00:00;0.897;0.168;240.58;3.73;0.0;0.0;55.0;9.7;84;Low;0.15
19/10/2025;03:00:00;0.92;0.089;241.51;3.81;0.0;0.0;55.0;9.1;87;Low;0.15
19/10/2025;04:00:00;0.894;0.095;238.12;3.75;0.0;0.0;55.0;8.8;90;Low;0.15
19/10/2025;05:00:00;1.523;0.183;238.0;6.4;0.0;0.0;55.0;8.5;91;Low;0.15
19/10/2025;06:00:00;2.014;0.249;243.99;8.26;0.0;0.0;55.0;8.4;92;Medium;0.5
19/10/2025;07:00:00;2.87;0.344;245.22;11.71;0.0;15.1;55.0;8.3;92;Medium;0.5
19/10/2025;08:00:00;3.242;0.44;237.4;13.66;0.0;7.9;55.0;8.5;92;Medium;0.5
19/10/2025;09:00:00;2.887;0.544;238.13;12.12;0.0;2.6;55.0;8.9;91;Medium;0.5
19/10/2025;10:00:00;2.14;0.405;243.2;8.8;0.0;0.0;55.0;9.5;88;Medium;0.5
19/10/2025;11:00:00;1.832;0.34;241.49;7.59;0.0;0.0;55.0;10.1;87;High;0.85
19/10/2025;12:00:00;1.414;0.095;241.89;5.85;0.0;0.0;55.0;11.2;85;High;0.85
19/10/2025;13:00:00;1.358;0.253;242.51;5.6;0.0;0.0;55.0;12.1;84;High;0.85
19/10/2025;14:00:00;1.349;0.095;239.33;5.64;0.0;0.0;55.0;13.3;82;High;0.85
19/10/2025;15:00:00;1.362;0.097;240.92;5.65;0.0;0.0;55.0;13.7;83;High;0.85
19/10/2025;16:00:00;1.471;0.311;240.71;6.11;0.0;0.0;55.0;14.8;76;Medium;0.5
19/10/2025;17:00:00;1.894;0.359;237.6;7.97;0.0;0.0;55.0;14.6;73;Medium;0.5
19/10/2025;18:00:00;2.935;0.422;240.88;12.18;12.7;0.0;55.0;15.0;69;High;0.85
19/10/2025;19:00:00;3.701;0.736;243.47;15.2;6.0;0.0;55.0;14.8;71;High;0.85
19/10/2025;20:00:00;4.125;0.9;239.06;17.25;2.9;0.0;55.0;14.0;82;High;0.85
19/10/2025;21:00:00;3.665;0.564;240.43;15.24;5.3;0.0;55.0;14.6;83;High;0.85
19/10/2025;22:00:00;2.732;0.421;240.58;11.36;0.0;0.0;55.0;15.3;80;High;0.85
19/10/2025;23:00:00;1.861;0.332;239.2;7.78;0.0;0.0;55.0;15.4;80;Medium;0.5
20/10/2025;00:00:00;0.597;0.053;241.9;2.47;0.0;0.0;55.0;15.1;86;Low;0.15
20/10/2025;01:00:00;0.61;0.048;238.1;2.56;0.0;0.0;55.0;15.3;86;Low;0.15
20/10/2025;02:00:00;0.722;0.129;243.73;2.96;0.0;0.0;55.0;15.0;93;Low;0.15
20/10/2025;03:00:00;0.793;0.086;241.75;3.28;0.0;0.0;55.0;15.1;94;Low;0.15
20/10/2025;04:00:00;0.719;0.052;237.38;3.03;0.0;0.0;55.0;14.9;94;Low;0.15
20/10/2025;05:00:00;0.947;0.098;244.75;3.87;0.0;0.0;55.0;14.6;96;Low;0.15
20/10/2025;06:00:00;1.83;0.203;240.47;7.61;0.0;0.0;55.0;14.4;95;Medium;0.5
20/10/2025;07:00:00;2.394;0.513;237.98;10.06;0.0;17.0;55.0;13.6;95;Medium;0.5
20/10/2025;08:00:00;2.999;0.506;243.09;12.34;0.0;3.5;55.0;13.1;96;Medium;0.5
20/10/2025;09:00:00;2.445;0.343;241.39;10.13;0.0;0.7;55.0;13.3;96;Medium;0.5
20/10/2025;10:00:00;1.233;0.265;235.04;5.25;0.0;0.0;55.0;14.2;92;Low;0.15
20/10/2025;11:00:00;0.968;0.197;238.53;4.06;0.0;0.0;55.0;15.0;90;Low;0.15
20/10/2025;12:00:00;0.75;0.103;240.78;3.11;0.0;0.0;55.0;15.9;82;Low;0.15
20/10/2025;13:00:00;0.803;0.164;233.95;3.43;0.0;0.0;55.0;17.2;71;Low;0.15
20/10/2025;14:00:00;0.757;0.09;240.24;3.15;0.0;0.0;55.0;17.1;74;Low;0.15
20/10/2025;15:00:00;0.754;0.067;240.44;3.14;0.0;0.0;55.0;16.5;74;Low;0.15
20/10/2025;16:00:00;0.865;0.077;236.69;3.65;0.0;0.0;55.0;15.1;78;Low;0.15
20/10/2025;17:00:00;1.683;0.274;240.76;6.99;0.0;0.0;55.0;15.4;83;Medium;0.5
20/10/2025;18:00:00;2.57;0.347;240.02;10.71;25.0;0.0;55.0;14.8;83;High;0.85
20/10/2025;19:00:00;3.283;0.532;236.66;13.87;8.9;0.0;55.0;14.4;83;High;0.85
20/10/2025;20:00:00;3.646;0.608;242.57;15.03;10.7;0.0;55.0;15.3;77;High;0.85
20/10/2025;21:00:00;3.472;0.187;242.35;14.33;10.8;0.0;55.0;15.1;76;High;0.85
20/10/2025;22:00:00;2.701;0.16;239.19;11.29;0.0;0.0;55.0;14.7;78;High;0.85
20/10/2025;23:00:00;1.627;0.229;239.44;6.79;0.0;0.0;55.0;14.3;78;Medium;0.5
21/10/2025;00:00:00;0.779;0.064;242.03;3.22;0.0;0.0;55.0;13.8;80;Low;0.15
21/10/2025;01:00:00;0.86;0.136;239.44;3.59;0.0;0.0;55.0;13.7;82;Low;0.15
21/10/2025;02:00:00;0.674;0.097;234.59;2.87;0.0;0.0;55.0;13.8;83;Low;0.15
21/10/2025;03:00:00;0.752;0.112;241.36;3.11;0.0;0.0;55.0;13.4;84;Low;0.15
21/10/2025;04:00:00;0.845;0.086;237.72;3.55;0.0;0.0;55.0;12.8;86;Low;0.15
21/10/2025;05:00:00;0.97;0.154;238.91;4.06;0.0;0.0;55.0;12.4;88;Low;0.15
21/10/2025;06:00:00;1.833;0.35;244.08;7.51;0.0;0.0;55.0;12.6;87;Medium;0.5
21/10/2025;07:00:00;2.418;0.531;239.62;10.09;0.0;3.9;55.0;12.6;86;Medium;0.5
21/10/2025;08:00:00;2.847;0.548;240.0;11.86;0.0;7.2;55.0;12.0;88;Medium;0.5
21/10/2025;09:00:00;2.378;0.344;241.43;9.85;0.0;11.3;55.0;12.0;88;Medium;0.5
21/10/2025;10:00:00;1.45;0.12;241.41;6.0;0.0;0.0;55.0;12.8;86;Low;0.15
21/10/2025;11:00:00;1.007;0.167;237.43;4.24;0.0;0.0;55.0;14.3;78;Low;0.15
21/10/2025;12:00:00;0.675;0.141;239.83;2.81;0.0;0.0;55.0;15.5;70;Low;0.15
21/10/2025;13:00:00;0.847;0.073;240.1;3.53;0.0;0.0;55.0;16.0;66;Low;0.15
21/10/2025;14:00:00;0.65;0.061;240.76;2.7;0.0;0.0;55.0;16.4;73;Low;0.15
21/10/2025;15:00:00;0.79;0.06;240.81;3.28;0.0;0.0;55.0;15.8;77;Low;0.15
21/10/2025;16:00:00;1.081;0.189;247.24;4.37;0.0;0.0;55.0;16.6;75;Low;0.15
21/10/2025;17:00:00;1.562;0.186;236.71;6.6;0.0;0.0;55.0;16.5;76;Medium;0.5
21/10/2025;18:00:00;2.467;0.15;242.74;10.16;6.5;0.0;55.0;16.0;75;High;0.85
21/10/2025;19:00:00;3.153;0.627;243.31;12.96;2.2;0.0;55.0;15.2;79;High;0.85
21/10/2025;20:00:00;3.732;0.54;241.38;15.46;24.7;0.0;55.0;14.7;84;High;0.85
21/10/2025;21:00:00;3.298;0.351;238.18;13.85;19.0;0.0;55.0;14.2;86;High;0.85
21/10/2025;22:00:00;2.971;0.322;244.66;12.14;0.0;0.0;55.0;13.8;88;High;0.85
21/10/2025;23:00:00;1.732;0.172;233.86;7.4;0.0;0.0;55.0;13.6;89;Medium;0.5
22/10/2025;00:00:00;0.789;0.101;238.09;3.31;0.0;0.0;55.0;13.2;89;Low;0.15
22/10/2025;01:00:00;0.925;0.099;243.28;3.8;0.0;0.0;55.0;13.2;91;Low;0.15
22/10/2025;02:00:00;0.996;0.143;238.96;4.17;0.0;0.0;55.0;12.8;94;Low;0.15
22/10/2025;03:00:00;1.037;0.188;244.47;4.24;0.0;0.0;55.0;12.3;95;Low;0.15
22/10/2025;04:00:00;1.012;0.167;235.77;4.29;0.0;0.0;55.0;12.0;96;Low;0.15
22/10/2025;05:00:00;1.157;0.116;236.89;4.88;0.0;0.0;55.0;12.3;95;Low;0.15
22/10/2025;06:00:00;1.851;0.259;238.51;7.76;0.0;0.0;55.0;12.2;95;Medium;0.5
22/10/2025;07:00:00;2.544;0.491;241.17;10.55;0.0;8.0;55.0;12.0;96;Medium;0.5
22/10/2025;08:00:00;2.744;0.169;239.38;11.46;0.0;11.2;55.0;12.1;96;Medium;0.5
22/10/2025;09:00:00;2.372;0.15;238.63;9.94;0.0;4.8;55.0;12.2;96;Medium;0.5
22/10/2025;10:00:00;1.505;0.218;243.98;6.17;0.0;0.0;55.0;12.6;95;Low;0.15
22/10/2025;11:00:00;0.996;0.158;244.24;4.08;0.0;0.0;55.0;13.0;94;Low;0.15
22/10/2025;12:00:00;0.721;0.062;238.84;3.02;0.0;0.0;55.0;14.1;88;Low;0.15
22/10/2025;13:00:00;0.792;0.14;235.21;3.37;0.0;0.0;55.0;14.2;85;Low;0.15
22/10/2025;14:00:00;0.797;0.127;233.96;3.41;0.0;0.0;55.0;14.8;84;Low;0.15
22/10/2025;15:00:00;0.777;0.161;240.67;3.23;0.0;0.0;55.0;15.8;78;Low;0.15
22/10/2025;16:00:00;1.135;0.089;241.84;4.69;0.0;0.0;55.0;16.3;73;Low;0.15
22/10/2025;17:00:00;1.59;0.283;240.18;6.62;0.0;0.0;55.0;16.0;74;Medium;0.5
22/10/2025;18:00:00;2.624;0.168;239.8;10.94;19.1;0.0;55.0;15.4;82;High;0.85
22/10/2025;19:00:00;3.234;0.472;237.75;13.6;23.6;0.0;55.0;15.2;83;High;0.85
22/10/2025;20:00:00;3.401;0.489;241.83;14.06;24.3;0.0;55.0;15.4;83;High;0.85
22/10/2025;21:00:00;3.303;0.383;244.7;13.5;19.3;0.0;55.0;14.9;86;High;0.85
22/10/2025;22:00:00;2.649;0.513;233.79;11.33;0.0;0.0;55.0;14.7;91;High;0.85
22/10/2025;23:00:00;1.856;0.094;239.78;7.74;0.0;0.0;55.0;15.8;89;Medium;0.5
23/10/2025;00:00:00;0.726;0.1;237.28;3.06;0.0;0.0;55.0;16.2;90;Low;0.15
23/10/2025;01:00:00;0.56;0.049;235.83;2.38;0.0;0.0;55.0;16.3;89;Low;0.15
23/10/2025;02:00:00;0.848;0.15;236.84;3.58;0.0;0.0;55.0;15.9;93;Low;0.15
23/10/2025;03:00:00;0.791;0.045;241.06;3.28;0.0;0.0;55.0;16.1;90;Low;0.15
23/10/2025;04:00:00;0.775;0.148;241.13;3.22;0.0;0.0;55.0;14.9;87;Low;0.15
23/10/2025;05:00:00;0.936;0.18;244.09;3.83;0.0;0.0;55.0;13.9;85;Low;0.15
23/10/2025;06:00:00;1.636;0.313;240.02;6.82;0.0;0.0;55.0;13.2;82;Medium;0.5
23/10/2025;07:00:00;2.411;0.183;235.08;10.26;0.0;15.0;55.0;12.3;81;Medium;0.5
23/10/2025;08:00:00;2.932;0.461;239.33;12.25;0.0;6.5;55.0;11.7;77;Medium;0.5
23/10/2025;09:00:00;2.685;0.141;236.12;11.37;0.0;16.0;55.0;11.5;76;Medium;0.5
23/10/2025;10:00:00;1.726;0.335;236.62;7.29;0.0;0.0;55.0;11.5;77;Low;0.15
23/10/2025;11:00:00;1.06;0.183;241.63;4.39;0.0;0.0;55.0;11.4;76;Low;0.15
23/10/2025;12:00:00;0.87;0.122;240.54;3.62;0.0;0.0;55.0;10.5;83;Low;0.15
23/10/2025;13:00:00;0.94;0.164;241.65;3.89;0.0;0.0;55.0;10.8;85;Low;0.15
23/10/2025;14:00:00;0.711;0.047;239.0;2.97;0.0;0.0;55.0;11.7;83;Low;0.15
23/10/2025;15:00:00;0.986;0.138;242.21;4.07;0.0;0.0;55.0;11.9;78;Low;0.15
23/10/2025;16:00:00;4.581;0.456;238.84;19.18;0.0;0.0;55.0;13.2;68;Low;0.15
23/10/2025;17:00:00;1.79;0.385;243.13;7.36;0.0;0.0;55.0;12.8;67;Medium;0.5
23/10/2025;18:00:00;2.664;0.521;240.96;11.05;13.8;0.0;55.0;12.0;71;High;0.85
23/10/2025;19:00:00;3.603;0.629;239.42;15.05;1.3;0.0;55.0;10.9;75;High;0.85
23/10/2025;20:00:00;3.816;0.797;240.59;15.86;19.5;0.0;55.0;10.3;78;High;0.85
23/10/2025;21:00:00;3.501;0.381;239.95;14.59;3.5;0.0;55.0;9.8;76;High;0.85
23/10/2025;22:00:00;2.686;0.546;244.47;10.99;0.0;0.0;55.0;9.5;74;High;0.85
23/10/2025;23:00:00;2.061;0.217;240.69;8.56;0.0;0.0;55.0;9.0;75;Medium;0.5
24/10/2025;00:00:00;1.218;0.213;240.0;5.07;0.0;0.0;55.0;8.7;77;Low;0.15
24/10/2025;01:00:00;1.249;0.219;239.33;5.22;0.0;0.0;55.0;8.0;77;Low;0.15
24/10/2025;02:00:00;1.067;0.057;242.36;4.4;0.0;0.0;55.0;7.5;86;Low;0.15
24/10/2025;03:00:00;1.059;0.118;241.98;4.38;0.0;0.0;55.0;7.5;85;Low;0.15
24/10/2025;04:00:00;1.226;0.065;239.23;5.12;0.0;0.0;55.0;7.2;82;Low;0.15
24/10/2025;05:00:00;1.279;0.281;236.76;5.4;0.0;0.0;55.0;6.9;83;Low;0.15
24/10/2025;06:00:00;2.146;0.152;237.47;9.04;0.0;0.0;55.0;6.8;83;Medium;0.5
24/10/2025;07:00:00;2.873;0.409;239.48;12.0;0.0;9.0;55.0;6.5;84;Medium;0.5
24/10/2025;08:00:00;3.27;0.603;243.78;13.41;0.0;13.6;55.0;6.3;88;Medium;0.5
24/10/2025;09:00:00;2.798;0.236;239.3;11.69;0.0;14.0;55.0;6.3;87;Medium;0.5
24/10/2025;10:00:00;1.797;0.238;238.34;7.54;0.0;0.0;55.0;7.4;83;Low;0.15
24/10/2025;11:00:00;1.189;0.182;235.07;5.06;0.0;0.0;55.0;8.6;78;Low;0.15
24/10/2025;12:00:00;0.935;0.072;244.24;3.83;0.0;0.0;55.0;9.9;74;Low;0.15
24/10/2025;13:00:00;0.88;0.16;241.59;3.64;0.0;0.0;55.0;11.2;66;Low;0.15
24/10/2025;14:00:00;0.942;0.095;242.23;3.89;0.0;0.0;55.0;11.4;67;Low;0.15
24/10/2025;15:00:00;1.015;0.087;242.69;4.18;0.0;0.0;55.0;12.4;61;Low;0.15
24/10/2025;16:00:00;1.063;0.154;239.54;4.44;0.0;0.0;55.0;12.4;64;Low;0.15
24/10/2025;17:00:00;2.009;0.241;240.24;8.36;0.0;0.0;55.0;12.4;65;Medium;0.5
24/10/2025;18:00:00;2.838;0.586;244.17;11.62;23.2;0.0;55.0;11.3;70;High;0.85
24/10/2025;19:00:00;3.579;0.714;240.5;14.88;18.2;0.0;55.0;10.4;74;High;0.85
24/10/2025;20:00:00;3.777;0.499;241.65;15.63;19.0;0.0;55.0;10.6;74;High;0.85
24/10/2025;21:00:00;3.327;0.37;242.44;13.72;8.0;0.0;55.0;10.6;77;High;0.85
24/10/2025;22:00:00;3.02;0.318;241.8;12.49;0.0;0.0;55.0;10.2;80;High;0.85
24/10/2025;23:00:00;2.072;0.198;239.64;8.65;0.0;0.0;55.0;10.1;80;Medium;0.5
25/10/2025;00:00:00;0.952;0.136;239.91;3.97;0.0;0.0;55.0;9.7;82;Low;0.15
25/10/2025;01:00:00;0.993;0.186;242.18;4.1;0.0;0.0;55.0;9.6;83;Low;0.15
25/10/2025;02:00:00;1.033;0.106;242.17;4.26;0.0;0.0;55.0;9.7;88;Low;0.15
25/10/2025;03:00:00;0.85;0.07;243.27;3.49;0.0;0.0;55.0;9.4;90;Low;0.15
25/10/2025;04:00:00;0.995;0.13;241.54;4.12;0.0;0.0;55.0;9.5;89;Low;0.15
25/10/2025;05:00:00;1.331;0.082;241.67;5.51;0.0;0.0;55.0;9.6;87;Low;0.15
25/10/2025;06:00:00;1.933;0.327;238.75;8.1;0.0;0.0;55.0;9.5;85;Medium;0.5
25/10/2025;07:00:00;2.844;0.393;238.37;11.93;0.0;1.7;55.0;9.6;84;Medium;0.5
25/10/2025;08:00:00;3.056;0.411;242.19;12.62;0.0;17.8;55.0;9.8;85;Medium;0.5
25/10/2025;09:00:00;2.849;0.288;238.39;11.95;0.0;3.5;55.0;9.8;85;Medium;0.5
25/10/2025;10:00:00;2.007;0.409;239.94;8.37;0.0;0.0;55.0;10.3;83;Medium;0.5
25/10/2025;11:00:00;1.513;0.099;243.86;6.2;0.0;0.0;55.0;11.3;78;High;0.85
25/10/2025;12:00:00;1.529;0.302;243.42;6.28;0.0;0.0;55.0;12.2;72;High;0.85
25/10/2025;13:00:00;1.266;0.144;240.85;5.25;0.0;0.0;55.0;12.7;69;High;0.85
25/10/2025;14:00:00;1.324;0.264;239.17;5.53;0.0;0.0;55.0;11.9;79;High;0.85
25/10/2025;15:00:00;1.467;0.255;239.65;6.12;0.0;0.0;55.0;12.7;75;High;0.85
25/10/2025;16:00:00;1.611;0.109;242.43;6.65;0.0;0.0;55.0;11.7;78;Medium;0.5
25/10/2025;17:00:00;1.863;0.357;239.9;7.77;0.0;0.0;55.0;12.6;75;Medium;0.5
25/10/2025;18:00:00;3.018;0.501;238.44;12.66;9.0;0.0;55.0;12.5;72;High;0.85
25/10/2025;19:00:00;3.876;0.215;243.4;15.92;16.8;0.0;55.0;11.5;73;High;0.85
25/10/2025;20:00:00;4.287;0.312;240.51;17.82;15.8;0.0;55.0;10.5;83;High;0.85
25/10/2025;21:00:00;3.941;0.623;238.38;16.53;24.2;0.0;55.0;10.0;86;High;0.85
25/10/2025;22:00:00;3.149;0.512;241.34;13.05;0.0;0.0;55.0;9.6;86;High;0.85
25/10/2025;23:00:00;2.092;0.37;242.72;8.62;0.0;0.0;55.0;9.1;86;Medium;0.5
26/10/2025;00:00:00;1.037;0.179;237.18;4.37;0.0;0.0;55.0;8.9;84;Low;0.15
26/10/2025;01:00:00;0.945;0.153;239.44;3.95;0.0;0.0;55.0;8.5;84;Low;0.15
26/10/2025;02:00:00;0.803;0.145;239.31;3.36;0.0;0.0;55.0;7.8;86;Low;0.15
26/10/2025;03:00:00;1.176;0.174;241.27;4.87;0.0;0.0;55.0;7.3;86;Low;0.15
26/10/2025;04:00:00;1.283;0.121;241.77;5.31;0.0;0.0;55.0;7.1;86;Low;0.15
26/10/2025;05:00:00;1.177;0.241;238.46;4.94;0.0;0.0;55.0;6.9;84;Low;0.15
26/10/2025;06:00:00;2.108;0.112;235.82;8.94;0.0;0.0;55.0;7.0;80;Medium;0.5
26/10/2025;07:00:00;3.026;0.34;242.89;12.46;0.0;13.4;55.0;7.1;83;Medium;0.5
26/10/2025;08:00:00;3.548;0.617;236.86;14.98;0.0;19.2;55.0;7.3;84;Medium;0.5
26/10/2025;09:00:00;2.961;0.363;240.76;12.3;0.0;17.3;55.0;7.2;86;Medium;0.5
26/10/2025;10:00:00;2.088;0.113;239.63;8.71;0.0;0.0;55.0;7.8;85;Medium;0.5
26/10/2025;11:00:00;1.794;0.11;240.45;7.46;0.0;0.0;55.0;9.0;80;High;0.85
26/10/2025;12:00:00;1.676;0.269;244.62;6.85;0.0;0.0;55.0;10.1;71;High;0.85
26/10/2025;13:00:00;1.376;0.295;248.51;5.54;0.0;0.0;55.0;11.0;61;High;0.85
26/10/2025;14:00:00;1.379;0.198;235.43;5.86;0.0;0.0;55.0;11.0;61;High;0.85
26/10/2025;15:00:00;1.477;0.201;242.75;6.08;0.0;0.0;55.0;11.4;58;High;0.85
26/10/2025;16:00:00;1.425;0.148;239.56;5.95;0.0;0.0;55.0;11.3;56;Medium;0.5
26/10/2025;17:00:00;2.049;0.192;242.93;8.44;0.0;0.0;55.0;11.4;56;Medium;0.5
26/10/2025;18:00:00;3.282;0.176;242.68;13.52;3.7;0.0;55.0;10.7;63;High;0.85
26/10/2025;19:00:00;3.961;0.382;243.95;16.24;21.0;0.0;55.0;9.9;72;High;0.85
26/10/2025;20:00:00;4.24;0.536;240.8;17.61;6.9;0.0;55.0;9.7;75;High;0.85
26/10/2025;21:00:00;3.918;0.328;237.51;16.5;24.0;0.0;55.0;9.6;70;High;0.85
26/10/2025;22:00:00;3.047;0.198;242.6;12.56;0.0;0.0;55.0;9.3;71;High;0.85
26/10/2025;23:00:00;2.275;0.391;240.33;9.47;0.0;0.0;55.0;8.9;76;Medium;0.5
27/10/2025;00:00:00;1.003;0.203;239.35;4.19;0.0;0.0;55.0;9.2;77;Low;0.15
27/10/2025;01:00:00;0.974;0.204;238.67;4.08;0.0;0.0;55.0;9.5;79;Low;0.15
27/10/2025;02:00:00;1.282;0.199;242.82;5.28;0.0;0.0;55.0;10.0;78;Low;0.15
27/10/2025;03:00:00;0.975;0.057;244.49;3.99;0.0;0.0;55.0;10.4;78;Low;0.15
27/10/2025;04:00:00;0.882;0.155;236.65;3.73;0.0;0.0;55.0;10.9;81;Low;0.15
27/10/2025;05:00:00;1.078;0.074;241.74;4.46;0.0;0.0;55.0;11.2;85;Low;0.15
27/10/2025;06:00:00;1.955;0.32;238.96;8.18;0.0;0.0;55.0;11.4;90;Medium;0.5
27/10/2025;07:00:00;2.508;0.458;235.89;10.63;0.0;3.1;55.0;11.5;93;Medium;0.5
27/10/2025;08:00:00;2.685;0.466;240.41;11.17;0.0;10.2;55.0;11.6;92;Medium;0.5
27/10/2025;09:00:00;2.588;0.548;237.67;10.89;0.0;8.4;55.0;11.5;91;Medium;0.5
27/10/2025;10:00:00;1.493;0.262;235.58;6.34;0.0;0.0;55.0;11.7;88;Low;0.15
27/10/2025;11:00:00;1.248;0.209;237.81;5.25;0.0;0.0;55.0;12.2;84;Low;0.15
27/10/2025;12:00:00;0.958;0.091;237.12;4.04;0.0;0.0;55.0;12.7;82;Low;0.15
27/10/2025;13:00:00;0.72;0.149;238.19;3.02;0.0;0.0;55.0;13.5;80;Low;0.15
27/10/2025;14:00:00;0.83;0.067;236.29;3.51;0.0;0.0;55.0;14.8;61;Low;0.15
27/10/2025;15:00:00;0.781;0.159;238.89;3.27;0.0;0.0;55.0;14.9;59;Low;0.15
27/10/2025;16:00:00;1.103;0.114;238.0;4.63;0.0;0.0;55.0;14.5;58;Low;0.15
27/10/2025;17:00:00;1.825;0.132;241.05;7.57;0.0;0.0;55.0;13.8;64;Medium;0.5
27/10/2025;18:00:00;2.679;0.51;241.66;11.08;23.8;0.0;55.0;13.0;69;High;0.85
27/10/2025;19:00:00;3.415;0.172;240.73;14.19;7.4;0.0;55.0;12.1;72;High;0.85
27/10/2025;20:00:00;3.864;0.74;239.34;16.15;7.4;0.0;55.0;12.1;72;High;0.85
27/10/2025;21:00:00;3.488;0.33;239.27;14.58;1.2;0.0;55.0;11.4;75;High;0.85
27/10/2025;22:00:00;2.873;0.576;237.66;12.09;0.0;0.0;55.0;10.5;79;High;0.85
27/10/2025;23:00:00;1.891;0.317;237.72;7.95;0.0;0.0;55.0;10.3;80;Medium;0.5
28/10/2025;00:00:00;0.987;0.161;241.97;4.08;0.0;0.0;55.0;10.3;82;Low;0.15
28/10/2025;01:00:00;1.169;0.131;235.07;4.97;0.0;0.0;55.0;10.0;86;Low;0.15
28/10/2025;02:00:00;0.82;0.049;239.77;3.42;0.0;0.0;55.0;10.6;87;Low;0.15
28/10/2025;03:00:00;0.899;0.172;239.09;3.76;0.0;0.0;55.0;11.2;89;Low;0.15
28/10/2025;04:00:00;1.044;0.083;241.68;4.32;0.0;0.0;55.0;11.8;88;Low;0.15
28/10/2025;05:00:00;1.059;0.12;236.01;4.49;0.0;0.0;55.0;12.1;89;Low;0.15
28/10/2025;06:00:00;1.879;0.286;240.03;7.83;0.0;0.0;55.0;11.5;89;Medium;0.5
28/10/2025;07:00:00;2.396;0.316;240.96;9.94;0.0;4.0;55.0;11.4;89;Medium;0.5
28/10/2025;08:00:00;2.866;0.24;234.67;12.21;0.0;4.0;55.0;11.7;89;Medium;0.5
28/10/2025;09:00:00;2.454;0.181;236.99;10.35;0.0;3.4;55.0;11.9;86;Medium;0.5
28/10/2025;10:00:00;1.64;0.116;239.74;6.84;0.0;0.0;55.0;12.0;84;Low;0.15
28/10/2025;11:00:00;1.173;0.231;241.44;4.86;0.0;0.0;55.0;12.3;83;Low;0.15
28/10/2025;12:00:00;1.079;0.06;240.51;4.49;0.0;0.0;55.0;13.2;80;Low;0.15
28/10/2025;13:00:00;0.768;0.166;241.57;3.18;0.0;0.0;55.0;14.4;73;Low;0.15
28/10/2025;14:00:00;0.758;0.064;236.98;3.2;0.0;0.0;55.0;14.4;74;Low;0.15
28/10/2025;15:00:00;0.787;0.054;235.55;3.34;0.0;0.0;55.0;15.2;68;Low;0.15
28/10/2025;16:00:00;0.952;0.141;240.24;3.96;0.0;0.0;55.0;15.3;69;Low;0.15
28/10/2025;17:00:00;1.756;0.112;236.56;7.42;0.0;0.0;55.0;14.7;74;Medium;0.5
28/10/2025;18:00:00;2.674;0.408;237.58;11.25;23.2;0.0;55.0;14.0;78;High;0.85
28/10/2025;19:00:00;3.406;0.663;242.61;14.04;0.3;0.0;55.0;13.6;80;High;0.85
28/10/2025;20:00:00;3.851;0.224;240.53;16.01;9.1;0.0;55.0;12.8;84;High;0.85
28/10/2025;21:00:00;3.355;0.624;238.41;14.07;19.0;0.0;55.0;12.5;86;High;0.85
28/10/2025;22:00:00;2.925;0.342;238.05;12.29;0.0;0.0;55.0;12.2;89;High;0.85
28/10/2025;23:00:00;2.004;0.155;241.74;8.29;0.0;0.0;55.0;12.2;90;Medium;0.5
29/10/2025;00:00:00;0.825;0.066;240.59;3.43;0.0;0.0;55.0;12.1;91;Low;0.15
29/10/2025;01:00:00;0.672;0.139;236.6;2.84;0.0;0.0;55.0;11.3;93;Low;0.15
29/10/2025;02:00:00;0.818;0.056;234.55;3.49;0.0;0.0;55.0;11.4;94;Low;0.15
29/10/2025;03:00:00;1.021;0.201;245.27;4.16;0.0;0.0;55.0;11.3;95;Low;0.15
29/10/2025;04:00:00;0.919;0.131;236.58;3.88;0.0;0.0;55.0;11.5;94;Low;0.15
29/10/2025;05:00:00;1.033;0.058;241.48;4.28;0.0;0.0;55.0;11.0;94;Low;0.15
29/10/2025;06:00:00;1.831;0.236;244.23;7.5;0.0;0.0;55.0;10.7;93;Medium;0.5
29/10/2025;07:00:00;2.634;0.498;240.41;10.96;0.0;0.3;55.0;10.6;94;Medium;0.5
29/10/2025;08:00:00;2.974;0.516;238.32;12.48;0.0;13.2;55.0;10.1;96;Medium;0.5
29/10/2025;09:00:00;2.556;0.34;236.01;10.83;0.0;4.6;55.0;10.1;97;Medium;0.5
29/10/2025;10:00:00;1.583;0.311;235.97;6.71;0.0;0.0;55.0;10.7;94;Low;0.15
29/10/2025;11:00:00;1.051;0.074;241.05;4.36;0.0;0.0;55.0;11.7;90;Low;0.15
29/10/2025;12:00:00;0.776;0.159;244.06;3.18;0.0;0.0;55.0;12.4;86;Low;0.15
29/10/2025;13:00:00;0.944;0.183;238.89;3.95;0.0;0.0;55.0;13.2;81;Low;0.15
29/10/2025;14:00:00;0.735;0.125;238.44;3.08;0.0;0.0;55.0;13.7;80;Low;0.15
29/10/2025;15:00:00;0.962;0.182;241.95;3.97;0.0;0.0;55.0;13.8;80;Low;0.15
29/10/2025;16:00:00;3.181;0.453;238.08;13.36;0.0;0.0;55.0;14.3;79;Low;0.15
29/10/2025;17:00:00;1.852;0.305;240.77;7.69;0.0;0.0;55.0;14.2;74;Medium;0.5
29/10/2025;18:00:00;2.696;0.392;240.12;11.23;22.4;0.0;55.0;13.4;78;High;0.85
29/10/2025;19:00:00;3.49;0.385;238.85;14.61;2.3;0.0;55.0;12.6;89;High;0.85
29/10/2025;20:00:00;3.735;0.548;239.96;15.57;4.4;0.0;55.0;12.5;94;High;0.85
29/10/2025;21:00:00;3.383;0.317;244.94;13.81;21.2;0.0;55.0;12.2;97;High;0.85
29/10/2025;22:00:00;2.856;0.357;241.69;11.82;0.0;0.0;55.0;12.0;96;High;0.85
29/10/2025;23:00:00;1.79;0.175;243.06;7.37;0.0;0.0;55.0;11.6;95;Medium;0.5
30/10/2025;00:00:00;1.015;0.072;237.43;4.28;0.0;0.0;55.0;11.1;94;Low;0.15
30/10/2025;01:00:00;0.856;0.09;243.07;3.52;0.0;0.0;55.0;11.0;94;Low;0.15
30/10/2025;02:00:00;0.899;0.175;241.79;3.72;0.0;0.0;55.0;11.4;93;Low;0.15
30/10/2025;03:00:00;0.937;0.108;235.8;3.98;0.0;0.0;55.0;11.0;92;Low;0.15
30/10/2025;04:00:00;0.967;0.171;241.51;4.0;0.0;0.0;55.0;10.3;92;Low;0.15
30/10/2025;05:00:00;1.269;0.101;238.56;5.32;0.0;0.0;55.0;9.7;93;Low;0.15
30/10/2025;06:00:00;1.906;0.233;235.67;8.09;0.0;0.0;55.0;9.5;94;Medium;0.5
30/10/2025;07:00:00;2.727;0.19;240.36;11.35;0.0;1.3;55.0;9.1;94;Medium;0.5
30/10/2025;08:00:00;2.898;0.213;241.51;12.0;0.0;1.3;55.0;8.2;93;Medium;0.5
30/10/2025;09:00:00;2.749;0.426;240.42;11.43;0.0;14.0;55.0;7.5;93;Medium;0.5
30/10/2025;10:00:00;1.963;0.301;239.69;8.19;0.0;0.0;55.0;8.2;92;Low;0.15
30/10/2025;11:00:00;1.123;0.097;239.07;4.7;0.0;0.0;55.0;9.5;88;Low;0.15
30/10/2025;12:00:00;0.884;0.116;246.91;3.58;0.0;0.0;55.0;11.0;81;Low;0.15
30/10/2025;13:00:00;0.906;0.178;236.69;3.83;0.0;0.0;55.0;12.0;71;Low;0.15
30/10/2025;14:00:00;0.828;0.066;242.44;3.41;0.0;0.0;55.0;13.0;65;Low;0.15
30/10/2025;15:00:00;0.905;0.048;240.04;3.77;0.0;0.0;55.0;13.3;61;Low;0.15
30/10/2025;16:00:00;1.126;0.181;237.61;4.74;0.0;0.0;55.0;13.5;58;Low;0.15
30/10/2025;17:00:00;1.876;0.111;239.86;7.82;0.0;0.0;55.0;13.2;62;Medium;0.5
30/10/2025;18:00:00;2.916;0.632;236.1;12.35;23.7;0.0;55.0;12.3;68;High;0.85
30/10/2025;19:00:00;3.58;0.55;238.33;15.02;1.3;0.0;55.0;11.1;75;High;0.85
30/10/2025;20:00:00;3.833;0.498;239.87;15.98;19.0;0.0;55.0;10.5;83;High;0.85
30/10/2025;21:00:00;3.685;0.454;235.66;15.64;5.8;0.0;55.0;9.8;86;High;0.85
30/10/2025;22:00:00;3.157;0.465;241.42;13.08;0.0;0.0;55.0;9.6;87;High;0.85
30/10/2025;23:00:00;2.027;0.133;237.3;8.54;0.0;0.0;55.0;9.4;87;Medium;0.5
31/10/2025;00:00:00;0.919;0.191;235.94;3.9;0.0;0.0;55.0;9.1;87;Low;0.15
31/10/2025;01:00:00;1.139;0.178;236.97;4.81;0.0;0.0;55.0;8.9;87;Low;0.15
31/10/2025;02:00:00;1.011;0.082;246.09;4.11;0.0;0.0;55.0;9.0;88;Low;0.15
31/10/2025;03:00:00;0.848;0.123;234.46;3.62;0.0;0.0;55.0;8.4;89;Low;0.15
31/10/2025;04:00:00;1.204;0.087;241.22;4.99;0.0;0.0;55.0;8.2;90;Low;0.15
31/10/2025;05:00:00;1.247;0.066;237.9;5.24;0.0;0.0;55.0;8.2;90;Low;0.15
31/10/2025;06:00:00;2.029;0.319;239.02;8.49;0.0;0.0;55.0;8.1;91;Medium;0.5
31/10/2025;07:00:00;2.733;0.438;241.69;11.31;0.0;5.1;55.0;8.1;91;Medium;0.5
31/10/2025;08:00:00;3.034;0.453;241.55;12.56;0.0;13.2;55.0;8.5;92;Medium;0.5
31/10/2025;09:00:00;2.735;0.222;238.09;11.49;0.0;12.0;55.0;8.7;92;Medium;0.5
31/10/2025;10:00:00;1.642;0.251;236.2;6.95;0.0;0.0;55.0;9.6;88;Low;0.15
31/10/2025;11:00:00;1.208;0.072;241.74;5.0;0.0;0.0;55.0;10.6;87;Low;0.15
31/10/2025;12:00:00;0.824;0.127;241.55;3.41;0.0;0.0;55.0;12.7;80;Low;0.15
31/10/2025;13:00:00;0.778;0.112;239.2;3.25;0.0;0.0;55.0;14.5;75;Low;0.15
31/10/2025;14:00:00;0.799;0.129;241.24;3.31;0.0;0.0;55.0;14.2;80;Low;0.15
31/10/2025;15:00:00;0.674;0.136;238.75;2.82;0.0;0.0;55.0;15.4;77;Low;0.15
31/10/2025;16:00:00;1.096;0.213;237.68;4.61;0.0;0.0;55.0;15.7;75;Low;0.15
31/10/2025;17:00:00;1.651;0.358;240.01;6.88;0.0;0.0;55.0;16.0;73;Medium;0.5
31/10/2025;18:00:00;2.724;0.588;241.45;11.28;9.2;0.0;55.0;15.6;74;High;0.85
31/10/2025;19:00:00;3.342;0.606;240.87;13.88;21.3;0.0;55.0;15.0;76;High;0.85
31/10/2025;20:00:00;3.795;0.807;241.43;15.72;18.2;0.0;55.0;14.6;79;High;0.85
31/10/2025;21:00:00;3.349;0.661;237.87;14.08;17.6;0.0;55.0;13.9;81;High;0.85
31/10/2025;22:00:00;2.68;0.466;244.43;10.97;0.0;0.0;55.0;13.8;80;High;0.85
31/10/2025;23:00:00;1.774;0.111;239.04;7.42;0.0;0.0;55.0;13.8;79;Medium;0.5
01/11/2025;00:00:00;0.704;0.041;239.67;2.94;0.0;0.0;55.0;13.8;79;Low;0.15
01/11/2025;01:00:00;0.821;0.158;236.31;3.47;0.0;0.0;55.0;13.7;81;Low;0.15
01/11/2025;02:00:00;0.556;0.074;239.46;2.32;0.0;0.0;55.0;14.1;82;Low;0.15
01/11/2025;03:00:00;0.613;0.115;241.49;2.54;0.0;0.0;55.0;14.2;81;Low;0.15
01/11/2025;04:00:00;0.648;0.067;242.14;2.67;0.0;0.0;55.0;14.4;80;Low;0.15
01/11/2025;05:00:00;1.052;0.124;244.37;4.31;0.0;0.0;55.0;14.5;79;Low;0.15
01/11/2025;06:00:00;1.918;0.324;241.46;7.94;0.0;0.0;55.0;14.7;79;Medium;0.5
01/11/2025;07:00:00;2.498;0.514;240.78;10.37;0.0;1.6;55.0;14.7;82;Medium;0.5
01/11/2025;08:00:00;2.863;0.186;238.75;11.99;0.0;4.6;55.0;15.3;81;Medium;0.5
01/11/2025;09:00:00;2.497;0.491;238.15;10.49;0.0;17.3;55.0;15.6;79;Medium;0.5
01/11/2025;10:00:00;1.845;0.341;242.72;7.6;0.0;0.0;55.0;15.7;81;Medium;0.5
01/11/2025;11:00:00;1.365;0.142;242.66;5.63;0.0;0.0;55.0;14.9;88;High;0.85
01/11/2025;12:00:00;1.334;0.147;236.98;5.63;0.0;0.0;55.0;13.9;94;High;0.85
01/11/2025;13:00:00;1.395;0.081;242.02;5.76;0.0;0.0;55.0;13.4;90;High;0.85
01/11/2025;14:00:00;1.389;0.073;241.82;5.74;0.0;0.0;55.0;13.0;89;High;0.85
01/11/2025;15:00:00;1.43;0.187;236.88;6.04;0.0;0.0;55.0;13.3;86;High;0.85
01/11/2025;16:00:00;1.477;0.098;241.51;6.11;0.0;0.0;55.0;13.7;83;Medium;0.5
01/11/2025;17:00:00;1.593;0.132;237.06;6.72;0.0;0.0;55.0;14.3;80;Medium;0.5
01/11/2025;18:00:00;2.995;0.581;233.2;12.84;19.0;0.0;55.0;13.9;80;High;0.85
01/11/2025;19:00:00;3.666;0.539;239.55;15.3;0.3;0.0;55.0;13.2;81;High;0.85
01/11/2025;20:00:00;3.896;0.615;240.72;16.19;24.2;0.0;55.0;12.8;83;High;0.85
01/11/2025;21:00:00;3.824;0.313;239.68;15.96;4.8;0.0;55.0;12.5;85;High;0.85
01/11/2025;22:00:00;3.161;0.603;248.03;12.74;0.0;0.0;55.0;12.3;84;High;0.85
01/11/2025;23:00:00;1.987;0.393;241.06;8.24;0.0;0.0;55.0;12.0;86;Medium;0.5
02/11/2025;00:00:00;0.956;0.133;240.41;3.98;0.0;0.0;55.0;11.7;87;Low;0.15
02/11/2025;01:00:00;1.028;0.211;241.2;4.26;0.0;0.0;55.0;11.6;88;Low;0.15
02/11/2025;02:00:00;1.011;0.196;238.76;4.23;0.0;0.0;55.0;11.4;92;Low;0.15
02/11/2025;03:00:00;1.038;0.181;242.6;4.28;0.0;0.0;55.0;11.6;93;Low;0.15
02/11/2025;04:00:00;1.051;0.184;241.01;4.36;0.0;0.0;55.0;10.7;94;Low;0.15
02/11/2025;05:00:00;1.205;0.082;240.88;5.0;0.0;0.0;55.0;10.5;95;Low;0.15
02/11/2025;06:00:00;1.851;0.178;238.25;7.77;0.0;0.0;55.0;10.3;95;Medium;0.5
02/11/2025;07:00:00;2.742;0.168;235.62;11.64;0.0;13.2;55.0;10.4;94;Medium;0.5
02/11/2025;08:00:00;3.06;0.157;238.6;12.82;0.0;19.9;55.0;10.6;95;Medium;0.5
02/11/2025;09:00:00;2.996;0.23;240.79;12.44;0.0;0.9;55.0;10.2;95;Medium;0.5
02/11/2025;10:00:00;1.975;0.394;238.75;8.27;0.0;0.0;55.0;10.6;92;Medium;0.5
02/11/2025;11:00:00;1.669;0.151;240.82;6.93;0.0;0.0;55.0;11.6;88;High;0.85
02/11/2025;12:00:00;1.479;0.318;239.35;6.18;0.0;0.0;55.0;12.0;78;High;0.85
02/11/2025;13:00:00;1.373;0.208;241.21;5.69;0.0;0.0;55.0;12.2;79;High;0.85
02/11/2025;14:00:00;1.526;0.138;237.26;6.43;0.0;0.0;55.0;12.7;72;High;0.85
02/11/2025;15:00:00;1.367;0.184;240.54;5.68;0.0;0.0;55.0;13.0;65;High;0.85
02/11/2025;16:00:00;1.42;0.124;238.21;5.96;0.0;0.0;55.0;13.3;61;Medium;0.5
02/11/2025;17:00:00;1.879;0.408;235.69;7.97;0.0;0.0;55.0;12.8;64;Medium;0.5
02/11/2025;18:00:00;2.904;0.563;239.54;12.12;12.3;0.0;55.0;12.1;65;High;0.85
02/11/2025;19:00:00;3.796;0.207;244.3;15.54;16.5;0.0;55.0;11.1;70;High;0.85
02/11/2025;20:00:00;4.214;0.89;235.92;17.86;5.9;0.0;55.0;10.5;77;High;0.85
02/11/2025;21:00:00;3.898;0.673;240.33;16.22;7.0;0.0;55.0;9.7;79;High;0.85
02/11/2025;22:00:00;3.14;0.201;242.23;12.96;0.0;0.0;55.0;9.2;83;High;0.85
02/11/2025;23:00:00;2.058;0.338;246.44;8.35;0.0;0.0;55.0;8.7;85;Medium;0.5
03/11/2025;00:00:00;1.038;0.166;238.62;4.35;0.0;0.0;55.0;8.6;86;Low;0.15
03/11/2025;01:00:00;0.89;0.078;238.23;3.74;0.0;0.0;55.0;8.7;88;Low;0.15
03/11/2025;02:00:00;3.123;0.559;236.73;13.19;0.0;0.0;55.0;8.6;84;Low;0.15
03/11/2025;03:00:00;1.091;0.071;243.19;4.49;0.0;0.0;55.0;8.1;90;Low;0.15
03/11/2025;04:00:00;0.991;0.132;237.57;4.17;0.0;0.0;55.0;7.9;92;Low;0.15
03/11/2025;05:00:00;1.3;0.067;238.96;5.44;0.0;0.0;55.0;7.7;93;Low;0.15
03/11/2025;06:00:00;1.999;0.429;234.82;8.51;0.0;0.0;55.0;7.5;94;Medium;0.5
03/11/2025;07:00:00;2.774;0.493;242.48;11.44;0.0;13.8;55.0;7.4;95;Medium;0.5
03/11/2025;08:00:00;3.185;0.245;243.24;13.09;0.0;11.4;55.0;7.9;96;Medium;0.5
03/11/2025;09:00:00;2.459;0.266;242.37;10.14;0.0;3.8;55.0;9.0;96;Medium;0.5
03/11/2025;10:00:00;1.673;0.129;235.51;7.1;0.0;0.0;55.0;10.0;94;Low;0.15
03/11/2025;11:00:00;1.129;0.204;241.7;4.67;0.0;0.0;55.0;10.8;93;Low;0.15
03/11/2025;12:00:00;0.959;0.058;235.32;4.08;0.0;0.0;55.0;12.0;88;Low;0.15
03/11/2025;13:00:00;0.798;0.154;240.16;3.32;0.0;0.0;55.0;13.3;80;Low;0.15
03/11/2025;14:00:00;0.639;0.134;240.57;2.65;0.0;0.0;55.0;14.6;74;Low;0.15
03/11/2025;15:00:00;0.736;0.121;240.87;3.06;0.0;0.0;55.0;15.2;72;Low;0.15
03/11/2025;16:00:00;0.908;0.078;241.5;3.76;0.0;0.0;55.0;15.6;70;Low;0.15
03/11/2025;17:00:00;1.812;0.201;239.98;7.55;0.0;0.0;55.0;15.2;72;Medium;0.5
03/11/2025;18:00:00;2.669;0.35;234.51;11.38;18.1;0.0;55.0;14.6;73;High;0.85
03/11/2025;19:00:00;3.556;0.543;241.5;14.72;4.4;0.0;55.0;14.0;76;High;0.85
03/11/2025;20:00:00;3.677;0.602;240.27;15.31;16.7;0.0;55.0;13.4;83;High;0.85
03/11/2025;21:00:00;6.867;0.99;237.47;28.92;7.0;0.0;55.0;12.8;87;High;0.85
03/11/2025;22:00:00;2.636;0.289;235.61;11.19;0.0;0.0;55.0;12.6;90;High;0.85
03/11/2025;23:00:00;1.686;0.34;244.31;6.9;0.0;0.0;55.0;12.3;91;Medium;0.5
04/11/2025;00:00:00;0.684;0.044;243.45;2.81;0.0;0.0;55.0;12.0;92;Low;0.15
04/11/2025;01:00:00;0.887;0.115;241.98;3.67;0.0;0.0;55.0;11.7;92;Low;0.15
04/11/2025;02:00:00;0.858;0.156;238.11;3.6;0.0;0.0;55.0;12.6;90;Low;0.15
04/11/2025;03:00:00;0.679;0.041;232.95;2.91;0.0;0.0;55.0;12.2;90;Low;0.15
04/11/2025;04:00:00;1.017;0.173;242.14;4.2;0.0;0.0;55.0;11.4;91;Low;0.15
04/11/2025;05:00:00;1.12;0.212;241.03;4.65;0.0;0.0;55.0;10.4;94;Low;0.15
04/11/2025;06:00:00;1.963;0.319;238.95;8.21;0.0;0.0;55.0;9.6;95;Medium;0.5
04/11/2025;07:00:00;2.807;0.147;243.15;11.55;0.0;4.0;55.0;9.0;95;Medium;0.5
04/11/2025;08:00:00;3.093;0.249;242.37;12.76;0.0;2.0;55.0;8.7;97;Medium;0.5
04/11/2025;09:00:00;2.673;0.289;240.49;11.12;0.0;9.1;55.0;8.1;97;Medium;0.5
04/11/2025;10:00:00;1.65;0.148;240.1;6.87;0.0;0.0;55.0;8.7;92;Low;0.15
04/11/2025;11:00:00;0.995;0.213;240.14;4.15;0.0;0.0;55.0;9.7;89;Low;0.15
04/11/2025;12:00:00;0.88;0.141;241.9;3.64;0.0;0.0;55.0;11.0;84;Low;0.15
04/11/2025;13:00:00;0.797;0.08;237.6;3.36;0.0;0.0;55.0;12.6;78;Low;0.15
04/11/2025;14:00:00;0.627;0.13;241.19;2.6;0.0;0.0;55.0;14.4;74;Low;0.15
04/11/2025;15:00:00;0.755;0.133;237.42;3.18;0.0;0.0;55.0;15.6;70;Low;0.15
04/11/2025;16:00:00;0.995;0.098;243.74;4.08;0.0;0.0;55.0;16.2;69;Low;0.15
04/11/2025;17:00:00;1.682;0.192;241.49;6.96;0.0;0.0;55.0;16.2;68;Medium;0.5
04/11/2025;18:00:00;2.578;0.216;238.07;10.83;8.8;0.0;55.0;15.3;69;High;0.85
04/11/2025;19:00:00;3.364;0.724;240.23;14.0;3.6;0.0;55.0;14.3;73;High;0.85
04/11/2025;20:00:00;3.668;0.506;237.61;15.44;13.8;0.0;55.0;14.4;75;High;0.85
04/11/2025;21:00:00;3.286;0.665;244.21;13.46;15.6;0.0;55.0;13.5;77;High;0.85
04/11/2025;22:00:00;2.904;0.316;244.54;11.88;0.0;0.0;55.0;13.0;77;High;0.85
04/11/2025;23:00:00;1.826;0.359;241.95;7.55;0.0;0.0;55.0;12.8;76;Medium;0.5
05/11/2025;00:00:00;0.802;0.047;244.36;3.28;0.0;0.0;55.0;12.7;76;Low;0.15
05/11/2025;01:00:00;0.889;0.193;240.43;3.7;0.0;0.0;55.0;12.4;77;Low;0.15
05/11/2025;02:00:00;0.794;0.163;242.14;3.28;0.0;0.0;55.0;13.2;76;Low;0.15
05/11/2025;03:00:00;0.902;0.101;243.43;3.71;0.0;0.0;55.0;12.7;79;Low;0.15
05/11/2025;04:00:00;0.92;0.167;239.98;3.83;0.0;0.0;55.0;12.0;82;Low;0.15
05/11/2025;05:00:00;1.035;0.184;240.2;4.31;0.0;0.0;55.0;11.6;83;Low;0.15
05/11/2025;06:00:00;1.864;0.379;242.61;7.68;0.0;0.0;55.0;11.6;80;Medium;0.5
05/11/2025;07:00:00;2.406;0.246;241.81;9.95;0.0;11.6;55.0;11.1;80;Medium;0.5
05/11/2025;08:00:00;2.882;0.372;237.88;12.11;0.0;0.8;55.0;10.9;81;Medium;0.5
05/11/2025;09:00:00;2.553;0.503;233.88;10.92;0.0;8.5;55.0;10.5;81;Medium;0.5
05/11/2025;10:00:00;1.581;0.288;239.51;6.6;0.0;0.0;55.0;11.0;78;Low;0.15
05/11/2025;11:00:00;1.054;0.123;234.13;4.5;0.0;0.0;55.0;12.1;76;Low;0.15
05/11/2025;12:00:00;0.62;0.12;237.23;2.61;0.0;0.0;55.0;13.4;71;Low;0.15
05/11/2025;13:00:00;0.631;0.037;237.55;2.66;0.0;0.0;55.0;14.8;68;Low;0.15
05/11/2025;14:00:00;0.699;0.128;238.41;2.93;0.0;0.0;55.0;15.9;66;Low;0.15
05/11/2025;15:00:00;0.784;0.067;242.3;3.24;0.0;0.0;55.0;16.8;64;Low;0.15
05/11/2025;16:00:00;0.885;0.087;242.91;3.64;0.0;0.0;55.0;16.8;66;Low;0.15
05/11/2025;17:00:00;3.831;0.513;241.42;15.87;0.0;0.0;55.0;16.7;66;Medium;0.5
05/11/2025;18:00:00;2.557;0.323;241.77;10.57;3.7;0.0;55.0;15.8;69;High;0.85
05/11/2025;19:00:00;3.402;0.471;241.84;14.07;0.4;0.0;55.0;15.1;73;High;0.85
05/11/2025;20:00:00;7.13;1.017;233.01;30.6;9.9;0.0;55.0;15.0;72;High;0.85
05/11/2025;21:00:00;3.283;0.349;240.03;13.68;8.1;0.0;55.0;14.3;75;High;0.85
05/11/2025;22:00:00;2.893;0.231;234.97;12.31;0.0;0.0;55.0;13.8;77;High;0.85
05/11/2025;23:00:00;1.681;0.304;241.43;6.96;0.0;0.0;55.0;13.4;80;Medium;0.5
06/11/2025;00:00:00;0.862;0.102;234.14;3.68;0.0;0.0;55.0;13.2;80;Low;0.15
06/11/2025;01:00:00;0.895;0.122;239.49;3.74;0.0;0.0;55.0;12.8;83;Low;0.15
06/11/2025;02:00:00;0.716;0.114;241.53;2.96;0.0;0.0;55.0;13.0;83;Low;0.15
06/11/2025;03:00:00;0.946;0.194;236.87;4.0;0.0;0.0;55.0;12.7;85;Low;0.15
06/11/2025;04:00:00;0.866;0.147;242.69;3.57;0.0;0.0;55.0;12.0;88;Low;0.15
06/11/2025;05:00:00;1.125;0.065;241.42;4.66;0.0;0.0;55.0;11.6;89;Low;0.15
06/11/2025;06:00:00;1.884;0.363;241.07;7.81;0.0;0.0;55.0;11.1;92;Medium;0.5
06/11/2025;07:00:00;2.483;0.542;241.95;10.26;0.0;3.4;55.0;11.5;92;Medium;0.5
06/11/2025;08:00:00;2.886;0.376;238.99;12.08;0.0;3.0;55.0;12.0;91;Medium;0.5
06/11/2025;09:00:00;2.504;0.538;240.43;10.41;0.0;19.4;55.0;12.7;90;Medium;0.5
06/11/2025;10:00:00;1.301;0.186;240.03;5.42;0.0;0.0;55.0;13.1;91;Low;0.15
06/11/2025;11:00:00;3.107;0.398;239.96;12.95;0.0;0.0;55.0;13.6;91;Low;0.15
06/11/2025;12:00:00;0.612;0.065;238.12;2.57;0.0;0.0;55.0;13.9;91;Low;0.15
06/11/2025;13:00:00;0.832;0.135;236.52;3.52;0.0;0.0;55.0;14.1;92;Low;0.15
06/11/2025;14:00:00;0.862;0.077;239.06;3.61;0.0;0.0;55.0;14.0;95;Low;0.15
06/11/2025;15:00:00;0.701;0.048;238.9;2.93;0.0;0.0;55.0;14.3;94;Low;0.15
06/11/2025;16:00:00;0.976;0.053;237.94;4.1;0.0;0.0;55.0;14.5;93;Low;0.15
06/11/2025;17:00:00;1.618;0.161;242.39;6.67;0.0;0.0;55.0;14.6;91;Medium;0.5
06/11/2025;18:00:00;2.682;0.315;236.72;11.33;8.5;0.0;55.0;14.0;94;High;0.85
06/11/2025;19:00:00;3.389;0.487;239.52;14.15;0.3;0.0;55.0;13.1;96;High;0.85
06/11/2025;20:00:00;3.767;0.376;243.27;15.49;24.7;0.0;55.0;13.3;98;High;0.85
06/11/2025;21:00:00;3.551;0.771;242.55;14.64;12.3;0.0;55.0;13.1;98;High;0.85
06/11/2025;22:00:00;2.903;0.289;243.41;11.93;0.0;0.0;55.0;13.0;97;High;0.85
06/11/2025;23:00:00;1.768;0.221;238.35;7.42;0.0;0.0;55.0;13.0;96;Medium;0.5
07/11/2025;00:00:00;0.774;0.052;242.2;3.19;0.0;0.0;55.0;12.8;96;Low;0.15
07/11/2025;01:00:00;0.68;0.064;237.02;2.87;0.0;0.0;55.0;11.9;97;Low;0.15
07/11/2025;02:00:00;0.822;0.048;239.23;3.44;0.0;0.0;55.0;11.0;98;Low;0.15
07/11/2025;03:00:00;1.03;0.149;239.49;4.3;0.0;0.0;55.0;10.6;97;Low;0.15
07/11/2025;04:00:00;1.155;0.205;238.39;4.84;0.0;0.0;55.0;10.3;97;Low;0.15
07/11/2025;05:00:00;1.075;0.09;238.99;4.5;0.0;0.0;55.0;9.9;97;Low;0.15
07/11/2025;06:00:00;1.901;0.214;238.62;7.97;0.0;0.0;55.0;9.4;97;Medium;0.5
07/11/2025;07:00:00;2.638;0.139;237.25;11.12;0.0;2.1;55.0;9.1;97;Medium;0.5
07/11/2025;08:00:00;2.989;0.576;242.4;12.33;0.0;0.6;55.0;9.4;98;Medium;0.5
07/11/2025;09:00:00;2.499;0.456;239.49;10.44;0.0;16.7;55.0;10.1;98;Medium;0.5
07/11/2025;10:00:00;1.662;0.101;240.56;6.91;0.0;0.0;55.0;10.7;99;Low;0.15
07/11/2025;11:00:00;1.067;0.12;240.46;4.44;0.0;0.0;55.0;11.3;98;Low;0.15
07/11/2025;12:00:00;0.872;0.185;240.15;3.63;0.0;0.0;55.0;12.3;95;Low;0.15
07/11/2025;13:00:00;2.819;0.329;240.26;11.73;0.0;0.0;55.0;13.5;87;Low;0.15
07/11/2025;14:00:00;0.744;0.104;239.14;3.11;0.0;0.0;55.0;14.1;82;Low;0.15
07/11/2025;15:00:00;0.748;0.083;243.97;3.07;0.0;0.0;55.0;14.6;77;Low;0.15
07/11/2025;16:00:00;1.006;0.152;242.13;4.16;0.0;0.0;55.0;14.5;75;Low;0.15
07/11/2025;17:00:00;1.719;0.372;240.05;7.16;0.0;0.0;55.0;14.6;76;Medium;0.5
07/11/2025;18:00:00;2.666;0.585;238.75;11.17;5.8;0.0;55.0;14.0;79;High;0.85
07/11/2025;19:00:00;5.382;0.978;239.67;22.45;6.6;0.0;55.0;13.3;83;High;0.85
07/11/2025;20:00:00;3.903;0.463;241.17;16.19;6.4;0.0;55.0;12.4;88;High;0.85
07/11/2025;21:00:00;3.518;0.472;244.2;14.4;12.6;0.0;55.0;12.4;88;High;0.85
07/11/2025;22:00:00;2.8;0.31;236.16;11.86;0.0;0.0;55.0;11.9;90;High;0.85
07/11/2025;23:00:00;1.996;0.434;241.85;8.25;0.0;0.0;55.0;11.3;92;Medium;0.5
08/11/2025;00:00:00;0.875;0.149;243.15;3.6;0.0;0.0;55.0;10.9;93;Low;0.15
08/11/2025;01:00:00;1.044;0.132;235.84;4.43;0.0;0.0;55.0;10.6;94;Low;0.15
08/11/2025;02:00:00;0.934;0.049;239.49;3.9;0.0;0.0;55.0;11.1;93;Low;0.15
08/11/2025;03:00:00;0.887;0.123;237.02;3.74;0.0;0.0;55.0;11.2;94;Low;0.15
08/11/2025;04:00:00;1.015;0.221;241.21;4.21;0.0;0.0;55.0;10.8;94;Low;0.15
08/11/2025;05:00:00;1.112;0.154;239.0;4.65;0.0;0.0;55.0;9.3;96;Low;0.15
08/11/2025;06:00:00;1.982;0.161;239.64;8.27;0.0;0.0;55.0;8.9;97;Medium;0.5
08/11/2025;07:00:00;2.767;0.149;238.85;11.58;0.0;4.8;55.0;8.4;97;Medium;0.5
08/11/2025;08:00:00;5.17;0.57;242.02;21.36;0.0;14.5;55.0;10.4;98;Medium;0.5
08/11/2025;09:00:00;2.958;0.61;240.64;12.29;0.0;12.9;55.0;10.1;100;Medium;0.5
08/11/2025;10:00:00;2.222;0.488;240.65;9.23;0.0;0.0;55.0;10.5;99;Medium;0.5
08/11/2025;11:00:00;1.756;0.37;240.45;7.3;0.0;0.0;55.0;11.0;97;High;0.85
08/11/2025;12:00:00;1.516;0.264;241.6;6.28;0.0;0.0;55.0;11.3;97;High;0.85
08/11/2025;13:00:00;1.213;0.176;239.27;5.07;0.0;0.0;55.0;11.8;96;High;0.85
08/11/2025;14:00:00;1.321;0.199;244.76;5.4;0.0;0.0;55.0;12.4;94;High;0.85
08/11/2025;15:00:00;1.35;0.191;236.54;5.71;0.0;0.0;55.0;13.0;93;High;0.85
08/11/2025;16:00:00;1.332;0.227;235.17;5.67;0.0;0.0;55.0;13.4;90;Medium;0.5
08/11/2025;17:00:00;1.9;0.23;234.94;8.09;0.0;0.0;55.0;13.4;89;Medium;0.5
08/11/2025;18:00:00;2.964;0.485;234.18;12.66;4.0;0.0;55.0;12.5;91;High;0.85
08/11/2025;19:00:00;3.611;0.255;241.88;14.93;12.0;0.0;55.0;11.9;90;High;0.85
08/11/2025;20:00:00;4.244;0.404;241.54;17.57;17.5;0.0;55.0;11.3;88;High;0.85
08/11/2025;21:00:00;3.786;0.727;243.38;15.56;7.7;0.0;55.0;10.5;90;High;0.85
08/11/2025;22:00:00;3.197;0.651;237.04;13.49;0.0;0.0;55.0;9.8;92;High;0.85
08/11/2025;23:00:00;2.364;0.335;242.09;9.77;0.0;0.0;55.0;9.4;93;Medium;0.5
09/11/2025;00:00:00;0.937;0.052;240.16;3.9;0.0;0.0;55.0;8.9;94;Low;0.15
09/11/2025;01:00:00;0.794;0.165;240.47;3.3;0.0;0.0;55.0;8.6;96;Low;0.15
09/11/2025;02:00:00;1.025;0.174;241.75;4.24;0.0;0.0;55.0;8.5;97;Low;0.15
09/11/2025;03:00:00;1.212;0.146;237.88;5.1;0.0;0.0;55.0;7.8;98;Low;0.15
09/11/2025;04:00:00;1.352;0.205;247.24;5.47;0.0;0.0;55.0;7.7;98;Low;0.15
09/11/2025;05:00:00;1.26;0.155;243.73;5.17;0.0;0.0;55.0;7.4;98;Low;0.15
09/11/2025;06:00:00;2.246;0.29;238.51;9.42;0.0;0.0;55.0;7.2;98;Medium;0.5
09/11/2025;07:00:00;2.936;0.589;236.95;12.39;0.0;17.6;55.0;6.8;98;Medium;0.5
09/11/2025;08:00:00;3.331;0.258;239.75;13.9;0.0;15.4;55.0;7.3;100;Medium;0.5
09/11/2025;09:00:00;3.199;0.216;240.51;13.3;0.0;1.0;55.0;7.6;100;Medium;0.5
09/11/2025;10:00:00;2.01;0.101;242.98;8.27;0.0;0.0;55.0;7.8;99;Medium;0.5
09/11/2025;11:00:00;1.868;0.193;236.73;7.89;0.0;0.0;55.0;8.5;97;High;0.85
09/11/2025;12:00:00;1.621;0.122;240.8;6.73;0.0;0.0;55.0;9.5;93;High;0.85
09/11/2025;13:00:00;3.592;0.314;235.72;15.24;0.0;0.0;55.0;10.3;92;High;0.85
09/11/2025;14:00:00;1.445;0.075;241.22;5.99;0.0;0.0;55.0;11.4;85;High;0.85
09/11/2025;15:00:00;1.514;0.134;239.7;6.31;0.0;0.0;55.0;12.1;80;High;0.85
09/11/2025;16:00:00;1.421;0.151;245.42;5.79;0.0;0.0;55.0;12.3;78;Medium;0.5
09/11/2025;17:00:00;5.54;0.307;235.67;23.51;0.0;0.0;55.0;11.8;80;Medium;0.5
09/11/2025;18:00:00;3.067;0.47;243.84;12.58;15.7;0.0;55.0;11.0;85;High;0.85
09/11/2025;19:00:00;3.985;0.585;235.23;16.94;6.3;0.0;55.0;10.0;89;High;0.85
09/11/2025;20:00:00;4.205;0.28;236.28;17.79;1.9;0.0;55.0;10.1;91;High;0.85
09/11/2025;21:00:00;3.973;0.601;235.3;16.88;21.0;0.0;55.0;9.8;92;High;0.85
09/11/2025;22:00:00;3.171;0.697;240.7;13.17;0.0;0.0;55.0;9.8;91;High;0.85
09/11/2025;23:00:00;2.252;0.474;236.71;9.51;0.0;0.0;55.0;9.7;90;Medium;0.5
10/11/2025;00:00:00;0.993;0.05;236.22;4.21;0.0;0.0;55.0;9.4;89;Low;0.15
10/11/2025;01:00:00;0.851;0.158;240.57;3.54;0.0;0.0;55.0;8.9;89;Low;0.15
10/11/2025;02:00:00;1.179;0.13;241.26;4.89;0.0;0.0;55.0;8.5;93;Low;0.15
10/11/2025;03:00:00;0.974;0.059;240.11;4.06;0.0;0.0;55.0;8.4;93;Low;0.15
10/11/2025;04:00:00;3.066;0.308;239.55;12.8;0.0;0.0;55.0;8.0;94;Low;0.15
10/11/2025;05:00:00;1.253;0.131;245.12;5.11;0.0;0.0;55.0;8.0;93;Low;0.15
10/11/2025;06:00:00;2.199;0.306;240.41;9.15;0.0;0.0;55.0;7.7;93;Medium;0.5
10/11/2025;07:00:00;2.559;0.415;242.26;10.56;0.0;12.3;55.0;6.9;95;Medium;0.5
10/11/2025;08:00:00;3.395;0.602;240.4;14.12;0.0;1.6;55.0;7.4;95;Medium;0.5
10/11/2025;09:00:00;2.86;0.263;236.93;12.07;0.0;2.1;55.0;7.2;95;Medium;0.5
10/11/2025;10:00:00;1.834;0.192;241.54;7.59;0.0;0.0;55.0;7.5;93;Low;0.15
10/11/2025;11:00:00;1.289;0.132;238.16;5.41;0.0;0.0;55.0;8.3;90;Low;0.15
10/11/2025;12:00:00;1.094;0.122;239.75;4.56;0.0;0.0;55.0;9.1;86;Low;0.15
10/11/2025;13:00:00;1.026;0.226;240.86;4.26;0.0;0.0;55.0;10.0;84;Low;0.15
10/11/2025;14:00:00;0.994;0.181;234.56;4.24;0.0;0.0;55.0;11.0;82;Low;0.15
10/11/2025;15:00:00;1.076;0.232;235.49;4.57;0.0;0.0;55.0;10.8;86;Low;0.15
10/11/2025;16:00:00;1.212;0.203;242.55;5.0;0.0;0.0;55.0;11.4;85;Low;0.15
10/11/2025;17:00:00;1.894;0.226;238.14;7.96;0.0;0.0;55.0;11.5;83;Medium;0.5
10/11/2025;18:00:00;2.844;0.331;238.27;11.94;19.2;0.0;55.0;11.4;84;High;0.85
10/11/2025;19:00:00;3.496;0.465;240.47;14.54;4.5;0.0;55.0;11.5;86;High;0.85
10/11/2025;20:00:00;3.899;0.471;238.92;16.32;6.1;0.0;55.0;11.7;91;High;0.85
10/11/2025;21:00:00;3.563;0.68;241.17;14.77;6.4;0.0;55.0;11.7;91;High;0.85
10/11/2025;22:00:00;2.583;0.333;239.86;10.77;0.0;0.0;55.0;11.1;92;High;0.85
10/11/2025;23:00:00;2.028;0.203;240.56;8.43;0.0;0.0;55.0;10.7;92;Medium;0.5
11/11/2025;00:00:00;0.964;0.175;238.03;4.05;0.0;0.0;55.0;10.3;92;Low;0.15
11/11/2025;01:00:00;0.967;0.189;240.54;4.02;0.0;0.0;55.0;9.9;93;Low;0.15
11/11/2025;02:00:00;0.93;0.113;243.09;3.83;0.0;0.0;55.0;9.9;94;Low;0.15
11/11/2025;03:00:00;1.123;0.184;238.41;4.71;0.0;0.0;55.0;9.3;95;Low;0.15
11/11/2025;04:00:00;1.16;0.07;242.56;4.78;0.0;0.0;55.0;9.1;96;Low;0.15
11/11/2025;05:00:00;1.187;0.166;239.86;4.95;0.0;0.0;55.0;8.8;96;Low;0.15
11/11/2025;06:00:00;2.049;0.118;242.06;8.46;0.0;0.0;55.0;8.6;97;Medium;0.5
11/11/2025;07:00:00;2.579;0.142;240.36;10.73;0.0;13.4;55.0;8.5;98;Medium;0.5
11/11/2025;08:00:00;2.805;0.433;239.91;11.69;0.0;10.4;55.0;9.7;100;Medium;0.5
11/11/2025;09:00:00;2.518;0.256;240.98;10.45;0.0;11.7;55.0;10.1;100;Medium;0.5
11/11/2025;10:00:00;1.724;0.304;243.4;7.08;0.0;0.0;55.0;10.4;99;Low;0.15
11/11/2025;11:00:00;1.246;0.252;240.66;5.18;0.0;0.0;55.0;10.7;99;Low;0.15
11/11/2025;12:00:00;4.497;0.331;241.34;18.63;0.0;0.0;55.0;11.1;98;Low;0.15
11/11/2025;13:00:00;0.915;0.158;238.97;3.83;0.0;0.0;55.0;12.2;93;Low;0.15
11/11/2025;14:00:00;0.873;0.12;244.4;3.57;0.0;0.0;55.0;12.8;89;Low;0.15
11/11/2025;15:00:00;0.764;0.053;241.79;3.16;0.0;0.0;55.0;14.0;84;Low;0.15
11/11/2025;16:00:00;1.036;0.167;240.22;4.31;0.0;0.0;55.0;14.9;79;Low;0.15
11/11/2025;17:00:00;1.796;0.276;239.66;7.49;0.0;0.0;55.0;14.8;79;Medium;0.5
11/11/2025;18:00:00;2.779;0.382;242.74;11.45;21.7;0.0;55.0;14.0;80;High;0.85
11/11/2025;19:00:00;3.52;0.73;238.3;14.77;18.9;0.0;55.0;13.4;81;High;0.85
11/11/2025;20:00:00;3.772;0.523;235.01;16.05;1.4;0.0;55.0;13.1;80;High;0.85
11/11/2025;21:00:00;3.479;0.76;240.2;14.48;1.7;0.0;55.0;12.7;80;High;0.85
11/11/2025;22:00:00;2.912;0.398;243.33;11.97;0.0;0.0;55.0;12.3;77;High;0.85
11/11/2025;23:00:00;1.9;0.132;244.46;7.77;0.0;0.0;55.0;11.7;77;Medium;0.5
12/11/2025;00:00:00;0.814;0.106;239.7;3.4;0.0;0.0;55.0;11.0;79;Low;0.15
12/11/2025;01:00:00;0.916;0.074;240.12;3.82;0.0;0.0;55.0;10.5;81;Low;0.15
12/11/2025;02:00:00;0.865;0.131;241.45;3.58;0.0;0.0;55.0;10.4;84;Low;0.15
12/11/2025;03:00:00;0.908;0.152;239.26;3.79;0.0;0.0;55.0;9.9;86;Low;0.15
12/11/2025;04:00:00;1.021;0.132;241.45;4.23;0.0;0.0;55.0;9.6;87;Low;0.15
12/11/2025;05:00:00;1.155;0.077;239.76;4.82;0.0;0.0;55.0;9.3;87;Low;0.15
12/11/2025;06:00:00;1.947;0.252;242.83;8.02;0.0;0.0;55.0;9.1;86;Medium;0.5
12/11/2025;07:00:00;2.463;0.157;242.02;10.18;0.0;5.3;55.0;8.9;85;Medium;0.5
12/11/2025;08:00:00;3.024;0.502;242.27;12.48;0.0;3.4;55.0;8.7;85;Medium;0.5
12/11/2025;09:00:00;2.688;0.496;239.43;11.23;0.0;2.2;55.0;8.3;85;Medium;0.5
12/11/2025;10:00:00;1.652;0.353;245.39;6.73;0.0;0.0;55.0;8.8;83;Low;0.15
12/11/2025;11:00:00;1.259;0.095;241.35;5.21;0.0;0.0;55.0;10.0;81;Low;0.15
12/11/2025;12:00:00;1.01;0.142;240.69;4.19;0.0;0.0;55.0;11.6;75;Low;0.15
12/11/2025;13:00:00;0.628;0.092;237.87;2.64;0.0;0.0;55.0;13.1;71;Low;0.15
12/11/2025;14:00:00;0.667;0.138;239.73;2.78;0.0;0.0;55.0;14.1;70;Low;0.15
12/11/2025;15:00:00;0.721;0.113;240.32;3.0;0.0;0.0;55.0;14.5;71;Low;0.15
12/11/2025;16:00:00;0.893;0.067;237.79;3.76;0.0;0.0;55.0;15.0;74;Low;0.15
12/11/2025;17:00:00;1.787;0.222;239.18;7.47;0.0;0.0;55.0;15.2;72;Medium;0.5
12/11/2025;18:00:00;2.654;0.428;239.54;11.08;8.1;0.0;55.0;14.5;76;High;0.85
12/11/2025;19:00:00;3.339;0.564;240.16;13.9;24.0;0.0;55.0;14.0;80;High;0.85
12/11/2025;20:00:00;3.465;0.682;235.06;14.74;12.8;0.0;55.0;13.7;80;High;0.85
12/11/2025;21:00:00;3.477;0.281;239.62;14.51;0.2;0.0;55.0;13.2;81;High;0.85
12/11/2025;22:00:00;2.627;0.556;238.94;11.0;0.0;0.0;55.0;13.2;81;High;0.85
12/11/2025;23:00:00;1.818;0.109;239.94;7.58;0.0;0.0;55.0;13.2;81;Medium;0.5
13/11/2025;00:00:00;0.792;0.172;242.9;3.26;0.0;0.0;55.0;13.3;78;Low;0.15
13/11/2025;01:00:00;0.877;0.172;245.75;3.57;0.0;0.0;55.0;13.7;72;Low;0.15
13/11/2025;02:00:00;0.562;0.091;241.9;2.32;0.0;0.0;55.0;14.5;67;Low;0.15
13/11/2025;03:00:00;0.415;0.073;236.54;1.75;0.0;0.0;55.0;14.2;68;Low;0.15
13/11/2025;04:00:00;4.295;0.268;239.03;17.97;0.0;0.0;55.0;13.9;71;Low;0.15
13/11/2025;05:00:00;1.151;0.066;241.67;4.76;0.0;0.0;55.0;13.7;73;Low;0.15
13/11/2025;06:00:00;1.85;0.124;241.35;7.66;0.0;0.0;55.0;13.3;74;Medium;0.5
13/11/2025;07:00:00;2.433;0.158;242.76;10.02;0.0;17.0;55.0;12.9;76;Medium;0.5
13/11/2025;08:00:00;2.72;0.389;239.73;11.35;0.0;5.0;55.0;12.6;78;Medium;0.5
13/11/2025;09:00:00;2.535;0.22;238.98;10.61;0.0;8.2;55.0;12.2;80;Medium;0.5
13/11/2025;10:00:00;1.408;0.276;244.91;5.75;0.0;0.0;55.0;12.6;80;Low;0.15
13/11/2025;11:00:00;1.018;0.128;240.16;4.24;0.0;0.0;55.0;13.7;78;Low;0.15
13/11/2025;12:00:00;0.774;0.13;237.15;3.27;0.0;0.0;55.0;14.8;77;Low;0.15
13/11/2025;13:00:00;0.78;0.126;244.13;3.2;0.0;0.0;55.0;15.6;75;Low;0.15
13/11/2025;14:00:00;0.966;0.101;235.81;4.1;0.0;0.0;55.0;16.4;73;Low;0.15
13/11/2025;15:00:00;0.807;0.074;230.21;3.51;0.0;0.0;55.0;15.7;76;Low;0.15
13/11/2025;16:00:00;0.936;0.101;242.15;3.87;0.0;0.0;55.0;16.4;77;Low;0.15
13/11/2025;17:00:00;1.702;0.316;242.55;7.02;0.0;0.0;55.0;16.4;73;Medium;0.5
13/11/2025;18:00:00;2.466;0.369;241.16;10.23;0.4;0.0;55.0;15.5;76;High;0.85
13/11/2025;19:00:00;3.236;0.301;236.35;13.69;16.6;0.0;55.0;15.3;77;High;0.85
13/11/2025;20:00:00;3.547;0.67;239.84;14.79;8.1;0.0;55.0;16.0;76;High;0.85
13/11/2025;21:00:00;3.253;0.193;239.22;13.6;11.8;0.0;55.0;15.7;76;High;0.85
13/11/2025;22:00:00;2.658;0.449;238.5;11.15;0.0;0.0;55.0;15.5;77;High;0.85
13/11/2025;23:00:00;1.622;0.202;243.95;6.65;0.0;0.0;55.0;15.4;78;Medium;0.5
14/11/2025;00:00:00;0.775;0.135;237.07;3.27;0.0;0.0;55.0;15.4;78;Low;0.15
14/11/2025;01:00:00;0.663;0.138;240.89;2.75;0.0;0.0;55.0;15.0;77;Low;0.15
14/11/2025;02:00:00;0.662;0.118;243.34;2.72;0.0;0.0;55.0;15.3;75;Low;0.15
14/11/2025;03:00:00;0.642;0.08;241.07;2.66;0.0;0.0;55.0;14.9;75;Low;0.15
14/11/2025;04:00:00;0.751;0.057;243.48;3.08;0.0;0.0;55.0;14.6;75;Low;0.15
14/11/2025;05:00:00;1.017;0.19;241.58;4.21;0.0;0.0;55.0;14.3;75;Low;0.15
14/11/2025;06:00:00;1.591;0.204;241.2;6.6;0.0;0.0;55.0;14.1;75;Medium;0.5
14/11/2025;07:00:00;2.286;0.144;241.03;9.49;0.0;18.8;55.0;13.9;74;Medium;0.5
14/11/2025;08:00:00;2.631;0.453;241.72;10.88;0.0;12.4;55.0;14.4;75;Medium;0.5
14/11/2025;09:00:00;2.194;0.219;238.92;9.18;0.0;19.6;55.0;14.3;77;Medium;0.5
14/11/2025;10:00:00;1.297;0.076;236.35;5.49;0.0;0.0;55.0;14.7;74;Low;0.15
14/11/2025;11:00:00;0.845;0.172;242.67;3.48;0.0;0.0;55.0;15.0;73;Low;0.15
14/11/2025;12:00:00;0.799;0.106;243.25;3.29;0.0;0.0;55.0;15.7;73;Low;0.15
14/11/2025;13:00:00;0.701;0.068;240.71;2.91;0.0;0.0;55.0;16.8;69;Low;0.15
14/11/2025;14:00:00;0.709;0.122;238.46;2.97;0.0;0.0;55.0;17.4;69;Low;0.15
14/11/2025;15:00:00;0.853;0.171;235.64;3.62;0.0;0.0;55.0;18.2;66;Low;0.15
14/11/2025;16:00:00;0.974;0.049;240.24;4.05;0.0;0.0;55.0;18.4;66;Low;0.15
14/11/2025;17:00:00;1.743;0.291;236.22;7.38;0.0;0.0;55.0;18.1;69;Medium;0.5
14/11/2025;18:00:00;2.633;0.475;235.83;11.16;23.6;0.0;55.0;16.2;83;High;0.85
14/11/2025;19:00:00;3.332;0.286;239.94;13.89;23.4;0.0;55.0;15.5;86;High;0.85
14/11/2025;20:00:00;3.529;0.47;237.86;14.84;18.7;0.0;55.0;16.0;81;High;0.85
14/11/2025;21:00:00;3.062;0.2;240.97;12.71;16.1;0.0;55.0;15.7;86;High;0.85
14/11/2025;22:00:00;2.63;0.465;239.55;10.98;0.0;0.0;55.0;15.2;89;High;0.85
14/11/2025;23:00:00;1.858;0.361;238.3;7.8;0.0;0.0;55.0;14.8;90;Medium;0.5
15/11/2025;00:00:00;0.791;0.054;235.23;3.36;0.0;0.0;55.0;14.4;92;Low;0.15
15/11/2025;01:00:00;0.819;0.155;237.61;3.45;0.0;0.0;55.0;14.0;93;Low;0.15
15/11/2025;02:00:00;0.889;0.161;237.71;3.74;0.0;0.0;55.0;13.3;95;Low;0.15
15/11/2025;03:00:00;0.835;0.091;236.57;3.53;0.0;0.0;55.0;12.4;96;Low;0.15
15/11/2025;04:00:00;0.876;0.147;239.08;3.66;0.0;0.0;55.0;12.7;96;Low;0.15
15/11/2025;05:00:00;1.039;0.052;236.79;4.39;0.0;0.0;55.0;12.1;97;Low;0.15
15/11/2025;06:00:00;1.889;0.394;239.54;7.89;0.0;0.0;55.0;11.8;95;Medium;0.5
15/11/2025;07:00:00;2.792;0.401;240.67;11.6;0.0;18.2;55.0;11.0;97;Medium;0.5
15/11/2025;08:00:00;3.246;0.505;237.69;13.66;0.0;13.2;55.0;10.9;98;Medium;0.5
15/11/2025;09:00:00;2.716;0.443;241.19;11.26;0.0;13.7;55.0;11.0;98;Medium;0.5
15/11/2025;10:00:00;1.906;0.277;236.19;8.07;0.0;0.0;55.0;11.3;98;Medium;0.5
15/11/2025;11:00:00;1.608;0.315;236.89;6.79;0.0;0.0;55.0;12.4;96;High;0.85
15/11/2025;12:00:00;1.412;0.217;239.68;5.89;0.0;0.0;55.0;13.2;91;High;0.85
15/11/2025;13:00:00;1.129;0.231;241.92;4.67;0.0;0.0;55.0;13.8;89;High;0.85
15/11/2025;14:00:00;1.103;0.164;242.43;4.55;0.0;0.0;55.0;13.1;95;High;0.85
15/11/2025;15:00:00;1.356;0.107;244.51;5.54;0.0;0.0;55.0;13.3;95;High;0.85
15/11/2025;16:00:00;1.296;0.266;238.95;5.43;0.0;0.0;55.0;13.0;96;Medium;0.5
15/11/2025;17:00:00;5.414;0.898;239.64;22.59;0.0;0.0;55.0;12.6;96;Medium;0.5
15/11/2025;18:00:00;3.009;0.508;237.11;12.69;11.9;0.0;55.0;12.3;97;High;0.85
15/11/2025;19:00:00;3.752;0.816;236.49;15.86;5.5;0.0;55.0;12.1;98;High;0.85
15/11/2025;20:00:00;4.273;0.268;240.64;17.76;16.6;0.0;55.0;12.0;97;High;0.85
15/11/2025;21:00:00;3.836;0.471;237.83;16.13;11.3;0.0;55.0;12.0;97;High;0.85
15/11/2025;22:00:00;3.108;0.282;243.45;12.76;0.0;0.0;55.0;11.4;97;High;0.85
15/11/2025;23:00:00;2.147;0.337;235.91;9.1;0.0;0.0;55.0;10.6;96;Medium;0.5
16/11/2025;00:00:00;0.825;0.154;241.36;3.42;0.0;0.0;55.0;10.4;97;Low;0.15
16/11/2025;01:00:00;1.078;0.231;237.18;4.55;0.0;0.0;55.0;9.8;98;Low;0.15
16/11/2025;02:00:00;0.896;0.114;237.7;3.77;0.0;0.0;55.0;11.0;99;Low;0.15
16/11/2025;03:00:00;1.037;0.19;241.51;4.29;0.0;0.0;55.0;10.0;99;Low;0.15
16/11/2025;04:00:00;0.947;0.195;238.11;3.98;0.0;0.0;55.0;9.4;99;Low;0.15
16/11/2025;05:00:00;1.12;0.186;238.56;4.69;0.0;0.0;55.0;9.2;100;Low;0.15
16/11/2025;06:00:00;2.195;0.2;237.73;9.23;0.0;0.0;55.0;8.6;100;Medium;0.5
16/11/2025;07:00:00;2.936;0.45;245.0;11.98;0.0;14.3;55.0;8.2;100;Medium;0.5
16/11/2025;08:00:00;3.186;0.685;238.27;13.37;0.0;13.0;55.0;8.4;100;Medium;0.5
16/11/2025;09:00:00;2.793;0.609;240.14;11.63;0.0;4.3;55.0;8.5;100;Medium;0.5
16/11/2025;10:00:00;2.225;0.354;239.43;9.29;0.0;0.0;55.0;8.6;100;Medium;0.5
16/11/2025;11:00:00;1.669;0.335;240.62;6.94;0.0;0.0;55.0;9.4;98;High;0.85
16/11/2025;12:00:00;1.697;0.143;238.28;7.12;0.0;0.0;55.0;10.2;95;High;0.85
16/11/2025;13:00:00;1.339;0.123;239.44;5.59;0.0;0.0;55.0;11.2;94;High;0.85
16/11/2025;14:00:00;1.505;0.319;241.1;6.24;0.0;0.0;55.0;11.3;96;High;0.85
16/11/2025;15:00:00;1.456;0.106;237.58;6.13;0.0;0.0;55.0;12.0;91;High;0.85
16/11/2025;16:00:00;1.515;0.125;243.05;6.23;0.0;0.0;55.0;12.4;88;Medium;0.5
16/11/2025;17:00:00;1.923;0.234;243.32;7.9;0.0;0.0;55.0;12.4;88;Medium;0.5
16/11/2025;18:00:00;5.055;0.759;241.7;20.92;8.5;0.0;55.0;11.5;91;High;0.85
16/11/2025;19:00:00;3.885;0.593;240.2;16.18;19.6;0.0;55.0;10.7;92;High;0.85
16/11/2025;20:00:00;4.129;0.411;231.63;17.83;6.8;0.0;55.0;10.3;92;High;0.85
16/11/2025;21:00:00;4.021;0.83;241.19;16.67;23.6;0.0;55.0;9.6;91;High;0.85
16/11/2025;22:00:00;3.17;0.652;238.9;13.27;0.0;0.0;55.0;9.0;91;High;0.85
16/11/2025;23:00:00;2.164;0.252;239.31;9.04;0.0;0.0;55.0;8.9;87;Medium;0.5
17/11/2025;00:00:00;0.971;0.12;234.69;4.14;0.0;0.0;55.0;8.2;86;Low;0.15
17/11/2025;01:00:00;0.868;0.147;241.38;3.6;0.0;0.0;55.0;7.3;88;Low;0.15
17/11/2025;02:00:00;1.1;0.179;235.94;4.66;0.0;0.0;55.0;7.4;88;Low;0.15
17/11/2025;03:00:00;1.378;0.158;240.33;5.74;0.0;0.0;55.0;7.2;86;Low;0.15
17/11/2025;04:00:00;1.27;0.153;242.53;5.23;0.0;0.0;55.0;7.0;80;Low;0.15
17/11/2025;05:00:00;1.419;0.155;238.69;5.94;0.0;0.0;55.0;6.2;77;Low;0.15
17/11/2025;06:00:00;2.192;0.197;243.4;9.0;0.0;0.0;55.0;5.1;79;Medium;0.5
17/11/2025;07:00:00;2.895;0.37;237.91;12.17;0.0;18.6;55.0;4.9;81;Medium;0.5
17/11/2025;08:00:00;3.25;0.542;241.68;13.45;0.0;4.3;55.0;5.5;85;Medium;0.5
17/11/2025;09:00:00;2.738;0.482;236.35;11.59;0.0;18.4;55.0;5.5;86;Medium;0.5
17/11/2025;10:00:00;1.977;0.361;242.89;8.14;0.0;0.0;55.0;6.6;86;Low;0.15
17/11/2025;11:00:00;3.432;0.39;242.45;14.16;0.0;0.0;55.0;7.2;84;Low;0.15
17/11/2025;12:00:00;1.228;0.221;241.31;5.09;0.0;0.0;55.0;7.6;84;Low;0.15
17/11/2025;13:00:00;1.084;0.055;238.9;4.54;0.0;0.0;55.0;8.9;73;Low;0.15
17/11/2025;14:00:00;1.052;0.138;236.07;4.45;0.0;0.0;55.0;9.0;78;Low;0.15
17/11/2025;15:00:00;1.195;0.221;238.91;5.0;0.0;0.0;55.0;9.0;72;Low;0.15
17/11/2025;16:00:00;1.436;0.226;243.11;5.91;0.0;0.0;55.0;8.5;69;Low;0.15
17/11/2025;17:00:00;2.107;0.275;240.36;8.76;0.0;0.0;55.0;7.7;71;Medium;0.5
17/11/2025;18:00:00;3.066;0.489;235.65;13.01;9.0;0.0;55.0;7.0;73;High;0.85
17/11/2025;19:00:00;3.844;0.785;236.85;16.23;16.6;0.0;55.0;6.2;75;High;0.85
17/11/2025;20:00:00;4.312;0.631;243.51;17.71;1.8;0.0;55.0;5.5;80;High;0.85
17/11/2025;21:00:00;3.806;0.708;241.37;15.77;7.2;0.0;55.0;4.6;84;High;0.85
17/11/2025;22:00:00;3.144;0.681;236.54;13.29;0.0;0.0;55.0;4.2;84;High;0.85
17/11/2025;23:00:00;2.393;0.407;235.06;10.18;0.0;0.0;55.0;3.8;84;Medium;0.5
18/11/2025;00:00:00;1.358;0.2;238.25;5.7;0.0;0.0;55.0;3.5;85;Low;0.15
18/11/2025;01:00:00;1.394;0.079;234.82;5.94;0.0;0.0;55.0;3.1;86;Low;0.15
18/11/2025;02:00:00;1.455;0.165;239.56;6.08;0.0;0.0;55.0;2.2;90;Low;0.15
18/11/2025;03:00:00;1.469;0.215;246.86;5.95;0.0;0.0;55.0;1.3;92;Low;0.15
18/11/2025;04:00:00;1.7;0.315;235.53;7.22;0.0;0.0;55.0;1.0;94;Low;0.15
18/11/2025;05:00:00;1.584;0.197;239.48;6.62;0.0;0.0;55.0;0.8;96;Low;0.15
18/11/2025;06:00:00;2.411;0.514;243.67;9.89;0.0;0.0;55.0;0.5;96;Medium;0.5
18/11/2025;07:00:00;3.17;0.305;242.1;13.09;0.0;11.3;55.0;0.1;97;Medium;0.5
18/11/2025;08:00:00;3.373;0.596;239.58;14.08;0.0;5.3;55.0;-0.2;100;Medium;0.5
18/11/2025;09:00:00;3.211;0.389;239.59;13.4;0.0;7.5;55.0;-0.7;99;Medium;0.5
18/11/2025;10:00:00;2.41;0.32;236.76;10.18;0.0;0.0;55.0;0.3;98;Low;0.15
18/11/2025;11:00:00;1.693;0.316;239.25;7.08;0.0;0.0;55.0;1.7;95;Low;0.15
18/11/2025;12:00:00;1.431;0.144;240.68;5.95;0.0;0.0;55.0;3.4;90;Low;0.15
18/11/2025;13:00:00;1.136;0.076;243.09;4.67;0.0;0.0;55.0;5.2;83;Low;0.15
18/11/2025;14:00:00;1.102;0.153;238.26;4.63;0.0;0.0;55.0;7.1;75;Low;0.15
18/11/2025;15:00:00;1.174;0.164;239.47;4.9;0.0;0.0;55.0;7.6;71;Low;0.15
18/11/2025;16:00:00;1.376;0.255;237.34;5.8;0.0;0.0;55.0;8.0;67;Low;0.15
18/11/2025;17:00:00;2.252;0.483;240.63;9.36;0.0;0.0;55.0;8.0;66;Medium;0.5
18/11/2025;18:00:00;3.161;0.188;242.19;13.05;23.3;0.0;55.0;7.3;69;High;0.85
18/11/2025;19:00:00;3.692;0.556;241.76;15.27;7.1;0.0;55.0;6.7;74;High;0.85
18/11/2025;20:00:00;4.134;0.686;236.72;17.46;16.4;0.0;55.0;6.3;78;High;0.85
18/11/2025;21:00:00;3.925;0.854;240.41;16.33;15.2;0.0;55.0;5.5;82;High;0.85
18/11/2025;22:00:00;3.345;0.703;238.1;14.05;0.0;0.0;55.0;5.2;83;High;0.85
18/11/2025;23:00:00;2.432;0.416;242.83;10.02;0.0;0.0;55.0;5.5;81;Medium;0.5
19/11/2025;00:00:00;1.101;0.153;239.55;4.6;0.0;0.0;55.0;6.0;79;Low;0.15
19/11/2025;01:00:00;1.109;0.086;235.75;4.71;0.0;0.0;55.0;6.2;77;Low;0.15
19/11/2025;02:00:00;1.077;0.124;239.38;4.5;0.0;0.0;55.0;6.0;79;Low;0.15
19/11/2025;03:00:00;1.228;0.184;241.28;5.09;0.0;0.0;55.0;5.3;83;Low;0.15
19/11/2025;04:00:00;1.322;0.229;240.68;5.49;0.0;0.0;55.0;5.6;85;Low;0.15
19/11/2025;05:00:00;1.555;0.246;238.57;6.52;0.0;0.0;55.0;5.6;86;Low;0.15
19/11/2025;06:00:00;2.186;0.375;238.36;9.17;0.0;0.0;55.0;5.5;87;Medium;0.5
19/11/2025;07:00:00;2.824;0.347;237.23;11.9;0.0;2.3;55.0;5.5;87;Medium;0.5
19/11/2025;08:00:00;3.222;0.56;238.89;13.49;0.0;10.6;55.0;5.3;93;Medium;0.5
19/11/2025;09:00:00;2.767;0.206;237.6;11.64;0.0;16.4;55.0;5.6;93;Medium;0.5
19/11/2025;10:00:00;2.11;0.164;242.72;8.69;0.0;0.0;55.0;6.0;91;Low;0.15
19/11/2025;11:00:00;1.248;0.097;237.48;5.25;0.0;0.0;55.0;6.4;90;Low;0.15
19/11/2025;12:00:00;1.24;0.25;240.34;5.16;0.0;0.0;55.0;6.5;90;Low;0.15
19/11/2025;13:00:00;1.369;0.086;240.15;5.7;0.0;0.0;55.0;6.8;92;Low;0.15
19/11/2025;14:00:00;1.194;0.222;242.65;4.92;0.0;0.0;55.0;6.6;93;Low;0.15
19/11/2025;15:00:00;1.247;0.112;243.05;5.13;0.0;0.0;55.0;6.7;83;Low;0.15
19/11/2025;16:00:00;1.438;0.186;241.95;5.94;0.0;0.0;55.0;6.9;75;Low;0.15
19/11/2025;17:00:00;2.196;0.452;240.99;9.11;0.0;0.0;55.0;6.5;75;Medium;0.5
19/11/2025;18:00:00;3.338;0.499;237.06;14.08;18.3;0.0;55.0;5.7;76;High;0.85
19/11/2025;19:00:00;3.696;0.317;237.01;15.6;6.6;0.0;55.0;4.8;81;High;0.85
19/11/2025;20:00:00;4.341;0.427;237.63;18.27;18.1;0.0;55.0;5.0;85;High;0.85
19/11/2025;21:00:00;5.763;1.19;242.11;23.8;20.8;0.0;55.0;5.0;83;High;0.85
19/11/2025;22:00:00;3.223;0.395;240.21;13.42;0.0;0.0;55.0;4.9;80;High;0.85
19/11/2025;23:00:00;2.303;0.345;242.43;9.5;0.0;0.0;55.0;4.3;79;Medium;0.5
20/11/2025;00:00:00;1.393;0.179;242.81;5.74;0.0;0.0;55.0;3.8;82;Low;0.15
20/11/2025;01:00:00;1.199;0.137;237.97;5.04;0.0;0.0;55.0;3.4;85;Low;0.15
20/11/2025;02:00:00;1.387;0.122;240.09;5.78;0.0;0.0;55.0;3.7;87;Low;0.15
20/11/2025;03:00:00;1.592;0.265;239.96;6.63;0.0;0.0;55.0;3.0;90;Low;0.15
20/11/2025;04:00:00;1.331;0.229;239.08;5.57;0.0;0.0;55.0;2.4;91;Low;0.15
20/11/2025;05:00:00;1.692;0.164;238.5;7.09;0.0;0.0;55.0;2.0;92;Low;0.15
20/11/2025;06:00:00;2.32;0.427;243.32;9.53;0.0;0.0;55.0;2.3;91;Medium;0.5
20/11/2025;07:00:00;3.079;0.601;240.15;12.82;0.0;8.7;55.0;2.5;90;Medium;0.5
20/11/2025;08:00:00;3.431;0.709;240.04;14.29;0.0;12.5;55.0;1.6;93;Medium;0.5
20/11/2025;09:00:00;3.02;0.234;237.75;12.7;0.0;17.1;55.0;1.7;95;Medium;0.5
20/11/2025;10:00:00;2.208;0.224;241.89;9.13;0.0;0.0;55.0;1.7;95;Low;0.15
20/11/2025;11:00:00;1.823;0.358;237.19;7.69;0.0;0.0;55.0;2.5;90;Low;0.15
20/11/2025;12:00:00;1.383;0.116;241.27;5.73;0.0;0.0;55.0;3.5;80;Low;0.15
20/11/2025;13:00:00;1.388;0.07;241.35;5.75;0.0;0.0;55.0;4.3;71;Low;0.15
20/11/2025;14:00:00;1.238;0.245;238.84;5.18;0.0;0.0;55.0;3.7;78;Low;0.15
20/11/2025;15:00:00;1.302;0.137;240.89;5.41;0.0;0.0;55.0;4.5;72;Low;0.15
20/11/2025;16:00:00;1.671;0.201;240.52;6.95;0.0;0.0;55.0;4.4;68;Low;0.15
20/11/2025;17:00:00;2.495;0.314;239.89;10.4;0.0;0.0;55.0;4.3;65;Medium;0.5
20/11/2025;18:00:00;3.381;0.657;240.04;14.08;1.0;0.0;55.0;3.3;70;High;0.85
20/11/2025;19:00:00;4.024;0.432;240.17;16.76;9.4;0.0;55.0;2.5;74;High;0.85
20/11/2025;20:00:00;4.391;0.886;240.36;18.27;13.9;0.0;55.0;1.6;83;High;0.85
20/11/2025;21:00:00;4.02;0.623;240.17;16.74;15.1;0.0;55.0;1.0;85;High;0.85
20/11/2025;22:00:00;3.562;0.497;236.91;15.03;0.0;0.0;55.0;0.7;86;High;0.85
20/11/2025;23:00:00;2.674;0.282;239.57;11.16;0.0;0.0;55.0;0.3;88;Medium;0.5
21/11/2025;00:00:00;1.493;0.137;240.74;6.2;0.0;0.0;55.0;0.4;88;Low;0.15
21/11/2025;01:00:00;1.528;0.238;240.27;6.36;0.0;0.0;55.0;-0.2;89;Low;0.15
21/11/2025;02:00:00;1.512;0.19;242.67;6.23;0.0;0.0;55.0;1.3;87;Low;0.15
21/11/2025;03:00:00;1.465;0.3;241.74;6.06;0.0;0.0;55.0;1.0;87;Low;0.15
21/11/2025;04:00:00;1.598;0.214;237.56;6.73;0.0;0.0;55.0;0.1;92;Low;0.15
21/11/2025;05:00:00;2.015;0.276;239.53;8.41;0.0;0.0;55.0;-0.2;92;Low;0.15
21/11/2025;06:00:00;2.511;0.303;239.13;10.5;0.0;0.0;55.0;-0.2;93;Medium;0.5
21/11/2025;07:00:00;3.12;0.575;239.99;13.0;0.0;6.6;55.0;0.5;92;Medium;0.5
21/11/2025;08:00:00;3.382;0.413;239.99;14.09;0.0;0.4;55.0;1.3;92;Medium;0.5
21/11/2025;09:00:00;3.159;0.303;241.71;13.07;0.0;5.9;55.0;1.7;89;Medium;0.5
21/11/2025;10:00:00;2.123;0.417;240.5;8.83;0.0;0.0;55.0;2.0;89;Low;0.15
21/11/2025;11:00:00;1.554;0.235;243.45;6.38;0.0;0.0;55.0;2.9;87;Low;0.15
21/11/2025;12:00:00;1.546;0.233;240.67;6.42;0.0;0.0;55.0;3.3;86;Low;0.15
21/11/2025;13:00:00;1.47;0.226;237.67;6.19;0.0;0.0;55.0;4.1;81;Low;0.15
21/11/2025;14:00:00;1.344;0.231;238.69;5.63;0.0;0.0;55.0;3.1;83;Low;0.15
21/11/2025;15:00:00;1.265;0.131;241.69;5.24;0.0;0.0;55.0;3.6;76;Low;0.15
21/11/2025;16:00:00;1.772;0.099;235.48;7.53;0.0;0.0;55.0;3.6;73;Low;0.15
21/11/2025;17:00:00;2.314;0.435;236.23;9.79;0.0;0.0;55.0;3.7;72;Medium;0.5
21/11/2025;18:00:00;3.436;0.247;240.03;14.32;20.4;0.0;55.0;3.1;76;High;0.85
21/11/2025;19:00:00;3.852;0.665;242.66;15.88;7.3;0.0;55.0;2.6;80;High;0.85
21/11/2025;20:00:00;4.427;0.283;243.66;18.17;19.2;0.0;55.0;2.5;83;High;0.85
21/11/2025;21:00:00;3.982;0.453;239.39;16.64;20.4;0.0;55.0;1.7;86;High;0.85
21/11/2025;22:00:00;3.574;0.217;242.97;14.71;0.0;0.0;55.0;0.7;91;High;0.85
21/11/2025;23:00:00;2.6;0.361;240.2;10.82;0.0;0.0;55.0;0.1;92;Medium;0.5
22/11/2025;00:00:00;1.521;0.245;235.71;6.45;0.0;0.0;55.0;-0.9;94;Low;0.15
22/11/2025;01:00:00;1.594;0.126;239.98;6.64;0.0;0.0;55.0;-1.2;95;Low;0.15
22/11/2025;02:00:00;1.71;0.194;238.27;7.18;0.0;0.0;55.0;-1.3;98;Low;0.15
22/11/2025;03:00:00;1.683;0.35;242.57;6.94;0.0;0.0;55.0;-1.7;99;Low;0.15
22/11/2025;04:00:00;1.791;0.224;239.93;7.46;0.0;0.0;55.0;-1.9;99;Low;0.15
22/11/2025;05:00:00;2.151;0.401;236.42;9.1;0.0;0.0;55.0;-2.1;99;Low;0.15
22/11/2025;06:00:00;2.58;0.536;235.8;10.94;0.0;0.0;55.0;-1.8;99;Medium;0.5
22/11/2025;07:00:00;3.642;0.785;239.94;15.18;0.0;19.9;55.0;-1.5;100;Medium;0.5
22/11/2025;08:00:00;3.94;0.799;233.22;16.9;0.0;18.7;55.0;-2.5;99;Medium;0.5
22/11/2025;09:00:00;3.445;0.358;238.55;14.44;0.0;14.3;55.0;-2.4;99;Medium;0.5
22/11/2025;10:00:00;6.116;1.2;240.65;25.41;0.0;0.0;55.0;-2.0;98;Medium;0.5
22/11/2025;11:00:00;2.399;0.451;237.04;10.12;0.0;0.0;55.0;-1.1;93;High;0.85
22/11/2025;12:00:00;2.218;0.427;242.78;9.14;0.0;0.0;55.0;0.3;86;High;0.85
22/11/2025;13:00:00;1.986;0.104;243.33;8.16;0.0;0.0;55.0;1.7;78;High;0.85
22/11/2025;14:00:00;2.186;0.464;237.15;9.22;0.0;0.0;55.0;1.4;84;High;0.85
22/11/2025;15:00:00;1.962;0.358;239.17;8.2;0.0;0.0;55.0;1.7;79;High;0.85
22/11/2025;16:00:00;2.107;0.38;242.79;8.68;0.0;0.0;55.0;1.5;79;Medium;0.5
22/11/2025;17:00:00;2.536;0.162;240.0;10.57;0.0;0.0;55.0;1.0;79;Medium;0.5
22/11/2025;18:00:00;3.786;0.339;236.1;16.04;5.5;0.0;55.0;0.2;81;High;0.85
22/11/2025;19:00:00;4.618;0.986;239.6;19.27;1.6;0.0;55.0;-0.1;81;High;0.85
22/11/2025;20:00:00;4.823;0.652;237.61;20.3;19.4;0.0;55.0;-0.3;91;High;0.85
22/11/2025;21:00:00;4.281;0.504;243.1;17.61;5.5;0.0;55.0;-0.3;88;High;0.85
22/11/2025;22:00:00;3.799;0.732;241.7;15.72;0.0;0.0;55.0;-0.3;85;High;0.85
22/11/2025;23:00:00;2.759;0.179;239.12;11.54;0.0;0.0;55.0;0.1;79;Medium;0.5
23/11/2025;00:00:00;1.579;0.191;240.4;6.57;0.0;0.0;55.0;0.4;78;Low;0.15
23/11/2025;01:00:00;1.662;0.189;236.34;7.03;0.0;0.0;55.0;0.4;82;Low;0.15
23/11/2025;02:00:00;1.438;0.157;237.89;6.05;0.0;0.0;55.0;0.3;90;Low;0.15
23/11/2025;03:00:00;1.614;0.165;244.35;6.61;0.0;0.0;55.0;0.4;93;Low;0.15
23/11/2025;04:00:00;1.696;0.145;240.15;7.06;0.0;0.0;55.0;0.7;93;Low;0.15
23/11/2025;05:00:00;1.601;0.127;242.6;6.6;0.0;0.0;55.0;0.8;94;Low;0.15
23/11/2025;06:00:00;2.607;0.414;240.65;10.83;0.0;0.0;55.0;0.9;93;Medium;0.5
23/11/2025;07:00:00;3.274;0.675;243.68;13.44;0.0;6.1;55.0;1.1;91;Medium;0.5
23/11/2025;08:00:00;3.706;0.506;234.4;15.81;0.0;6.5;55.0;1.1;95;Medium;0.5
23/11/2025;09:00:00;3.341;0.336;239.47;13.95;0.0;15.5;55.0;1.4;95;Medium;0.5
23/11/2025;10:00:00;2.478;0.191;244.61;10.13;0.0;0.0;55.0;1.7;96;Medium;0.5
23/11/2025;11:00:00;2.153;0.411;242.68;8.87;0.0;0.0;55.0;2.2;96;High;0.85
23/11/2025;12:00:00;1.986;0.427;243.71;8.15;0.0;0.0;55.0;2.7;98;High;0.85
23/11/2025;13:00:00;1.794;0.196;239.98;7.48;0.0;0.0;55.0;3.3;98;High;0.85
23/11/2025;14:00:00;1.746;0.174;238.5;7.32;0.0;0.0;55.0;4.4;96;High;0.85
23/11/2025;15:00:00;1.935;0.295;237.12;8.16;0.0;0.0;55.0;5.7;95;High;0.85
23/11/2025;16:00:00;1.706;0.31;236.93;7.2;0.0;0.0;55.0;6.3;96;Medium;0.5
23/11/2025;17:00:00;2.392;0.305;242.26;9.87;0.0;0.0;55.0;6.6;96;Medium;0.5
23/11/2025;18:00:00;3.424;0.538;241.44;14.18;8.4;0.0;55.0;6.4;96;High;0.85
23/11/2025;19:00:00;3.985;0.685;239.81;16.62;11.9;0.0;55.0;6.1;96;High;0.85
23/11/2025;20:00:00;4.342;0.926;241.42;17.98;20.8;0.0;55.0;7.3;96;High;0.85
23/11/2025;21:00:00;4.211;0.329;240.4;17.52;8.2;0.0;55.0;7.2;96;High;0.85
23/11/2025;22:00:00;3.261;0.716;242.69;13.44;0.0;0.0;55.0;6.7;95;High;0.85
23/11/2025;23:00:00;2.297;0.268;242.67;9.46;0.0;0.0;55.0;6.3;94;Medium;0.5
24/11/2025;00:00:00;1.243;0.215;237.02;5.24;0.0;0.0;55.0;6.1;94;Low;0.15
24/11/2025;01:00:00;1.293;0.19;240.77;5.37;0.0;0.0;55.0;5.8;95;Low;0.15
24/11/2025;02:00:00;1.166;0.155;235.33;4.95;0.0;0.0;55.0;6.2;96;Low;0.15
24/11/2025;03:00:00;1.113;0.188;240.37;4.63;0.0;0.0;55.0;6.6;96;Low;0.15
24/11/2025;04:00:00;1.351;0.158;241.69;5.59;0.0;0.0;55.0;6.7;95;Low;0.15
24/11/2025;05:00:00;3.582;0.256;236.32;15.16;0.0;0.0;55.0;6.4;95;Low;0.15
24/11/2025;06:00:00;2.256;0.3;238.83;9.44;0.0;0.0;55.0;6.1;96;Medium;0.5
24/11/2025;07:00:00;2.835;0.393;240.03;11.81;0.0;10.2;55.0;6.0;97;Medium;0.5
24/11/2025;08:00:00;3.03;0.256;240.65;12.59;0.0;7.7;55.0;6.9;96;Medium;0.5
24/11/2025;09:00:00;2.725;0.57;239.22;11.39;0.0;16.9;55.0;6.3;94;Medium;0.5
24/11/2025;10:00:00;1.924;0.171;236.72;8.13;0.0;0.0;55.0;6.5;95;Low;0.15
24/11/2025;11:00:00;1.403;0.168;239.85;5.85;0.0;0.0;55.0;7.2;93;Low;0.15
24/11/2025;12:00:00;1.254;0.096;235.37;5.33;0.0;0.0;55.0;8.3;86;Low;0.15
24/11/2025;13:00:00;1.093;0.154;239.35;4.57;0.0;0.0;55.0;9.1;78;Low;0.15
24/11/2025;14:00:00;0.905;0.093;238.76;3.79;0.0;0.0;55.0;8.9;81;Low;0.15
24/11/2025;15:00:00;1.203;0.16;239.62;5.02;0.0;0.0;55.0;9.5;79;Low;0.15
24/11/2025;16:00:00;1.217;0.107;238.43;5.11;0.0;0.0;55.0;9.5;77;Low;0.15
24/11/2025;17:00:00;2.032;0.12;235.78;8.62;0.0;0.0;55.0;8.9;75;Medium;0.5
24/11/2025;18:00:00;3.118;0.569;238.97;13.05;18.3;0.0;55.0;7.5;83;High;0.85
24/11/2025;19:00:00;3.967;0.631;242.61;16.35;17.6;0.0;55.0;7.3;87;High;0.85
24/11/2025;20:00:00;4.372;0.472;243.53;17.95;24.1;0.0;55.0;7.1;89;High;0.85
24/11/2025;21:00:00;3.876;0.225;246.83;15.7;4.8;0.0;55.0;6.5;93;High;0.85
24/11/2025;22:00:00;3.159;0.623;244.74;12.91;0.0;0.0;55.0;6.1;95;High;0.85
24/11/2025;23:00:00;2.28;0.18;236.65;9.63;0.0;0.0;55.0;6.3;94;Medium;0.5
25/11/2025;00:00:00;1.309;0.273;238.86;5.48;0.0;0.0;55.0;5.7;95;Low;0.15
25/11/2025;01:00:00;1.242;0.163;239.94;5.18;0.0;0.0;55.0;4.8;92;Low;0.15
25/11/2025;02:00:00;1.371;0.148;239.76;5.72;0.0;0.0;55.0;6.2;91;Low;0.15
25/11/2025;03:00:00;1.25;0.22;240.19;5.2;0.0;0.0;55.0;5.7;93;Low;0.15
25/11/2025;04:00:00;1.349;0.269;246.74;5.47;0.0;0.0;55.0;5.2;94;Low;0.15
25/11/2025;05:00:00;1.559;0.176;236.97;6.58;0.0;0.0;55.0;5.0;93;Low;0.15
25/11/2025;06:00:00;2.254;0.269;238.0;9.47;0.0;0.0;55.0;5.2;92;Medium;0.5
25/11/2025;07:00:00;2.928;0.362;244.6;11.97;0.0;18.6;55.0;5.7;90;Medium;0.5
25/11/2025;08:00:00;3.127;0.647;238.28;13.12;0.0;3.7;55.0;5.6;92;Medium;0.5
25/11/2025;09:00:00;2.818;0.473;241.1;11.69;0.0;5.5;55.0;5.2;92;Medium;0.5
25/11/2025;10:00:00;1.839;0.169;242.9;7.57;0.0;0.0;55.0;5.2;91;Low;0.15
25/11/2025;11:00:00;1.471;0.12;241.36;6.09;0.0;0.0;55.0;6.1;85;Low;0.15
25/11/2025;12:00:00;1.252;0.112;240.54;5.2;0.0;0.0;55.0;7.3;78;Low;0.15
25/11/2025;13:00:00;1.146;0.109;242.63;4.72;0.0;0.0;55.0;7.9;73;Low;0.15
25/11/2025;14:00:00;1.343;0.12;237.5;5.66;0.0;0.0;55.0;6.9;80;Low;0.15
25/11/2025;15:00:00;1.205;0.195;238.61;5.05;0.0;0.0;55.0;7.7;77;Low;0.15
25/11/2025;16:00:00;1.474;0.103;241.5;6.1;0.0;0.0;55.0;8.0;70;Low;0.15
25/11/2025;17:00:00;2.033;0.236;234.21;8.68;0.0;0.0;55.0;7.7;68;Medium;0.5
25/11/2025;18:00:00;3.102;0.485;243.97;12.72;2.8;0.0;55.0;6.7;72;High;0.85
25/11/2025;19:00:00;3.915;0.389;240.85;16.26;4.4;0.0;55.0;6.0;76;High;0.85
25/11/2025;20:00:00;4.26;0.26;240.43;17.72;12.5;0.0;55.0;5.2;80;High;0.85
25/11/2025;21:00:00;3.882;0.248;235.43;16.49;23.8;0.0;55.0;4.9;80;High;0.85
25/11/2025;22:00:00;3.254;0.232;236.4;13.77;0.0;0.0;55.0;4.7;85;High;0.85
25/11/2025;23:00:00;2.182;0.419;238.88;9.14;0.0;0.0;55.0;4.5;87;Medium;0.5
26/11/2025;00:00:00;1.281;0.207;242.26;5.29;0.0;0.0;55.0;4.1;89;Low;0.15
26/11/2025;01:00:00;1.43;0.087;234.19;6.1;0.0;0.0;55.0;3.7;91;Low;0.15
26/11/2025;02:00:00;1.399;0.163;242.21;5.77;0.0;0.0;55.0;3.7;94;Low;0.15
26/11/2025;03:00:00;1.403;0.137;238.99;5.87;0.0;0.0;55.0;3.6;94;Low;0.15
26/11/2025;04:00:00;1.412;0.209;239.37;5.9;0.0;0.0;55.0;3.4;94;Low;0.15
26/11/2025;05:00:00;1.601;0.222;240.71;6.65;0.0;0.0;55.0;3.2;94;Low;0.15
26/11/2025;06:00:00;2.284;0.301;240.75;9.49;0.0;0.0;55.0;2.9;94;Medium;0.5
26/11/2025;07:00:00;3.082;0.319;238.01;12.95;0.0;0.4;55.0;2.9;94;Medium;0.5
26/11/2025;08:00:00;3.369;0.247;241.75;13.94;0.0;7.1;55.0;3.3;96;Medium;0.5
26/11/2025;09:00:00;3.037;0.535;233.51;13.01;0.0;12.7;55.0;3.3;95;Medium;0.5
26/11/2025;10:00:00;2.005;0.4;238.74;8.4;0.0;0.0;55.0;3.4;95;Low;0.15
26/11/2025;11:00:00;1.307;0.275;240.43;5.44;0.0;0.0;55.0;4.5;93;Low;0.15
26/11/2025;12:00:00;1.374;0.082;239.03;5.75;0.0;0.0;55.0;5.8;90;Low;0.15
26/11/2025;13:00:00;1.1;0.193;234.88;4.69;0.0;0.0;55.0;7.1;84;Low;0.15
26/11/2025;14:00:00;1.017;0.177;242.12;4.2;0.0;0.0;55.0;8.1;83;Low;0.15
26/11/2025;15:00:00;4.733;0.999;236.5;20.01;0.0;0.0;55.0;8.4;73;Low;0.15
26/11/2025;16:00:00;1.356;0.126;239.81;5.65;0.0;0.0;55.0;8.2;72;Low;0.15
26/11/2025;17:00:00;4.248;0.748;240.43;17.67;0.0;0.0;55.0;7.7;76;Medium;0.5
26/11/2025;18:00:00;3.221;0.191;240.06;13.42;7.0;0.0;55.0;6.4;81;High;0.85
26/11/2025;19:00:00;3.938;0.619;243.27;16.19;23.1;0.0;55.0;5.6;84;High;0.85
26/11/2025;20:00:00;4.021;0.441;239.85;16.76;19.9;0.0;55.0;5.5;84;High;0.85
26/11/2025;21:00:00;4.033;0.729;241.2;16.72;22.1;0.0;55.0;4.9;85;High;0.85
26/11/2025;22:00:00;3.335;0.656;239.84;13.91;0.0;0.0;55.0;3.9;88;High;0.85
26/11/2025;23:00:00;2.387;0.267;241.72;9.88;0.0;0.0;55.0;3.0;89;Medium;0.5
27/11/2025;00:00:00;1.409;0.196;243.9;5.78;0.0;0.0;55.0;2.8;88;Low;0.15
27/11/2025;01:00:00;1.241;0.087;240.39;5.16;0.0;0.0;55.0;2.4;87;Low;0.15
27/11/2025;02:00:00;1.442;0.174;242.19;5.95;0.0;0.0;55.0;2.7;88;Low;0.15
27/11/2025;03:00:00;1.328;0.148;244.07;5.44;0.0;0.0;55.0;2.3;87;Low;0.15
27/11/2025;04:00:00;1.332;0.108;243.8;5.46;0.0;0.0;55.0;2.4;87;Low;0.15
27/11/2025;05:00:00;1.49;0.301;238.92;6.24;0.0;0.0;55.0;2.5;87;Low;0.15
27/11/2025;06:00:00;2.449;0.184;242.9;10.08;0.0;0.0;55.0;3.1;86;Medium;0.5
27/11/2025;07:00:00;2.907;0.46;240.7;12.08;0.0;13.0;55.0;3.6;84;Medium;0.5
27/11/2025;08:00:00;3.426;0.69;243.13;14.09;0.0;14.1;55.0;4.2;87;Medium;0.5
27/11/2025;09:00:00;2.869;0.588;241.59;11.87;0.0;17.9;55.0;4.4;87;Medium;0.5
27/11/2025;10:00:00;1.815;0.335;240.77;7.54;0.0;0.0;55.0;4.6;86;Low;0.15
27/11/2025;11:00:00;1.369;0.109;241.22;5.68;0.0;0.0;55.0;5.2;83;Low;0.15
27/11/2025;12:00:00;1.375;0.26;240.71;5.71;0.0;0.0;55.0;6.0;80;Low;0.15
27/11/2025;13:00:00;1.157;0.112;240.82;4.8;0.0;0.0;55.0;6.7;80;Low;0.15
27/11/2025;14:00:00;1.163;0.24;239.56;4.85;0.0;0.0;55.0;6.2;88;Low;0.15
27/11/2025;15:00:00;1.276;0.218;239.3;5.33;0.0;0.0;55.0;6.8;88;Low;0.15
27/11/2025;16:00:00;1.499;0.275;244.94;6.12;0.0;0.0;55.0;7.3;87;Low;0.15
27/11/2025;17:00:00;2.248;0.145;241.34;9.31;0.0;0.0;55.0;7.8;87;Medium;0.5
27/11/2025;18:00:00;6.714;1.001;238.39;28.16;3.7;0.0;55.0;7.9;87;High;0.85
27/11/2025;19:00:00;3.69;0.7;239.22;15.42;16.1;0.0;55.0;8.0;88;High;0.85
27/11/2025;20:00:00;3.881;0.762;242.96;15.97;14.1;0.0;55.0;7.9;91;High;0.85
27/11/2025;21:00:00;3.702;0.203;237.94;15.56;4.9;0.0;55.0;7.7;91;High;0.85
27/11/2025;22:00:00;3.101;0.65;235.85;13.15;0.0;0.0;55.0;7.8;91;High;0.85
27/11/2025;23:00:00;2.016;0.116;236.06;8.54;0.0;0.0;55.0;8.2;90;Medium;0.5
28/11/2025;00:00:00;0.963;0.149;235.16;4.09;0.0;0.0;55.0;8.4;90;Low;0.15
28/11/2025;01:00:00;1.087;0.182;236.36;4.6;0.0;0.0;55.0;8.5;90;Low;0.15
28/11/2025;02:00:00;1.078;0.074;236.69;4.56;0.0;0.0;55.0;8.0;92;Low;0.15
28/11/2025;03:00:00;1.092;0.064;243.88;4.48;0.0;0.0;55.0;8.0;93;Low;0.15
28/11/2025;04:00:00;1.049;0.192;239.87;4.37;0.0;0.0;55.0;8.1;93;Low;0.15
28/11/2025;05:00:00;1.278;0.147;238.98;5.35;0.0;0.0;55.0;8.2;93;Low;0.15
28/11/2025;06:00:00;1.933;0.132;235.96;8.19;0.0;0.0;55.0;8.3;94;Medium;0.5
28/11/2025;07:00:00;2.771;0.498;239.6;11.57;0.0;5.1;55.0;8.4;95;Medium;0.5
28/11/2025;08:00:00;3.149;0.612;235.14;13.39;0.0;17.8;55.0;8.0;97;Medium;0.5
28/11/2025;09:00:00;2.51;0.376;238.97;10.5;0.0;3.4;55.0;8.2;97;Medium;0.5
28/11/2025;10:00:00;1.664;0.129;245.78;6.77;0.0;0.0;55.0;8.4;97;Low;0.15
28/11/2025;11:00:00;1.109;0.058;241.86;4.59;0.0;0.0;55.0;8.9;96;Low;0.15
28/11/2025;12:00:00;0.953;0.161;239.41;3.98;0.0;0.0;55.0;9.9;93;Low;0.15
28/11/2025;13:00:00;0.96;0.138;241.95;3.97;0.0;0.0;55.0;10.1;93;Low;0.15
28/11/2025;14:00:00;0.869;0.14;238.54;3.64;0.0;0.0;55.0;9.6;96;Low;0.15
28/11/2025;15:00:00;0.976;0.184;237.76;4.1;0.0;0.0;55.0;10.0;96;Low;0.15
28/11/2025;16:00:00;1.151;0.143;244.77;4.7;0.0;0.0;55.0;10.6;95;Low;0.15
28/11/2025;17:00:00;1.971;0.14;236.8;8.32;0.0;0.0;55.0;10.9;94;Medium;0.5
28/11/2025;18:00:00;2.902;0.609;239.01;12.14;6.6;0.0;55.0;10.8;96;High;0.85
28/11/2025;19:00:00;3.485;0.497;240.86;14.47;1.9;0.0;55.0;10.8;97;High;0.85
28/11/2025;20:00:00;3.869;0.598;237.38;16.3;22.9;0.0;55.0;10.6;97;High;0.85
28/11/2025;21:00:00;3.551;0.741;241.82;14.68;7.5;0.0;55.0;10.0;98;High;0.85
28/11/2025;22:00:00;3.012;0.628;239.14;12.6;0.0;0.0;55.0;8.4;99;High;0.85
28/11/2025;23:00:00;2.31;0.34;241.86;9.55;0.0;0.0;55.0;7.7;99;Medium;0.5
29/11/2025;00:00:00;1.265;0.127;241.64;5.23;0.0;0.0;55.0;7.2;100;Low;0.15
29/11/2025;01:00:00;1.001;0.22;239.32;4.18;0.0;0.0;55.0;7.2;100;Low;0.15
29/11/2025;02:00:00;1.202;0.199;244.79;4.91;0.0;0.0;55.0;7.4;100;Low;0.15
29/11/2025;03:00:00;1.183;0.141;238.14;4.97;0.0;0.0;55.0;7.8;100;Low;0.15
29/11/2025;04:00:00;1.03;0.149;243.78;4.22;0.0;0.0;55.0;7.9;100;Low;0.15
29/11/2025;05:00:00;1.429;0.172;243.29;5.87;0.0;0.0;55.0;8.0;99;Low;0.15
29/11/2025;06:00:00;2.273;0.457;244.96;9.28;0.0;0.0;55.0;8.5;99;Medium;0.5
29/11/2025;07:00:00;2.732;0.361;240.49;11.36;0.0;1.0;55.0;9.1;99;Medium;0.5
29/11/2025;08:00:00;3.136;0.596;237.79;13.19;0.0;9.3;55.0;9.2;99;Medium;0.5
29/11/2025;09:00:00;2.934;0.566;245.82;11.94;0.0;18.8;55.0;9.3;98;Medium;0.5
29/11/2025;10:00:00;2.08;0.395;239.06;8.7;0.0;0.0;55.0;9.6;98;Medium;0.5
29/11/2025;11:00:00;1.813;0.313;237.72;7.63;0.0;0.0;55.0;9.9;96;High;0.85
29/11/2025;12:00:00;1.566;0.306;239.47;6.54;0.0;0.0;55.0;10.2;95;High;0.85
29/11/2025;13:00:00;1.498;0.174;237.25;6.31;0.0;0.0;55.0;10.7;93;High;0.85
29/11/2025;14:00:00;1.338;0.093;241.47;5.54;0.0;0.0;55.0;10.8;94;High;0.85
29/11/2025;15:00:00;1.624;0.314;238.3;6.81;0.0;0.0;55.0;11.5;89;High;0.85
29/11/2025;16:00:00;1.625;0.219;239.2;6.8;0.0;0.0;55.0;11.5;88;Medium;0.5
29/11/2025;17:00:00;2.02;0.145;242.71;8.32;0.0;0.0;55.0;11.3;89;Medium;0.5
29/11/2025;18:00:00;3.103;0.216;241.75;12.84;23.4;0.0;55.0;10.9;90;High;0.85
29/11/2025;19:00:00;3.728;0.287;240.04;15.53;18.6;0.0;55.0;10.7;91;High;0.85
29/11/2025;20:00:00;4.263;0.757;240.48;17.73;17.2;0.0;55.0;10.6;91;High;0.85
29/11/2025;21:00:00;3.98;0.68;240.03;16.58;11.0;0.0;55.0;10.0;95;High;0.85
29/11/2025;22:00:00;3.203;0.271;238.79;13.41;0.0;0.0;55.0;9.2;92;High;0.85
29/11/2025;23:00:00;2.317;0.45;239.99;9.66;0.0;0.0;55.0;8.6;92;Medium;0.5
30/11/2025;00:00:00;1.043;0.102;241.37;4.32;0.0;0.0;55.0;8.1;93;Low;0.15
30/11/2025;01:00:00;1.157;0.214;239.65;4.83;0.0;0.0;55.0;7.7;93;Low;0.15
30/11/2025;02:00:00;1.017;0.135;241.18;4.22;0.0;0.0;55.0;7.4;96;Low;0.15
30/11/2025;03:00:00;1.154;0.201;237.66;4.85;0.0;0.0;55.0;6.9;96;Low;0.15
30/11/2025;04:00:00;1.205;0.138;238.31;5.06;0.0;0.0;55.0;6.6;96;Low;0.15
30/11/2025;05:00:00;1.46;0.159;237.94;6.13;0.0;0.0;55.0;6.5;95;Low;0.15
30/11/2025;06:00:00;2.214;0.427;238.42;9.29;0.0;0.0;55.0;6.3;95;Medium;0.5
30/11/2025;07:00:00;3.029;0.17;243.6;12.44;0.0;14.0;55.0;5.8;95;Medium;0.5
30/11/2025;08:00:00;3.509;0.757;242.03;14.5;0.0;17.3;55.0;5.9;96;Medium;0.5
30/11/2025;09:00:00;2.981;0.477;236.98;12.58;0.0;12.2;55.0;6.1;96;Medium;0.5
30/11/2025;10:00:00;2.108;0.26;241.22;8.74;0.0;0.0;55.0;6.0;96;Medium;0.5
30/11/2025;11:00:00;2.143;0.336;238.91;8.97;0.0;0.0;55.0;6.4;93;High;0.85
30/11/2025;12:00:00;1.856;0.132;238.09;7.8;0.0;0.0;55.0;7.1;89;High;0.85
30/11/2025;13:00:00;1.504;0.207;235.84;6.38;0.0;0.0;55.0;7.8;80;High;0.85
30/11/2025;14:00:00;1.702;0.37;242.72;7.01;0.0;0.0;55.0;8.1;78;High;0.85
30/11/2025;15:00:00;1.655;0.149;236.18;7.01;0.0;0.0;55.0;8.4;73;High;0.85
30/11/2025;16:00:00;1.721;0.297;239.85;7.17;0.0;0.0;55.0;8.4;70;Medium;0.5
30/11/2025;17:00:00;2.276;0.282;237.35;9.59;0.0;0.0;55.0;7.9;72;Medium;0.5
30/11/2025;18:00:00;3.354;0.54;242.17;13.85;22.1;0.0;55.0;6.4;79;High;0.85
30/11/2025;19:00:00;4.103;0.348;239.06;17.16;14.0;0.0;55.0;5.7;82;High;0.85
30/11/2025;20:00:00;4.478;0.582;239.62;18.69;7.3;0.0;55.0;5.0;82;High;0.85
30/11/2025;21:00:00;4.18;0.905;239.72;17.44;17.2;0.0;55.0;4.2;84;High;0.85
30/11/2025;22:00:00;3.444;0.287;240.85;14.3;0.0;0.0;55.0;3.9;84;High;0.85
30/11/2025;23:00:00;2.498;0.395;240.04;10.41;0.0;0.0;55.0;3.6;85;Medium;0.5
01/12/2025;00:00:00;1.287;0.19;239.88;5.36;0.0;0.0;55.0;3.4;85;Low;0.15
01/12/2025;01:00:00;1.445;0.211;238.55;6.06;0.0;0.0;55.0;3.1;86;Low;0.15
01/12/2025;02:00:00;1.532;0.237;235.59;6.5;0.0;0.0;55.0;3.0;88;Low;0.15
01/12/2025;03:00:00;1.373;0.186;236.87;5.8;0.0;0.0;55.0;2.3;89;Low;0.15
01/12/2025;04:00:00;1.515;0.08;242.01;6.26;0.0;0.0;55.0;2.0;90;Low;0.15
01/12/2025;05:00:00;1.723;0.35;239.14;7.2;0.0;0.0;55.0;2.0;90;Low;0.15
01/12/2025;06:00:00;2.451;0.467;238.14;10.29;0.0;0.0;55.0;2.0;91;Medium;0.5
01/12/2025;07:00:00;3.062;0.244;236.06;12.97;0.0;8.5;55.0;2.2;90;Medium;0.5
01/12/2025;08:00:00;3.443;0.414;235.18;14.64;0.0;8.1;55.0;2.6;91;Medium;0.5
01/12/2025;09:00:00;3.06;0.554;238.03;12.86;0.0;5.4;55.0;2.9;91;Medium;0.5
01/12/2025;10:00:00;1.952;0.423;242.49;8.05;0.0;0.0;55.0;3.1;90;Low;0.15
01/12/2025;11:00:00;1.664;0.352;238.44;6.98;0.0;0.0;55.0;3.6;88;Low;0.15
01/12/2025;12:00:00;1.419;0.288;241.12;5.88;0.0;0.0;55.0;4.7;85;Low;0.15
01/12/2025;13:00:00;1.162;0.089;238.31;4.88;0.0;0.0;55.0;5.6;82;Low;0.15
01/12/2025;14:00:00;1.246;0.256;241.79;5.15;0.0;0.0;55.0;5.8;88;Low;0.15
01/12/2025;15:00:00;1.304;0.26;239.02;5.46;0.0;0.0;55.0;7.2;82;Low;0.15
01/12/2025;16:00:00;1.422;0.162;236.55;6.01;0.0;0.0;55.0;7.4;82;Low;0.15
01/12/2025;17:00:00;2.249;0.263;239.25;9.4;0.0;0.0;55.0;7.7;78;Medium;0.5
01/12/2025;18:00:00;3.33;0.427;245.14;13.58;18.3;0.0;55.0;7.5;78;High;0.85
01/12/2025;19:00:00;3.677;0.594;245.01;15.01;10.3;0.0;55.0;7.5;76;High;0.85
01/12/2025;20:00:00;3.911;0.369;241.36;16.21;5.2;0.0;55.0;7.3;78;High;0.85
01/12/2025;21:00:00;3.816;0.206;239.62;15.92;4.5;0.0;55.0;7.0;78;High;0.85
01/12/2025;22:00:00;3.201;0.237;240.85;13.29;0.0;0.0;55.0;6.9;76;High;0.85
01/12/2025;23:00:00;2.161;0.27;240.89;8.97;0.0;0.0;55.0;7.0;72;Medium;0.5
02/12/2025;00:00:00;1.288;0.126;239.89;5.37;0.0;0.0;55.0;7.0;68;Low;0.15
02/12/2025;01:00:00;1.003;0.18;241.23;4.16;0.0;0.0;55.0;7.1;66;Low;0.15
02/12/2025;02:00:00;1.2;0.082;240.58;4.99;0.0;0.0;55.0;7.2;66;Low;0.15
02/12/2025;03:00:00;1.076;0.222;239.12;4.5;0.0;0.0;55.0;7.2;65;Low;0.15
02/12/2025;04:00:00;1.333;0.27;236.65;5.63;0.0;0.0;55.0;7.5;67;Low;0.15
02/12/2025;05:00:00;1.542;0.315;238.71;6.46;0.0;0.0;55.0;7.5;70;Low;0.15
02/12/2025;06:00:00;1.979;0.348;242.24;8.17;0.0;0.0;55.0;7.8;64;Medium;0.5
02/12/2025;07:00:00;2.657;0.181;239.91;11.08;0.0;15.8;55.0;7.9;66;Medium;0.5
02/12/2025;08:00:00;3.143;0.391;240.84;13.05;0.0;9.9;55.0;7.8;72;Medium;0.5
02/12/2025;09:00:00;2.68;0.194;239.21;11.2;0.0;13.9;55.0;7.8;74;Medium;0.5
02/12/2025;10:00:00;1.789;0.39;237.03;7.55;0.0;0.0;55.0;7.8;74;Low;0.15
02/12/2025;11:00:00;1.309;0.14;239.33;5.47;0.0;0.0;55.0;8.1;74;Low;0.15
02/12/2025;12:00:00;0.892;0.133;237.14;3.76;0.0;0.0;55.0;8.8;76;Low;0.15
02/12/2025;13:00:00;0.979;0.179;236.96;4.13;0.0;0.0;55.0;9.9;76;Low;0.15
02/12/2025;14:00:00;0.963;0.199;243.38;3.96;0.0;0.0;55.0;9.3;80;Low;0.15
02/12/2025;15:00:00;1.043;0.186;238.82;4.37;0.0;0.0;55.0;9.6;82;Low;0.15
02/12/2025;16:00:00;1.45;0.239;237.92;6.09;0.0;0.0;55.0;9.7;84;Low;0.15
02/12/2025;17:00:00;1.921;0.248;244.53;7.85;0.0;0.0;55.0;9.3;86;Medium;0.5
02/12/2025;18:00:00;3.114;0.476;242.28;12.85;3.5;0.0;55.0;8.5;88;High;0.85
02/12/2025;19:00:00;3.71;0.245;238.96;15.52;7.1;0.0;55.0;7.8;91;High;0.85
02/12/2025;20:00:00;3.98;0.797;241.2;16.5;13.1;0.0;55.0;8.0;93;High;0.85
02/12/2025;21:00:00;3.799;0.541;239.34;15.87;24.9;0.0;55.0;8.1;93;High;0.85
02/12/2025;22:00:00;3.091;0.176;238.06;12.98;0.0;0.0;55.0;8.1;93;High;0.85
02/12/2025;23:00:00;2.181;0.45;241.33;9.04;0.0;0.0;55.0;8.0;94;Medium;0.5
03/12/2025;00:00:00;1.173;0.156;239.09;4.91;0.0;0.0;55.0;8.1;94;Low;0.15
03/12/2025;01:00:00;1.049;0.207;240.21;4.37;0.0;0.0;55.0;8.0;95;Low;0.15
03/12/2025;02:00:00;1.022;0.2;242.86;4.21;0.0;0.0;55.0;8.0;96;Low;0.15
03/12/2025;03:00:00;0.975;0.184;242.55;4.02;0.0;0.0;55.0;8.1;96;Low;0.15
03/12/2025;04:00:00;1.055;0.064;238.46;4.42;0.0;0.0;55.0;7.9;96;Low;0.15
03/12/2025;05:00:00;1.607;0.148;241.36;6.66;0.0;0.0;55.0;8.0;95;Low;0.15
03/12/2025;06:00:00;2.174;0.432;236.84;9.18;0.0;0.0;55.0;7.9;94;Medium;0.5
03/12/2025;07:00:00;2.589;0.525;241.26;10.73;0.0;5.9;55.0;7.7;94;Medium;0.5
03/12/2025;08:00:00;2.961;0.379;240.42;12.32;0.0;0.2;55.0;7.2;92;Medium;0.5
03/12/2025;09:00:00;2.82;0.352;241.06;11.7;0.0;12.2;55.0;6.9;93;Medium;0.5
03/12/2025;10:00:00;1.896;0.151;239.17;7.93;0.0;0.0;55.0;7.0;93;Low;0.15
03/12/2025;11:00:00;1.416;0.304;245.84;5.76;0.0;0.0;55.0;7.2;89;Low;0.15
03/12/2025;12:00:00;1.136;0.098;237.48;4.79;0.0;0.0;55.0;7.5;86;Low;0.15
03/12/2025;13:00:00;1.076;0.089;242.72;4.43;0.0;0.0;55.0;8.1;82;Low;0.15
03/12/2025;14:00:00;1.047;0.17;237.11;4.41;0.0;0.0;55.0;9.6;76;Low;0.15
03/12/2025;15:00:00;1.077;0.098;241.41;4.46;0.0;0.0;55.0;10.0;73;Low;0.15
03/12/2025;16:00:00;1.077;0.226;241.61;4.46;0.0;0.0;55.0;9.8;73;Low;0.15
03/12/2025;17:00:00;2.017;0.105;240.15;8.4;0.0;0.0;55.0;9.4;77;Medium;0.5
03/12/2025;18:00:00;6.466;0.33;238.61;27.1;17.2;0.0;55.0;8.2;83;High;0.85
03/12/2025;19:00:00;3.737;0.508;240.4;15.55;22.2;0.0;55.0;8.1;84;High;0.85
03/12/2025;20:00:00;4.33;0.576;240.75;17.99;14.2;0.0;55.0;7.6;86;High;0.85
03/12/2025;21:00:00;3.828;0.298;245.01;15.62;14.4;0.0;55.0;6.9;89;High;0.85
03/12/2025;22:00:00;3.128;0.419;237.56;13.17;0.0;0.0;55.0;6.4;91;High;0.85
03/12/2025;23:00:00;2.336;0.28;238.44;9.8;0.0;0.0;55.0;6.0;92;Medium;0.5
04/12/2025;00:00:00;1.251;0.252;240.8;5.19;0.0;0.0;55.0;6.0;93;Low;0.15
04/12/2025;01:00:00;1.281;0.066;239.28;5.35;0.0;0.0;55.0;5.4;94;Low;0.15
04/12/2025;02:00:00;1.3;0.281;239.72;5.42;0.0;0.0;55.0;5.4;96;Low;0.15
04/12/2025;03:00:00;1.451;0.227;243.0;5.97;0.0;0.0;55.0;5.4;97;Low;0.15
04/12/2025;04:00:00;1.174;0.089;232.1;5.06;0.0;0.0;55.0;5.4;97;Low;0.15
04/12/2025;05:00:00;1.528;0.089;238.33;6.41;0.0;0.0;55.0;5.2;97;Low;0.15
04/12/2025;06:00:00;2.107;0.298;235.12;8.96;0.0;0.0;55.0;5.4;96;Medium;0.5
04/12/2025;07:00:00;2.888;0.26;236.65;12.2;0.0;15.9;55.0;5.9;95;Medium;0.5
04/12/2025;08:00:00;3.043;0.308;246.73;12.33;0.0;15.6;55.0;6.5;94;Medium;0.5
04/12/2025;09:00:00;2.743;0.251;241.67;11.35;0.0;7.1;55.0;6.7;93;Medium;0.5
04/12/2025;10:00:00;1.824;0.293;242.66;7.52;0.0;0.0;55.0;6.8;92;Low;0.15
04/12/2025;11:00:00;1.458;0.21;239.77;6.08;0.0;0.0;55.0;7.2;90;Low;0.15
04/12/2025;12:00:00;1.266;0.08;242.12;5.23;0.0;0.0;55.0;7.3;91;Low;0.15
04/12/2025;13:00:00;0.994;0.139;235.05;4.23;0.0;0.0;55.0;7.6;91;Low;0.15
04/12/2025;14:00:00;1.109;0.205;242.91;4.57;0.0;0.0;55.0;8.1;93;Low;0.15
04/12/2025;15:00:00;1.057;0.067;237.7;4.45;0.0;0.0;55.0;9.0;90;Low;0.15
04/12/2025;16:00:00;1.269;0.255;238.51;5.32;0.0;0.0;55.0;8.2;88;Low;0.15
04/12/2025;17:00:00;2.108;0.313;241.41;8.73;0.0;0.0;55.0;7.9;87;Medium;0.5
04/12/2025;18:00:00;3.08;0.652;240.89;12.79;22.8;0.0;55.0;7.2;89;High;0.85
04/12/2025;19:00:00;4.04;0.304;240.24;16.82;16.7;0.0;55.0;6.8;90;High;0.85
04/12/2025;20:00:00;6.159;1.2;236.18;26.08;3.3;0.0;55.0;6.2;90;High;0.85
04/12/2025;21:00:00;3.726;0.594;240.28;15.51;13.0;0.0;55.0;5.7;89;High;0.85
04/12/2025;22:00:00;3.169;0.464;242.69;13.06;0.0;0.0;55.0;5.3;91;High;0.85
04/12/2025;23:00:00;2.424;0.334;238.51;10.16;0.0;0.0;55.0;4.7;92;Medium;0.5
05/12/2025;00:00:00;1.531;0.083;243.68;6.28;0.0;0.0;55.0;4.0;93;Low;0.15
05/12/2025;01:00:00;1.23;0.258;237.56;5.18;0.0;0.0;55.0;2.9;94;Low;0.15
05/12/2025;02:00:00;1.183;0.189;240.02;4.93;0.0;0.0;55.0;3.2;94;Low;0.15
05/12/2025;03:00:00;1.642;0.108;244.3;6.72;0.0;0.0;55.0;1.9;95;Low;0.15
05/12/2025;04:00:00;1.536;0.082;238.09;6.45;0.0;0.0;55.0;1.9;95;Low;0.15
05/12/2025;05:00:00;1.622;0.095;242.95;6.68;0.0;0.0;55.0;1.4;96;Low;0.15
05/12/2025;06:00:00;2.505;0.385;245.53;10.2;0.0;0.0;55.0;1.2;95;Medium;0.5
05/12/2025;07:00:00;2.887;0.446;240.48;12.0;0.0;11.0;55.0;0.6;95;Medium;0.5
05/12/2025;08:00:00;3.477;0.469;238.52;14.58;0.0;15.5;55.0;0.8;97;Medium;0.5
05/12/2025;09:00:00;3.231;0.33;237.84;13.59;0.0;14.1;55.0;-0.2;97;Medium;0.5
05/12/2025;10:00:00;2.336;0.328;243.65;9.59;0.0;0.0;55.0;0.3;97;Low;0.15
05/12/2025;11:00:00;1.577;0.217;243.57;6.48;0.0;0.0;55.0;1.9;95;Low;0.15
05/12/2025;12:00:00;1.404;0.075;244.06;5.75;0.0;0.0;55.0;3.6;93;Low;0.15
05/12/2025;13:00:00;1.176;0.115;239.91;4.9;0.0;0.0;55.0;5.1;92;Low;0.15
05/12/2025;14:00:00;1.285;0.076;242.91;5.29;0.0;0.0;55.0;5.5;89;Low;0.15
05/12/2025;15:00:00;3.218;0.653;239.86;13.42;0.0;0.0;55.0;6.0;87;Low;0.15
05/12/2025;16:00:00;1.486;0.258;237.53;6.26;0.0;0.0;55.0;6.0;86;Low;0.15
05/12/2025;17:00:00;2.157;0.473;243.15;8.87;0.0;0.0;55.0;5.8;86;Medium;0.5
05/12/2025;18:00:00;3.278;0.332;244.57;13.4;2.6;0.0;55.0;5.5;87;High;0.85
05/12/2025;19:00:00;3.973;0.792;237.14;16.76;16.7;0.0;55.0;5.3;87;High;0.85
05/12/2025;20:00:00;4.098;0.625;237.09;17.28;12.0;0.0;55.0;6.1;87;High;0.85
05/12/2025;21:00:00;3.825;0.486;240.11;15.93;15.1;0.0;55.0;6.4;83;High;0.85
05/12/2025;22:00:00;3.014;0.265;242.68;12.42;0.0;0.0;55.0;6.4;81;High;0.85
05/12/2025;23:00:00;2.166;0.38;236.83;9.15;0.0;0.0;55.0;6.8;78;Medium;0.5
06/12/2025;00:00:00;1.185;0.241;240.64;4.93;0.0;0.0;55.0;6.2;83;Low;0.15
06/12/2025;01:00:00;1.435;0.129;238.35;6.02;0.0;0.0;55.0;6.5;80;Low;0.15
06/12/2025;02:00:00;1.02;0.081;241.96;4.22;0.0;0.0;55.0;7.2;89;Low;0.15
06/12/2025;03:00:00;1.248;0.21;237.77;5.25;0.0;0.0;55.0;7.8;90;Low;0.15
06/12/2025;04:00:00;3.208;0.693;242.16;13.25;0.0;0.0;55.0;8.5;92;Low;0.15
06/12/2025;05:00:00;1.339;0.238;239.56;5.59;0.0;0.0;55.0;8.6;93;Low;0.15
06/12/2025;06:00:00;2.235;0.22;237.38;9.41;0.0;0.0;55.0;9.5;92;Medium;0.5
06/12/2025;07:00:00;2.852;0.346;240.18;11.87;0.0;5.4;55.0;9.6;91;Medium;0.5
06/12/2025;08:00:00;3.243;0.374;234.57;13.82;0.0;10.9;55.0;9.6;95;Medium;0.5
06/12/2025;09:00:00;2.803;0.546;238.43;11.76;0.0;3.1;55.0;9.7;94;Medium;0.5
06/12/2025;10:00:00;2.163;0.392;240.94;8.98;0.0;0.0;55.0;9.8;91;Medium;0.5
06/12/2025;11:00:00;1.856;0.279;235.04;7.9;0.0;0.0;55.0;10.1;87;High;0.85
06/12/2025;12:00:00;1.446;0.14;232.8;6.21;0.0;0.0;55.0;10.6;85;High;0.85
06/12/2025;13:00:00;1.279;0.268;233.45;5.48;0.0;0.0;55.0;11.5;80;High;0.85
06/12/2025;14:00:00;1.373;0.221;243.72;5.63;0.0;0.0;55.0;12.1;78;High;0.85
06/12/2025;15:00:00;1.391;0.299;239.79;5.8;0.0;0.0;55.0;12.3;78;High;0.85
06/12/2025;16:00:00;1.484;0.221;238.51;6.22;0.0;0.0;55.0;11.8;76;Medium;0.5
06/12/2025;17:00:00;2.155;0.409;242.65;8.88;0.0;0.0;55.0;11.5;77;Medium;0.5
06/12/2025;18:00:00;3.062;0.576;238.87;12.82;11.1;0.0;55.0;10.9;78;High;0.85
06/12/2025;19:00:00;3.889;0.417;240.75;16.15;14.8;0.0;55.0;10.5;80;High;0.85
06/12/2025;20:00:00;4.241;0.907;240.07;17.67;12.5;0.0;55.0;10.2;84;High;0.85
06/12/2025;21:00:00;3.984;0.214;238.68;16.69;7.9;0.0;55.0;10.4;84;High;0.85
06/12/2025;22:00:00;2.913;0.526;240.82;12.1;0.0;0.0;55.0;10.4;85;High;0.85
06/12/2025;23:00:00;2.036;0.436;242.17;8.41;0.0;0.0;55.0;10.4;87;Medium;0.5
07/12/2025;00:00:00;0.966;0.104;239.48;4.03;0.0;0.0;55.0;10.3;89;Low;0.15
07/12/2025;01:00:00;3.053;0.489;238.71;12.79;0.0;0.0;55.0;10.5;88;Low;0.15
07/12/2025;02:00:00;0.89;0.13;239.04;3.72;0.0;0.0;55.0;10.4;88;Low;0.15
07/12/2025;03:00:00;0.776;0.139;233.57;3.32;0.0;0.0;55.0;10.1;90;Low;0.15
07/12/2025;04:00:00;1.056;0.208;240.79;4.39;0.0;0.0;55.0;10.4;91;Low;0.15
07/12/2025;05:00:00;1.128;0.172;236.61;4.77;0.0;0.0;55.0;10.6;92;Low;0.15
07/12/2025;06:00:00;1.868;0.352;241.76;7.73;0.0;0.0;55.0;10.7;92;Medium;0.5
07/12/2025;07:00:00;2.692;0.278;239.75;11.23;0.0;9.2;55.0;10.6;95;Medium;0.5
07/12/2025;08:00:00;3.114;0.277;240.29;12.96;0.0;14.0;55.0;10.8;96;Medium;0.5
07/12/2025;09:00:00;2.676;0.33;241.96;11.06;0.0;3.6;55.0;10.9;97;Medium;0.5
07/12/2025;10:00:00;1.742;0.288;237.41;7.34;0.0;0.0;55.0;11.1;96;Medium;0.5
07/12/2025;11:00:00;1.77;0.145;241.03;7.34;0.0;0.0;55.0;11.2;97;High;0.85
07/12/2025;12:00:00;1.54;0.255;240.75;6.4;0.0;0.0;55.0;12.2;95;High;0.85
07/12/2025;13:00:00;1.338;0.157;239.48;5.59;0.0;0.0;55.0;13.8;92;High;0.85
07/12/2025;14:00:00;1.159;0.215;237.4;4.88;0.0;0.0;55.0;14.1;92;High;0.85
07/12/2025;15:00:00;1.319;0.074;241.67;5.46;0.0;0.0;55.0;14.5;89;High;0.85
07/12/2025;16:00:00;1.334;0.218;241.97;5.51;0.0;0.0;55.0;14.4;90;Medium;0.5
07/12/2025;17:00:00;1.923;0.309;240.32;8.0;0.0;0.0;55.0;14.3;90;Medium;0.5
07/12/2025;18:00:00;2.964;0.622;237.0;12.51;2.2;0.0;55.0;14.4;89;High;0.85
07/12/2025;19:00:00;7.074;1.2;238.52;29.66;12.2;0.0;55.0;14.6;86;High;0.85
07/12/2025;20:00:00;3.968;0.735;239.83;16.54;22.4;0.0;55.0;14.8;86;High;0.85
07/12/2025;21:00:00;3.675;0.749;241.93;15.19;11.4;0.0;55.0;14.9;85;High;0.85
07/12/2025;22:00:00;3.013;0.496;235.57;12.79;0.0;0.0;55.0;14.9;86;High;0.85
07/12/2025;23:00:00;1.903;0.189;238.42;7.98;0.0;0.0;55.0;14.8;86;Medium;0.5
08/12/2025;00:00:00;0.753;0.149;238.87;3.15;0.0;0.0;55.0;14.8;87;Low;0.15
08/12/2025;01:00:00;0.683;0.121;239.77;2.85;0.0;0.0;55.0;14.8;87;Low;0.15
08/12/2025;02:00:00;0.822;0.1;236.36;3.48;0.0;0.0;55.0;14.7;89;Low;0.15
08/12/2025;03:00:00;0.728;0.124;239.39;3.04;0.0;0.0;55.0;14.7;88;Low;0.15
08/12/2025;04:00:00;0.655;0.129;239.13;2.74;0.0;0.0;55.0;14.5;88;Low;0.15
08/12/2025;05:00:00;1.075;0.232;237.09;4.53;0.0;0.0;55.0;14.3;87;Low;0.15
08/12/2025;06:00:00;1.748;0.37;239.67;7.29;0.0;0.0;55.0;14.1;87;Medium;0.5
08/12/2025;07:00:00;2.296;0.242;238.48;9.63;0.0;15.8;55.0;14.1;87;Medium;0.5
08/12/2025;08:00:00;2.625;0.319;241.39;10.87;0.0;5.5;55.0;14.2;90;Medium;0.5
08/12/2025;09:00:00;2.358;0.162;237.52;9.93;0.0;13.4;55.0;14.3;89;Medium;0.5
08/12/2025;10:00:00;1.444;0.133;240.25;6.01;0.0;0.0;55.0;14.4;87;Low;0.15
08/12/2025;11:00:00;0.942;0.188;237.74;3.96;0.0;0.0;55.0;14.5;86;Low;0.15
08/12/2025;12:00:00;0.761;0.085;238.32;3.19;0.0;0.0;55.0;14.7;84;Low;0.15
08/12/2025;13:00:00;0.844;0.131;240.83;3.51;0.0;0.0;55.0;15.0;82;Low;0.15
08/12/2025;14:00:00;0.797;0.13;240.66;3.31;0.0;0.0;55.0;15.4;82;Low;0.15
08/12/2025;15:00:00;4.287;0.784;238.83;17.95;0.0;0.0;55.0;15.1;81;Low;0.15
08/12/2025;16:00:00;1.081;0.088;239.25;4.52;0.0;0.0;55.0;15.8;80;Low;0.15
08/12/2025;17:00:00;1.601;0.163;235.93;6.79;0.0;0.0;55.0;15.5;77;Medium;0.5
08/12/2025;18:00:00;2.683;0.339;243.93;11.0;16.7;0.0;55.0;15.0;75;High;0.85
08/12/2025;19:00:00;3.534;0.396;241.92;14.61;9.2;0.0;55.0;14.2;77;High;0.85
08/12/2025;20:00:00;3.656;0.794;241.82;15.12;10.4;0.0;55.0;13.5;83;High;0.85
08/12/2025;21:00:00;3.353;0.644;235.53;14.23;17.3;0.0;55.0;12.8;85;High;0.85
08/12/2025;22:00:00;2.728;0.359;238.33;11.45;0.0;0.0;55.0;12.5;86;High;0.85
08/12/2025;23:00:00;1.775;0.354;239.06;7.43;0.0;0.0;55.0;12.0;87;Medium;0.5
09/12/2025;00:00:00;0.8;0.087;234.59;3.41;0.0;0.0;55.0;11.4;89;Low;0.15
09/12/2025;01:00:00;0.883;0.162;242.49;3.64;0.0;0.0;55.0;10.7;91;Low;0.15
09/12/2025;02:00:00;0.757;0.067;244.07;3.1;0.0;0.0;55.0;11.1;90;Low;0.15
09/12/2025;03:00:00;0.935;0.169;245.77;3.8;0.0;0.0;55.0;10.6;91;Low;0.15
09/12/2025;04:00:00;1.089;0.139;237.07;4.59;0.0;0.0;55.0;10.2;93;Low;0.15
09/12/2025;05:00:00;1.126;0.077;240.33;4.68;0.0;0.0;55.0;9.6;94;Low;0.15
09/12/2025;06:00:00;2.13;0.205;243.7;8.74;0.0;0.0;55.0;9.1;95;Medium;0.5
09/12/2025;07:00:00;2.697;0.319;239.29;11.27;0.0;12.6;55.0;9.0;95;Medium;0.5
09/12/2025;08:00:00;5.064;0.898;238.41;21.24;0.0;10.1;55.0;9.4;94;Medium;0.5
09/12/2025;09:00:00;2.556;0.16;234.78;10.89;0.0;12.4;55.0;9.4;92;Medium;0.5
09/12/2025;10:00:00;1.783;0.289;243.17;7.33;0.0;0.0;55.0;9.4;90;Low;0.15
09/12/2025;11:00:00;1.077;0.185;239.95;4.49;0.0;0.0;55.0;10.1;86;Low;0.15
09/12/2025;12:00:00;1.041;0.168;237.96;4.37;0.0;0.0;55.0;11.0;84;Low;0.15
09/12/2025;13:00:00;0.866;0.155;240.79;3.59;0.0;0.0;55.0;12.1;80;Low;0.15
09/12/2025;14:00:00;0.817;0.066;240.43;3.4;0.0;0.0;55.0;13.8;79;Low;0.15
09/12/2025;15:00:00;0.674;0.101;240.47;2.8;0.0;0.0;55.0;14.6;76;Low;0.15
09/12/2025;16:00:00;0.91;0.191;239.39;3.8;0.0;0.0;55.0;14.8;72;Low;0.15
09/12/2025;17:00:00;1.782;0.274;244.54;7.29;0.0;0.0;55.0;14.7;68;Medium;0.5
09/12/2025;18:00:00;2.596;0.4;239.63;10.83;14.0;0.0;55.0;14.2;67;High;0.85
09/12/2025;19:00:00;3.412;0.598;244.53;13.95;22.2;0.0;55.0;14.0;69;High;0.85
09/12/2025;20:00:00;3.499;0.373;241.58;14.48;20.1;0.0;55.0;14.2;71;High;0.85
09/12/2025;21:00:00;3.414;0.577;240.98;14.17;6.9;0.0;55.0;14.6;71;High;0.85
09/12/2025;22:00:00;2.562;0.527;239.68;10.69;0.0;0.0;55.0;14.3;74;High;0.85
09/12/2025;23:00:00;1.831;0.095;242.73;7.55;0.0;0.0;55.0;13.8;80;Medium;0.5
10/12/2025;00:00:00;0.821;0.163;240.32;3.42;0.0;0.0;55.0;13.4;84;Low;0.15
10/12/2025;01:00:00;4.195;0.366;237.39;17.67;0.0;0.0;55.0;13.3;85;Low;0.15
10/12/2025;02:00:00;0.871;0.111;237.3;3.67;0.0;0.0;55.0;12.5;90;Low;0.15
10/12/2025;03:00:00;0.845;0.165;241.18;3.5;0.0;0.0;55.0;12.5;91;Low;0.15
10/12/2025;04:00:00;0.813;0.155;237.46;3.42;0.0;0.0;55.0;12.4;91;Low;0.15
10/12/2025;05:00:00;0.96;0.194;239.83;4.0;0.0;0.0;55.0;12.2;93;Low;0.15
10/12/2025;06:00:00;1.596;0.335;242.96;6.57;0.0;0.0;55.0;12.2;93;Medium;0.5
10/12/2025;07:00:00;2.489;0.314;240.85;10.34;0.0;2.1;55.0;12.2;94;Medium;0.5
10/12/2025;08:00:00;2.643;0.427;237.98;11.1;0.0;9.0;55.0;12.1;95;Medium;0.5
10/12/2025;09:00:00;2.482;0.289;243.95;10.17;0.0;11.0;55.0;11.9;95;Medium;0.5
10/12/2025;10:00:00;1.521;0.167;241.53;6.3;0.0;0.0;55.0;11.9;95;Low;0.15
10/12/2025;11:00:00;1.129;0.139;242.85;4.65;0.0;0.0;55.0;12.2;94;Low;0.15
10/12/2025;12:00:00;0.82;0.145;233.65;3.51;0.0;0.0;55.0;12.7;91;Low;0.15
10/12/2025;13:00:00;0.743;0.101;240.93;3.09;0.0;0.0;55.0;13.3;87;Low;0.15
10/12/2025;14:00:00;0.841;0.158;242.36;3.47;0.0;0.0;55.0;13.7;87;Low;0.15
10/12/2025;15:00:00;0.885;0.156;244.76;3.62;0.0;0.0;55.0;13.6;86;Low;0.15
10/12/2025;16:00:00;1.115;0.06;235.9;4.73;0.0;0.0;55.0;13.4;85;Low;0.15
10/12/2025;17:00:00;1.859;0.292;243.38;7.64;0.0;0.0;55.0;13.2;82;Medium;0.5
10/12/2025;18:00:00;2.664;0.331;244.6;10.89;16.9;0.0;55.0;12.1;86;High;0.85
10/12/2025;19:00:00;3.585;0.458;234.35;15.3;6.2;0.0;55.0;11.6;88;High;0.85
10/12/2025;20:00:00;3.889;0.735;241.34;16.11;9.6;0.0;55.0;11.0;87;High;0.85
10/12/2025;21:00:00;3.504;0.501;241.73;14.49;22.4;0.0;55.0;10.0;89;High;0.85
10/12/2025;22:00:00;2.979;0.597;239.08;12.46;0.0;0.0;55.0;9.0;91;High;0.85
10/12/2025;23:00:00;2.102;0.36;238.63;8.81;0.0;0.0;55.0;8.3;92;Medium;0.5
11/12/2025;00:00:00;1.081;0.156;241.87;4.47;0.0;0.0;55.0;7.8;94;Low;0.15
11/12/2025;01:00:00;1.176;0.21;238.28;4.94;0.0;0.0;55.0;7.0;95;Low;0.15
11/12/2025;02:00:00;1.31;0.074;239.39;5.47;0.0;0.0;55.0;6.6;96;Low;0.15
11/12/2025;03:00:00;1.335;0.073;242.27;5.51;0.0;0.0;55.0;5.7;98;Low;0.15
11/12/2025;04:00:00;1.162;0.075;244.91;4.74;0.0;0.0;55.0;5.3;99;Low;0.15
11/12/2025;05:00:00;1.591;0.198;241.51;6.59;0.0;0.0;55.0;4.4;100;Low;0.15
11/12/2025;06:00:00;2.375;0.214;240.37;9.88;0.0;0.0;55.0;4.7;100;Medium;0.5
11/12/2025;07:00:00;2.919;0.634;238.55;12.24;0.0;10.8;55.0;5.1;100;Medium;0.5
11/12/2025;08:00:00;3.352;0.477;237.17;14.13;0.0;18.4;55.0;4.7;99;Medium;0.5
11/12/2025;09:00:00;3.093;0.503;243.11;12.72;0.0;8.9;55.0;4.9;100;Medium;0.5
11/12/2025;10:00:00;2.022;0.197;239.57;8.44;0.0;0.0;55.0;5.7;100;Low;0.15
11/12/2025;11:00:00;1.41;0.148;243.22;5.8;0.0;0.0;55.0;6.8;99;Low;0.15
11/12/2025;12:00:00;1.26;0.135;239.08;5.27;0.0;0.0;55.0;7.6;98;Low;0.15
11/12/2025;13:00:00;1.109;0.187;238.18;4.66;0.0;0.0;55.0;8.0;98;Low;0.15
11/12/2025;14:00:00;1.058;0.138;241.18;4.39;0.0;0.0;55.0;8.9;99;Low;0.15
11/12/2025;15:00:00;1.051;0.145;239.79;4.38;0.0;0.0;55.0;9.7;95;Low;0.15
11/12/2025;16:00:00;1.45;0.218;236.62;6.13;0.0;0.0;55.0;9.9;94;Low;0.15
11/12/2025;17:00:00;1.928;0.348;245.09;7.87;0.0;0.0;55.0;9.9;94;Medium;0.5
11/12/2025;18:00:00;3.126;0.204;238.24;13.12;12.0;0.0;55.0;9.5;95;High;0.85
11/12/2025;19:00:00;5.679;1.034;242.6;23.41;8.3;0.0;55.0;9.6;95;High;0.85
11/12/2025;20:00:00;3.766;0.549;242.36;15.54;23.4;0.0;55.0;9.7;95;High;0.85
11/12/2025;21:00:00;3.648;0.597;236.47;15.43;2.6;0.0;55.0;9.9;95;High;0.85
11/12/2025;22:00:00;2.733;0.289;237.19;11.52;0.0;0.0;55.0;10.0;94;High;0.85
11/12/2025;23:00:00;2.061;0.246;239.16;8.62;0.0;0.0;55.0;10.1;94;Medium;0.5
12/12/2025;00:00:00;1.033;0.092;237.58;4.35;0.0;0.0;55.0;10.3;94;Low;0.15
12/12/2025;01:00:00;0.885;0.192;244.83;3.62;0.0;0.0;55.0;10.3;94;Low;0.15
12/12/2025;02:00:00;0.975;0.131;239.44;4.07;0.0;0.0;55.0;10.0;95;Low;0.15
12/12/2025;03:00:00;1.176;0.258;242.49;4.85;0.0;0.0;55.0;9.8;96;Low;0.15
12/12/2025;04:00:00;1.008;0.134;241.44;4.18;0.0;0.0;55.0;9.2;97;Low;0.15
12/12/2025;05:00:00;1.123;0.098;240.74;4.66;0.0;0.0;55.0;9.4;96;Low;0.15
12/12/2025;06:00:00;5.596;0.763;240.11;23.31;0.0;0.0;55.0;9.6;95;Medium;0.5
12/12/2025;07:00:00;2.831;0.161;243.46;11.63;0.0;12.5;55.0;9.2;96;Medium;0.5
12/12/2025;08:00:00;2.973;0.606;237.69;12.51;0.0;12.0;55.0;9.2;99;Medium;0.5
12/12/2025;09:00:00;2.747;0.52;244.83;11.22;0.0;7.8;55.0;9.0;100;Medium;0.5
12/12/2025;10:00:00;1.856;0.322;236.4;7.85;0.0;0.0;55.0;9.0;100;Low;0.15
12/12/2025;11:00:00;1.166;0.179;242.19;4.82;0.0;0.0;55.0;9.2;99;Low;0.15
12/12/2025;12:00:00;0.993;0.148;236.07;4.21;0.0;0.0;55.0;9.5;98;Low;0.15
12/12/2025;13:00:00;1.097;0.241;239.12;4.59;0.0;0.0;55.0;10.0;96;Low;0.15
12/12/2025;14:00:00;1.122;0.109;240.26;4.67;0.0;0.0;55.0;10.6;90;Low;0.15
12/12/2025;15:00:00;1.07;0.195;238.64;4.48;0.0;0.0;55.0;10.9;90;Low;0.15
12/12/2025;16:00:00;1.121;0.167;239.49;4.68;0.0;0.0;55.0;11.3;88;Low;0.15
12/12/2025;17:00:00;2.125;0.459;236.12;9.0;0.0;0.0;55.0;11.3;88;Medium;0.5
12/12/2025;18:00:00;2.854;0.544;237.24;12.03;11.9;0.0;55.0;10.6;91;High;0.85
12/12/2025;19:00:00;3.59;0.789;241.4;14.87;21.8;0.0;55.0;9.7;92;High;0.85
12/12/2025;20:00:00;3.91;0.587;240.08;16.28;20.8;0.0;55.0;10.2;94;High;0.85
12/12/2025;21:00:00;3.791;0.321;238.07;15.92;21.6;0.0;55.0;9.5;95;High;0.85
12/12/2025;22:00:00;3.107;0.421;243.71;12.75;0.0;0.0;55.0;8.7;96;High;0.85
12/12/2025;23:00:00;2.184;0.373;236.58;9.23;0.0;0.0;55.0;7.7;97;Medium;0.5
13/12/2025;00:00:00;1.177;0.214;238.99;4.92;0.0;0.0;55.0;7.2;98;Low;0.15
13/12/2025;01:00:00;3.153;0.158;238.58;13.21;0.0;0.0;55.0;6.9;99;Low;0.15
13/12/2025;02:00:00;1.151;0.156;241.72;4.76;0.0;0.0;55.0;7.8;100;Low;0.15
13/12/2025;03:00:00;0.801;0.072;240.13;3.34;0.0;0.0;55.0;8.6;100;Low;0.15
13/12/2025;04:00:00;1.085;0.216;239.7;4.53;0.0;0.0;55.0;8.4;100;Low;0.15
13/12/2025;05:00:00;1.353;0.103;234.84;5.76;0.0;0.0;55.0;8.3;100;Low;0.15
13/12/2025;06:00:00;2.022;0.33;242.42;8.34;0.0;0.0;55.0;8.2;100;Medium;0.5
13/12/2025;07:00:00;2.937;0.28;239.39;12.27;0.0;0.9;55.0;8.2;99;Medium;0.5
13/12/2025;08:00:00;3.262;0.361;240.32;13.57;0.0;9.3;55.0;8.3;100;Medium;0.5
13/12/2025;09:00:00;3.062;0.643;237.9;12.87;0.0;2.1;55.0;8.4;99;Medium;0.5
13/12/2025;10:00:00;2.282;0.207;237.46;9.61;0.0;0.0;55.0;8.4;99;Medium;0.5
13/12/2025;11:00:00;1.79;0.118;244.2;7.33;0.0;0.0;55.0;8.6;99;High;0.85
13/12/2025;12:00:00;1.607;0.099;235.03;6.84;0.0;0.0;55.0;8.7;99;High;0.85
13/12/2025;13:00:00;1.56;0.212;237.05;6.58;0.0;0.0;55.0;8.9;98;High;0.85
13/12/2025;14:00:00;1.522;0.242;244.15;6.23;0.0;0.0;55.0;9.2;97;High;0.85
13/12/2025;15:00:00;1.658;0.175;241.79;6.86;0.0;0.0;55.0;9.5;96;High;0.85
13/12/2025;16:00:00;1.547;0.259;239.09;6.47;0.0;0.0;55.0;9.6;96;Medium;0.5
13/12/2025;17:00:00;2.044;0.123;243.49;8.39;0.0;0.0;55.0;9.4;96;Medium;0.5
13/12/2025;18:00:00;3.272;0.64;241.25;13.56;5.6;0.0;55.0;9.2;96;High;0.85
13/12/2025;19:00:00;4.052;0.765;240.65;16.84;9.9;0.0;55.0;8.9;97;High;0.85
13/12/2025;20:00:00;4.233;0.921;240.63;17.59;8.6;0.0;55.0;8.9;97;High;0.85
13/12/2025;21:00:00;4.085;0.855;241.3;16.93;16.9;0.0;55.0;8.8;96;High;0.85
13/12/2025;22:00:00;3.194;0.353;241.42;13.23;0.0;0.0;55.0;8.4;96;High;0.85
13/12/2025;23:00:00;2.254;0.266;246.15;9.16;0.0;0.0;55.0;8.2;96;Medium;0.5
14/12/2025;00:00:00;1.177;0.208;239.45;4.91;0.0;0.0;55.0;7.8;97;Low;0.15
14/12/2025;01:00:00;1.115;0.081;239.54;4.66;0.0;0.0;55.0;7.4;99;Low;0.15
14/12/2025;02:00:00;1.177;0.122;236.54;4.97;0.0;0.0;55.0;7.2;99;Low;0.15
14/12/2025;03:00:00;1.086;0.076;239.85;4.53;0.0;0.0;55.0;7.2;99;Low;0.15
14/12/2025;04:00:00;1.173;0.149;245.22;4.78;0.0;0.0;55.0;7.1;99;Low;0.15
14/12/2025;05:00:00;1.386;0.199;242.76;5.71;0.0;0.0;55.0;7.0;100;Low;0.15
14/12/2025;06:00:00;2.134;0.183;238.48;8.95;0.0;0.0;55.0;7.0;98;Medium;0.5
14/12/2025;07:00:00;2.959;0.161;240.08;12.32;0.0;9.1;55.0;6.9;97;Medium;0.5
14/12/2025;08:00:00;3.217;0.554;236.37;13.61;0.0;2.3;55.0;6.8;96;Medium;0.5
14/12/2025;09:00:00;2.939;0.157;237.29;12.39;0.0;4.9;55.0;6.7;96;Medium;0.5
14/12/2025;10:00:00;2.204;0.475;240.42;9.17;0.0;0.0;55.0;6.6;96;Medium;0.5
14/12/2025;11:00:00;1.937;0.17;238.62;8.12;0.0;0.0;55.0;6.5;96;High;0.85
14/12/2025;12:00:00;1.724;0.281;237.08;7.27;0.0;0.0;55.0;6.6;94;High;0.85
14/12/2025;13:00:00;1.693;0.21;241.37;7.01;0.0;0.0;55.0;6.7;94;High;0.85
14/12/2025;14:00:00;1.723;0.104;239.77;7.19;0.0;0.0;55.0;7.4;94;High;0.85
14/12/2025;15:00:00;1.858;0.242;235.61;7.89;0.0;0.0;55.0;7.3;95;High;0.85
14/12/2025;16:00:00;1.702;0.235;234.19;7.27;0.0;0.0;55.0;7.2;95;Medium;0.5
14/12/2025;17:00:00;2.175;0.425;238.4;9.12;0.0;0.0;55.0;7.1;94;Medium;0.5
14/12/2025;18:00:00;3.243;0.566;235.55;13.77;22.7;0.0;55.0;6.9;94;High;0.85
14/12/2025;19:00:00;4.084;0.259;234.77;17.4;24.9;0.0;55.0;6.5;93;High;0.85
14/12/2025;20:00:00;4.428;0.379;243.16;18.21;23.6;0.0;55.0;6.4;95;High;0.85
14/12/2025;21:00:00;4.074;0.42;239.73;17.0;24.6;0.0;55.0;6.2;97;High;0.85
14/12/2025;22:00:00;3.254;0.227;239.26;13.6;0.0;0.0;55.0;6.3;96;High;0.85
14/12/2025;23:00:00;2.297;0.293;239.47;9.59;0.0;0.0;55.0;6.3;95;Medium;0.5
15/12/2025;00:00:00;1.215;0.264;236.81;5.13;0.0;0.0;55.0;6.1;95;Low;0.15
15/12/2025;01:00:00;1.262;0.174;241.15;5.23;0.0;0.0;55.0;6.0;94;Low;0.15
15/12/2025;02:00:00;1.189;0.209;239.63;4.96;0.0;0.0;55.0;5.3;94;Low;0.15
15/12/2025;03:00:00;1.21;0.201;237.88;5.09;0.0;0.0;55.0;5.3;95;Low;0.15
15/12/2025;04:00:00;1.2;0.233;238.3;5.04;0.0;0.0;55.0;5.3;97;Low;0.15
15/12/2025;05:00:00;1.483;0.129;236.56;6.27;0.0;0.0;55.0;5.1;98;Low;0.15
15/12/2025;06:00:00;2.145;0.382;238.86;8.98;0.0;0.0;55.0;4.9;96;Medium;0.5
15/12/2025;07:00:00;2.944;0.588;239.33;12.3;0.0;10.0;55.0;5.0;93;Medium;0.5
15/12/2025;08:00:00;3.04;0.241;238.79;12.73;0.0;12.7;55.0;5.1;96;Medium;0.5
15/12/2025;09:00:00;2.85;0.311;240.15;11.87;0.0;0.6;55.0;5.0;94;Medium;0.5
15/12/2025;10:00:00;1.998;0.429;239.78;8.33;0.0;0.0;55.0;4.9;93;Low;0.15
15/12/2025;11:00:00;1.451;0.265;240.65;6.03;0.0;0.0;55.0;6.0;89;Low;0.15
15/12/2025;12:00:00;1.443;0.141;242.64;5.95;0.0;0.0;55.0;7.3;87;Low;0.15
15/12/2025;13:00:00;1.093;0.159;241.66;4.52;0.0;0.0;55.0;8.6;85;Low;0.15
15/12/2025;14:00:00;0.901;0.107;242.67;3.71;0.0;0.0;55.0;9.8;85;Low;0.15
15/12/2025;15:00:00;1.046;0.139;237.63;4.4;0.0;0.0;55.0;10.2;84;Low;0.15
15/12/2025;16:00:00;1.068;0.118;238.58;4.48;0.0;0.0;55.0;10.7;83;Low;0.15
15/12/2025;17:00:00;1.954;0.19;241.83;8.08;0.0;0.0;55.0;10.7;84;Medium;0.5
15/12/2025;18:00:00;2.854;0.47;241.88;11.8;23.4;0.0;55.0;10.1;87;High;0.85
15/12/2025;19:00:00;3.715;0.677;238.1;15.6;13.2;0.0;55.0;9.7;88;High;0.85
15/12/2025;20:00:00;3.821;0.759;241.71;15.81;2.3;0.0;55.0;10.2;87;High;0.85
15/12/2025;21:00:00;3.582;0.274;237.36;15.09;9.9;0.0;55.0;10.2;87;High;0.85
15/12/2025;22:00:00;2.874;0.546;241.35;11.91;0.0;0.0;55.0;10.1;88;High;0.85
15/12/2025;23:00:00;2.166;0.202;239.93;9.03;0.0;0.0;55.0;10.2;87;Medium;0.5
16/12/2025;00:00:00;0.906;0.111;236.12;3.84;0.0;0.0;55.0;10.4;84;Low;0.15
16/12/2025;01:00:00;1.176;0.239;238.78;4.92;0.0;0.0;55.0;9.5;88;Low;0.15
16/12/2025;02:00:00;1.056;0.134;246.11;4.29;0.0;0.0;55.0;9.8;91;Low;0.15
16/12/2025;03:00:00;1.029;0.086;240.57;4.28;0.0;0.0;55.0;9.8;91;Low;0.15
16/12/2025;04:00:00;1.084;0.084;246.44;4.4;0.0;0.0;55.0;9.4;91;Low;0.15
16/12/2025;05:00:00;1.298;0.169;235.96;5.5;0.0;0.0;55.0;8.9;92;Low;0.15
16/12/2025;06:00:00;1.797;0.323;242.1;7.42;0.0;0.0;55.0;8.9;91;Medium;0.5
16/12/2025;07:00:00;2.624;0.576;232.9;11.27;0.0;7.5;55.0;8.9;89;Medium;0.5
16/12/2025;08:00:00;3.022;0.556;240.0;12.59;0.0;0.1;55.0;9.8;89;Medium;0.5
16/12/2025;09:00:00;2.599;0.518;241.77;10.75;0.0;15.3;55.0;9.7;89;Medium;0.5
16/12/2025;10:00:00;3.533;0.626;242.35;14.58;0.0;0.0;55.0;9.8;88;Low;0.15
16/12/2025;11:00:00;1.193;0.241;237.76;5.02;0.0;0.0;55.0;9.9;87;Low;0.15
16/12/2025;12:00:00;1.152;0.073;242.91;4.74;0.0;0.0;55.0;10.5;86;Low;0.15
16/12/2025;13:00:00;1.021;0.212;238.51;4.28;0.0;0.0;55.0;11.3;84;Low;0.15
16/12/2025;14:00:00;0.828;0.097;239.54;3.45;0.0;0.0;55.0;12.6;80;Low;0.15
16/12/2025;15:00:00;0.971;0.201;238.79;4.07;0.0;0.0;55.0;13.2;78;Low;0.15
16/12/2025;16:00:00;1.059;0.067;236.82;4.47;0.0;0.0;55.0;13.2;79;Low;0.15
16/12/2025;17:00:00;1.696;0.291;244.4;6.94;0.0;0.0;55.0;12.3;86;Medium;0.5
16/12/2025;18:00:00;2.815;0.493;240.13;11.72;1.2;0.0;55.0;10.6;88;High;0.85
16/12/2025;19:00:00;3.75;0.823;243.04;15.43;3.1;0.0;55.0;10.2;89;High;0.85
16/12/2025;20:00:00;3.824;0.691;242.93;15.74;7.4;0.0;55.0;10.6;88;High;0.85
16/12/2025;21:00:00;3.617;0.416;237.29;15.24;6.5;0.0;55.0;9.4;93;High;0.85
16/12/2025;22:00:00;3.009;0.436;243.41;12.36;0.0;0.0;55.0;8.4;97;High;0.85
16/12/2025;23:00:00;2.315;0.26;241.41;9.59;0.0;0.0;55.0;8.0;96;Medium;0.5
17/12/2025;00:00:00;1.245;0.104;237.09;5.25;0.0;0.0;55.0;8.0;94;Low;0.15
17/12/2025;01:00:00;1.334;0.123;241.26;5.53;0.0;0.0;55.0;7.5;95;Low;0.15
17/12/2025;02:00:00;1.091;0.096;237.14;4.6;0.0;0.0;55.0;7.6;99;Low;0.15
17/12/2025;03:00:00;4.613;0.661;244.5;18.87;0.0;0.0;55.0;8.1;100;Low;0.15
17/12/2025;04:00:00;0.961;0.196;242.28;3.97;0.0;0.0;55.0;8.3;100;Low;0.15
17/12/2025;05:00:00;3.43;0.704;239.8;14.3;0.0;0.0;55.0;8.5;99;Low;0.15
17/12/2025;06:00:00;1.903;0.113;243.54;7.81;0.0;0.0;55.0;8.4;98;Medium;0.5
17/12/2025;07:00:00;2.71;0.172;235.57;11.5;0.0;19.3;55.0;8.3;98;Medium;0.5
17/12/2025;08:00:00;2.923;0.268;237.9;12.29;0.0;5.0;55.0;8.2;97;Medium;0.5
17/12/2025;09:00:00;2.671;0.249;239.29;11.16;0.0;19.9;55.0;7.6;97;Medium;0.5
17/12/2025;10:00:00;1.74;0.115;246.26;7.06;0.0;0.0;55.0;7.3;97;Low;0.15
17/12/2025;11:00:00;1.264;0.147;237.0;5.33;0.0;0.0;55.0;7.8;96;Low;0.15
17/12/2025;12:00:00;1.03;0.154;235.22;4.38;0.0;0.0;55.0;8.8;90;Low;0.15
17/12/2025;13:00:00;0.961;0.143;235.96;4.07;0.0;0.0;55.0;9.3;83;Low;0.15
17/12/2025;14:00:00;1.097;0.156;242.54;4.52;0.0;0.0;55.0;9.6;82;Low;0.15
17/12/2025;15:00:00;0.951;0.102;238.34;3.99;0.0;0.0;55.0;10.1;77;Low;0.15
17/12/2025;16:00:00;1.291;0.22;239.55;5.39;0.0;0.0;55.0;10.3;74;Low;0.15
17/12/2025;17:00:00;2.132;0.406;242.14;8.8;0.0;0.0;55.0;9.9;78;Medium;0.5
17/12/2025;18:00:00;2.97;0.323;239.56;12.4;2.8;0.0;55.0;8.7;83;High;0.85
17/12/2025;19:00:00;3.66;0.236;240.57;15.21;20.8;0.0;55.0;7.9;87;High;0.85
17/12/2025;20:00:00;4.014;0.403;241.5;16.62;6.3;0.0;55.0;7.5;89;High;0.85
17/12/2025;21:00:00;3.879;0.285;238.79;16.25;14.1;0.0;55.0;7.4;91;High;0.85
17/12/2025;22:00:00;3.125;0.404;239.53;13.04;0.0;0.0;55.0;7.3;91;High;0.85
17/12/2025;23:00:00;2.113;0.162;240.68;8.78;0.0;0.0;55.0;7.3;91;Medium;0.5
18/12/2025;00:00:00;1.197;0.154;242.43;4.94;0.0;0.0;55.0;6.9;91;Low;0.15
18/12/2025;01:00:00;1.074;0.094;237.78;4.52;0.0;0.0;55.0;6.3;93;Low;0.15
18/12/2025;02:00:00;1.229;0.216;231.54;5.31;0.0;0.0;55.0;6.7;93;Low;0.15
18/12/2025;03:00:00;1.166;0.064;241.9;4.82;0.0;0.0;55.0;7.4;92;Low;0.15
18/12/2025;04:00:00;1.112;0.161;242.6;4.58;0.0;0.0;55.0;7.8;91;Low;0.15
18/12/2025;05:00:00;1.229;0.097;240.56;5.11;0.0;0.0;55.0;8.0;91;Low;0.15
18/12/2025;06:00:00;1.943;0.097;240.75;8.07;0.0;0.0;55.0;8.2;90;Medium;0.5
18/12/2025;07:00:00;2.736;0.541;238.42;11.47;0.0;13.4;55.0;8.4;92;Medium;0.5
18/12/2025;08:00:00;3.084;0.506;241.4;12.78;0.0;7.9;55.0;9.4;91;Medium;0.5
18/12/2025;09:00:00;2.553;0.171;242.39;10.53;0.0;18.2;55.0;9.5;90;Medium;0.5
18/12/2025;10:00:00;1.761;0.287;240.16;7.33;0.0;0.0;55.0;9.1;89;Low;0.15
18/12/2025;11:00:00;1.02;0.157;246.98;4.13;0.0;0.0;55.0;9.4;87;Low;0.15
18/12/2025;12:00:00;0.941;0.123;235.62;4.0;0.0;0.0;55.0;10.2;83;Low;0.15
18/12/2025;13:00:00;0.917;0.111;240.46;3.81;0.0;0.0;55.0;10.9;81;Low;0.15
18/12/2025;14:00:00;0.725;0.146;236.71;3.06;0.0;0.0;55.0;12.9;72;Low;0.15
18/12/2025;15:00:00;0.758;0.07;242.46;3.13;0.0;0.0;55.0;13.6;74;Low;0.15
18/12/2025;16:00:00;0.969;0.114;235.57;4.11;0.0;0.0;55.0;14.2;66;Low;0.15
18/12/2025;17:00:00;1.763;0.187;236.27;7.46;0.0;0.0;55.0;14.5;61;Medium;0.5
18/12/2025;18:00:00;2.672;0.484;238.23;11.22;9.4;0.0;55.0;14.2;60;High;0.85
18/12/2025;19:00:00;3.136;0.645;240.74;13.02;14.1;0.0;55.0;14.1;60;High;0.85
18/12/2025;20:00:00;3.435;0.668;238.33;14.41;21.0;0.0;55.0;14.0;63;High;0.85
18/12/2025;21:00:00;3.305;0.613;238.36;13.86;21.0;0.0;55.0;14.0;63;High;0.85
18/12/2025;22:00:00;2.755;0.6;239.49;11.5;0.0;0.0;55.0;13.9;64;High;0.85
18/12/2025;23:00:00;1.507;0.254;239.32;6.3;0.0;0.0;55.0;13.7;67;Medium;0.5
19/12/2025;00:00:00;0.721;0.128;244.16;2.95;0.0;0.0;55.0;13.2;73;Low;0.15
19/12/2025;01:00:00;0.736;0.16;241.92;3.04;0.0;0.0;55.0;12.9;77;Low;0.15
19/12/2025;02:00:00;0.952;0.049;239.09;3.98;0.0;0.0;55.0;12.5;84;Low;0.15
19/12/2025;03:00:00;0.787;0.124;245.87;3.2;0.0;0.0;55.0;12.4;87;Low;0.15
19/12/2025;04:00:00;0.911;0.16;241.38;3.78;0.0;0.0;55.0;12.3;89;Low;0.15
19/12/2025;05:00:00;1.087;0.224;237.29;4.58;0.0;0.0;55.0;12.0;90;Low;0.15
19/12/2025;06:00:00;1.603;0.321;240.72;6.66;0.0;0.0;55.0;11.8;89;Medium;0.5
19/12/2025;07:00:00;2.573;0.497;241.5;10.65;0.0;10.5;55.0;11.5;92;Medium;0.5
19/12/2025;08:00:00;2.875;0.606;238.07;12.07;0.0;7.5;55.0;11.2;96;Medium;0.5
19/12/2025;09:00:00;2.589;0.366;237.05;10.92;0.0;10.7;55.0;10.8;95;Medium;0.5
19/12/2025;10:00:00;2.024;0.104;240.24;8.42;0.0;0.0;55.0;10.5;96;Low;0.15
19/12/2025;11:00:00;0.966;0.05;238.99;4.04;0.0;0.0;55.0;10.3;94;Low;0.15
19/12/2025;12:00:00;1.16;0.165;244.14;4.75;0.0;0.0;55.0;10.4;93;Low;0.15
19/12/2025;13:00:00;0.91;0.113;242.08;3.76;0.0;0.0;55.0;10.6;91;Low;0.15
19/12/2025;14:00:00;2.976;0.377;238.21;12.5;0.0;0.0;55.0;10.7;91;Low;0.15
19/12/2025;15:00:00;1.015;0.12;241.19;4.21;0.0;0.0;55.0;10.8;89;Low;0.15
19/12/2025;16:00:00;1.203;0.248;243.55;4.94;0.0;0.0;55.0;10.7;88;Low;0.15
19/12/2025;17:00:00;1.923;0.214;236.1;8.15;0.0;0.0;55.0;10.4;87;Medium;0.5
19/12/2025;18:00:00;3.012;0.589;237.14;12.7;21.7;0.0;55.0;9.4;90;High;0.85
19/12/2025;19:00:00;3.538;0.72;239.97;14.74;8.1;0.0;55.0;8.6;92;High;0.85
19/12/2025;20:00:00;4.059;0.548;240.1;16.9;23.4;0.0;55.0;8.4;92;High;0.85
19/12/2025;21:00:00;3.696;0.466;239.85;15.41;8.3;0.0;55.0;7.8;92;High;0.85
19/12/2025;22:00:00;2.986;0.536;239.13;12.49;0.0;0.0;55.0;7.4;94;High;0.85
19/12/2025;23:00:00;2.115;0.36;239.09;8.85;0.0;0.0;55.0;7.4;94;Medium;0.5
20/12/2025;00:00:00;1.274;0.135;241.08;5.29;0.0;0.0;55.0;6.9;97;Low;0.15
20/12/2025;01:00:00;1.137;0.077;243.18;4.68;0.0;0.0;55.0;6.2;99;Low;0.15
20/12/2025;02:00:00;1.209;0.115;238.65;5.07;0.0;0.0;55.0;6.5;99;Low;0.15
20/12/2025;03:00:00;1.113;0.08;246.83;4.51;0.0;0.0;55.0;6.4;98;Low;0.15
20/12/2025;04:00:00;1.34;0.134;245.49;5.46;0.0;0.0;55.0;5.9;99;Low;0.15
20/12/2025;05:00:00;1.53;0.145;243.72;6.28;0.0;0.0;55.0;6.1;99;Low;0.15
20/12/2025;06:00:00;2.442;0.387;241.74;10.1;0.0;0.0;55.0;6.2;98;Medium;0.5
20/12/2025;07:00:00;2.983;0.633;245.62;12.14;0.0;14.4;55.0;6.5;98;Medium;0.5
20/12/2025;08:00:00;3.427;0.571;239.19;14.33;0.0;16.2;55.0;7.0;97;Medium;0.5
20/12/2025;09:00:00;2.956;0.614;237.67;12.44;0.0;9.2;55.0;7.4;96;Medium;0.5
20/12/2025;10:00:00;2.302;0.422;238.53;9.65;0.0;0.0;55.0;7.6;96;Medium;0.5
20/12/2025;11:00:00;1.812;0.315;237.19;7.64;0.0;0.0;55.0;7.8;96;High;0.85
20/12/2025;12:00:00;1.739;0.209;240.34;7.23;0.0;0.0;55.0;8.0;96;High;0.85
20/12/2025;13:00:00;1.542;0.162;240.84;6.4;0.0;0.0;55.0;9.0;91;High;0.85
20/12/2025;14:00:00;1.578;0.306;240.56;6.56;0.0;0.0;55.0;8.9;96;High;0.85
20/12/2025;15:00:00;1.66;0.338;239.97;6.92;0.0;0.0;55.0;9.3;95;High;0.85
20/12/2025;16:00:00;1.66;0.21;240.37;6.9;0.0;0.0;55.0;9.4;96;Medium;0.5
20/12/2025;17:00:00;2.145;0.111;244.86;8.76;0.0;0.0;55.0;9.4;97;Medium;0.5
20/12/2025;18:00:00;3.207;0.592;241.74;13.27;5.2;0.0;55.0;9.6;97;High;0.85
20/12/2025;19:00:00;4.105;0.404;242.58;16.92;1.0;0.0;55.0;9.6;97;High;0.85
20/12/2025;20:00:00;4.358;0.225;240.53;18.12;3.5;0.0;55.0;9.8;98;High;0.85
20/12/2025;21:00:00;4.028;0.753;235.48;17.11;6.8;0.0;55.0;9.7;98;High;0.85
20/12/2025;22:00:00;3.14;0.433;234.92;13.37;0.0;0.0;55.0;9.6;98;High;0.85
20/12/2025;23:00:00;2.068;0.344;245.83;8.41;0.0;0.0;55.0;9.4;98;Medium;0.5
21/12/2025;00:00:00;1.118;0.23;238.51;4.69;0.0;0.0;55.0;9.0;98;Low;0.15
21/12/2025;01:00:00;1.122;0.159;238.27;4.71;0.0;0.0;55.0;8.8;98;Low;0.15
21/12/2025;02:00:00;1.158;0.157;240.69;4.81;0.0;0.0;55.0;9.2;98;Low;0.15
21/12/2025;03:00:00;0.958;0.095;241.54;3.96;0.0;0.0;55.0;9.2;97;Low;0.15
21/12/2025;04:00:00;1.073;0.109;241.9;4.44;0.0;0.0;55.0;8.7;98;Low;0.15
21/12/2025;05:00:00;1.171;0.217;244.97;4.78;0.0;0.0;55.0;8.2;98;Low;0.15
21/12/2025;06:00:00;2.115;0.267;244.2;8.66;0.0;0.0;55.0;7.9;99;Medium;0.5
21/12/2025;07:00:00;3.028;0.236;237.73;12.74;0.0;14.9;55.0;7.7;99;Medium;0.5
21/12/2025;08:00:00;3.241;0.214;242.71;13.35;0.0;3.5;55.0;8.2;98;Medium;0.5
21/12/2025;09:00:00;2.98;0.389;238.92;12.47;0.0;13.2;55.0;7.9;99;Medium;0.5
21/12/2025;10:00:00;2.118;0.273;239.61;8.84;0.0;0.0;55.0;8.2;98;Medium;0.5
21/12/2025;11:00:00;1.833;0.295;236.94;7.73;0.0;0.0;55.0;9.2;97;High;0.85
21/12/2025;12:00:00;1.436;0.187;235.26;6.1;0.0;0.0;55.0;9.9;97;High;0.85
21/12/2025;13:00:00;1.492;0.111;239.91;6.22;0.0;0.0;55.0;10.3;95;High;0.85
21/12/2025;14:00:00;1.184;0.161;237.32;4.99;0.0;0.0;55.0;10.6;95;High;0.85
21/12/2025;15:00:00;1.524;0.311;242.6;6.28;0.0;0.0;55.0;11.1;95;High;0.85
21/12/2025;16:00:00;3.363;0.259;239.21;14.06;0.0;0.0;55.0;11.2;95;Medium;0.5
21/12/2025;17:00:00;2.194;0.367;240.86;9.11;0.0;0.0;55.0;10.8;95;Medium;0.5
21/12/2025;18:00:00;3.203;0.484;243.83;13.14;11.5;0.0;55.0;10.6;94;High;0.85
21/12/2025;19:00:00;3.952;0.701;235.84;16.76;17.3;0.0;55.0;10.3;93;High;0.85
21/12/2025;20:00:00;4.34;0.328;237.97;18.24;24.1;0.0;55.0;11.0;87;High;0.85
21/12/2025;21:00:00;3.786;0.795;240.51;15.74;19.7;0.0;55.0;10.7;91;High;0.85
21/12/2025;22:00:00;3.294;0.512;240.88;13.68;0.0;0.0;55.0;10.7;90;High;0.85
21/12/2025;23:00:00;2.178;0.423;243.09;8.96;0.0;0.0;55.0;10.6;90;Medium;0.5
22/12/2025;00:00:00;0.933;0.086;242.43;3.85;0.0;0.0;55.0;10.1;90;Low;0.15
22/12/2025;01:00:00;1.094;0.192;240.27;4.55;0.0;0.0;55.0;9.7;90;Low;0.15
22/12/2025;02:00:00;0.804;0.147;240.85;3.34;0.0;0.0;55.0;10.8;84;Low;0.15
22/12/2025;03:00:00;0.851;0.1;240.93;3.53;0.0;0.0;55.0;10.6;84;Low;0.15
22/12/2025;04:00:00;0.932;0.107;235.88;3.95;0.0;0.0;55.0;10.3;85;Low;0.15
22/12/2025;05:00:00;1.128;0.182;239.56;4.71;0.0;0.0;55.0;10.2;86;Low;0.15
22/12/2025;06:00:00;1.83;0.121;240.7;7.6;0.0;0.0;55.0;9.8;87;Medium;0.5
22/12/2025;07:00:00;2.757;0.483;241.28;11.42;0.0;7.5;55.0;9.2;89;Medium;0.5
22/12/2025;08:00:00;3.001;0.172;237.41;12.64;0.0;8.6;55.0;8.3;92;Medium;0.5
22/12/2025;09:00:00;2.778;0.229;236.45;11.75;0.0;19.4;55.0;7.4;94;Medium;0.5
22/12/2025;10:00:00;1.784;0.291;239.34;7.46;0.0;0.0;55.0;7.0;96;Low;0.15
22/12/2025;11:00:00;1.155;0.077;245.51;4.7;0.0;0.0;55.0;7.6;96;Low;0.15
22/12/2025;12:00:00;1.141;0.246;237.71;4.8;0.0;0.0;55.0;8.3;95;Low;0.15
22/12/2025;13:00:00;0.843;0.167;243.29;3.47;0.0;0.0;55.0;9.0;93;Low;0.15
22/12/2025;14:00:00;1.019;0.159;244.44;4.17;0.0;0.0;55.0;9.4;91;Low;0.15
22/12/2025;15:00:00;2.919;0.552;240.13;12.16;0.0;0.0;55.0;10.2;89;Low;0.15
22/12/2025;16:00:00;1.462;0.294;238.1;6.14;0.0;0.0;55.0;10.4;90;Low;0.15
22/12/2025;17:00:00;2.089;0.197;241.44;8.65;0.0;0.0;55.0;10.1;89;Medium;0.5
22/12/2025;18:00:00;2.99;0.581;240.55;12.43;14.8;0.0;55.0;9.4;91;High;0.85
22/12/2025;19:00:00;3.792;0.315;237.59;15.96;21.9;0.0;55.0;9.0;90;High;0.85
22/12/2025;20:00:00;3.863;0.465;238.16;16.22;21.7;0.0;55.0;9.0;87;High;0.85
22/12/2025;21:00:00;3.726;0.54;241.27;15.44;1.4;0.0;55.0;8.9;84;High;0.85
22/12/2025;22:00:00;3.053;0.523;242.61;12.58;0.0;0.0;55.0;8.5;84;High;0.85
22/12/2025;23:00:00;2.133;0.118;239.1;8.92;0.0;0.0;55.0;8.3;84;Medium;0.5
23/12/2025;00:00:00;1.204;0.12;239.81;5.02;0.0;0.0;55.0;8.1;84;Low;0.15
23/12/2025;01:00:00;1.198;0.184;241.87;4.95;0.0;0.0;55.0;7.3;86;Low;0.15
23/12/2025;02:00:00;1.112;0.123;239.52;4.64;0.0;0.0;55.0;8.0;85;Low;0.15
23/12/2025;03:00:00;0.936;0.17;239.16;3.91;0.0;0.0;55.0;7.8;85;Low;0.15
23/12/2025;04:00:00;1.053;0.169;237.89;4.43;0.0;0.0;55.0;7.7;87;Low;0.15
23/12/2025;05:00:00;1.336;0.12;237.84;5.62;0.0;0.0;55.0;7.4;88;Low;0.15
23/12/2025;06:00:00;4.155;0.311;247.47;16.79;0.0;0.0;55.0;6.3;91;Medium;0.5
23/12/2025;07:00:00;2.743;0.431;239.45;11.46;0.0;15.8;55.0;5.5;92;Medium;0.5
23/12/2025;08:00:00;3.46;0.438;243.82;14.19;0.0;11.1;55.0;5.1;93;Medium;0.5
23/12/2025;09:00:00;3.086;0.243;244.72;12.61;0.0;13.1;55.0;4.2;95;Medium;0.5
23/12/2025;10:00:00;2.106;0.222;239.49;8.79;0.0;0.0;55.0;3.6;95;Low;0.15
23/12/2025;11:00:00;1.596;0.162;241.03;6.62;0.0;0.0;55.0;3.4;93;Low;0.15
23/12/2025;12:00:00;1.381;0.094;240.29;5.75;0.0;0.0;55.0;3.5;91;Low;0.15
23/12/2025;13:00:00;1.263;0.181;235.49;5.36;0.0;0.0;55.0;3.6;91;Low;0.15
23/12/2025;14:00:00;1.381;0.248;235.65;5.86;0.0;0.0;55.0;3.6;89;Low;0.15
23/12/2025;15:00:00;1.466;0.217;240.14;6.1;0.0;0.0;55.0;3.8;86;Low;0.15
23/12/2025;16:00:00;1.517;0.289;238.81;6.35;0.0;0.0;55.0;4.1;82;Low;0.15
23/12/2025;17:00:00;2.374;0.17;245.3;9.68;0.0;0.0;55.0;4.4;78;Medium;0.5
23/12/2025;18:00:00;3.252;0.403;239.34;13.59;8.6;0.0;55.0;4.6;79;High;0.85
23/12/2025;19:00:00;3.739;0.574;245.46;15.23;2.1;0.0;55.0;4.6;79;High;0.85
23/12/2025;20:00:00;4.125;0.68;238.67;17.29;11.6;0.0;55.0;4.6;81;High;0.85
23/12/2025;21:00:00;3.894;0.655;245.35;15.87;1.9;0.0;55.0;4.5;81;High;0.85
23/12/2025;22:00:00;3.486;0.606;241.42;14.44;0.0;0.0;55.0;4.1;82;High;0.85
23/12/2025;23:00:00;2.408;0.387;241.58;9.97;0.0;0.0;55.0;4.2;80;Medium;0.5
24/12/2025;00:00:00;1.171;0.077;238.57;4.91;0.0;0.0;55.0;4.3;79;Low;0.15
24/12/2025;01:00:00;1.347;0.227;241.62;5.58;0.0;0.0;55.0;4.4;77;Low;0.15
24/12/2025;02:00:00;1.114;0.193;244.74;4.55;0.0;0.0;55.0;4.9;77;Low;0.15
24/12/2025;03:00:00;3.395;0.743;239.59;14.17;0.0;0.0;55.0;4.7;76;Low;0.15
24/12/2025;04:00:00;1.282;0.215;239.05;5.36;0.0;0.0;55.0;4.7;74;Low;0.15
24/12/2025;05:00:00;1.495;0.249;239.31;6.25;0.0;0.0;55.0;4.8;74;Low;0.15
24/12/2025;06:00:00;2.374;0.327;244.54;9.71;0.0;0.0;55.0;4.7;73;Medium;0.5
24/12/2025;07:00:00;2.77;0.547;242.39;11.43;0.0;17.1;55.0;4.8;73;Medium;0.5
24/12/2025;08:00:00;3.073;0.674;244.05;12.59;0.0;13.6;55.0;5.2;73;Medium;0.5
24/12/2025;09:00:00;2.816;0.514;240.88;11.69;0.0;1.9;55.0;5.2;72;Medium;0.5
24/12/2025;10:00:00;2.071;0.319;240.11;8.63;0.0;0.0;55.0;4.9;70;Low;0.15
24/12/2025;11:00:00;1.377;0.087;241.19;5.71;0.0;0.0;55.0;4.4;69;Low;0.15
24/12/2025;12:00:00;1.053;0.183;243.0;4.33;0.0;0.0;55.0;4.6;67;Low;0.15
24/12/2025;13:00:00;1.277;0.218;239.31;5.34;0.0;0.0;55.0;4.2;70;Low;0.15
24/12/2025;14:00:00;1.423;0.259;243.83;5.84;0.0;0.0;55.0;3.7;70;Low;0.15
24/12/2025;15:00:00;1.584;0.113;241.02;6.57;0.0;0.0;55.0;3.4;65;Low;0.15
24/12/2025;16:00:00;1.661;0.268;233.26;7.12;0.0;0.0;55.0;3.0;64;Low;0.15
24/12/2025;17:00:00;2.413;0.242;242.47;9.95;0.0;0.0;55.0;2.5;65;Medium;0.5
24/12/2025;18:00:00;3.563;0.639;236.44;15.07;14.3;0.0;55.0;1.6;67;High;0.85
24/12/2025;19:00:00;3.953;0.359;242.41;16.31;4.7;0.0;55.0;1.1;67;High;0.85
24/12/2025;20:00:00;4.389;0.73;242.52;18.1;24.4;0.0;55.0;1.0;71;High;0.85
24/12/2025;21:00:00;4.177;0.418;240.92;17.34;22.1;0.0;55.0;0.8;71;High;0.85
24/12/2025;22:00:00;3.576;0.184;241.52;14.81;0.0;0.0;55.0;0.2;70;High;0.85
24/12/2025;23:00:00;2.577;0.406;243.08;10.6;0.0;0.0;55.0;-0.4;69;Medium;0.5
25/12/2025;00:00:00;1.602;0.111;238.61;6.71;0.0;0.0;55.0;-0.6;68;Low;0.15
25/12/2025;01:00:00;1.35;0.219;242.22;5.57;0.0;0.0;55.0;-0.6;66;Low;0.15
25/12/2025;02:00:00;1.521;0.315;243.26;6.25;0.0;0.0;55.0;-0.4;74;Low;0.15
25/12/2025;03:00:00;1.644;0.353;244.93;6.71;0.0;0.0;55.0;-0.5;74;Low;0.15
25/12/2025;04:00:00;1.525;0.137;236.9;6.44;0.0;0.0;55.0;-0.2;69;Low;0.15
25/12/2025;05:00:00;1.822;0.342;241.14;7.56;0.0;0.0;55.0;-0.4;68;Low;0.15
25/12/2025;06:00:00;2.593;0.285;237.31;10.92;0.0;0.0;55.0;-0.4;69;Medium;0.5
25/12/2025;07:00:00;3.176;0.645;237.19;13.39;0.0;13.9;55.0;-0.4;69;Medium;0.5
25/12/2025;08:00:00;3.566;0.656;241.01;14.8;0.0;18.2;55.0;-0.4;74;Medium;0.5
25/12/2025;09:00:00;3.126;0.196;240.22;13.01;0.0;16.0;55.0;-0.6;75;Medium;0.5
25/12/2025;10:00:00;2.289;0.273;243.21;9.41;0.0;0.0;55.0;-0.8;75;Low;0.15
25/12/2025;11:00:00;1.89;0.203;239.03;7.91;0.0;0.0;55.0;-0.6;75;Low;0.15
25/12/2025;12:00:00;1.616;0.296;239.62;6.74;0.0;0.0;55.0;0.2;72;Low;0.15
25/12/2025;13:00:00;1.456;0.174;240.59;6.05;0.0;0.0;55.0;1.0;69;Low;0.15
25/12/2025;14:00:00;1.516;0.252;237.59;6.38;0.0;0.0;55.0;1.6;69;Low;0.15
25/12/2025;15:00:00;1.637;0.25;237.98;6.88;0.0;0.0;55.0;1.7;68;Low;0.15
25/12/2025;16:00:00;1.586;0.342;243.13;6.52;0.0;0.0;55.0;1.6;68;Low;0.15
25/12/2025;17:00:00;2.648;0.555;238.46;11.1;0.0;0.0;55.0;1.2;70;Medium;0.5
25/12/2025;18:00:00;3.48;0.427;243.31;14.3;17.8;0.0;55.0;0.5;75;High;0.85
25/12/2025;19:00:00;4.242;0.734;241.7;17.55;15.5;0.0;55.0;0.1;76;High;0.85
25/12/2025;20:00:00;4.631;0.885;235.67;19.65;5.8;0.0;55.0;-0.4;81;High;0.85
25/12/2025;21:00:00;4.11;0.834;241.49;17.02;21.9;0.0;55.0;-0.7;82;High;0.85
25/12/2025;22:00:00;3.526;0.217;241.46;14.6;0.0;0.0;55.0;-0.9;83;High;0.85
25/12/2025;23:00:00;2.647;0.268;241.18;10.98;0.0;0.0;55.0;-1.2;83;Medium;0.5
26/12/2025;00:00:00;1.562;0.163;239.6;6.52;0.0;0.0;55.0;-1.3;83;Low;0.15
26/12/2025;01:00:00;1.832;0.227;237.37;7.72;0.0;0.0;55.0;-1.6;83;Low;0.15
26/12/2025;02:00:00;1.585;0.125;243.77;6.5;0.0;0.0;55.0;-1.8;87;Low;0.15
26/12/2025;03:00:00;1.634;0.219;239.72;6.81;0.0;0.0;55.0;-2.0;88;Low;0.15
26/12/2025;04:00:00;1.758;0.286;237.53;7.4;0.0;0.0;55.0;-2.1;87;Low;0.15
26/12/2025;05:00:00;1.804;0.243;241.28;7.48;0.0;0.0;55.0;-2.2;87;Low;0.15
26/12/2025;06:00:00;2.616;0.427;237.92;11.0;0.0;0.0;55.0;-2.2;88;Medium;0.5
26/12/2025;07:00:00;3.356;0.206;237.34;14.14;0.0;19.0;55.0;-2.3;88;Medium;0.5
26/12/2025;08:00:00;3.63;0.722;238.95;15.19;0.0;0.0;55.0;-2.3;88;Medium;0.5
26/12/2025;09:00:00;3.327;0.697;238.14;13.97;0.0;9.1;55.0;-2.5;88;Medium;0.5
26/12/2025;10:00:00;2.364;0.367;237.45;9.96;0.0;0.0;55.0;-2.6;89;Low;0.15
26/12/2025;11:00:00;1.743;0.348;242.26;7.2;0.0;0.0;55.0;-1.7;84;Low;0.15
26/12/2025;12:00:00;1.668;0.121;239.68;6.96;0.0;0.0;55.0;-0.4;76;Low;0.15
26/12/2025;13:00:00;1.702;0.316;243.51;6.99;0.0;0.0;55.0;0.8;73;Low;0.15
26/12/2025;14:00:00;1.49;0.105;237.61;6.27;0.0;0.0;55.0;1.7;76;Low;0.15
26/12/2025;15:00:00;1.541;0.184;235.16;6.55;0.0;0.0;55.0;2.5;73;Low;0.15
26/12/2025;16:00:00;1.789;0.188;240.42;7.44;0.0;0.0;55.0;2.8;74;Low;0.15
26/12/2025;17:00:00;2.345;0.351;245.2;9.56;0.0;0.0;55.0;2.2;78;Medium;0.5
26/12/2025;18:00:00;3.659;0.371;241.49;15.15;10.8;0.0;55.0;0.9;81;High;0.85
26/12/2025;19:00:00;4.202;0.665;249.0;16.87;10.8;0.0;55.0;0.4;82;High;0.85
26/12/2025;20:00:00;4.645;0.522;240.93;19.28;0.9;0.0;55.0;0.1;86;High;0.85
26/12/2025;21:00:00;4.138;0.812;240.66;17.2;11.3;0.0;55.0;-0.1;87;High;0.85
26/12/2025;22:00:00;3.749;0.591;233.96;16.02;0.0;0.0;55.0;-0.4;88;High;0.85
26/12/2025;23:00:00;2.706;0.234;241.2;11.22;0.0;0.0;55.0;-0.4;88;Medium;0.5
27/12/2025;00:00:00;1.648;0.177;240.47;6.85;0.0;0.0;55.0;-0.5;88;Low;0.15
27/12/2025;01:00:00;1.628;0.316;238.86;6.82;0.0;0.0;55.0;-0.7;88;Low;0.15
27/12/2025;02:00:00;1.592;0.184;239.62;6.65;0.0;0.0;55.0;-0.9;89;Low;0.15
27/12/2025;03:00:00;1.762;0.249;239.81;7.35;0.0;0.0;55.0;-1.2;89;Low;0.15
27/12/2025;04:00:00;1.704;0.273;239.5;7.12;0.0;0.0;55.0;-1.2;89;Low;0.15
27/12/2025;05:00:00;1.708;0.186;245.85;6.95;0.0;0.0;55.0;-1.3;89;Low;0.15
27/12/2025;06:00:00;2.589;0.259;238.96;10.83;0.0;0.0;55.0;-1.2;88;Medium;0.5
27/12/2025;07:00:00;3.444;0.45;240.47;14.32;0.0;0.8;55.0;-1.2;88;Medium;0.5
27/12/2025;08:00:00;3.859;0.334;238.87;16.16;0.0;5.7;55.0;-0.8;87;Medium;0.5
27/12/2025;09:00:00;3.445;0.339;242.19;14.22;0.0;9.9;55.0;-1.0;87;Medium;0.5
27/12/2025;10:00:00;2.811;0.17;240.49;11.69;0.0;0.0;55.0;-1.0;87;Medium;0.5
27/12/2025;11:00:00;2.169;0.221;239.22;9.07;0.0;0.0;55.0;-0.2;83;High;0.85
27/12/2025;12:00:00;2.087;0.218;234.61;8.89;0.0;0.0;55.0;1.2;76;High;0.85
27/12/2025;13:00:00;1.775;0.379;240.68;7.38;0.0;0.0;55.0;2.4;71;High;0.85
27/12/2025;14:00:00;2.039;0.306;239.13;8.53;0.0;0.0;55.0;2.6;77;High;0.85
27/12/2025;15:00:00;2.001;0.368;239.83;8.34;0.0;0.0;55.0;3.3;71;High;0.85
27/12/2025;16:00:00;2.042;0.118;236.69;8.63;0.0;0.0;55.0;3.3;73;Medium;0.5
27/12/2025;17:00:00;2.503;0.17;244.01;10.26;0.0;0.0;55.0;2.2;81;Medium;0.5
27/12/2025;18:00:00;3.865;0.729;242.4;15.95;2.8;0.0;55.0;0.4;84;High;0.85
27/12/2025;19:00:00;4.633;0.723;244.01;18.99;16.2;0.0;55.0;-0.1;86;High;0.85
27/12/2025;20:00:00;4.882;0.403;243.21;20.07;6.0;0.0;55.0;0.4;87;High;0.85
27/12/2025;21:00:00;4.522;0.537;241.66;18.71;14.7;0.0;55.0;-0.2;87;High;0.85
27/12/2025;22:00:00;3.862;0.547;236.8;16.31;0.0;0.0;55.0;-0.7;88;High;0.85
27/12/2025;23:00:00;2.704;0.523;245.16;11.03;0.0;0.0;55.0;-0.9;88;Medium;0.5
28/12/2025;00:00:00;1.714;0.103;237.4;7.22;0.0;0.0;55.0;-1.1;89;Low;0.15
28/12/2025;01:00:00;1.787;0.271;239.25;7.47;0.0;0.0;55.0;-1.0;88;Low;0.15
28/12/2025;02:00:00;1.73;0.297;241.98;7.15;0.0;0.0;55.0;-1.0;89;Low;0.15
28/12/2025;03:00:00;1.581;0.342;242.12;6.53;0.0;0.0;55.0;-1.4;87;Low;0.15
28/12/2025;04:00:00;1.744;0.327;241.6;7.22;0.0;0.0;55.0;-1.5;88;Low;0.15
28/12/2025;05:00:00;1.794;0.174;238.88;7.51;0.0;0.0;55.0;-1.6;88;Low;0.15
28/12/2025;06:00:00;2.776;0.474;238.3;11.65;0.0;0.0;55.0;-1.5;90;Medium;0.5
28/12/2025;07:00:00;3.508;0.63;247.1;14.19;0.0;6.3;55.0;-1.2;93;Medium;0.5
28/12/2025;08:00:00;3.593;0.625;239.89;14.98;0.0;1.3;55.0;0.0;97;Medium;0.5
28/12/2025;09:00:00;3.214;0.609;239.55;13.42;0.0;17.8;55.0;1.0;98;Medium;0.5
28/12/2025;10:00:00;4.546;0.926;238.0;19.1;0.0;0.0;55.0;0.9;98;Medium;0.5
28/12/2025;11:00:00;2.244;0.15;240.69;9.32;0.0;0.0;55.0;1.3;97;High;0.85
28/12/2025;12:00:00;1.921;0.13;240.55;7.99;0.0;0.0;55.0;1.7;93;High;0.85
28/12/2025;13:00:00;1.996;0.37;239.95;8.32;0.0;0.0;55.0;2.4;89;High;0.85
28/12/2025;14:00:00;1.994;0.185;241.07;8.27;0.0;0.0;55.0;2.5;87;High;0.85
28/12/2025;15:00:00;2.027;0.122;244.94;8.28;0.0;0.0;55.0;2.7;85;High;0.85
28/12/2025;16:00:00;1.961;0.232;238.33;8.23;0.0;0.0;55.0;2.7;82;Medium;0.5
28/12/2025;17:00:00;2.67;0.506;240.12;11.12;0.0;0.0;55.0;2.6;83;Medium;0.5
28/12/2025;18:00:00;3.843;0.275;238.19;16.13;7.0;0.0;55.0;1.4;87;High;0.85
28/12/2025;19:00:00;4.427;0.727;240.83;18.38;4.9;0.0;55.0;0.8;88;High;0.85
28/12/2025;20:00:00;4.75;0.24;238.41;19.92;6.8;0.0;55.0;0.6;90;High;0.85
28/12/2025;21:00:00;4.566;0.314;238.53;19.14;7.3;0.0;55.0;0.1;91;High;0.85
28/12/2025;22:00:00;3.75;0.411;235.91;15.89;0.0;0.0;55.0;-0.4;91;High;0.85
28/12/2025;23:00:00;2.749;0.177;240.27;11.44;0.0;0.0;55.0;-0.7;91;Medium;0.5
29/12/2025;00:00:00;3.696;0.716;241.2;15.33;0.0;0.0;55.0;-1.0;91;Low;0.15
29/12/2025;01:00:00;1.444;0.284;245.21;5.89;0.0;0.0;55.0;-1.2;90;Low;0.15
29/12/2025;02:00:00;1.749;0.312;241.31;7.25;0.0;0.0;55.0;-0.9;91;Low;0.15
29/12/2025;03:00:00;1.666;0.152;238.74;6.98;0.0;0.0;55.0;-1.5;91;Low;0.15
29/12/2025;04:00:00;1.732;0.241;236.19;7.33;0.0;0.0;55.0;-2.7;91;Low;0.15
29/12/2025;05:00:00;1.952;0.159;236.58;8.25;0.0;0.0;55.0;-2.8;90;Low;0.15
29/12/2025;06:00:00;2.694;0.264;236.37;11.4;0.0;0.0;55.0;-2.9;90;Medium;0.5
29/12/2025;07:00:00;3.187;0.439;245.26;12.99;0.0;5.0;55.0;-2.9;89;Medium;0.5
29/12/2025;08:00:00;3.83;0.67;240.81;15.91;0.0;9.7;55.0;-2.6;88;Medium;0.5
29/12/2025;09:00:00;3.424;0.226;238.37;14.37;0.0;10.4;55.0;-3.9;89;Medium;0.5
29/12/2025;10:00:00;2.552;0.256;237.31;10.75;0.0;0.0;55.0;-4.1;89;Low;0.15
29/12/2025;11:00:00;2.038;0.423;237.6;8.58;0.0;0.0;55.0;-2.5;85;Low;0.15
29/12/2025;12:00:00;1.576;0.194;238.29;6.61;0.0;0.0;55.0;-1.1;79;Low;0.15
29/12/2025;13:00:00;1.598;0.335;243.69;6.56;0.0;0.0;55.0;0.4;69;Low;0.15
29/12/2025;14:00:00;4.949;1.082;239.92;20.63;0.0;0.0;55.0;1.9;67;Low;0.15
29/12/2025;15:00:00;1.585;0.221;235.95;6.72;0.0;0.0;55.0;2.8;62;Low;0.15
29/12/2025;16:00:00;1.501;0.149;246.47;6.09;0.0;0.0;55.0;2.9;64;Low;0.15
29/12/2025;17:00:00;2.468;0.455;236.81;10.42;0.0;0.0;55.0;2.1;69;Medium;0.5
29/12/2025;18:00:00;3.447;0.266;238.35;14.46;24.9;0.0;55.0;0.6;76;High;0.85
29/12/2025;19:00:00;4.255;0.395;243.67;17.46;5.4;0.0;55.0;-0.1;84;High;0.85
29/12/2025;20:00:00;4.511;0.827;241.16;18.7;10.5;0.0;55.0;0.4;96;High;0.85
29/12/2025;21:00:00;4.057;0.502;238.68;17.0;3.2;0.0;55.0;1.3;95;High;0.85
29/12/2025;22:00:00;3.388;0.285;236.55;14.32;0.0;0.0;55.0;1.4;93;High;0.85
29/12/2025;23:00:00;2.509;0.403;237.29;10.57;0.0;0.0;55.0;1.4;90;Medium;0.5
30/12/2025;00:00:00;1.419;0.248;237.46;5.98;0.0;0.0;55.0;0.9;90;Low;0.15
30/12/2025;01:00:00;1.617;0.115;240.02;6.74;0.0;0.0;55.0;0.5;90;Low;0.15
30/12/2025;02:00:00;1.424;0.138;240.53;5.92;0.0;0.0;55.0;1.7;90;Low;0.15
30/12/2025;03:00:00;1.146;0.1;239.58;4.78;0.0;0.0;55.0;2.2;89;Low;0.15
30/12/2025;04:00:00;1.436;0.164;239.89;5.98;0.0;0.0;55.0;2.3;90;Low;0.15
30/12/2025;05:00:00;1.545;0.278;237.06;6.52;0.0;0.0;55.0;2.4;92;Low;0.15
30/12/2025;06:00:00;2.217;0.38;240.82;9.21;0.0;0.0;55.0;2.4;94;Medium;0.5
30/12/2025;07:00:00;2.925;0.476;243.59;12.01;0.0;12.6;55.0;2.3;95;Medium;0.5
30/12/2025;08:00:00;3.398;0.174;239.54;14.19;0.0;12.6;55.0;2.3;94;Medium;0.5
30/12/2025;09:00:00;3.181;0.236;239.49;13.28;0.0;17.1;55.0;2.3;92;Medium;0.5
30/12/2025;10:00:00;2.167;0.191;240.23;9.02;0.0;0.0;55.0;2.1;91;Low;0.15
30/12/2025;11:00:00;1.606;0.155;243.13;6.61;0.0;0.0;55.0;2.1;90;Low;0.15
30/12/2025;12:00:00;1.507;0.113;237.49;6.35;0.0;0.0;55.0;2.5;87;Low;0.15
30/12/2025;13:00:00;1.33;0.159;244.06;5.45;0.0;0.0;55.0;3.3;83;Low;0.15
30/12/2025;14:00:00;1.25;0.078;241.18;5.18;0.0;0.0;55.0;4.5;81;Low;0.15
30/12/2025;15:00:00;1.253;0.222;240.08;5.22;0.0;0.0;55.0;5.0;74;Low;0.15
30/12/2025;16:00:00;1.406;0.259;243.4;5.78;0.0;0.0;55.0;5.1;66;Low;0.15
30/12/2025;17:00:00;2.295;0.339;236.69;9.7;0.0;0.0;55.0;4.5;67;Medium;0.5
30/12/2025;18:00:00;3.367;0.22;241.46;13.94;17.8;0.0;55.0;3.2;71;High;0.85
30/12/2025;19:00:00;4.064;0.818;241.2;16.85;1.7;0.0;55.0;2.2;78;High;0.85
30/12/2025;20:00:00;4.344;0.93;237.38;18.3;9.3;0.0;55.0;1.7;81;High;0.85
30/12/2025;21:00:00;4.027;0.34;241.29;16.69;14.3;0.0;55.0;1.4;83;High;0.85
30/12/2025;22:00:00;3.55;0.603;240.79;14.74;0.0;0.0;55.0;0.9;85;High;0.85
30/12/2025;23:00:00;2.448;0.473;239.5;10.22;0.0;0.0;55.0;0.4;86;Medium;0.5
31/12/2025;00:00:00;1.64;0.233;242.42;6.77;0.0;0.0;55.0;0.0;87;Low;0.15
31/12/2025;01:00:00;1.48;0.155;238.4;6.21;0.0;0.0;55.0;-0.3;88;Low;0.15
31/12/2025;02:00:00;1.512;0.199;240.76;6.28;0.0;0.0;55.0;-0.4;89;Low;0.15
31/12/2025;03:00:00;1.47;0.202;239.63;6.14;0.0;0.0;55.0;-0.8;90;Low;0.15
31/12/2025;04:00:00;1.633;0.193;238.28;6.85;0.0;0.0;55.0;-1.2;91;Low;0.15
31/12/2025;05:00:00;1.974;0.411;241.41;8.18;0.0;0.0;55.0;-1.4;92;Low;0.15
31/12/2025;06:00:00;2.671;0.471;239.42;11.16;0.0;0.0;55.0;-1.6;92;Medium;0.5
31/12/2025;07:00:00;3.392;0.309;235.88;14.38;0.0;1.8;55.0;-1.8;93;Medium;0.5
31/12/2025;08:00:00;3.709;0.555;234.96;15.79;0.0;9.6;55.0;-2.2;95;Medium;0.5
31/12/2025;09:00:00;3.232;0.54;242.21;13.34;0.0;16.5;55.0;-2.6;95;Medium;0.5
31/12/2025;10:00:00;2.39;0.176;236.58;10.1;0.0;0.0;55.0;-2.7;95;Low;0.15
31/12/2025;11:00:00;1.805;0.2;240.78;7.49;0.0;0.0;55.0;-1.5;94;Low;0.15
31/12/2025;12:00:00;1.751;0.357;240.15;7.29;0.0;0.0;55.0;-0.1;88;Low;0.15
31/12/2025;13:00:00;1.377;0.202;238.97;5.76;0.0;0.0;55.0;1.3;84;Low;0.15
31/12/2025;14:00:00;1.511;0.131;245.48;6.16;0.0;0.0;55.0;2.8;84;Low;0.15
31/12/2025;15:00:00;1.553;0.11;240.5;6.46;0.0;0.0;55.0;3.4;84;Low;0.15
31/12/2025;16:00:00;1.86;0.257;242.12;7.68;0.0;0.0;55.0;3.5;84;Low;0.15
31/12/2025;17:00:00;2.371;0.339;240.8;9.85;0.0;0.0;55.0;3.2;89;Medium;0.5
31/12/2025;18:00:00;3.5;0.374;239.35;14.62;8.4;0.0;55.0;1.9;91;High;0.85
31/12/2025;19:00:00;4.398;0.691;239.95;18.33;15.8;0.0;55.0;0.6;94;High;0.85
31/12/2025;20:00:00;4.414;0.272;244.08;18.08;5.0;0.0;55.0;0.2;93;High;0.85
31/12/2025;21:00:00;4.046;0.302;243.05;16.65;0.8;0.0;55.0;0.1;93;High;0.85
31/12/2025;22:00:00;3.337;0.477;245.47;13.6;0.0;0.0;55.0;0.3;93;High;0.85
31/12/2025;23:00:00;2.675;0.162;240.62;11.12;0.0;0.0;55.0;0.0;95;Medium;0.5
01/01/2026;00:00:00;1.41;0.282;237.54;5.94;0.0;0.0;55.0;-0.6;96;Low;0.15
01/01/2026;01:00:00;1.591;0.118;238.77;6.66;0.0;0.0;55.0;-1.1;96;Low;0.15
01/01/2026;02:00:00;1.721;0.283;236.67;7.27;0.0;0.0;55.0;-1.9;96;Low;0.15
01/01/2026;03:00:00;1.756;0.205;242.15;7.25;0.0;0.0;55.0;-2.8;95;Low;0.15
01/01/2026;04:00:00;1.822;0.215;238.36;7.64;0.0;0.0;55.0;-2.8;94;Low;0.15
01/01/2026;05:00:00;1.959;0.353;231.45;8.46;0.0;0.0;55.0;-2.4;93;Low;0.15
01/01/2026;06:00:00;2.79;0.376;246.9;11.3;0.0;0.0;55.0;-2.3;93;Medium;0.5
01/01/2026;07:00:00;3.301;0.572;238.4;13.85;0.0;16.7;55.0;-3.5;94;Medium;0.5
01/01/2026;08:00:00;3.577;0.486;238.39;15.01;0.0;12.1;55.0;-2.0;93;Medium;0.5
01/01/2026;09:00:00;3.217;0.485;244.68;13.15;0.0;3.1;55.0;-1.8;94;Medium;0.5
01/01/2026;10:00:00;2.428;0.435;236.62;10.26;0.0;0.0;55.0;-1.4;94;Low;0.15
01/01/2026;11:00:00;1.913;0.293;243.18;7.87;0.0;0.0;55.0;-0.5;92;Low;0.15
01/01/2026;12:00:00;1.609;0.249;238.36;6.75;0.0;0.0;55.0;0.8;91;Low;0.15
01/01/2026;13:00:00;1.573;0.29;236.29;6.66;0.0;0.0;55.0;2.0;87;Low;0.15
01/01/2026;14:00:00;1.268;0.268;244.78;5.18;0.0;0.0;55.0;3.4;85;Low;0.15
01/01/2026;15:00:00;1.631;0.186;242.58;6.72;0.0;0.0;55.0;3.4;86;Low;0.15
01/01/2026;16:00:00;1.812;0.268;242.58;7.47;0.0;0.0;55.0;3.8;84;Low;0.15
01/01/2026;17:00:00;4.462;0.289;241.03;18.51;0.0;0.0;55.0;3.6;85;Medium;0.5
01/01/2026;18:00:00;3.517;0.39;241.68;14.55;23.9;0.0;55.0;3.4;86;High;0.85
01/01/2026;19:00:00;3.836;0.46;236.55;16.22;5.1;0.0;55.0;3.4;85;High;0.85
01/01/2026;20:00:00;4.261;0.818;240.31;17.73;18.8;0.0;55.0;2.9;87;High;0.85
01/01/2026;21:00:00;3.964;0.544;237.4;16.7;8.0;0.0;55.0;2.8;87;High;0.85
01/01/2026;22:00:00;3.441;0.6;236.11;14.58;0.0;0.0;55.0;2.9;87;High;0.85
01/01/2026;23:00:00;2.313;0.123;241.15;9.59;0.0;0.0;55.0;3.1;87;Medium;0.5
02/01/2026;00:00:00;1.44;0.186;243.24;5.92;0.0;0.0;55.0;3.3;86;Low;0.15
02/01/2026;01:00:00;1.502;0.305;238.93;6.28;0.0;0.0;55.0;3.3;87;Low;0.15
02/01/2026;02:00:00;1.465;0.129;239.41;6.12;0.0;0.0;55.0;2.8;91;Low;0.15
02/01/2026;03:00:00;1.429;0.079;236.81;6.04;0.0;0.0;55.0;2.8;92;Low;0.15
02/01/2026;04:00:00;1.368;0.169;240.02;5.7;0.0;0.0;55.0;2.4;93;Low;0.15
02/01/2026;05:00:00;1.564;0.265;242.13;6.46;0.0;0.0;55.0;2.4;94;Low;0.15
02/01/2026;06:00:00;4.511;0.574;242.22;18.62;0.0;0.0;55.0;2.3;94;Medium;0.5
02/01/2026;07:00:00;3.132;0.402;241.53;12.97;0.0;0.4;55.0;2.2;95;Medium;0.5
02/01/2026;08:00:00;3.407;0.558;238.27;14.3;0.0;7.9;55.0;1.9;95;Medium;0.5
02/01/2026;09:00:00;3.018;0.281;238.18;12.67;0.0;11.1;55.0;2.1;94;Medium;0.5
02/01/2026;10:00:00;1.939;0.345;242.23;8.0;0.0;0.0;55.0;2.0;95;Low;0.15
02/01/2026;11:00:00;1.542;0.117;242.27;6.36;0.0;0.0;55.0;2.4;93;Low;0.15
02/01/2026;12:00:00;1.599;0.188;239.52;6.68;0.0;0.0;55.0;3.4;87;Low;0.15
02/01/2026;13:00:00;3.194;0.516;238.81;13.38;0.0;0.0;55.0;4.2;85;Low;0.15
02/01/2026;14:00:00;1.387;0.265;243.27;5.7;0.0;0.0;55.0;3.7;87;Low;0.15
02/01/2026;15:00:00;1.589;0.293;238.99;6.65;0.0;0.0;55.0;3.0;97;Low;0.15
02/01/2026;16:00:00;1.612;0.278;242.09;6.66;0.0;0.0;55.0;2.5;98;Low;0.15
02/01/2026;17:00:00;2.473;0.275;239.62;10.32;0.0;0.0;55.0;2.5;96;Medium;0.5
02/01/2026;18:00:00;3.517;0.249;237.07;14.84;16.4;0.0;55.0;2.0;95;High;0.85
02/01/2026;19:00:00;4.117;0.358;244.51;16.84;3.3;0.0;55.0;1.5;96;High;0.85
02/01/2026;20:00:00;4.726;0.931;240.34;19.67;3.3;0.0;55.0;0.8;93;High;0.85
02/01/2026;21:00:00;4.045;0.792;238.01;16.99;0.9;0.0;55.0;-0.1;92;High;0.85
02/01/2026;22:00:00;3.685;0.78;236.11;15.61;0.0;0.0;55.0;-0.6;92;High;0.85
02/01/2026;23:00:00;2.665;0.168;236.39;11.27;0.0;0.0;55.0;-1.3;91;Medium;0.5
03/01/2026;00:00:00;1.742;0.246;238.96;7.29;0.0;0.0;55.0;-1.7;92;Low;0.15
03/01/2026;01:00:00;3.715;0.595;245.39;15.14;0.0;0.0;55.0;-1.8;91;Low;0.15
03/01/2026;02:00:00;1.586;0.271;238.36;6.65;0.0;0.0;55.0;-1.6;92;Low;0.15
03/01/2026;03:00:00;1.713;0.273;244.05;7.02;0.0;0.0;55.0;-2.0;91;Low;0.15
03/01/2026;04:00:00;1.553;0.281;239.63;6.48;0.0;0.0;55.0;-2.0;91;Low;0.15
03/01/2026;05:00:00;2.001;0.222;236.69;8.46;0.0;0.0;55.0;-1.9;90;Low;0.15
03/01/2026;06:00:00;2.755;0.222;238.68;11.54;0.0;0.0;55.0;-1.6;90;Medium;0.5
03/01/2026;07:00:00;3.544;0.3;236.41;14.99;0.0;5.0;55.0;-1.5;90;Medium;0.5
03/01/2026;08:00:00;3.94;0.205;237.6;16.58;0.0;6.5;55.0;-0.9;88;Medium;0.5
03/01/2026;09:00:00;3.487;0.382;237.52;14.68;0.0;13.3;55.0;-1.0;89;Medium;0.5
03/01/2026;10:00:00;2.674;0.175;234.67;11.39;0.0;0.0;55.0;-0.5;89;Medium;0.5
03/01/2026;11:00:00;4.234;0.443;244.24;17.34;0.0;0.0;55.0;0.5;88;High;0.85
03/01/2026;12:00:00;1.977;0.31;240.59;8.22;0.0;0.0;55.0;1.6;84;High;0.85
03/01/2026;13:00:00;2.052;0.415;238.08;8.62;0.0;0.0;55.0;2.8;77;High;0.85
03/01/2026;14:00:00;2.1;0.405;240.62;8.73;0.0;0.0;55.0;2.7;74;High;0.85
03/01/2026;15:00:00;2.005;0.186;237.66;8.44;0.0;0.0;55.0;3.0;67;High;0.85
03/01/2026;16:00:00;2.017;0.147;232.52;8.68;0.0;0.0;55.0;3.1;65;Medium;0.5
03/01/2026;17:00:00;2.481;0.205;248.28;9.99;0.0;0.0;55.0;2.5;66;Medium;0.5
03/01/2026;18:00:00;3.825;0.823;240.53;15.9;14.6;0.0;55.0;0.9;70;High;0.85
03/01/2026;19:00:00;4.59;0.658;238.35;19.26;9.5;0.0;55.0;0.0;73;High;0.85
03/01/2026;20:00:00;5.054;0.409;234.59;21.54;11.6;0.0;55.0;-0.2;77;High;0.85
03/01/2026;21:00:00;4.471;0.863;235.82;18.96;8.9;0.0;55.0;-0.6;81;High;0.85
03/01/2026;22:00:00;3.784;0.443;244.63;15.47;0.0;0.0;55.0;-1.0;83;High;0.85
03/01/2026;23:00:00;2.828;0.574;244.21;11.58;0.0;0.0;55.0;-1.4;85;Medium;0.5
04/01/2026;00:00:00;1.729;0.163;242.11;7.14;0.0;0.0;55.0;-1.7;87;Low;0.15
04/01/2026;01:00:00;1.655;0.193;236.88;6.99;0.0;0.0;55.0;-1.9;87;Low;0.15
04/01/2026;02:00:00;1.56;0.212;244.23;6.39;0.0;0.0;55.0;-1.4;85;Low;0.15
04/01/2026;03:00:00;1.742;0.351;241.26;7.22;0.0;0.0;55.0;-1.4;85;Low;0.15
04/01/2026;04:00:00;1.78;0.352;241.83;7.36;0.0;0.0;55.0;-1.5;86;Low;0.15
04/01/2026;05:00:00;1.843;0.272;241.25;7.64;0.0;0.0;55.0;-1.8;88;Low;0.15
04/01/2026;06:00:00;2.89;0.253;235.78;12.26;0.0;0.0;55.0;-2.1;88;Medium;0.5
04/01/2026;07:00:00;3.657;0.434;236.65;15.46;0.0;9.7;55.0;-2.5;89;Medium;0.5
04/01/2026;08:00:00;3.973;0.858;238.57;16.66;0.0;1.1;55.0;-3.0;89;Medium;0.5
04/01/2026;09:00:00;3.62;0.555;241.8;14.97;0.0;9.0;55.0;-3.7;89;Medium;0.5
04/01/2026;10:00:00;2.93;0.536;236.13;12.41;0.0;0.0;55.0;-4.1;90;Medium;0.5
04/01/2026;11:00:00;2.482;0.314;239.51;10.36;0.0;0.0;55.0;-3.6;89;High;0.85
04/01/2026;12:00:00;2.303;0.323;239.51;9.62;0.0;0.0;55.0;-2.6;85;High;0.85
04/01/2026;13:00:00;1.916;0.236;242.22;7.91;0.0;0.0;55.0;-0.5;78;High;0.85
04/01/2026;14:00:00;2.104;0.357;241.89;8.7;0.0;0.0;55.0;1.7;73;High;0.85
04/01/2026;15:00:00;1.891;0.368;237.17;7.97;0.0;0.0;55.0;2.7;67;High;0.85
04/01/2026;16:00:00;2.181;0.297;244.05;8.94;0.0;0.0;55.0;2.8;60;Medium;0.5
04/01/2026;17:00:00;2.568;0.338;236.74;10.85;0.0;0.0;55.0;2.0;67;Medium;0.5
04/01/2026;18:00:00;3.716;0.401;243.06;15.29;10.5;0.0;55.0;0.4;73;High;0.85
04/01/2026;19:00:00;4.436;0.355;238.46;18.6;0.9;0.0;55.0;0.4;74;High;0.85
04/01/2026;20:00:00;4.807;1.008;240.46;19.99;0.3;0.0;55.0;0.2;76;High;0.85
04/01/2026;21:00:00;4.701;0.488;240.63;19.54;3.1;0.0;55.0;-0.6;77;High;0.85
04/01/2026;22:00:00;3.585;0.667;240.55;14.9;0.0;0.0;55.0;-1.2;78;High;0.85
04/01/2026;23:00:00;2.939;0.504;241.89;12.15;0.0;0.0;55.0;-1.5;79;Medium;0.5
05/01/2026;00:00:00;1.704;0.314;241.1;7.07;0.0;0.0;55.0;-1.8;80;Low;0.15
05/01/2026;01:00:00;1.562;0.327;242.19;6.45;0.0;0.0;55.0;-2.0;81;Low;0.15
05/01/2026;02:00:00;1.6;0.249;241.3;6.63;0.0;0.0;55.0;-2.4;85;Low;0.15
05/01/2026;03:00:00;1.911;0.387;236.46;8.08;0.0;0.0;55.0;-2.9;85;Low;0.15
05/01/2026;04:00:00;1.703;0.134;240.76;7.07;0.0;0.0;55.0;-3.1;87;Low;0.15
05/01/2026;05:00:00;1.875;0.294;238.42;7.87;0.0;0.0;55.0;-3.3;88;Low;0.15
05/01/2026;06:00:00;2.83;0.513;236.89;11.94;0.0;0.0;55.0;-3.2;88;Medium;0.5
05/01/2026;07:00:00;3.418;0.329;239.19;14.29;0.0;3.8;55.0;-3.3;89;Medium;0.5
05/01/2026;08:00:00;3.629;0.638;240.51;15.09;0.0;13.7;55.0;-3.3;92;Medium;0.5
05/01/2026;09:00:00;3.418;0.623;240.7;14.2;0.0;10.3;55.0;-3.5;92;Medium;0.5
05/01/2026;10:00:00;2.375;0.454;242.96;9.77;0.0;0.0;55.0;-3.6;93;Low;0.15
05/01/2026;11:00:00;2.059;0.212;243.66;8.45;0.0;0.0;55.0;-2.6;92;Low;0.15
05/01/2026;12:00:00;1.808;0.3;240.94;7.5;0.0;0.0;55.0;-1.5;90;Low;0.15
05/01/2026;13:00:00;1.658;0.169;241.45;6.86;0.0;0.0;55.0;-0.5;87;Low;0.15
05/01/2026;14:00:00;1.68;0.295;240.27;6.99;0.0;0.0;55.0;-0.9;89;Low;0.15
05/01/2026;15:00:00;1.892;0.244;242.15;7.81;0.0;0.0;55.0;-0.8;88;Low;0.15
05/01/2026;16:00:00;1.923;0.292;241.36;7.97;0.0;0.0;55.0;-0.6;87;Low;0.15
05/01/2026;17:00:00;2.534;0.306;239.85;10.56;0.0;0.0;55.0;-0.8;92;Medium;0.5
05/01/2026;18:00:00;3.642;0.282;246.03;14.8;12.4;0.0;55.0;-0.9;94;High;0.85
05/01/2026;19:00:00;4.462;0.358;238.47;18.71;2.7;0.0;55.0;-0.8;94;High;0.85
05/01/2026;20:00:00;4.44;0.281;244.07;18.19;2.5;0.0;55.0;-0.9;95;High;0.85
05/01/2026;21:00:00;4.217;0.654;236.21;17.85;22.7;0.0;55.0;-0.8;94;High;0.85
05/01/2026;22:00:00;3.633;0.706;242.28;14.99;0.0;0.0;55.0;-0.8;95;High;0.85
05/01/2026;23:00:00;2.755;0.147;244.02;11.29;0.0;0.0;55.0;-2.6;96;Medium;0.5
06/01/2026;00:00:00;1.728;0.106;234.66;7.37;0.0;0.0;55.0;-4.4;99;Low;0.15
06/01/2026;01:00:00;1.771;0.226;240.39;7.37;0.0;0.0;55.0;-1.6;97;Low;0.15
06/01/2026;02:00:00;1.873;0.329;242.0;7.74;0.0;0.0;55.0;-1.3;92;Low;0.15
06/01/2026;03:00:00;5.191;0.399;240.71;21.56;0.0;0.0;55.0;-1.7;91;Low;0.15
06/01/2026;04:00:00;1.707;0.164;241.06;7.08;0.0;0.0;55.0;-3.1;92;Low;0.15
06/01/2026;05:00:00;1.884;0.168;240.38;7.84;0.0;0.0;55.0;-4.1;92;Low;0.15
06/01/2026;06:00:00;2.868;0.338;236.94;12.1;0.0;0.0;55.0;-5.3;93;Medium;0.5
06/01/2026;07:00:00;3.627;0.32;246.63;14.7;0.0;17.6;55.0;-5.5;94;Medium;0.5
06/01/2026;08:00:00;3.897;0.428;238.59;16.33;0.0;5.5;55.0;-5.4;91;Medium;0.5
06/01/2026;09:00:00;3.552;0.618;241.22;14.73;0.0;2.7;55.0;-6.1;92;Medium;0.5
06/01/2026;10:00:00;2.58;0.397;238.19;10.83;0.0;0.0;55.0;-6.3;93;Low;0.15
06/01/2026;11:00:00;2.013;0.128;233.63;8.62;0.0;0.0;55.0;-5.5;93;Low;0.15
06/01/2026;12:00:00;1.989;0.315;237.41;8.38;0.0;0.0;55.0;-4.9;90;Low;0.15
06/01/2026;13:00:00;1.846;0.242;235.95;7.82;0.0;0.0;55.0;-3.0;87;Low;0.15
06/01/2026;14:00:00;1.417;0.296;243.06;5.83;0.0;0.0;55.0;0.3;86;Low;0.15
06/01/2026;15:00:00;1.815;0.18;238.3;7.62;0.0;0.0;55.0;0.2;86;Low;0.15
06/01/2026;16:00:00;1.945;0.337;238.56;8.15;0.0;0.0;55.0;0.0;84;Low;0.15
06/01/2026;17:00:00;2.792;0.487;237.02;11.78;0.0;0.0;55.0;-0.8;83;Medium;0.5
06/01/2026;18:00:00;3.511;0.308;240.26;14.61;0.7;0.0;55.0;-1.7;85;High;0.85
06/01/2026;19:00:00;4.165;0.848;237.99;17.5;7.2;0.0;55.0;-1.6;86;High;0.85
06/01/2026;20:00:00;4.563;0.609;242.78;18.79;3.2;0.0;55.0;-1.5;91;High;0.85
06/01/2026;21:00:00;4.34;0.718;240.85;18.02;18.9;0.0;55.0;-1.4;91;High;0.85
06/01/2026;22:00:00;3.783;0.283;238.4;15.87;0.0;0.0;55.0;-1.0;91;High;0.85
06/01/2026;23:00:00;2.753;0.258;242.38;11.36;0.0;0.0;55.0;-1.3;91;Medium;0.5
07/01/2026;00:00:00;1.628;0.244;240.02;6.78;0.0;0.0;55.0;-1.5;92;Low;0.15
07/01/2026;01:00:00;1.568;0.163;240.06;6.53;0.0;0.0;55.0;-1.8;93;Low;0.15
07/01/2026;02:00:00;3.746;0.506;235.9;15.88;0.0;0.0;55.0;-1.0;91;Low;0.15
07/01/2026;03:00:00;1.533;0.174;239.8;6.39;0.0;0.0;55.0;-1.0;91;Low;0.15
07/01/2026;04:00:00;1.846;0.293;240.9;7.66;0.0;0.0;55.0;-1.2;92;Low;0.15
07/01/2026;05:00:00;1.836;0.244;243.73;7.53;0.0;0.0;55.0;-1.2;91;Low;0.15
07/01/2026;06:00:00;2.773;0.141;237.89;11.66;0.0;0.0;55.0;-1.5;91;Medium;0.5
07/01/2026;07:00:00;3.35;0.538;246.38;13.6;0.0;19.1;55.0;-1.6;88;Medium;0.5
07/01/2026;08:00:00;3.595;0.438;241.56;14.88;0.0;1.0;55.0;-1.4;92;Medium;0.5
07/01/2026;09:00:00;3.218;0.348;235.75;13.65;0.0;14.2;55.0;-1.4;92;Medium;0.5
07/01/2026;10:00:00;2.305;0.152;237.63;9.7;0.0;0.0;55.0;-1.3;90;Low;0.15
07/01/2026;11:00:00;1.901;0.166;243.98;7.79;0.0;0.0;55.0;-1.1;89;Low;0.15
07/01/2026;12:00:00;1.662;0.146;243.48;6.82;0.0;0.0;55.0;-0.7;90;Low;0.15
07/01/2026;13:00:00;3.497;0.731;240.05;14.57;0.0;0.0;55.0;0.3;88;Low;0.15
07/01/2026;14:00:00;1.537;0.19;240.42;6.39;0.0;0.0;55.0;0.6;89;Low;0.15
07/01/2026;15:00:00;1.574;0.09;236.74;6.65;0.0;0.0;55.0;1.7;89;Low;0.15
07/01/2026;16:00:00;1.542;0.114;243.7;6.33;0.0;0.0;55.0;2.2;88;Low;0.15
07/01/2026;17:00:00;2.518;0.16;237.23;10.61;0.0;0.0;55.0;2.2;87;Medium;0.5
07/01/2026;18:00:00;3.337;0.501;242.37;13.77;3.0;0.0;55.0;1.8;87;High;0.85
07/01/2026;19:00:00;3.982;0.325;243.79;16.33;15.7;0.0;55.0;1.8;87;High;0.85
07/01/2026;20:00:00;7.705;1.038;240.13;32.09;8.8;0.0;55.0;1.9;88;High;0.85
07/01/2026;21:00:00;3.876;0.438;242.71;15.97;10.6;0.0;55.0;2.5;86;High;0.85
07/01/2026;22:00:00;3.264;0.609;245.17;13.31;0.0;0.0;55.0;2.4;86;High;0.85
07/01/2026;23:00:00;2.401;0.251;240.75;9.97;0.0;0.0;55.0;2.2;88;Medium;0.5
08/01/2026;00:00:00;1.614;0.206;239.51;6.74;0.0;0.0;55.0;2.4;89;Low;0.15
08/01/2026;01:00:00;1.36;0.235;239.81;5.67;0.0;0.0;55.0;2.5;92;Low;0.15
08/01/2026;02:00:00;3.407;0.421;237.92;14.32;0.0;0.0;55.0;2.9;94;Low;0.15
08/01/2026;03:00:00;1.453;0.269;237.86;6.11;0.0;0.0;55.0;2.6;96;Low;0.15
08/01/2026;04:00:00;1.474;0.24;241.24;6.11;0.0;0.0;55.0;2.5;96;Low;0.15
08/01/2026;05:00:00;1.653;0.198;239.54;6.9;0.0;0.0;55.0;2.2;95;Low;0.15
08/01/2026;06:00:00;2.266;0.307;240.92;9.41;0.0;0.0;55.0;2.3;98;Medium;0.5
08/01/2026;07:00:00;3.187;0.683;235.83;13.52;0.0;6.9;55.0;2.4;98;Medium;0.5
08/01/2026;08:00:00;3.514;0.571;239.74;14.66;0.0;1.1;55.0;3.2;97;Medium;0.5
08/01/2026;09:00:00;2.682;0.547;242.88;11.04;0.0;17.8;55.0;5.6;96;Medium;0.5
08/01/2026;10:00:00;1.829;0.147;236.87;7.72;0.0;0.0;55.0;5.5;95;Low;0.15
08/01/2026;11:00:00;1.441;0.19;240.05;6.0;0.0;0.0;55.0;5.4;95;Low;0.15
08/01/2026;12:00:00;1.173;0.24;234.81;5.0;0.0;0.0;55.0;5.7;94;Low;0.15
08/01/2026;13:00:00;1.241;0.13;236.34;5.25;0.0;0.0;55.0;6.4;92;Low;0.15
08/01/2026;14:00:00;1.121;0.24;242.26;4.63;0.0;0.0;55.0;6.6;96;Low;0.15
08/01/2026;15:00:00;1.524;0.101;239.13;6.38;0.0;0.0;55.0;6.0;96;Low;0.15
08/01/2026;16:00:00;1.664;0.339;245.1;6.79;0.0;0.0;55.0;5.7;96;Low;0.15
08/01/2026;17:00:00;2.259;0.284;241.21;9.37;0.0;0.0;55.0;6.1;97;Medium;0.5
08/01/2026;18:00:00;3.172;0.198;241.49;13.13;15.2;0.0;55.0;7.9;95;High;0.85
08/01/2026;19:00:00;3.806;0.759;236.99;16.06;20.6;0.0;55.0;8.5;95;High;0.85
08/01/2026;20:00:00;3.879;0.36;238.92;16.24;0.5;0.0;55.0;9.2;92;High;0.85
08/01/2026;21:00:00;3.56;0.191;237.95;14.96;23.8;0.0;55.0;9.4;93;High;0.85
08/01/2026;22:00:00;2.969;0.217;237.02;12.53;0.0;0.0;55.0;9.7;90;High;0.85
08/01/2026;23:00:00;2.084;0.338;241.86;8.62;0.0;0.0;55.0;10.1;88;Medium;0.5
09/01/2026;00:00:00;0.976;0.211;242.42;4.03;0.0;0.0;55.0;10.0;89;Low;0.15
09/01/2026;01:00:00;0.841;0.058;241.12;3.49;0.0;0.0;55.0;9.4;86;Low;0.15
09/01/2026;02:00:00;0.985;0.127;237.68;4.14;0.0;0.0;55.0;8.3;78;Low;0.15
09/01/2026;03:00:00;1.106;0.089;240.93;4.59;0.0;0.0;55.0;7.6;76;Low;0.15
09/01/2026;04:00:00;1.165;0.206;234.64;4.97;0.0;0.0;55.0;7.3;73;Low;0.15
09/01/2026;05:00:00;1.57;0.11;243.7;6.44;0.0;0.0;55.0;7.0;74;Low;0.15
09/01/2026;06:00:00;1.983;0.18;236.37;8.39;0.0;0.0;55.0;6.7;75;Medium;0.5
09/01/2026;07:00:00;2.847;0.237;236.86;12.02;0.0;9.7;55.0;6.5;77;Medium;0.5
09/01/2026;08:00:00;3.284;0.473;240.32;13.66;0.0;4.0;55.0;6.5;80;Medium;0.5
09/01/2026;09:00:00;3.035;0.602;240.57;12.62;0.0;14.0;55.0;6.3;81;Medium;0.5
09/01/2026;10:00:00;1.879;0.257;239.8;7.84;0.0;0.0;55.0;5.7;82;Low;0.15
09/01/2026;11:00:00;1.512;0.091;236.89;6.38;0.0;0.0;55.0;5.5;84;Low;0.15
09/01/2026;12:00:00;1.345;0.196;243.17;5.53;0.0;0.0;55.0;5.4;84;Low;0.15
09/01/2026;13:00:00;1.258;0.233;235.28;5.35;0.0;0.0;55.0;5.6;83;Low;0.15
09/01/2026;14:00:00;1.196;0.087;235.85;5.07;0.0;0.0;55.0;6.4;76;Low;0.15
09/01/2026;15:00:00;1.364;0.085;239.7;5.69;0.0;0.0;55.0;5.8;78;Low;0.15
09/01/2026;16:00:00;1.304;0.107;236.46;5.52;0.0;0.0;55.0;5.5;80;Low;0.15
09/01/2026;17:00:00;2.378;0.421;243.42;9.77;0.0;0.0;55.0;4.9;84;Medium;0.5
09/01/2026;18:00:00;3.268;0.492;236.7;13.81;8.0;0.0;55.0;4.8;85;High;0.85
09/01/2026;19:00:00;3.889;0.552;244.36;15.92;2.7;0.0;55.0;4.9;82;High;0.85
09/01/2026;20:00:00;4.398;0.406;242.9;18.11;21.6;0.0;55.0;4.9;84;High;0.85
09/01/2026;21:00:00;3.904;0.416;243.46;16.04;8.3;0.0;55.0;3.9;87;High;0.85
09/01/2026;22:00:00;3.269;0.7;245.28;13.33;0.0;0.0;55.0;3.9;86;High;0.85
09/01/2026;23:00:00;2.563;0.233;240.23;10.67;0.0;0.0;55.0;4.0;85;Medium;0.5
10/01/2026;00:00:00;1.245;0.253;237.16;5.25;0.0;0.0;55.0;3.9;84;Low;0.15
10/01/2026;01:00:00;1.268;0.188;239.71;5.29;0.0;0.0;55.0;4.0;79;Low;0.15
10/01/2026;02:00:00;1.314;0.093;238.41;5.51;0.0;0.0;55.0;3.9;87;Low;0.15
10/01/2026;03:00:00;1.438;0.186;238.01;6.04;0.0;0.0;55.0;3.6;88;Low;0.15
10/01/2026;04:00:00;1.429;0.302;240.42;5.94;0.0;0.0;55.0;3.5;85;Low;0.15
10/01/2026;05:00:00;1.5;0.182;239.13;6.27;0.0;0.0;55.0;3.3;84;Low;0.15
10/01/2026;06:00:00;2.366;0.465;237.89;9.94;0.0;0.0;55.0;3.5;81;Medium;0.5
10/01/2026;07:00:00;3.132;0.293;239.31;13.09;0.0;2.6;55.0;3.3;80;Medium;0.5
10/01/2026;08:00:00;5.586;0.821;241.54;23.13;0.0;17.1;55.0;3.1;80;Medium;0.5
10/01/2026;09:00:00;3.265;0.632;242.68;13.45;0.0;9.7;55.0;2.8;81;Medium;0.5
10/01/2026;10:00:00;2.521;0.521;235.51;10.7;0.0;0.0;55.0;2.5;81;Medium;0.5
10/01/2026;11:00:00;2.001;0.265;239.15;8.37;0.0;0.0;55.0;2.9;79;High;0.85
10/01/2026;12:00:00;2.053;0.326;239.6;8.57;0.0;0.0;55.0;3.3;78;High;0.85
10/01/2026;13:00:00;1.898;0.096;236.69;8.02;0.0;0.0;55.0;3.8;76;High;0.85
10/01/2026;14:00:00;2.029;0.189;239.66;8.47;0.0;0.0;55.0;3.8;72;High;0.85
10/01/2026;15:00:00;2.001;0.195;240.41;8.32;0.0;0.0;55.0;4.2;71;High;0.85
10/01/2026;16:00:00;2.051;0.135;241.45;8.49;0.0;0.0;55.0;4.3;70;Medium;0.5
10/01/2026;17:00:00;2.516;0.245;240.22;10.47;0.0;0.0;55.0;4.2;70;Medium;0.5
10/01/2026;18:00:00;3.674;0.384;237.53;15.47;12.7;0.0;55.0;3.7;73;High;0.85
10/01/2026;19:00:00;4.365;0.937;245.63;17.77;4.7;0.0;55.0;3.5;75;High;0.85
10/01/2026;20:00:00;4.664;0.763;242.32;19.25;4.3;0.0;55.0;2.9;78;High;0.85
10/01/2026;21:00:00;4.582;0.561;241.55;18.97;17.8;0.0;55.0;2.8;80;High;0.85
10/01/2026;22:00:00;3.706;0.808;242.81;15.26;0.0;0.0;55.0;2.4;83;High;0.85
10/01/2026;23:00:00;2.658;0.202;240.68;11.05;0.0;0.0;55.0;2.0;85;Medium;0.5
11/01/2026;00:00:00;1.327;0.174;243.6;5.45;0.0;0.0;55.0;1.8;87;Low;0.15
11/01/2026;01:00:00;1.32;0.211;240.16;5.5;0.0;0.0;55.0;1.9;88;Low;0.15
11/01/2026;02:00:00;1.52;0.09;240.0;6.33;0.0;0.0;55.0;1.2;91;Low;0.15
11/01/2026;03:00:00;1.531;0.263;241.78;6.33;0.0;0.0;55.0;0.9;91;Low;0.15
11/01/2026;04:00:00;1.533;0.103;244.41;6.27;0.0;0.0;55.0;0.4;92;Low;0.15
11/01/2026;05:00:00;1.835;0.136;244.23;7.51;0.0;0.0;55.0;0.1;93;Low;0.15
11/01/2026;06:00:00;2.812;0.217;241.66;11.63;0.0;0.0;55.0;-0.4;94;Medium;0.5
11/01/2026;07:00:00;3.508;0.729;241.45;14.53;0.0;14.6;55.0;-0.8;94;Medium;0.5
11/01/2026;08:00:00;3.684;0.612;241.95;15.23;0.0;17.5;55.0;-0.3;95;Medium;0.5
11/01/2026;09:00:00;3.403;0.549;242.76;14.02;0.0;13.1;55.0;-0.4;94;Medium;0.5
11/01/2026;10:00:00;2.59;0.374;243.64;10.63;0.0;0.0;55.0;-0.7;94;Medium;0.5
11/01/2026;11:00:00;2.319;0.231;239.34;9.69;0.0;0.0;55.0;-0.1;93;High;0.85
11/01/2026;12:00:00;2.037;0.317;243.69;8.36;0.0;0.0;55.0;1.1;89;High;0.85
11/01/2026;13:00:00;1.927;0.231;240.96;8.0;0.0;0.0;55.0;2.1;85;High;0.85
11/01/2026;14:00:00;1.789;0.134;241.82;7.4;0.0;0.0;55.0;3.4;82;High;0.85
11/01/2026;15:00:00;1.944;0.325;243.87;7.97;0.0;0.0;55.0;4.2;79;High;0.85
11/01/2026;16:00:00;1.866;0.134;242.09;7.71;0.0;0.0;55.0;4.6;74;Medium;0.5
11/01/2026;17:00:00;2.17;0.179;242.56;8.95;0.0;0.0;55.0;4.3;73;Medium;0.5
11/01/2026;18:00:00;3.721;0.703;238.91;15.57;2.3;0.0;55.0;4.1;72;High;0.85
11/01/2026;19:00:00;6.398;1.038;244.2;26.2;15.5;0.0;55.0;3.9;71;High;0.85
11/01/2026;20:00:00;4.564;0.718;241.95;18.86;21.0;0.0;55.0;4.1;71;High;0.85
11/01/2026;21:00:00;4.273;0.517;240.35;17.78;21.8;0.0;55.0;4.2;69;High;0.85
11/01/2026;22:00:00;3.38;0.397;243.08;13.91;0.0;0.0;55.0;4.4;68;High;0.85
11/01/2026;23:00:00;2.627;0.44;247.25;10.62;0.0;0.0;55.0;4.4;67;Medium;0.5
12/01/2026;00:00:00;1.476;0.26;236.73;6.24;0.0;0.0;55.0;4.6;67;Low;0.15
12/01/2026;01:00:00;1.332;0.182;237.75;5.6;0.0;0.0;55.0;4.1;77;Low;0.15
12/01/2026;02:00:00;1.401;0.301;247.52;5.66;0.0;0.0;55.0;4.4;81;Low;0.15
12/01/2026;03:00:00;1.287;0.273;241.19;5.33;0.0;0.0;55.0;5.0;86;Low;0.15
12/01/2026;04:00:00;1.129;0.136;240.53;4.7;0.0;0.0;55.0;5.8;90;Low;0.15
12/01/2026;05:00:00;3.343;0.634;239.68;13.95;0.0;0.0;55.0;6.8;91;Low;0.15
12/01/2026;06:00:00;2.093;0.298;243.38;8.6;0.0;0.0;55.0;7.4;92;Medium;0.5
12/01/2026;07:00:00;2.649;0.363;247.31;10.71;0.0;10.9;55.0;8.2;91;Medium;0.5
12/01/2026;08:00:00;2.975;0.177;238.14;12.49;0.0;13.7;55.0;8.8;92;Medium;0.5
12/01/2026;09:00:00;2.631;0.388;239.73;10.98;0.0;7.3;55.0;9.1;92;Medium;0.5
12/01/2026;10:00:00;1.689;0.343;239.02;7.07;0.0;0.0;55.0;9.4;92;Low;0.15
12/01/2026;11:00:00;1.234;0.225;242.05;5.1;0.0;0.0;55.0;9.4;92;Low;0.15
12/01/2026;12:00:00;0.918;0.169;243.42;3.77;0.0;0.0;55.0;9.8;91;Low;0.15
12/01/2026;13:00:00;0.873;0.067;244.54;3.57;0.0;0.0;55.0;10.5;88;Low;0.15
12/01/2026;14:00:00;0.807;0.09;242.15;3.33;0.0;0.0;55.0;10.9;87;Low;0.15
12/01/2026;15:00:00;3.07;0.275;247.05;12.43;0.0;0.0;55.0;11.6;82;Low;0.15
12/01/2026;16:00:00;1.011;0.105;238.39;4.24;0.0;0.0;55.0;11.1;78;Low;0.15
12/01/2026;17:00:00;2.078;0.309;237.66;8.74;0.0;0.0;55.0;10.7;76;Medium;0.5
12/01/2026;18:00:00;3.016;0.338;244.11;12.35;22.4;0.0;55.0;11.1;75;High;0.85
12/01/2026;19:00:00;3.533;0.513;240.34;14.7;24.2;0.0;55.0;10.7;79;High;0.85
12/01/2026;20:00:00;7.067;0.88;236.15;29.93;10.3;0.0;55.0;11.0;80;High;0.85
12/01/2026;21:00:00;3.509;0.346;239.12;14.68;1.8;0.0;55.0;11.0;85;High;0.85
12/01/2026;22:00:00;2.895;0.192;240.72;12.03;0.0;0.0;55.0;10.7;89;High;0.85
12/01/2026;23:00:00;1.891;0.381;238.19;7.94;0.0;0.0;55.0;10.2;90;Medium;0.5
13/01/2026;00:00:00;0.911;0.047;237.16;3.84;0.0;0.0;55.0;10.0;90;Low;0.15
13/01/2026;01:00:00;1.128;0.057;239.42;4.71;0.0;0.0;55.0;9.8;91;Low;0.15
13/01/2026;02:00:00;3.024;0.576;237.02;12.76;0.0;0.0;55.0;10.1;92;Low;0.15
13/01/2026;03:00:00;0.883;0.194;241.78;3.65;0.0;0.0;55.0;9.9;91;Low;0.15
13/01/2026;04:00:00;4.405;0.765;234.56;18.78;0.0;0.0;55.0;9.1;90;Low;0.15
13/01/2026;05:00:00;1.196;0.063;240.25;4.98;0.0;0.0;55.0;9.4;86;Low;0.15
13/01/2026;06:00:00;1.945;0.172;241.45;8.05;0.0;0.0;55.0;9.3;83;Medium;0.5
13/01/2026;07:00:00;2.744;0.591;239.75;11.44;0.0;10.8;55.0;8.2;85;Medium;0.5
13/01/2026;08:00:00;2.973;0.557;243.06;12.23;0.0;15.2;55.0;8.3;83;Medium;0.5
13/01/2026;09:00:00;2.745;0.402;236.16;11.63;0.0;16.8;55.0;8.2;83;Medium;0.5
13/01/2026;10:00:00;1.999;0.18;238.04;8.4;0.0;0.0;55.0;7.6;83;Low;0.15
13/01/2026;11:00:00;1.388;0.073;239.08;5.81;0.0;0.0;55.0;8.1;80;Low;0.15
13/01/2026;12:00:00;1.073;0.057;242.0;4.43;0.0;0.0;55.0;8.9;78;Low;0.15
13/01/2026;13:00:00;0.974;0.15;240.61;4.05;0.0;0.0;55.0;9.7;76;Low;0.15
13/01/2026;14:00:00;0.888;0.048;246.0;3.61;0.0;0.0;55.0;11.1;73;Low;0.15
13/01/2026;15:00:00;1.078;0.236;237.74;4.53;0.0;0.0;55.0;11.8;69;Low;0.15
13/01/2026;16:00:00;1.117;0.091;236.09;4.73;0.0;0.0;55.0;11.8;71;Low;0.15
13/01/2026;17:00:00;1.907;0.326;245.01;7.78;0.0;0.0;55.0;11.7;72;Medium;0.5
13/01/2026;18:00:00;2.882;0.22;235.99;12.21;22.4;0.0;55.0;11.1;73;High;0.85
13/01/2026;19:00:00;3.507;0.497;241.91;14.5;12.2;0.0;55.0;10.8;74;High;0.85
13/01/2026;20:00:00;3.684;0.235;237.26;15.53;16.3;0.0;55.0;11.1;73;High;0.85
13/01/2026;21:00:00;3.602;0.65;234.21;15.38;22.1;0.0;55.0;10.6;76;High;0.85
13/01/2026;22:00:00;2.913;0.435;238.95;12.19;0.0;0.0;55.0;10.4;77;High;0.85
13/01/2026;23:00:00;2.036;0.132;242.52;8.4;0.0;0.0;55.0;10.3;76;Medium;0.5
14/01/2026;00:00:00;0.903;0.175;236.58;3.82;0.0;0.0;55.0;10.1;76;Low;0.15
14/01/2026;01:00:00;1.115;0.159;241.61;4.61;0.0;0.0;55.0;9.5;79;Low;0.15
14/01/2026;02:00:00;0.905;0.187;242.14;3.74;0.0;0.0;55.0;9.5;80;Low;0.15
14/01/2026;03:00:00;1.182;0.243;236.44;5.0;0.0;0.0;55.0;9.3;82;Low;0.15
14/01/2026;04:00:00;0.908;0.188;239.36;3.79;0.0;0.0;55.0;8.8;84;Low;0.15
14/01/2026;05:00:00;1.326;0.084;244.42;5.43;0.0;0.0;55.0;8.5;86;Low;0.15
14/01/2026;06:00:00;2.061;0.145;241.82;8.52;0.0;0.0;55.0;8.5;88;Medium;0.5
14/01/2026;07:00:00;2.609;0.568;239.27;10.9;0.0;1.9;55.0;8.3;90;Medium;0.5
14/01/2026;08:00:00;3.051;0.406;241.16;12.65;0.0;5.3;55.0;8.6;91;Medium;0.5
14/01/2026;09:00:00;2.804;0.254;238.08;11.78;0.0;1.0;55.0;8.5;92;Medium;0.5
14/01/2026;10:00:00;1.524;0.276;243.12;6.27;0.0;0.0;55.0;8.6;92;Low;0.15
14/01/2026;11:00:00;1.315;0.125;243.12;5.41;0.0;0.0;55.0;8.8;92;Low;0.15
14/01/2026;12:00:00;0.823;0.143;240.34;3.42;0.0;0.0;55.0;9.0;91;Low;0.15
14/01/2026;13:00:00;0.896;0.172;240.65;3.72;0.0;0.0;55.0;9.7;91;Low;0.15
14/01/2026;14:00:00;1.123;0.206;237.2;4.73;0.0;0.0;55.0;10.5;90;Low;0.15
14/01/2026;15:00:00;0.896;0.087;236.21;3.79;0.0;0.0;55.0;11.9;85;Low;0.15
14/01/2026;16:00:00;1.032;0.122;238.95;4.32;0.0;0.0;55.0;12.3;84;Low;0.15
14/01/2026;17:00:00;1.858;0.223;239.76;7.75;0.0;0.0;55.0;12.1;85;Medium;0.5
14/01/2026;18:00:00;3.078;0.411;242.98;12.67;20.7;0.0;55.0;11.2;87;High;0.85
14/01/2026;19:00:00;3.404;0.267;242.58;14.03;8.8;0.0;55.0;10.3;88;High;0.85
14/01/2026;20:00:00;3.746;0.475;240.52;15.58;4.9;0.0;55.0;10.6;89;High;0.85
14/01/2026;21:00:00;3.731;0.511;243.33;15.33;23.4;0.0;55.0;10.4;91;High;0.85
14/01/2026;22:00:00;3.123;0.438;237.36;13.16;0.0;0.0;55.0;10.1;92;High;0.85
14/01/2026;23:00:00;2.012;0.381;243.02;8.28;0.0;0.0;55.0;9.7;93;Medium;0.5
15/01/2026;00:00:00;0.887;0.122;237.79;3.73;0.0;0.0;55.0;9.2;95;Low;0.15
15/01/2026;01:00:00;1.238;0.11;243.47;5.09;0.0;0.0;55.0;8.9;95;Low;0.15
15/01/2026;02:00:00;1.141;0.186;239.96;4.75;0.0;0.0;55.0;9.7;92;Low;0.15
15/01/2026;03:00:00;1.049;0.195;234.4;4.48;0.0;0.0;55.0;9.8;92;Low;0.15
15/01/2026;04:00:00;0.918;0.096;242.04;3.79;0.0;0.0;55.0;10.2;90;Low;0.15
15/01/2026;05:00:00;1.182;0.189;242.27;4.88;0.0;0.0;55.0;10.1;90;Low;0.15
15/01/2026;06:00:00;1.914;0.143;238.72;8.02;0.0;0.0;55.0;9.9;89;Medium;0.5
15/01/2026;07:00:00;2.661;0.288;238.96;11.14;0.0;13.4;55.0;9.3;84;Medium;0.5
15/01/2026;08:00:00;3.166;0.648;239.55;13.22;0.0;4.2;55.0;8.4;85;Medium;0.5
15/01/2026;09:00:00;2.788;0.571;234.61;11.88;0.0;2.8;55.0;8.1;86;Medium;0.5
15/01/2026;10:00:00;1.674;0.247;233.38;7.17;0.0;0.0;55.0;8.0;87;Low;0.15
15/01/2026;11:00:00;1.414;0.24;243.64;5.8;0.0;0.0;55.0;8.6;89;Low;0.15
15/01/2026;12:00:00;1.085;0.212;237.69;4.57;0.0;0.0;55.0;9.3;88;Low;0.15
15/01/2026;13:00:00;1.055;0.225;245.19;4.3;0.0;0.0;55.0;9.8;87;Low;0.15
15/01/2026;14:00:00;1.088;0.145;243.84;4.46;0.0;0.0;55.0;10.8;82;Low;0.15
15/01/2026;15:00:00;0.885;0.129;244.39;3.62;0.0;0.0;55.0;11.2;84;Low;0.15
15/01/2026;16:00:00;3.158;0.381;238.18;13.26;0.0;0.0;55.0;12.1;77;Low;0.15
15/01/2026;17:00:00;1.819;0.113;235.5;7.72;0.0;0.0;55.0;12.2;73;Medium;0.5
15/01/2026;18:00:00;2.666;0.325;236.96;11.25;21.1;0.0;55.0;12.0;71;High;0.85
15/01/2026;19:00:00;3.55;0.655;238.75;14.87;21.5;0.0;55.0;11.5;74;High;0.85
15/01/2026;20:00:00;4.043;0.755;233.35;17.32;15.7;0.0;55.0;11.6;74;High;0.85
15/01/2026;21:00:00;3.313;0.668;238.67;13.88;14.6;0.0;55.0;11.8;74;High;0.85
15/01/2026;22:00:00;2.844;0.167;239.44;11.88;0.0;0.0;55.0;11.6;73;High;0.85
15/01/2026;23:00:00;2.02;0.282;236.38;8.55;0.0;0.0;55.0;10.8;77;Medium;0.5
16/01/2026;00:00:00;0.945;0.064;237.09;3.99;0.0;0.0;55.0;10.5;79;Low;0.15
16/01/2026;01:00:00;0.927;0.078;239.38;3.87;0.0;0.0;55.0;10.4;80;Low;0.15
16/01/2026;02:00:00;0.839;0.17;241.0;3.48;0.0;0.0;55.0;9.9;89;Low;0.15
16/01/2026;03:00:00;1.016;0.137;237.51;4.28;0.0;0.0;55.0;9.6;91;Low;0.15
16/01/2026;04:00:00;0.971;0.174;240.82;4.03;0.0;0.0;55.0;9.4;91;Low;0.15
16/01/2026;05:00:00;1.04;0.063;240.38;4.32;0.0;0.0;55.0;8.9;92;Low;0.15
16/01/2026;06:00:00;2.151;0.26;240.13;8.96;0.0;0.0;55.0;8.2;95;Medium;0.5
16/01/2026;07:00:00;2.808;0.462;238.17;11.79;0.0;17.4;55.0;7.9;96;Medium;0.5
16/01/2026;08:00:00;3.068;0.223;236.27;12.99;0.0;14.8;55.0;7.7;95;Medium;0.5
16/01/2026;09:00:00;2.777;0.293;244.75;11.35;0.0;3.9;55.0;7.2;94;Medium;0.5
16/01/2026;10:00:00;1.937;0.118;241.76;8.01;0.0;0.0;55.0;7.2;96;Low;0.15
16/01/2026;11:00:00;1.347;0.217;242.82;5.55;0.0;0.0;55.0;7.8;94;Low;0.15
16/01/2026;12:00:00;1.156;0.249;239.77;4.82;0.0;0.0;55.0;9.1;89;Low;0.15
16/01/2026;13:00:00;0.945;0.18;239.54;3.94;0.0;0.0;55.0;10.0;84;Low;0.15
16/01/2026;14:00:00;1.115;0.24;241.37;4.62;0.0;0.0;55.0;10.1;79;Low;0.15
16/01/2026;15:00:00;1.052;0.204;234.86;4.48;0.0;0.0;55.0;10.8;74;Low;0.15
16/01/2026;16:00:00;1.259;0.246;236.88;5.31;0.0;0.0;55.0;10.8;75;Low;0.15
16/01/2026;17:00:00;1.847;0.274;237.77;7.77;0.0;0.0;55.0;10.5;78;Medium;0.5
16/01/2026;18:00:00;3.002;0.415;238.73;12.57;2.0;0.0;55.0;9.5;83;High;0.85
16/01/2026;19:00:00;3.57;0.425;237.54;15.03;3.3;0.0;55.0;9.2;85;High;0.85
16/01/2026;20:00:00;3.89;0.735;240.93;16.14;2.1;0.0;55.0;8.9;89;High;0.85
16/01/2026;21:00:00;3.608;0.292;240.23;15.02;13.5;0.0;55.0;8.6;92;High;0.85
16/01/2026;22:00:00;2.939;0.175;243.9;12.05;0.0;0.0;55.0;8.3;93;High;0.85
16/01/2026;23:00:00;2.337;0.493;246.93;9.46;0.0;0.0;55.0;8.0;94;Medium;0.5
17/01/2026;00:00:00;1.228;0.062;236.46;5.19;0.0;0.0;55.0;7.8;96;Low;0.15
17/01/2026;01:00:00;1.311;0.283;240.41;5.45;0.0;0.0;55.0;7.4;98;Low;0.15
17/01/2026;02:00:00;1.015;0.176;240.41;4.22;0.0;0.0;55.0;7.1;93;Low;0.15
17/01/2026;03:00:00;1.115;0.118;239.96;4.65;0.0;0.0;55.0;7.7;92;Low;0.15
17/01/2026;04:00:00;1.063;0.179;236.96;4.49;0.0;0.0;55.0;7.1;94;Low;0.15
17/01/2026;05:00:00;1.362;0.257;237.43;5.73;0.0;0.0;55.0;6.6;95;Low;0.15
17/01/2026;06:00:00;2.129;0.195;240.67;8.85;0.0;0.0;55.0;6.8;97;Medium;0.5
17/01/2026;07:00:00;3.13;0.567;237.35;13.19;0.0;13.4;55.0;6.4;99;Medium;0.5
17/01/2026;08:00:00;3.278;0.612;240.45;13.63;0.0;14.4;55.0;7.7;100;Medium;0.5
17/01/2026;09:00:00;6.535;0.604;239.31;27.31;0.0;17.4;55.0;7.7;100;Medium;0.5
17/01/2026;10:00:00;2.227;0.127;240.4;9.26;0.0;0.0;55.0;7.7;100;Medium;0.5
17/01/2026;11:00:00;2.109;0.179;237.33;8.88;0.0;0.0;55.0;7.9;98;High;0.85
17/01/2026;12:00:00;1.492;0.126;240.44;6.21;0.0;0.0;55.0;8.4;96;High;0.85
17/01/2026;13:00:00;1.687;0.103;237.53;7.1;0.0;0.0;55.0;9.0;93;High;0.85
17/01/2026;14:00:00;1.651;0.286;240.45;6.87;0.0;0.0;55.0;9.7;91;High;0.85
17/01/2026;15:00:00;1.481;0.17;243.75;6.08;0.0;0.0;55.0;10.5;85;High;0.85
17/01/2026;16:00:00;1.633;0.327;240.73;6.78;0.0;0.0;55.0;11.1;80;Medium;0.5
17/01/2026;17:00:00;2.089;0.194;240.9;8.67;0.0;0.0;55.0;11.1;82;Medium;0.5
17/01/2026;18:00:00;3.139;0.399;242.29;12.95;18.3;0.0;55.0;10.0;87;High;0.85
17/01/2026;19:00:00;3.895;0.618;236.07;16.5;24.0;0.0;55.0;9.1;89;High;0.85
17/01/2026;20:00:00;4.242;0.845;244.81;17.33;19.0;0.0;55.0;8.9;91;High;0.85
17/01/2026;21:00:00;4.2;0.585;237.04;17.72;7.5;0.0;55.0;8.8;92;High;0.85
17/01/2026;22:00:00;3.258;0.37;242.46;13.44;0.0;0.0;55.0;8.4;92;High;0.85
17/01/2026;23:00:00;2.301;0.454;242.09;9.51;0.0;0.0;55.0;8.3;91;Medium;0.5
18/01/2026;00:00:00;0.991;0.102;237.47;4.17;0.0;0.0;55.0;8.2;91;Low;0.15
18/01/2026;01:00:00;1.023;0.065;242.82;4.21;0.0;0.0;55.0;7.7;91;Low;0.15
18/01/2026;02:00:00;1.143;0.144;241.39;4.74;0.0;0.0;55.0;8.8;86;Low;0.15
18/01/2026;03:00:00;0.925;0.17;245.29;3.77;0.0;0.0;55.0;8.5;87;Low;0.15
18/01/2026;04:00:00;1.109;0.061;240.54;4.61;0.0;0.0;55.0;7.8;90;Low;0.15
18/01/2026;05:00:00;1.38;0.207;239.7;5.76;0.0;0.0;55.0;7.5;91;Low;0.15
18/01/2026;06:00:00;2.226;0.336;238.56;9.33;0.0;0.0;55.0;6.9;92;Medium;0.5
18/01/2026;07:00:00;2.953;0.614;235.12;12.56;0.0;10.5;55.0;7.0;90;Medium;0.5
18/01/2026;08:00:00;3.37;0.333;239.11;14.09;0.0;0.9;55.0;7.5;92;Medium;0.5
18/01/2026;09:00:00;3.022;0.294;239.23;12.63;0.0;10.0;55.0;7.3;90;Medium;0.5
18/01/2026;10:00:00;2.282;0.285;240.73;9.48;0.0;0.0;55.0;7.0;86;Medium;0.5
18/01/2026;11:00:00;1.834;0.203;236.02;7.77;0.0;0.0;55.0;7.0;84;High;0.85
18/01/2026;12:00:00;1.702;0.298;239.33;7.11;0.0;0.0;55.0;6.9;82;High;0.85
18/01/2026;13:00:00;1.777;0.283;241.61;7.35;0.0;0.0;55.0;7.4;78;High;0.85
18/01/2026;14:00:00;1.71;0.306;241.89;7.07;0.0;0.0;55.0;8.3;75;High;0.85
18/01/2026;15:00:00;1.508;0.286;234.79;6.42;0.0;0.0;55.0;9.4;73;High;0.85
18/01/2026;16:00:00;1.652;0.342;241.98;6.83;0.0;0.0;55.0;9.7;73;Medium;0.5
18/01/2026;17:00:00;1.947;0.24;239.31;8.14;0.0;0.0;55.0;9.6;75;Medium;0.5
18/01/2026;18:00:00;3.238;0.704;239.48;13.52;22.3;0.0;55.0;8.8;81;High;0.85
18/01/2026;19:00:00;4.245;0.368;233.38;18.19;20.2;0.0;55.0;7.8;83;High;0.85
18/01/2026;20:00:00;4.321;0.741;244.18;17.69;19.5;0.0;55.0;7.2;84;High;0.85
18/01/2026;21:00:00;4.02;0.566;240.5;16.71;4.0;0.0;55.0;7.0;84;High;0.85
18/01/2026;22:00:00;3.442;0.65;235.71;14.6;0.0;0.0;55.0;6.6;86;High;0.85
18/01/2026;23:00:00;2.189;0.287;241.05;9.08;0.0;0.0;55.0;6.3;87;Medium;0.5
19/01/2026;00:00:00;1.157;0.212;240.96;4.8;0.0;0.0;55.0;5.7;89;Low;0.15
19/01/2026;01:00:00;1.304;0.271;243.42;5.36;0.0;0.0;55.0;5.3;89;Low;0.15
19/01/2026;02:00:00;1.242;0.217;239.13;5.19;0.0;0.0;55.0;4.3;91;Low;0.15
19/01/2026;03:00:00;1.311;0.239;240.03;5.46;0.0;0.0;55.0;3.9;91;Low;0.15
19/01/2026;04:00:00;1.463;0.09;238.2;6.14;0.0;0.0;55.0;3.7;91;Low;0.15
19/01/2026;05:00:00;1.619;0.137;241.67;6.7;0.0;0.0;55.0;3.6;92;Low;0.15
19/01/2026;06:00:00;2.329;0.502;237.81;9.79;0.0;0.0;55.0;3.7;93;Medium;0.5
19/01/2026;07:00:00;2.936;0.493;237.5;12.36;0.0;18.3;55.0;3.6;94;Medium;0.5
19/01/2026;08:00:00;3.388;0.493;239.81;14.13;0.0;2.4;55.0;2.9;94;Medium;0.5
19/01/2026;09:00:00;3.03;0.341;236.57;12.81;0.0;10.3;55.0;2.4;95;Medium;0.5
19/01/2026;10:00:00;5.651;0.325;244.49;23.11;0.0;0.0;55.0;2.6;95;Low;0.15
19/01/2026;11:00:00;1.527;0.172;245.4;6.22;0.0;0.0;55.0;3.6;94;Low;0.15
19/01/2026;12:00:00;1.318;0.178;238.73;5.52;0.0;0.0;55.0;4.6;91;Low;0.15
19/01/2026;13:00:00;1.085;0.093;236.12;4.6;0.0;0.0;55.0;6.5;86;Low;0.15
19/01/2026;14:00:00;1.178;0.094;240.94;4.89;0.0;0.0;55.0;6.8;87;Low;0.15
19/01/2026;15:00:00;1.077;0.147;238.65;4.51;0.0;0.0;55.0;8.5;83;Low;0.15
19/01/2026;16:00:00;1.212;0.181;243.29;4.98;0.0;0.0;55.0;9.4;81;Low;0.15
19/01/2026;17:00:00;2.054;0.186;237.8;8.64;0.0;0.0;55.0;9.6;82;Medium;0.5
19/01/2026;18:00:00;3.036;0.455;241.52;12.57;3.3;0.0;55.0;8.8;85;High;0.85
19/01/2026;19:00:00;3.804;0.772;240.32;15.83;4.8;0.0;55.0;8.0;86;High;0.85
19/01/2026;20:00:00;3.928;0.512;238.11;16.5;3.2;0.0;55.0;8.6;86;High;0.85
19/01/2026;21:00:00;3.724;0.729;240.67;15.47;0.2;0.0;55.0;8.7;87;High;0.85
19/01/2026;22:00:00;3.064;0.636;242.46;12.64;0.0;0.0;55.0;8.9;86;High;0.85
19/01/2026;23:00:00;2.115;0.139;240.24;8.8;0.0;0.0;55.0;8.9;85;Medium;0.5
20/01/2026;00:00:00;0.97;0.064;240.27;4.04;0.0;0.0;55.0;8.5;87;Low;0.15
20/01/2026;01:00:00;1.109;0.145;237.56;4.67;0.0;0.0;55.0;7.8;88;Low;0.15
20/01/2026;02:00:00;1.149;0.172;243.2;4.73;0.0;0.0;55.0;7.5;88;Low;0.15
20/01/2026;03:00:00;1.138;0.139;242.92;4.68;0.0;0.0;55.0;7.2;89;Low;0.15
20/01/2026;04:00:00;2.94;0.31;238.85;12.31;0.0;0.0;55.0;7.7;88;Low;0.15
20/01/2026;05:00:00;1.365;0.217;239.65;5.69;0.0;0.0;55.0;7.4;90;Low;0.15
20/01/2026;06:00:00;2.361;0.119;243.96;9.68;0.0;0.0;55.0;6.4;93;Medium;0.5
20/01/2026;07:00:00;2.796;0.6;236.83;11.81;0.0;16.6;55.0;5.9;94;Medium;0.5
20/01/2026;08:00:00;3.11;0.278;241.69;12.87;0.0;11.7;55.0;5.7;95;Medium;0.5
20/01/2026;09:00:00;2.906;0.598;238.44;12.19;0.0;11.7;55.0;5.3;96;Medium;0.5
20/01/2026;10:00:00;1.975;0.135;244.98;8.06;0.0;0.0;55.0;5.3;97;Low;0.15
20/01/2026;11:00:00;1.57;0.142;240.18;6.54;0.0;0.0;55.0;5.7;96;Low;0.15
20/01/2026;12:00:00;1.078;0.097;243.53;4.43;0.0;0.0;55.0;6.8;92;Low;0.15
20/01/2026;13:00:00;1.173;0.257;237.87;4.93;0.0;0.0;55.0;7.9;89;Low;0.15
20/01/2026;14:00:00;1.187;0.06;236.5;5.02;0.0;0.0;55.0;7.7;89;Low;0.15
20/01/2026;15:00:00;1.144;0.182;239.34;4.78;0.0;0.0;55.0;8.5;85;Low;0.15
20/01/2026;16:00:00;1.381;0.273;240.74;5.74;0.0;0.0;55.0;9.0;84;Low;0.15
20/01/2026;17:00:00;2.155;0.354;238.57;9.03;0.0;0.0;55.0;9.2;84;Medium;0.5
20/01/2026;18:00:00;3.096;0.346;242.12;12.79;1.5;0.0;55.0;8.9;83;High;0.85
20/01/2026;19:00:00;3.569;0.76;239.41;14.91;23.1;0.0;55.0;8.7;81;High;0.85
20/01/2026;20:00:00;4.048;0.817;234.17;17.28;21.2;0.0;55.0;8.7;82;High;0.85
20/01/2026;21:00:00;3.701;0.458;241.55;15.32;9.9;0.0;55.0;8.3;84;High;0.85
20/01/2026;22:00:00;3.076;0.454;237.53;12.95;0.0;0.0;55.0;7.9;85;High;0.85
20/01/2026;23:00:00;2.125;0.456;238.99;8.89;0.0;0.0;55.0;8.1;86;Medium;0.5
21/01/2026;00:00:00;1.073;0.233;244.35;4.39;0.0;0.0;55.0;7.9;85;Low;0.15
21/01/2026;01:00:00;1.208;0.153;244.96;4.93;0.0;0.0;55.0;7.9;83;Low;0.15
21/01/2026;02:00:00;1.015;0.197;238.39;4.26;0.0;0.0;55.0;9.0;80;Low;0.15
21/01/2026;03:00:00;0.923;0.094;241.62;3.82;0.0;0.0;55.0;8.9;83;Low;0.15
21/01/2026;04:00:00;1.05;0.119;238.45;4.4;0.0;0.0;55.0;8.7;86;Low;0.15
21/01/2026;05:00:00;1.294;0.101;239.2;5.41;0.0;0.0;55.0;8.6;86;Low;0.15
21/01/2026;06:00:00;2.143;0.183;238.3;8.99;0.0;0.0;55.0;8.4;88;Medium;0.5
21/01/2026;07:00:00;2.773;0.448;235.17;11.79;0.0;12.3;55.0;7.9;90;Medium;0.5
21/01/2026;08:00:00;2.948;0.403;240.27;12.27;0.0;7.3;55.0;8.2;87;Medium;0.5
21/01/2026;09:00:00;2.943;0.263;240.81;12.22;0.0;15.4;55.0;8.2;84;Medium;0.5
21/01/2026;10:00:00;1.814;0.215;238.12;7.62;0.0;0.0;55.0;7.9;84;Low;0.15
21/01/2026;11:00:00;1.44;0.163;243.05;5.93;0.0;0.0;55.0;8.0;83;Low;0.15
21/01/2026;12:00:00;1.087;0.237;238.78;4.55;0.0;0.0;55.0;8.5;79;Low;0.15
21/01/2026;13:00:00;1.058;0.206;238.22;4.44;0.0;0.0;55.0;9.5;78;Low;0.15
21/01/2026;14:00:00;1.008;0.117;241.47;4.17;0.0;0.0;55.0;11.1;74;Low;0.15
21/01/2026;15:00:00;1.07;0.22;235.68;4.54;0.0;0.0;55.0;12.0;69;Low;0.15
21/01/2026;16:00:00;1.237;0.134;242.54;5.1;0.0;0.0;55.0;12.6;67;Low;0.15
21/01/2026;17:00:00;1.935;0.317;238.87;8.1;0.0;0.0;55.0;12.6;65;Medium;0.5
21/01/2026;18:00:00;2.792;0.598;242.77;11.5;17.5;0.0;55.0;12.0;66;High;0.85
21/01/2026;19:00:00;3.446;0.401;243.61;14.15;21.6;0.0;55.0;11.7;68;High;0.85
21/01/2026;20:00:00;3.837;0.635;241.79;15.87;21.9;0.0;55.0;11.4;68;High;0.85
21/01/2026;21:00:00;3.663;0.367;237.73;15.41;16.8;0.0;55.0;10.6;75;High;0.85
21/01/2026;22:00:00;4.927;0.469;236.5;20.83;0.0;0.0;55.0;9.9;80;High;0.85
21/01/2026;23:00:00;2.135;0.315;235.98;9.05;0.0;0.0;55.0;9.6;83;Medium;0.5
22/01/2026;00:00:00;1.15;0.249;243.09;4.73;0.0;0.0;55.0;9.3;85;Low;0.15
22/01/2026;01:00:00;0.931;0.118;239.62;3.88;0.0;0.0;55.0;9.0;87;Low;0.15
22/01/2026;02:00:00;0.975;0.204;238.32;4.09;0.0;0.0;55.0;8.4;90;Low;0.15
22/01/2026;03:00:00;1.075;0.221;239.63;4.49;0.0;0.0;55.0;8.0;93;Low;0.15
22/01/2026;04:00:00;1.186;0.11;243.03;4.88;0.0;0.0;55.0;7.6;94;Low;0.15
22/01/2026;05:00:00;1.296;0.153;242.18;5.35;0.0;0.0;55.0;7.4;93;Low;0.15
22/01/2026;06:00:00;2.215;0.353;241.23;9.18;0.0;0.0;55.0;7.4;94;Medium;0.5
22/01/2026;07:00:00;2.779;0.384;241.79;11.49;0.0;10.7;55.0;7.5;93;Medium;0.5
22/01/2026;08:00:00;3.097;0.205;240.5;12.88;0.0;17.4;55.0;7.2;95;Medium;0.5
22/01/2026;09:00:00;2.611;0.572;240.85;10.84;0.0;18.7;55.0;7.2;95;Medium;0.5
22/01/2026;10:00:00;1.668;0.297;240.62;6.93;0.0;0.0;55.0;7.7;94;Low;0.15
22/01/2026;11:00:00;1.317;0.164;240.0;5.49;0.0;0.0;55.0;8.4;92;Low;0.15
22/01/2026;12:00:00;0.865;0.134;242.11;3.57;0.0;0.0;55.0;8.9;88;Low;0.15
22/01/2026;13:00:00;1.118;0.073;241.01;4.64;0.0;0.0;55.0;9.3;86;Low;0.15
22/01/2026;14:00:00;0.956;0.128;237.53;4.02;0.0;0.0;55.0;10.3;79;Low;0.15
22/01/2026;15:00:00;1.35;0.281;241.48;5.59;0.0;0.0;55.0;10.7;77;Low;0.15
22/01/2026;16:00:00;1.44;0.292;240.69;5.98;0.0;0.0;55.0;11.3;76;Low;0.15
22/01/2026;17:00:00;1.944;0.209;241.71;8.04;0.0;0.0;55.0;10.7;76;Medium;0.5
22/01/2026;18:00:00;2.927;0.411;239.71;12.21;9.4;0.0;55.0;10.1;78;High;0.85
22/01/2026;19:00:00;3.747;0.632;242.27;15.47;10.4;0.0;55.0;9.3;81;High;0.85
22/01/2026;20:00:00;4.13;0.445;239.83;17.22;18.3;0.0;55.0;8.8;82;High;0.85
22/01/2026;21:00:00;3.544;0.216;242.03;14.64;5.4;0.0;55.0;8.3;85;High;0.85
22/01/2026;22:00:00;2.903;0.395;238.72;12.16;0.0;0.0;55.0;7.7;89;High;0.85
22/01/2026;23:00:00;2.122;0.323;238.92;8.88;0.0;0.0;55.0;7.0;92;Medium;0.5
23/01/2026;00:00:00;1.225;0.062;241.69;5.07;0.0;0.0;55.0;6.6;94;Low;0.15
23/01/2026;01:00:00;1.24;0.082;239.07;5.19;0.0;0.0;55.0;6.2;95;Low;0.15
23/01/2026;02:00:00;1.322;0.113;246.18;5.37;0.0;0.0;55.0;5.8;96;Low;0.15
23/01/2026;03:00:00;1.113;0.122;241.59;4.61;0.0;0.0;55.0;5.6;97;Low;0.15
23/01/2026;04:00:00;1.043;0.148;240.07;4.35;0.0;0.0;55.0;5.6;97;Low;0.15
23/01/2026;05:00:00;1.536;0.154;242.3;6.34;0.0;0.0;55.0;5.7;96;Low;0.15
23/01/2026;06:00:00;2.123;0.206;238.65;8.9;0.0;0.0;55.0;5.3;96;Medium;0.5
23/01/2026;07:00:00;2.672;0.529;242.58;11.02;0.0;13.2;55.0;5.2;95;Medium;0.5
23/01/2026;08:00:00;3.198;0.239;242.51;13.19;0.0;8.1;55.0;5.7;93;Medium;0.5
23/01/2026;09:00:00;2.894;0.388;243.51;11.88;0.0;13.1;55.0;6.2;91;Medium;0.5
23/01/2026;10:00:00;1.865;0.395;238.77;7.81;0.0;0.0;55.0;6.4;90;Low;0.15
23/01/2026;11:00:00;1.357;0.212;236.58;5.74;0.0;0.0;55.0;6.5;91;Low;0.15
23/01/2026;12:00:00;3.176;0.546;238.29;13.33;0.0;0.0;55.0;7.0;89;Low;0.15
23/01/2026;13:00:00;1.081;0.133;239.21;4.52;0.0;0.0;55.0;7.6;88;Low;0.15
23/01/2026;14:00:00;0.969;0.052;244.67;3.96;0.0;0.0;55.0;8.1;83;Low;0.15
23/01/2026;15:00:00;1.081;0.173;246.15;4.39;0.0;0.0;55.0;8.6;80;Low;0.15
23/01/2026;16:00:00;1.399;0.22;240.97;5.81;0.0;0.0;55.0;9.0;73;Low;0.15
23/01/2026;17:00:00;2.09;0.144;240.03;8.71;0.0;0.0;55.0;9.1;70;Medium;0.5
23/01/2026;18:00:00;3.068;0.394;239.02;12.84;13.7;0.0;55.0;8.2;75;High;0.85
23/01/2026;19:00:00;3.662;0.753;242.31;15.11;8.2;0.0;55.0;7.4;75;High;0.85
23/01/2026;20:00:00;4.061;0.345;246.13;16.5;10.1;0.0;55.0;6.8;81;High;0.85
23/01/2026;21:00:00;3.61;0.463;245.0;14.73;23.5;0.0;55.0;6.3;82;High;0.85
23/01/2026;22:00:00;3.207;0.412;243.19;13.19;0.0;0.0;55.0;5.9;83;High;0.85
23/01/2026;23:00:00;2.417;0.454;243.15;9.94;0.0;0.0;55.0;5.5;84;Medium;0.5
24/01/2026;00:00:00;1.103;0.21;242.33;4.55;0.0;0.0;55.0;5.2;84;Low;0.15
24/01/2026;01:00:00;1.21;0.217;239.87;5.04;0.0;0.0;55.0;4.9;84;Low;0.15
24/01/2026;02:00:00;1.308;0.147;237.94;5.5;0.0;0.0;55.0;4.8;84;Low;0.15
24/01/2026;03:00:00;1.431;0.089;239.94;5.97;0.0;0.0;55.0;4.4;85;Low;0.15
24/01/2026;04:00:00;1.334;0.146;241.18;5.53;0.0;0.0;55.0;4.0;86;Low;0.15
24/01/2026;05:00:00;1.536;0.254;235.93;6.51;0.0;0.0;55.0;3.7;87;Low;0.15
24/01/2026;06:00:00;2.222;0.377;239.57;9.27;0.0;0.0;55.0;3.5;87;Medium;0.5
24/01/2026;07:00:00;3.203;0.686;237.69;13.47;0.0;18.4;55.0;3.3;88;Medium;0.5
24/01/2026;08:00:00;3.774;0.48;242.84;15.54;0.0;1.6;55.0;3.5;87;Medium;0.5
24/01/2026;09:00:00;3.208;0.505;238.46;13.45;0.0;12.1;55.0;3.5;87;Medium;0.5
24/01/2026;10:00:00;2.441;0.346;240.92;10.13;0.0;0.0;55.0;3.1;88;Medium;0.5
24/01/2026;11:00:00;2.156;0.163;238.04;9.06;0.0;0.0;55.0;3.8;86;High;0.85
24/01/2026;12:00:00;1.855;0.238;244.47;7.59;0.0;0.0;55.0;4.8;87;High;0.85
24/01/2026;13:00:00;1.654;0.236;235.24;7.03;0.0;0.0;55.0;6.1;83;High;0.85
24/01/2026;14:00:00;1.817;0.385;241.33;7.53;0.0;0.0;55.0;6.4;87;High;0.85
24/01/2026;15:00:00;1.781;0.2;236.42;7.53;0.0;0.0;55.0;7.5;83;High;0.85
24/01/2026;16:00:00;1.69;0.366;238.57;7.08;0.0;0.0;55.0;8.5;79;Medium;0.5
24/01/2026;17:00:00;2.102;0.299;240.58;8.74;0.0;0.0;55.0;8.7;76;Medium;0.5
24/01/2026;18:00:00;3.418;0.312;240.71;14.2;11.3;0.0;55.0;7.9;80;High;0.85
24/01/2026;19:00:00;4.17;0.344;240.64;17.33;16.4;0.0;55.0;7.0;82;High;0.85
24/01/2026;20:00:00;4.396;0.326;240.42;18.29;3.6;0.0;55.0;6.6;81;High;0.85
24/01/2026;21:00:00;4.275;0.543;238.2;17.95;19.1;0.0;55.0;5.8;85;High;0.85
24/01/2026;22:00:00;3.406;0.183;239.54;14.22;0.0;0.0;55.0;5.1;88;High;0.85
24/01/2026;23:00:00;2.379;0.299;240.09;9.91;0.0;0.0;55.0;4.4;90;Medium;0.5
25/01/2026;00:00:00;1.259;0.274;240.55;5.23;0.0;0.0;55.0;3.8;91;Low;0.15
25/01/2026;01:00:00;1.181;0.194;239.82;4.93;0.0;0.0;55.0;3.4;91;Low;0.15
25/01/2026;02:00:00;1.37;0.246;242.04;5.66;0.0;0.0;55.0;4.0;91;Low;0.15
25/01/2026;03:00:00;1.123;0.079;240.26;4.67;0.0;0.0;55.0;4.4;91;Low;0.15
25/01/2026;04:00:00;1.25;0.163;240.56;5.19;0.0;0.0;55.0;4.1;94;Low;0.15
25/01/2026;05:00:00;1.392;0.137;238.93;5.82;0.0;0.0;55.0;3.8;95;Low;0.15
25/01/2026;06:00:00;2.392;0.483;237.05;10.09;0.0;0.0;55.0;3.8;96;Medium;0.5
25/01/2026;07:00:00;3.099;0.25;240.43;12.89;0.0;7.0;55.0;4.6;96;Medium;0.5
25/01/2026;08:00:00;3.465;0.444;243.38;14.24;0.0;15.6;55.0;4.7;97;Medium;0.5
25/01/2026;09:00:00;3.004;0.451;241.24;12.45;0.0;2.8;55.0;4.7;97;Medium;0.5
25/01/2026;10:00:00;2.224;0.305;237.71;9.35;0.0;0.0;55.0;4.8;96;Medium;0.5
25/01/2026;11:00:00;2.087;0.399;242.28;8.61;0.0;0.0;55.0;5.2;94;High;0.85
25/01/2026;12:00:00;1.717;0.153;239.06;7.18;0.0;0.0;55.0;6.2;90;High;0.85
25/01/2026;13:00:00;1.707;0.195;242.0;7.05;0.0;0.0;55.0;7.1;85;High;0.85
25/01/2026;14:00:00;1.61;0.297;238.97;6.74;0.0;0.0;55.0;7.0;87;High;0.85
25/01/2026;15:00:00;1.777;0.248;240.99;7.37;0.0;0.0;55.0;7.5;84;High;0.85
25/01/2026;16:00:00;1.885;0.223;238.55;7.9;0.0;0.0;55.0;7.4;84;Medium;0.5
25/01/2026;17:00:00;2.348;0.129;238.62;9.84;0.0;0.0;55.0;7.2;86;Medium;0.5
25/01/2026;18:00:00;3.312;0.59;235.61;14.06;19.8;0.0;55.0;6.8;88;High;0.85
25/01/2026;19:00:00;4.159;0.895;241.43;17.23;11.4;0.0;55.0;6.5;90;High;0.85
25/01/2026;20:00:00;4.463;0.694;241.04;18.52;13.3;0.0;55.0;6.0;96;High;0.85
25/01/2026;21:00:00;4.164;0.815;241.19;17.26;6.4;0.0;55.0;6.0;94;High;0.85
25/01/2026;22:00:00;3.417;0.471;240.77;14.19;0.0;0.0;55.0;5.2;97;High;0.85
25/01/2026;23:00:00;2.435;0.218;237.87;10.24;0.0;0.0;55.0;4.5;99;Medium;0.5
26/01/2026;00:00:00;1.338;0.07;242.7;5.51;0.0;0.0;55.0;4.1;100;Low;0.15
26/01/2026;01:00:00;1.247;0.201;242.78;5.14;0.0;0.0;55.0;3.6;100;Low;0.15
26/01/2026;02:00:00;1.161;0.155;237.79;4.88;0.0;0.0;55.0;5.0;96;Low;0.15
26/01/2026;03:00:00;1.166;0.213;241.49;4.83;0.0;0.0;55.0;4.4;97;Low;0.15
26/01/2026;04:00:00;1.211;0.204;242.45;4.99;0.0;0.0;55.0;4.0;99;Low;0.15
26/01/2026;05:00:00;1.467;0.32;238.68;6.15;0.0;0.0;55.0;3.4;99;Low;0.15
26/01/2026;06:00:00;2.348;0.321;239.17;9.82;0.0;0.0;55.0;3.2;98;Medium;0.5
26/01/2026;07:00:00;2.917;0.358;241.5;12.08;0.0;6.7;55.0;3.0;99;Medium;0.5
26/01/2026;08:00:00;3.354;0.331;235.77;14.23;0.0;2.9;55.0;3.7;99;Medium;0.5
26/01/2026;09:00:00;2.938;0.385;236.95;12.4;0.0;10.7;55.0;4.2;100;Medium;0.5
26/01/2026;10:00:00;1.819;0.361;237.23;7.67;0.0;0.0;55.0;4.1;99;Low;0.15
26/01/2026;11:00:00;1.6;0.092;234.97;6.81;0.0;0.0;55.0;4.3;98;Low;0.15
26/01/2026;12:00:00;1.423;0.308;243.04;5.85;0.0;0.0;55.0;4.5;98;Low;0.15
26/01/2026;13:00:00;1.169;0.256;234.43;4.99;0.0;0.0;55.0;5.1;95;Low;0.15
26/01/2026;14:00:00;1.266;0.192;240.96;5.25;0.0;0.0;55.0;6.1;95;Low;0.15
26/01/2026;15:00:00;1.144;0.122;242.27;4.72;0.0;0.0;55.0;7.3;90;Low;0.15
26/01/2026;16:00:00;1.429;0.126;239.18;5.97;0.0;0.0;55.0;7.8;85;Low;0.15
26/01/2026;17:00:00;1.98;0.192;238.13;8.31;0.0;0.0;55.0;8.3;80;Medium;0.5
26/01/2026;18:00:00;2.902;0.17;240.65;12.06;0.8;0.0;55.0;7.7;81;High;0.85
26/01/2026;19:00:00;3.765;0.492;240.01;15.69;2.5;0.0;55.0;6.7;82;High;0.85
26/01/2026;20:00:00;4.073;0.243;242.81;16.77;18.1;0.0;55.0;6.7;86;High;0.85
26/01/2026;21:00:00;3.77;0.649;232.64;16.2;3.9;0.0;55.0;6.6;86;High;0.85
26/01/2026;22:00:00;3.047;0.345;237.43;12.83;0.0;0.0;55.0;6.3;84;High;0.85
26/01/2026;23:00:00;2.204;0.185;241.57;9.12;0.0;0.0;55.0;6.0;84;Medium;0.5
27/01/2026;00:00:00;1.265;0.18;240.14;5.27;0.0;0.0;55.0;5.4;87;Low;0.15
27/01/2026;01:00:00;1.276;0.275;242.11;5.27;0.0;0.0;55.0;4.7;90;Low;0.15
27/01/2026;02:00:00;1.263;0.212;240.73;5.25;0.0;0.0;55.0;5.3;88;Low;0.15
27/01/2026;03:00:00;1.178;0.157;239.62;4.92;0.0;0.0;55.0;5.4;86;Low;0.15
27/01/2026;04:00:00;1.398;0.255;239.15;5.85;0.0;0.0;55.0;5.5;82;Low;0.15
27/01/2026;05:00:00;1.381;0.242;246.51;5.6;0.0;0.0;55.0;4.9;83;Low;0.15
27/01/2026;06:00:00;2.279;0.459;244.3;9.33;0.0;0.0;55.0;4.9;83;Medium;0.5
27/01/2026;07:00:00;2.992;0.254;241.39;12.4;0.0;11.5;55.0;5.2;80;Medium;0.5
27/01/2026;08:00:00;3.273;0.642;240.22;13.63;0.0;16.4;55.0;5.0;90;Medium;0.5
27/01/2026;09:00:00;2.872;0.291;241.51;11.89;0.0;5.8;55.0;4.9;93;Medium;0.5
27/01/2026;10:00:00;1.909;0.401;242.32;7.88;0.0;0.0;55.0;5.0;95;Low;0.15
27/01/2026;11:00:00;1.572;0.154;241.17;6.52;0.0;0.0;55.0;5.4;95;Low;0.15
27/01/2026;12:00:00;1.104;0.229;237.9;4.64;0.0;0.0;55.0;6.1;95;Low;0.15
27/01/2026;13:00:00;1.081;0.231;245.0;4.41;0.0;0.0;55.0;6.6;95;Low;0.15
27/01/2026;14:00:00;4.576;0.342;240.69;19.01;0.0;0.0;55.0;7.9;95;Low;0.15
27/01/2026;15:00:00;1.282;0.276;245.64;5.22;0.0;0.0;55.0;8.5;95;Low;0.15
27/01/2026;16:00:00;1.409;0.091;240.52;5.86;0.0;0.0;55.0;8.6;95;Low;0.15
27/01/2026;17:00:00;1.967;0.171;239.31;8.22;0.0;0.0;55.0;9.0;94;Medium;0.5
27/01/2026;18:00:00;2.99;0.375;243.88;12.26;24.3;0.0;55.0;8.7;95;High;0.85
27/01/2026;19:00:00;3.64;0.797;240.84;15.11;23.1;0.0;55.0;8.4;93;High;0.85
27/01/2026;20:00:00;3.919;0.521;240.37;16.3;12.5;0.0;55.0;8.3;93;High;0.85
27/01/2026;21:00:00;3.853;0.553;236.64;16.28;5.5;0.0;55.0;7.5;93;High;0.85
27/01/2026;22:00:00;2.998;0.504;241.85;12.4;0.0;0.0;55.0;6.8;94;High;0.85
27/01/2026;23:00:00;2.381;0.511;238.62;9.98;0.0;0.0;55.0;6.4;95;Medium;0.5
28/01/2026;00:00:00;1.291;0.237;238.75;5.41;0.0;0.0;55.0;5.9;95;Low;0.15
28/01/2026;01:00:00;1.354;0.119;238.63;5.67;0.0;0.0;55.0;5.3;96;Low;0.15
28/01/2026;02:00:00;1.229;0.125;241.23;5.09;0.0;0.0;55.0;4.8;92;Low;0.15
28/01/2026;03:00:00;1.278;0.085;235.7;5.42;0.0;0.0;55.0;4.6;93;Low;0.15
28/01/2026;04:00:00;1.21;0.193;239.41;5.05;0.0;0.0;55.0;4.3;93;Low;0.15
28/01/2026;05:00:00;1.5;0.121;242.74;6.18;0.0;0.0;55.0;4.0;93;Low;0.15
28/01/2026;06:00:00;2.357;0.221;236.51;9.97;0.0;0.0;55.0;3.6;94;Medium;0.5
28/01/2026;07:00:00;3.124;0.628;240.48;12.99;0.0;15.4;55.0;3.2;95;Medium;0.5
28/01/2026;08:00:00;3.228;0.341;238.23;13.55;0.0;4.8;55.0;3.1;96;Medium;0.5
28/01/2026;09:00:00;3.012;0.441;238.87;12.61;0.0;16.5;55.0;2.3;98;Medium;0.5
28/01/2026;10:00:00;2.12;0.249;244.63;8.67;0.0;0.0;55.0;2.1;99;Low;0.15
28/01/2026;11:00:00;1.455;0.091;235.38;6.18;0.0;0.0;55.0;3.3;98;Low;0.15
28/01/2026;12:00:00;1.407;0.157;242.14;5.81;0.0;0.0;55.0;4.4;95;Low;0.15
28/01/2026;13:00:00;1.19;0.142;238.66;4.99;0.0;0.0;55.0;5.2;91;Low;0.15
28/01/2026;14:00:00;1.21;0.245;238.52;5.07;0.0;0.0;55.0;6.0;92;Low;0.15
28/01/2026;15:00:00;4.715;0.496;236.89;19.9;0.0;0.0;55.0;6.8;88;Low;0.15
28/01/2026;16:00:00;1.382;0.158;242.11;5.71;0.0;0.0;55.0;7.1;85;Low;0.15
28/01/2026;17:00:00;2.183;0.4;239.46;9.12;0.0;0.0;55.0;7.0;86;Medium;0.5
28/01/2026;18:00:00;3.138;0.562;239.11;13.12;4.3;0.0;55.0;6.4;90;High;0.85
28/01/2026;19:00:00;3.85;0.715;240.31;16.02;21.6;0.0;55.0;5.3;93;High;0.85
28/01/2026;20:00:00;4.103;0.87;239.52;17.13;6.3;0.0;55.0;5.2;94;High;0.85
28/01/2026;21:00:00;3.937;0.729;234.4;16.8;5.7;0.0;55.0;5.0;95;High;0.85
28/01/2026;22:00:00;3.475;0.414;238.63;14.56;0.0;0.0;55.0;3.9;97;High;0.85
28/01/2026;23:00:00;2.402;0.456;242.51;9.91;0.0;0.0;55.0;3.6;97;Medium;0.5
29/01/2026;00:00:00;1.482;0.202;235.78;6.29;0.0;0.0;55.0;3.0;98;Low;0.15
29/01/2026;01:00:00;1.304;0.127;236.95;5.5;0.0;0.0;55.0;2.0;100;Low;0.15
29/01/2026;02:00:00;1.477;0.15;238.8;6.18;0.0;0.0;55.0;1.7;100;Low;0.15
29/01/2026;03:00:00;4.869;0.429;237.97;20.46;0.0;0.0;55.0;1.5;99;Low;0.15
29/01/2026;04:00:00;1.403;0.105;239.92;5.85;0.0;0.0;55.0;1.0;99;Low;0.15
29/01/2026;05:00:00;1.665;0.135;236.94;7.03;0.0;0.0;55.0;0.9;98;Low;0.15
29/01/2026;06:00:00;2.601;0.158;238.91;10.89;0.0;0.0;55.0;0.7;98;Medium;0.5
29/01/2026;07:00:00;3.251;0.654;239.87;13.55;0.0;8.8;55.0;0.5;98;Medium;0.5
29/01/2026;08:00:00;3.549;0.739;241.82;14.68;0.0;3.5;55.0;0.0;97;Medium;0.5
29/01/2026;09:00:00;3.027;0.453;243.49;12.43;0.0;3.6;55.0;0.1;99;Medium;0.5
29/01/2026;10:00:00;2.224;0.429;239.27;9.29;0.0;0.0;55.0;0.3;100;Low;0.15
29/01/2026;11:00:00;1.775;0.144;245.29;7.24;0.0;0.0;55.0;0.8;99;Low;0.15
29/01/2026;12:00:00;1.527;0.311;239.49;6.38;0.0;0.0;55.0;1.7;98;Low;0.15
29/01/2026;13:00:00;1.246;0.17;242.32;5.14;0.0;0.0;55.0;2.4;97;Low;0.15
29/01/2026;14:00:00;1.357;0.083;245.41;5.53;0.0;0.0;55.0;2.4;93;Low;0.15
29/01/2026;15:00:00;1.47;0.109;240.39;6.11;0.0;0.0;55.0;3.2;94;Low;0.15
29/01/2026;16:00:00;1.701;0.174;236.15;7.2;0.0;0.0;55.0;4.0;91;Low;0.15
29/01/2026;17:00:00;2.109;0.121;240.25;8.78;0.0;0.0;55.0;4.6;88;Medium;0.5
29/01/2026;18:00:00;3.239;0.332;238.29;13.59;8.6;0.0;55.0;4.8;89;High;0.85
29/01/2026;19:00:00;3.938;0.237;239.23;16.46;0.7;0.0;55.0;4.7;89;High;0.85
29/01/2026;20:00:00;4.284;0.386;245.56;17.45;11.5;0.0;55.0;4.8;88;High;0.85
29/01/2026;21:00:00;3.969;0.378;236.58;16.78;14.3;0.0;55.0;5.1;86;High;0.85
29/01/2026;22:00:00;3.295;0.722;240.84;13.68;0.0;0.0;55.0;5.1;87;High;0.85
29/01/2026;23:00:00;2.236;0.201;237.54;9.41;0.0;0.0;55.0;4.8;88;Medium;0.5
30/01/2026;00:00:00;1.132;0.103;239.14;4.73;0.0;0.0;55.0;4.0;90;Low;0.15
30/01/2026;01:00:00;1.277;0.213;242.09;5.28;0.0;0.0;55.0;4.1;91;Low;0.15
30/01/2026;02:00:00;1.399;0.274;240.89;5.81;0.0;0.0;55.0;4.4;94;Low;0.15
30/01/2026;03:00:00;1.462;0.169;239.37;6.11;0.0;0.0;55.0;4.1;94;Low;0.15
30/01/2026;04:00:00;1.448;0.288;238.18;6.08;0.0;0.0;55.0;3.9;94;Low;0.15
30/01/2026;05:00:00;1.614;0.174;240.89;6.7;0.0;0.0;55.0;3.7;94;Low;0.15
30/01/2026;06:00:00;2.31;0.193;244.78;9.44;0.0;0.0;55.0;4.2;92;Medium;0.5
30/01/2026;07:00:00;2.873;0.305;237.48;12.1;0.0;2.5;55.0;4.3;93;Medium;0.5
30/01/2026;08:00:00;3.254;0.5;245.35;13.26;0.0;11.1;55.0;4.3;97;Medium;0.5
30/01/2026;09:00:00;5.059;0.569;243.36;20.79;0.0;7.1;55.0;4.9;97;Medium;0.5
30/01/2026;10:00:00;1.825;0.3;243.83;7.49;0.0;0.0;55.0;5.7;97;Low;0.15
30/01/2026;11:00:00;1.534;0.139;240.86;6.37;0.0;0.0;55.0;7.0;94;Low;0.15
30/01/2026;12:00:00;1.106;0.187;243.28;4.54;0.0;0.0;55.0;7.9;92;Low;0.15
30/01/2026;13:00:00;1.179;0.129;237.18;4.97;0.0;0.0;55.0;8.8;87;Low;0.15
30/01/2026;14:00:00;0.855;0.109;238.13;3.59;0.0;0.0;55.0;9.9;80;Low;0.15
30/01/2026;15:00:00;1.085;0.157;242.14;4.48;0.0;0.0;55.0;10.7;73;Low;0.15
30/01/2026;16:00:00;1.166;0.194;240.83;4.84;0.0;0.0;55.0;10.8;72;Low;0.15
30/01/2026;17:00:00;1.815;0.164;239.58;7.57;0.0;0.0;55.0;10.8;71;Medium;0.5
30/01/2026;18:00:00;2.977;0.572;232.99;12.78;8.4;0.0;55.0;9.8;75;High;0.85
30/01/2026;19:00:00;3.748;0.647;238.78;15.7;1.0;0.0;55.0;9.3;80;High;0.85
30/01/2026;20:00:00;3.905;0.351;236.71;16.5;7.1;0.0;55.0;8.3;88;High;0.85
30/01/2026;21:00:00;3.54;0.764;241.38;14.66;4.3;0.0;55.0;8.6;90;High;0.85
30/01/2026;22:00:00;3.042;0.496;239.46;12.7;0.0;0.0;55.0;8.2;93;High;0.85
30/01/2026;23:00:00;2.091;0.265;238.24;8.78;0.0;0.0;55.0;8.4;93;Medium;0.5
31/01/2026;00:00:00;1.131;0.087;247.4;4.57;0.0;0.0;55.0;8.1;92;Low;0.15
31/01/2026;01:00:00;1.195;0.168;242.91;4.92;0.0;0.0;55.0;7.7;92;Low;0.15
31/01/2026;02:00:00;1.107;0.086;242.96;4.56;0.0;0.0;55.0;7.5;92;Low;0.15
31/01/2026;03:00:00;1.312;0.161;246.17;5.33;0.0;0.0;55.0;7.4;92;Low;0.15
31/01/2026;04:00:00;1.209;0.144;242.25;4.99;0.0;0.0;55.0;7.2;91;Low;0.15
31/01/2026;05:00:00;1.378;0.238;237.84;5.8;0.0;0.0;55.0;6.9;92;Low;0.15
31/01/2026;06:00:00;2.066;0.171;237.51;8.7;0.0;0.0;55.0;6.7;92;Medium;0.5
31/01/2026;07:00:00;2.98;0.565;242.7;12.28;0.0;2.6;55.0;6.4;91;Medium;0.5
31/01/2026;08:00:00;3.416;0.36;234.23;14.59;0.0;14.6;55.0;5.5;94;Medium;0.5
31/01/2026;09:00:00;3.162;0.397;239.78;13.19;0.0;6.6;55.0;5.4;95;Medium;0.5
31/01/2026;10:00:00;2.345;0.425;233.92;10.02;0.0;0.0;55.0;5.5;96;Medium;0.5
31/01/2026;11:00:00;1.874;0.293;240.28;7.8;0.0;0.0;55.0;6.0;93;High;0.85
31/01/2026;12:00:00;1.753;0.179;242.39;7.23;0.0;0.0;55.0;6.8;90;High;0.85
31/01/2026;13:00:00;1.718;0.199;240.78;7.14;0.0;0.0;55.0;7.5;88;High;0.85
31/01/2026;14:00:00;1.84;0.188;242.63;7.58;0.0;0.0;55.0;7.2;90;High;0.85
31/01/2026;15:00:00;1.836;0.277;245.5;7.48;0.0;0.0;55.0;7.7;87;High;0.85
31/01/2026;16:00:00;1.795;0.191;239.6;7.49;0.0;0.0;55.0;8.0;86;Medium;0.5
31/01/2026;17:00:00;2.235;0.387;247.86;9.02;0.0;0.0;55.0;8.2;84;Medium;0.5
31/01/2026;18:00:00;3.32;0.493;240.6;13.8;7.4;0.0;55.0;8.0;87;High;0.85
31/01/2026;19:00:00;4.216;0.315;242.66;17.37;3.0;0.0;55.0;7.2;91;High;0.85
31/01/2026;20:00:00;4.312;0.443;238.29;18.1;0.4;0.0;55.0;6.7;96;High;0.85
31/01/2026;21:00:00;4.128;0.362;244.53;16.88;18.3;0.0;55.0;6.0;97;High;0.85
31/01/2026;22:00:00;3.342;0.389;242.92;13.76;0.0;0.0;55.0;5.7;97;High;0.85
31/01/2026;23:00:00;2.435;0.335;244.12;9.97;0.0;0.0;55.0;5.4;96;Medium;0.5
01/02/2026;00:00:00;1.398;0.19;240.15;5.82;0.0;0.0;55.0;4.8;97;Low;0.15
01/02/2026;01:00:00;1.239;0.221;236.48;5.24;0.0;0.0;55.0;4.4;98;Low;0.15
01/02/2026;02:00:00;0.994;0.082;241.29;4.12;0.0;0.0;55.0;5.5;97;Low;0.15
01/02/2026;03:00:00;1.145;0.241;235.25;4.87;0.0;0.0;55.0;6.4;96;Low;0.15
01/02/2026;04:00:00;1.374;0.149;239.06;5.75;0.0;0.0;55.0;5.6;97;Low;0.15
01/02/2026;05:00:00;1.569;0.159;240.54;6.52;0.0;0.0;55.0;5.2;98;Low;0.15
01/02/2026;06:00:00;2.366;0.394;246.66;9.59;0.0;0.0;55.0;5.1;98;Medium;0.5
01/02/2026;07:00:00;3.056;0.571;240.89;12.69;0.0;17.4;55.0;5.1;98;Medium;0.5
01/02/2026;08:00:00;3.304;0.378;240.39;13.74;0.0;2.1;55.0;5.8;99;Medium;0.5
01/02/2026;09:00:00;3.07;0.543;239.82;12.8;0.0;4.7;55.0;6.2;99;Medium;0.5
01/02/2026;10:00:00;2.155;0.432;236.24;9.12;0.0;0.0;55.0;6.5;100;Medium;0.5
01/02/2026;11:00:00;2.139;0.386;240.24;8.9;0.0;0.0;55.0;7.2;99;High;0.85
01/02/2026;12:00:00;1.745;0.097;240.29;7.26;0.0;0.0;55.0;7.6;98;High;0.85
01/02/2026;13:00:00;1.575;0.3;237.29;6.64;0.0;0.0;55.0;7.8;96;High;0.85
01/02/2026;14:00:00;1.566;0.284;236.68;6.62;0.0;0.0;55.0;8.2;91;High;0.85
01/02/2026;15:00:00;1.696;0.278;238.65;7.1;0.0;0.0;55.0;8.4;93;High;0.85
01/02/2026;16:00:00;1.659;0.297;240.18;6.91;0.0;0.0;55.0;8.6;93;Medium;0.5
01/02/2026;17:00:00;2.305;0.499;238.72;9.65;0.0;0.0;55.0;8.8;91;Medium;0.5
01/02/2026;18:00:00;3.258;0.402;237.06;13.74;12.3;0.0;55.0;8.7;89;High;0.85
01/02/2026;19:00:00;3.952;0.243;240.81;16.41;23.8;0.0;55.0;8.3;91;High;0.85
01/02/2026;20:00:00;4.599;0.59;241.51;19.04;22.6;0.0;55.0;7.3;95;High;0.85
01/02/2026;21:00:00;4.108;0.238;240.34;17.09;4.2;0.0;55.0;7.0;95;High;0.85
01/02/2026;22:00:00;3.442;0.344;238.42;14.44;0.0;0.0;55.0;6.6;94;High;0.85
01/02/2026;23:00:00;2.276;0.341;241.67;9.42;0.0;0.0;55.0;6.4;92;Medium;0.5
02/02/2026;00:00:00;1.233;0.127;239.47;5.15;0.0;0.0;55.0;6.1;91;Low;0.15
02/02/2026;01:00:00;1.276;0.212;236.67;5.39;0.0;0.0;55.0;5.3;95;Low;0.15
02/02/2026;02:00:00;0.978;0.186;242.9;4.03;0.0;0.0;55.0;6.6;95;Low;0.15
02/02/2026;03:00:00;1.399;0.17;240.99;5.8;0.0;0.0;55.0;6.2;96;Low;0.15
02/02/2026;04:00:00;1.434;0.291;239.67;5.98;0.0;0.0;55.0;5.1;96;Low;0.15
02/02/2026;05:00:00;1.453;0.092;235.6;6.17;0.0;0.0;55.0;5.0;96;Low;0.15
02/02/2026;06:00:00;2.114;0.408;237.91;8.88;0.0;0.0;55.0;5.0;94;Medium;0.5
02/02/2026;07:00:00;2.927;0.559;245.65;11.92;0.0;0.4;55.0;4.9;92;Medium;0.5
02/02/2026;08:00:00;3.372;0.353;235.78;14.3;0.0;12.5;55.0;2.7;93;Medium;0.5
02/02/2026;09:00:00;3.078;0.31;239.3;12.86;0.0;3.6;55.0;2.4;95;Medium;0.5
02/02/2026;10:00:00;2.125;0.216;239.95;8.85;0.0;0.0;55.0;2.6;95;Low;0.15
02/02/2026;11:00:00;1.651;0.31;240.9;6.85;0.0;0.0;55.0;3.2;93;Low;0.15
02/02/2026;12:00:00;1.535;0.294;235.81;6.51;0.0;0.0;55.0;3.7;93;Low;0.15
02/02/2026;13:00:00;1.379;0.146;240.49;5.73;0.0;0.0;55.0;4.2;93;Low;0.15
02/02/2026;14:00:00;1.023;0.154;235.28;4.35;0.0;0.0;55.0;7.7;89;Low;0.15
02/02/2026;15:00:00;1.324;0.097;240.27;5.51;0.0;0.0;55.0;8.0;89;Low;0.15
02/02/2026;16:00:00;1.481;0.192;238.17;6.22;0.0;0.0;55.0;9.5;78;Low;0.15
02/02/2026;17:00:00;2.307;0.507;237.58;9.71;0.0;0.0;55.0;10.2;71;Medium;0.5
02/02/2026;18:00:00;2.861;0.22;242.34;11.81;13.0;0.0;55.0;9.5;74;High;0.85
02/02/2026;19:00:00;3.732;0.788;239.34;15.59;18.4;0.0;55.0;8.3;79;High;0.85
02/02/2026;20:00:00;3.787;0.72;241.33;15.69;12.4;0.0;55.0;8.2;82;High;0.85
02/02/2026;21:00:00;3.763;0.81;241.42;15.59;2.2;0.0;55.0;8.3;81;High;0.85
02/02/2026;22:00:00;2.99;0.241;243.56;12.28;0.0;0.0;55.0;8.3;83;High;0.85
02/02/2026;23:00:00;2.317;0.2;236.62;9.79;0.0;0.0;55.0;8.0;86;Medium;0.5
03/02/2026;00:00:00;1.023;0.054;242.57;4.22;0.0;0.0;55.0;7.7;90;Low;0.15
03/02/2026;01:00:00;0.944;0.163;240.05;3.93;0.0;0.0;55.0;7.5;94;Low;0.15
03/02/2026;02:00:00;1.072;0.171;238.94;4.49;0.0;0.0;55.0;7.4;95;Low;0.15
03/02/2026;03:00:00;0.934;0.075;236.78;3.94;0.0;0.0;55.0;7.3;96;Low;0.15
03/02/2026;04:00:00;1.266;0.234;241.7;5.24;0.0;0.0;55.0;7.0;97;Low;0.15
03/02/2026;05:00:00;1.19;0.12;237.42;5.01;0.0;0.0;55.0;6.6;97;Low;0.15
03/02/2026;06:00:00;2.107;0.154;241.45;8.73;0.0;0.0;55.0;7.0;97;Medium;0.5
03/02/2026;07:00:00;2.546;0.31;245.4;10.38;0.0;11.7;55.0;7.2;97;Medium;0.5
03/02/2026;08:00:00;3.043;0.199;242.74;12.54;0.0;11.5;55.0;7.5;97;Medium;0.5
03/02/2026;09:00:00;2.889;0.274;243.9;11.84;0.0;19.6;55.0;7.7;98;Medium;0.5
03/02/2026;10:00:00;1.835;0.208;237.99;7.71;0.0;0.0;55.0;7.7;98;Low;0.15
03/02/2026;11:00:00;1.238;0.241;242.14;5.11;0.0;0.0;55.0;7.8;96;Low;0.15
03/02/2026;12:00:00;1.117;0.206;236.8;4.72;0.0;0.0;55.0;8.2;92;Low;0.15
03/02/2026;13:00:00;1.072;0.134;239.35;4.48;0.0;0.0;55.0;8.4;90;Low;0.15
03/02/2026;14:00:00;1.103;0.191;244.88;4.5;0.0;0.0;55.0;8.9;90;Low;0.15
03/02/2026;15:00:00;0.949;0.139;238.3;3.98;0.0;0.0;55.0;9.7;88;Low;0.15
03/02/2026;16:00:00;1.359;0.147;243.11;5.59;0.0;0.0;55.0;9.8;85;Low;0.15
03/02/2026;17:00:00;1.752;0.304;242.84;7.21;0.0;0.0;55.0;9.7;81;Medium;0.5
03/02/2026;18:00:00;2.916;0.485;243.01;12.0;0.7;0.0;55.0;9.4;79;High;0.85
03/02/2026;19:00:00;3.611;0.561;236.45;15.27;2.8;0.0;55.0;9.1;77;High;0.85
03/02/2026;20:00:00;4.041;0.627;241.47;16.73;0.1;0.0;55.0;8.5;81;High;0.85
03/02/2026;21:00:00;3.734;0.62;239.56;15.59;8.2;0.0;55.0;7.9;82;High;0.85
03/02/2026;22:00:00;2.953;0.341;243.05;12.15;0.0;0.0;55.0;7.5;88;High;0.85
03/02/2026;23:00:00;2.08;0.411;235.37;8.84;0.0;0.0;55.0;7.1;90;Medium;0.5
04/02/2026;00:00:00;1.18;0.092;241.03;4.9;0.0;0.0;55.0;6.7;91;Low;0.15
04/02/2026;01:00:00;1.177;0.236;240.63;4.89;0.0;0.0;55.0;6.3;93;Low;0.15
04/02/2026;02:00:00;1.151;0.125;234.43;4.91;0.0;0.0;55.0;5.9;92;Low;0.15
04/02/2026;03:00:00;1.209;0.086;237.52;5.09;0.0;0.0;55.0;5.2;93;Low;0.15
04/02/2026;04:00:00;1.399;0.213;234.88;5.95;0.0;0.0;55.0;4.7;94;Low;0.15
04/02/2026;05:00:00;1.483;0.169;237.97;6.23;0.0;0.0;55.0;4.3;94;Low;0.15
04/02/2026;06:00:00;2.269;0.428;241.54;9.39;0.0;0.0;55.0;4.1;95;Medium;0.5
04/02/2026;07:00:00;3.175;0.391;240.55;13.2;0.0;12.8;55.0;3.8;95;Medium;0.5
04/02/2026;08:00:00;5.149;0.843;240.47;21.41;0.0;10.6;55.0;3.9;95;Medium;0.5
04/02/2026;09:00:00;2.803;0.287;237.09;11.82;0.0;0.6;55.0;3.3;95;Medium;0.5
04/02/2026;10:00:00;2.124;0.182;243.14;8.73;0.0;0.0;55.0;3.6;95;Low;0.15
04/02/2026;11:00:00;1.455;0.169;239.95;6.06;0.0;0.0;55.0;4.5;92;Low;0.15
04/02/2026;12:00:00;1.214;0.186;240.09;5.06;0.0;0.0;55.0;6.1;89;Low;0.15
04/02/2026;13:00:00;1.028;0.166;242.63;4.24;0.0;0.0;55.0;7.8;83;Low;0.15
04/02/2026;14:00:00;0.97;0.144;237.22;4.09;0.0;0.0;55.0;9.9;75;Low;0.15
04/02/2026;15:00:00;1.222;0.266;240.64;5.08;0.0;0.0;55.0;10.1;69;Low;0.15
04/02/2026;16:00:00;1.35;0.226;241.19;5.6;0.0;0.0;55.0;10.3;71;Low;0.15
04/02/2026;17:00:00;2.054;0.428;238.47;8.61;0.0;0.0;55.0;10.6;77;Medium;0.5
04/02/2026;18:00:00;4.802;0.336;241.83;19.86;3.0;0.0;55.0;10.0;73;High;0.85
04/02/2026;19:00:00;3.544;0.214;241.34;14.69;5.9;0.0;55.0;9.1;75;High;0.85
04/02/2026;20:00:00;3.652;0.376;239.72;15.23;16.8;0.0;55.0;9.2;79;High;0.85
04/02/2026;21:00:00;3.567;0.261;239.63;14.88;20.7;0.0;55.0;9.3;76;High;0.85
04/02/2026;22:00:00;6.605;0.921;241.47;27.35;0.0;0.0;55.0;8.9;75;High;0.85
04/02/2026;23:00:00;2.134;0.295;242.21;8.81;0.0;0.0;55.0;8.7;77;Medium;0.5
05/02/2026;00:00:00;1.036;0.153;240.18;4.31;0.0;0.0;55.0;8.4;77;Low;0.15
05/02/2026;01:00:00;1.068;0.189;243.14;4.39;0.0;0.0;55.0;8.2;79;Low;0.15
05/02/2026;02:00:00;1.014;0.218;241.84;4.19;0.0;0.0;55.0;8.0;89;Low;0.15
05/02/2026;03:00:00;1.116;0.222;234.99;4.75;0.0;0.0;55.0;7.9;89;Low;0.15
05/02/2026;04:00:00;1.208;0.085;236.07;5.12;0.0;0.0;55.0;8.0;90;Low;0.15
05/02/2026;05:00:00;1.163;0.125;243.31;4.78;0.0;0.0;55.0;7.8;92;Low;0.15
05/02/2026;06:00:00;2.098;0.196;239.31;8.77;0.0;0.0;55.0;7.6;93;Medium;0.5
05/02/2026;07:00:00;2.811;0.225;240.46;11.69;0.0;9.4;55.0;7.8;93;Medium;0.5
05/02/2026;08:00:00;3.009;0.429;243.19;12.38;0.0;8.0;55.0;7.9;93;Medium;0.5
05/02/2026;09:00:00;2.8;0.403;239.98;11.67;0.0;4.2;55.0;7.6;96;Medium;0.5
05/02/2026;10:00:00;2.069;0.183;240.1;8.62;0.0;0.0;55.0;7.9;93;Low;0.15
05/02/2026;11:00:00;1.29;0.221;237.57;5.43;0.0;0.0;55.0;8.2;93;Low;0.15
05/02/2026;12:00:00;1.087;0.19;241.04;4.51;0.0;0.0;55.0;9.4;91;Low;0.15
05/02/2026;13:00:00;0.913;0.049;241.64;3.78;0.0;0.0;55.0;9.8;89;Low;0.15
05/02/2026;14:00:00;1.05;0.123;238.38;4.4;0.0;0.0;55.0;9.3;93;Low;0.15
05/02/2026;15:00:00;1.048;0.211;237.42;4.41;0.0;0.0;55.0;11.1;83;Low;0.15
05/02/2026;16:00:00;1.229;0.17;247.35;4.97;0.0;0.0;55.0;11.3;82;Low;0.15
05/02/2026;17:00:00;1.836;0.2;239.74;7.66;0.0;0.0;55.0;11.1;85;Medium;0.5
05/02/2026;18:00:00;2.94;0.274;238.09;12.35;20.2;0.0;55.0;10.4;88;High;0.85
05/02/2026;19:00:00;3.764;0.344;241.98;15.55;8.1;0.0;55.0;9.8;91;High;0.85
05/02/2026;20:00:00;3.986;0.267;239.86;16.62;17.6;0.0;55.0;9.1;94;High;0.85
05/02/2026;21:00:00;3.756;0.71;236.96;15.85;10.9;0.0;55.0;9.1;94;High;0.85
05/02/2026;22:00:00;2.997;0.194;241.35;12.42;0.0;0.0;55.0;8.7;93;High;0.85
05/02/2026;23:00:00;2.169;0.216;237.61;9.13;0.0;0.0;55.0;8.5;94;Medium;0.5
06/02/2026;00:00:00;1.08;0.062;244.41;4.42;0.0;0.0;55.0;8.5;94;Low;0.15
06/02/2026;01:00:00;0.975;0.178;241.38;4.04;0.0;0.0;55.0;8.2;95;Low;0.15
06/02/2026;02:00:00;1.073;0.061;239.22;4.48;0.0;0.0;55.0;8.7;96;Low;0.15
06/02/2026;03:00:00;0.942;0.096;240.31;3.92;0.0;0.0;55.0;8.8;93;Low;0.15
06/02/2026;04:00:00;1.032;0.152;242.53;4.25;0.0;0.0;55.0;8.6;95;Low;0.15
06/02/2026;05:00:00;1.326;0.159;240.52;5.51;0.0;0.0;55.0;8.1;96;Low;0.15
06/02/2026;06:00:00;2.05;0.201;245.94;8.33;0.0;0.0;55.0;8.4;94;Medium;0.5
06/02/2026;07:00:00;2.533;0.245;243.18;10.42;0.0;0.2;55.0;8.9;95;Medium;0.5
06/02/2026;08:00:00;3.09;0.574;241.37;12.8;0.0;0.7;55.0;9.0;94;Medium;0.5
06/02/2026;09:00:00;2.697;0.582;237.38;11.36;0.0;12.6;55.0;9.1;94;Medium;0.5
06/02/2026;10:00:00;1.663;0.182;239.59;6.94;0.0;0.0;55.0;8.8;92;Low;0.15
06/02/2026;11:00:00;1.039;0.059;241.34;4.3;0.0;0.0;55.0;10.0;91;Low;0.15
06/02/2026;12:00:00;0.925;0.052;237.7;3.89;0.0;0.0;55.0;11.2;83;Low;0.15
06/02/2026;13:00:00;0.81;0.145;243.62;3.32;0.0;0.0;55.0;12.0;76;Low;0.15
06/02/2026;14:00:00;0.929;0.134;237.27;3.92;0.0;0.0;55.0;11.2;82;Low;0.15
06/02/2026;15:00:00;0.876;0.16;238.22;3.68;0.0;0.0;55.0;12.6;72;Low;0.15
06/02/2026;16:00:00;0.925;0.156;238.43;3.88;0.0;0.0;55.0;12.7;68;Low;0.15
06/02/2026;17:00:00;1.815;0.371;242.08;7.5;0.0;0.0;55.0;12.5;66;Medium;0.5
06/02/2026;18:00:00;2.883;0.578;237.75;12.12;11.3;0.0;55.0;10.5;79;High;0.85
06/02/2026;19:00:00;5.651;1.04;234.96;24.05;4.2;0.0;55.0;10.3;81;High;0.85
06/02/2026;20:00:00;3.818;0.499;243.05;15.71;11.2;0.0;55.0;10.0;83;High;0.85
06/02/2026;21:00:00;3.803;0.389;238.76;15.93;8.6;0.0;55.0;9.5;84;High;0.85
06/02/2026;22:00:00;2.818;0.384;237.01;11.89;0.0;0.0;55.0;8.9;84;High;0.85
06/02/2026;23:00:00;2.243;0.304;237.89;9.43;0.0;0.0;55.0;8.2;86;Medium;0.5
07/02/2026;00:00:00;1.078;0.166;244.81;4.4;0.0;0.0;55.0;7.7;87;Low;0.15
07/02/2026;01:00:00;1.204;0.098;238.16;5.06;0.0;0.0;55.0;7.4;88;Low;0.15
07/02/2026;02:00:00;1.127;0.182;239.65;4.7;0.0;0.0;55.0;7.4;91;Low;0.15
07/02/2026;03:00:00;1.264;0.161;238.75;5.29;0.0;0.0;55.0;7.0;93;Low;0.15
07/02/2026;04:00:00;1.178;0.183;236.55;4.98;0.0;0.0;55.0;6.7;94;Low;0.15
07/02/2026;05:00:00;1.333;0.121;237.92;5.6;0.0;0.0;55.0;6.4;95;Low;0.15
07/02/2026;06:00:00;2.405;0.298;236.36;10.17;0.0;0.0;55.0;6.1;96;Medium;0.5
07/02/2026;07:00:00;3.007;0.258;242.68;12.39;0.0;3.7;55.0;6.2;95;Medium;0.5
07/02/2026;08:00:00;3.412;0.678;240.28;14.2;0.0;17.6;55.0;6.5;93;Medium;0.5
07/02/2026;09:00:00;3.142;0.418;246.95;12.72;0.0;6.5;55.0;6.2;93;Medium;0.5
07/02/2026;10:00:00;2.118;0.187;238.02;8.9;0.0;0.0;55.0;6.8;93;Medium;0.5
07/02/2026;11:00:00;1.932;0.11;237.6;8.13;0.0;0.0;55.0;8.0;89;High;0.85
07/02/2026;12:00:00;1.545;0.255;244.29;6.33;0.0;0.0;55.0;9.0;84;High;0.85
07/02/2026;13:00:00;1.458;0.126;242.96;6.0;0.0;0.0;55.0;10.5;73;High;0.85
07/02/2026;14:00:00;1.448;0.316;241.08;6.01;0.0;0.0;55.0;11.3;74;High;0.85
07/02/2026;15:00:00;1.333;0.188;236.88;5.63;0.0;0.0;55.0;12.1;67;High;0.85
07/02/2026;16:00:00;1.365;0.135;244.89;5.57;0.0;0.0;55.0;12.6;61;Medium;0.5
07/02/2026;17:00:00;2.106;0.341;239.8;8.78;0.0;0.0;55.0;12.5;61;Medium;0.5
07/02/2026;18:00:00;3.148;0.305;238.79;13.18;0.0;0.0;55.0;11.7;66;High;0.85
07/02/2026;19:00:00;3.893;0.738;243.2;16.01;13.9;0.0;55.0;10.4;71;High;0.85
07/02/2026;20:00:00;4.302;0.441;239.94;17.93;11.6;0.0;55.0;9.5;79;High;0.85
07/02/2026;21:00:00;3.954;0.862;236.74;16.7;22.9;0.0;55.0;9.0;83;High;0.85
07/02/2026;22:00:00;3.393;0.519;240.11;14.13;0.0;0.0;55.0;8.4;85;High;0.85
07/02/2026;23:00:00;2.227;0.431;237.81;9.36;0.0;0.0;55.0;7.9;84;Medium;0.5
08/02/2026;00:00:00;1.142;0.071;231.57;4.93;0.0;0.0;55.0;7.4;85;Low;0.15
08/02/2026;01:00:00;1.257;0.137;237.53;5.29;0.0;0.0;55.0;7.0;87;Low;0.15
08/02/2026;02:00:00;1.047;0.184;238.52;4.39;0.0;0.0;55.0;7.3;84;Low;0.15
08/02/2026;03:00:00;4.794;0.774;236.76;20.25;0.0;0.0;55.0;7.2;88;Low;0.15
08/02/2026;04:00:00;1.069;0.089;241.61;4.43;0.0;0.0;55.0;6.6;92;Low;0.15
08/02/2026;05:00:00;1.606;0.178;237.82;6.75;0.0;0.0;55.0;6.4;93;Low;0.15
08/02/2026;06:00:00;2.321;0.22;241.34;9.62;0.0;0.0;55.0;4.5;95;Medium;0.5
08/02/2026;07:00:00;3.12;0.481;236.55;13.19;0.0;11.8;55.0;4.1;95;Medium;0.5
08/02/2026;08:00:00;3.297;0.358;242.55;13.59;0.0;1.7;55.0;4.9;97;Medium;0.5
08/02/2026;09:00:00;3.087;0.317;236.43;13.06;0.0;4.2;55.0;4.3;97;Medium;0.5
08/02/2026;10:00:00;2.249;0.192;233.44;9.63;0.0;0.0;55.0;4.6;96;Medium;0.5
08/02/2026;11:00:00;1.943;0.232;243.46;7.98;0.0;0.0;55.0;5.8;94;High;0.85
08/02/2026;12:00:00;1.693;0.141;237.6;7.12;0.0;0.0;55.0;7.3;89;High;0.85
08/02/2026;13:00:00;1.663;0.355;244.92;6.79;0.0;0.0;55.0;8.9;83;High;0.85
08/02/2026;14:00:00;1.504;0.115;241.58;6.22;0.0;0.0;55.0;10.6;74;High;0.85
08/02/2026;15:00:00;1.532;0.314;242.21;6.32;0.0;0.0;55.0;11.8;69;High;0.85
08/02/2026;16:00:00;1.351;0.166;242.93;5.56;0.0;0.0;55.0;12.3;64;Medium;0.5
08/02/2026;17:00:00;1.889;0.216;240.32;7.86;0.0;0.0;55.0;12.4;63;Medium;0.5
08/02/2026;18:00:00;3.227;0.288;240.35;13.43;10.4;0.0;55.0;11.9;70;High;0.85
08/02/2026;19:00:00;3.838;0.607;243.59;15.75;11.6;0.0;55.0;10.2;73;High;0.85
08/02/2026;20:00:00;4.443;0.74;240.31;18.49;2.9;0.0;55.0;9.5;77;High;0.85
08/02/2026;21:00:00;7.519;0.974;237.96;31.6;9.8;0.0;55.0;8.0;82;High;0.85
08/02/2026;22:00:00;3.288;0.196;241.64;13.61;0.0;0.0;55.0;7.9;85;High;0.85
08/02/2026;23:00:00;2.378;0.49;234.08;10.16;0.0;0.0;55.0;7.5;88;Medium;0.5
09/02/2026;00:00:00;1.27;0.275;243.69;5.21;0.0;0.0;55.0;7.0;91;Low;0.15
09/02/2026;01:00:00;1.179;0.145;243.75;4.84;0.0;0.0;55.0;6.2;94;Low;0.15
09/02/2026;02:00:00;1.2;0.185;243.35;4.93;0.0;0.0;55.0;5.4;97;Low;0.15
09/02/2026;03:00:00;1.281;0.162;243.25;5.27;0.0;0.0;55.0;4.7;97;Low;0.15
09/02/2026;04:00:00;1.399;0.146;239.76;5.83;0.0;0.0;55.0;4.1;98;Low;0.15
09/02/2026;05:00:00;1.648;0.104;239.7;6.87;0.0;0.0;55.0;3.9;99;Low;0.15
09/02/2026;06:00:00;2.308;0.294;236.56;9.76;0.0;0.0;55.0;3.6;99;Medium;0.5
09/02/2026;07:00:00;3.044;0.576;244.89;12.43;0.0;17.8;55.0;3.4;100;Medium;0.5
09/02/2026;08:00:00;3.443;0.182;238.64;14.43;0.0;16.7;55.0;4.1;100;Medium;0.5
09/02/2026;09:00:00;2.978;0.444;240.95;12.36;0.0;19.3;55.0;4.1;100;Medium;0.5
09/02/2026;10:00:00;2.041;0.408;240.71;8.48;0.0;0.0;55.0;4.2;99;Low;0.15
09/02/2026;11:00:00;1.371;0.119;236.25;5.8;0.0;0.0;55.0;4.5;98;Low;0.15
09/02/2026;12:00:00;1.043;0.085;235.11;4.44;0.0;0.0;55.0;5.1;96;Low;0.15
09/02/2026;13:00:00;1.217;0.221;240.02;5.07;0.0;0.0;55.0;6.6;89;Low;0.15
09/02/2026;14:00:00;1.118;0.104;238.73;4.68;0.0;0.0;55.0;7.7;83;Low;0.15
09/02/2026;15:00:00;1.077;0.089;239.75;4.49;0.0;0.0;55.0;9.0;80;Low;0.15
09/02/2026;16:00:00;1.324;0.151;242.98;5.45;0.0;0.0;55.0;9.8;75;Low;0.15
09/02/2026;17:00:00;1.986;0.232;240.63;8.25;0.0;0.0;55.0;10.2;69;Medium;0.5
09/02/2026;18:00:00;3.062;0.608;242.12;12.65;10.1;0.0;55.0;9.9;70;High;0.85
09/02/2026;19:00:00;3.668;0.569;241.25;15.2;8.9;0.0;55.0;9.1;72;High;0.85
09/02/2026;20:00:00;3.873;0.461;239.11;16.2;16.1;0.0;55.0;9.0;78;High;0.85
09/02/2026;21:00:00;3.771;0.531;237.19;15.9;4.6;0.0;55.0;8.9;78;High;0.85
09/02/2026;22:00:00;2.987;0.634;240.74;12.41;0.0;0.0;55.0;8.9;80;High;0.85
09/02/2026;23:00:00;2.135;0.148;240.23;8.89;0.0;0.0;55.0;8.7;84;Medium;0.5
10/02/2026;00:00:00;1.005;0.086;242.56;4.14;0.0;0.0;55.0;8.5;87;Low;0.15
10/02/2026;01:00:00;1.012;0.216;239.58;4.22;0.0;0.0;55.0;8.1;93;Low;0.15
10/02/2026;02:00:00;1.067;0.227;239.17;4.46;0.0;0.0;55.0;8.4;94;Low;0.15
10/02/2026;03:00:00;1.054;0.084;239.36;4.4;0.0;0.0;55.0;8.6;95;Low;0.15
10/02/2026;04:00:00;1.125;0.084;237.43;4.74;0.0;0.0;55.0;8.9;96;Low;0.15
10/02/2026;05:00:00;1.226;0.149;244.05;5.02;0.0;0.0;55.0;9.0;96;Low;0.15
10/02/2026;06:00:00;1.806;0.106;243.19;7.43;0.0;0.0;55.0;8.9;97;Medium;0.5
10/02/2026;07:00:00;2.621;0.423;236.6;11.08;0.0;17.0;55.0;8.7;97;Medium;0.5
10/02/2026;08:00:00;3.1;0.196;242.25;12.8;0.0;2.1;55.0;8.4;96;Medium;0.5
10/02/2026;09:00:00;2.659;0.159;234.83;11.32;0.0;10.5;55.0;8.3;96;Medium;0.5
10/02/2026;10:00:00;1.709;0.226;242.76;7.04;0.0;0.0;55.0;8.8;95;Low;0.15
10/02/2026;11:00:00;1.303;0.277;238.05;5.47;0.0;0.0;55.0;9.8;92;Low;0.15
10/02/2026;12:00:00;0.887;0.109;241.01;3.68;0.0;0.0;55.0;10.9;88;Low;0.15
10/02/2026;13:00:00;0.718;0.079;234.6;3.06;0.0;0.0;55.0;11.7;80;Low;0.15
10/02/2026;14:00:00;0.818;0.18;236.64;3.46;0.0;0.0;55.0;12.6;72;Low;0.15
10/02/2026;15:00:00;0.864;0.121;241.31;3.58;0.0;0.0;55.0;12.6;74;Low;0.15
10/02/2026;16:00:00;1.011;0.115;238.04;4.25;0.0;0.0;55.0;13.0;76;Low;0.15
10/02/2026;17:00:00;1.837;0.212;237.65;7.73;0.0;0.0;55.0;12.5;81;Medium;0.5
10/02/2026;18:00:00;2.914;0.242;243.91;11.95;15.9;0.0;55.0;11.3;92;High;0.85
10/02/2026;19:00:00;3.551;0.487;246.19;14.42;18.6;0.0;55.0;10.9;95;High;0.85
10/02/2026;20:00:00;3.816;0.476;242.62;15.73;11.7;0.0;55.0;11.7;95;High;0.85
10/02/2026;21:00:00;3.697;0.355;236.94;15.6;15.0;0.0;55.0;11.5;92;High;0.85
10/02/2026;22:00:00;6.319;0.488;244.94;25.8;0.0;0.0;55.0;11.5;94;High;0.85
10/02/2026;23:00:00;1.948;0.2;235.63;8.27;0.0;0.0;55.0;11.4;94;Medium;0.5
11/02/2026;00:00:00;0.816;0.111;239.15;3.41;0.0;0.0;55.0;11.6;92;Low;0.15
11/02/2026;01:00:00;0.842;0.05;240.15;3.51;0.0;0.0;55.0;10.6;98;Low;0.15
11/02/2026;02:00:00;0.893;0.068;245.39;3.64;0.0;0.0;55.0;10.2;94;Low;0.15
11/02/2026;03:00:00;0.873;0.184;242.56;3.6;0.0;0.0;55.0;10.8;93;Low;0.15
11/02/2026;04:00:00;1.041;0.148;238.7;4.36;0.0;0.0;55.0;10.1;94;Low;0.15
11/02/2026;05:00:00;1.439;0.088;237.35;6.06;0.0;0.0;55.0;9.8;94;Low;0.15
11/02/2026;06:00:00;1.858;0.312;242.81;7.65;0.0;0.0;55.0;9.9;92;Medium;0.5
11/02/2026;07:00:00;2.527;0.153;238.51;10.59;0.0;18.3;55.0;10.3;90;Medium;0.5
11/02/2026;08:00:00;2.883;0.506;240.61;11.98;0.0;18.4;55.0;10.6;92;Medium;0.5
11/02/2026;09:00:00;4.572;0.811;236.16;19.36;0.0;10.6;55.0;10.9;89;Medium;0.5
11/02/2026;10:00:00;1.646;0.264;241.59;6.81;0.0;0.0;55.0;10.7;88;Low;0.15
11/02/2026;11:00:00;1.273;0.222;241.37;5.27;0.0;0.0;55.0;10.8;88;Low;0.15
11/02/2026;12:00:00;0.679;0.044;236.52;2.87;0.0;0.0;55.0;11.5;84;Low;0.15
11/02/2026;13:00:00;0.616;0.107;242.89;2.53;0.0;0.0;55.0;12.0;81;Low;0.15
11/02/2026;14:00:00;0.82;0.06;241.55;3.4;0.0;0.0;55.0;12.0;75;Low;0.15
11/02/2026;15:00:00;1.028;0.111;242.07;4.25;0.0;0.0;55.0;12.5;71;Low;0.15
11/02/2026;16:00:00;0.957;0.201;238.94;4.0;0.0;0.0;55.0;12.9;64;Low;0.15
11/02/2026;17:00:00;1.541;0.209;240.5;6.41;0.0;0.0;55.0;12.7;64;Medium;0.5
11/02/2026;18:00:00;2.916;0.625;240.18;12.14;17.7;0.0;55.0;11.4;75;High;0.85
11/02/2026;19:00:00;7.088;0.462;239.59;29.58;12.3;0.0;55.0;10.7;83;High;0.85
11/02/2026;20:00:00;3.76;0.493;240.48;15.64;15.9;0.0;55.0;10.3;94;High;0.85
11/02/2026;21:00:00;3.483;0.211;243.52;14.3;1.1;0.0;55.0;10.4;94;High;0.85
11/02/2026;22:00:00;2.798;0.44;243.01;11.51;0.0;0.0;55.0;10.8;94;High;0.85
11/02/2026;23:00:00;1.943;0.123;236.69;8.21;0.0;0.0;55.0;11.2;91;Medium;0.5
12/02/2026;00:00:00;0.834;0.067;242.76;3.43;0.0;0.0;55.0;11.1;92;Low;0.15
12/02/2026;01:00:00;0.928;0.087;243.34;3.81;0.0;0.0;55.0;11.4;87;Low;0.15
12/02/2026;02:00:00;0.606;0.107;239.58;2.53;0.0;0.0;55.0;11.2;84;Low;0.15
12/02/2026;03:00:00;0.835;0.065;241.42;3.46;0.0;0.0;55.0;10.8;87;Low;0.15
12/02/2026;04:00:00;0.88;0.171;241.38;3.65;0.0;0.0;55.0;10.3;90;Low;0.15
12/02/2026;05:00:00;1.173;0.085;237.62;4.94;0.0;0.0;55.0;9.9;94;Low;0.15
12/02/2026;06:00:00;1.864;0.104;238.93;7.8;0.0;0.0;55.0;10.1;94;Medium;0.5
12/02/2026;07:00:00;2.72;0.319;242.1;11.24;0.0;9.1;55.0;9.1;88;Medium;0.5
12/02/2026;08:00:00;2.799;0.606;238.61;11.73;0.0;4.4;55.0;9.0;89;Medium;0.5
12/02/2026;09:00:00;2.615;0.18;242.73;10.77;0.0;2.5;55.0;9.6;87;Medium;0.5
12/02/2026;10:00:00;1.747;0.118;243.65;7.17;0.0;0.0;55.0;9.5;85;Low;0.15
12/02/2026;11:00:00;1.396;0.248;243.2;5.74;0.0;0.0;55.0;9.7;83;Low;0.15
12/02/2026;12:00:00;0.946;0.097;245.54;3.85;0.0;0.0;55.0;10.3;84;Low;0.15
12/02/2026;13:00:00;2.977;0.512;239.75;12.42;0.0;0.0;55.0;10.5;74;Low;0.15
12/02/2026;14:00:00;0.779;0.065;240.5;3.24;0.0;0.0;55.0;10.5;79;Low;0.15
12/02/2026;15:00:00;0.715;0.092;240.9;2.97;0.0;0.0;55.0;11.9;71;Low;0.15
12/02/2026;16:00:00;1.27;0.121;239.83;5.29;0.0;0.0;55.0;11.7;64;Low;0.15
12/02/2026;17:00:00;1.914;0.243;241.52;7.92;0.0;0.0;55.0;11.5;63;Medium;0.5
12/02/2026;18:00:00;3.019;0.546;235.21;12.84;13.3;0.0;55.0;10.7;68;High;0.85
12/02/2026;19:00:00;3.468;0.623;240.57;14.42;1.6;0.0;55.0;10.0;71;High;0.85
12/02/2026;20:00:00;3.975;0.547;236.14;16.84;22.7;0.0;55.0;9.4;78;High;0.85
12/02/2026;21:00:00;3.846;0.799;237.3;16.21;16.7;0.0;55.0;9.1;78;High;0.85
12/02/2026;22:00:00;3.063;0.291;242.05;12.65;0.0;0.0;55.0;8.7;79;High;0.85
12/02/2026;23:00:00;2.134;0.194;239.44;8.91;0.0;0.0;55.0;8.3;83;Medium;0.5
13/02/2026;00:00:00;1.083;0.167;241.95;4.48;0.0;0.0;55.0;8.0;86;Low;0.15
13/02/2026;01:00:00;0.937;0.146;239.38;3.92;0.0;0.0;55.0;7.8;89;Low;0.15
13/02/2026;02:00:00;1.225;0.071;243.1;5.04;0.0;0.0;55.0;7.9;88;Low;0.15
13/02/2026;03:00:00;1.052;0.161;239.33;4.4;0.0;0.0;55.0;7.6;89;Low;0.15
13/02/2026;04:00:00;1.224;0.139;234.53;5.22;0.0;0.0;55.0;7.3;90;Low;0.15
13/02/2026;05:00:00;1.222;0.216;240.63;5.08;0.0;0.0;55.0;6.9;93;Low;0.15
13/02/2026;06:00:00;1.974;0.37;233.93;8.44;0.0;0.0;55.0;7.2;93;Medium;0.5
13/02/2026;07:00:00;2.88;0.414;235.93;12.21;0.0;15.6;55.0;7.5;93;Medium;0.5
13/02/2026;08:00:00;3.034;0.153;237.53;12.77;0.0;17.7;55.0;7.6;94;Medium;0.5
13/02/2026;09:00:00;2.9;0.459;237.18;12.23;0.0;5.0;55.0;7.2;96;Medium;0.5
13/02/2026;10:00:00;1.792;0.318;238.47;7.51;0.0;0.0;55.0;7.7;96;Low;0.15
13/02/2026;11:00:00;1.104;0.102;237.08;4.66;0.0;0.0;55.0;8.4;93;Low;0.15
13/02/2026;12:00:00;1.173;0.151;236.06;4.97;0.0;0.0;55.0;8.8;91;Low;0.15
13/02/2026;13:00:00;0.933;0.2;244.32;3.82;0.0;0.0;55.0;9.7;86;Low;0.15
13/02/2026;14:00:00;1.132;0.114;238.1;4.75;0.0;0.0;55.0;8.8;86;Low;0.15
13/02/2026;15:00:00;1.143;0.1;233.75;4.89;0.0;0.0;55.0;8.8;92;Low;0.15
13/02/2026;16:00:00;1.175;0.101;238.99;4.92;0.0;0.0;55.0;9.3;86;Low;0.15
13/02/2026;17:00:00;2.087;0.303;236.85;8.81;0.0;0.0;55.0;8.9;93;Medium;0.5
13/02/2026;18:00:00;3.247;0.687;237.52;13.67;0.5;0.0;55.0;8.6;96;High;0.85
13/02/2026;19:00:00;3.763;0.578;241.99;15.55;12.9;0.0;55.0;8.2;96;High;0.85
13/02/2026;20:00:00;4.002;0.406;238.75;16.76;14.3;0.0;55.0;8.0;94;High;0.85
13/02/2026;21:00:00;3.833;0.608;236.77;16.19;19.0;0.0;55.0;8.0;96;High;0.85
13/02/2026;22:00:00;3.09;0.483;241.25;12.81;0.0;0.0;55.0;7.9;95;High;0.85
13/02/2026;23:00:00;2.163;0.328;243.22;8.89;0.0;0.0;55.0;7.7;94;Medium;0.5
14/02/2026;00:00:00;1.003;0.077;241.5;4.15;0.0;0.0;55.0;7.5;95;Low;0.15
14/02/2026;01:00:00;1.148;0.181;233.13;4.92;0.0;0.0;55.0;7.3;96;Low;0.15
14/02/2026;02:00:00;1.223;0.151;236.88;5.16;0.0;0.0;55.0;7.4;92;Low;0.15
14/02/2026;03:00:00;1.072;0.057;240.13;4.47;0.0;0.0;55.0;6.9;95;Low;0.15
14/02/2026;04:00:00;1.401;0.199;239.32;5.85;0.0;0.0;55.0;6.0;93;Low;0.15
14/02/2026;05:00:00;1.536;0.335;239.08;6.42;0.0;0.0;55.0;4.7;91;Low;0.15
14/02/2026;06:00:00;2.324;0.254;237.25;9.8;0.0;0.0;55.0;3.6;89;Medium;0.5
14/02/2026;07:00:00;3.31;0.709;236.06;14.02;0.0;7.8;55.0;3.0;87;Medium;0.5
14/02/2026;08:00:00;3.601;0.239;245.62;14.66;0.0;11.5;55.0;2.5;83;Medium;0.5
14/02/2026;09:00:00;3.352;0.585;240.08;13.96;0.0;11.0;55.0;1.9;81;Medium;0.5
14/02/2026;10:00:00;2.516;0.175;241.8;10.4;0.0;0.0;55.0;1.4;79;Medium;0.5
14/02/2026;11:00:00;2.25;0.217;240.02;9.38;0.0;0.0;55.0;1.6;76;High;0.85
14/02/2026;12:00:00;2.08;0.306;240.13;8.66;0.0;0.0;55.0;1.9;71;High;0.85
14/02/2026;13:00:00;1.974;0.298;239.83;8.23;0.0;0.0;55.0;2.6;67;High;0.85
14/02/2026;14:00:00;1.799;0.327;236.86;7.6;0.0;0.0;55.0;2.0;66;High;0.85
14/02/2026;15:00:00;1.935;0.299;235.76;8.21;0.0;0.0;55.0;2.7;62;High;0.85
14/02/2026;16:00:00;2.099;0.317;241.08;8.71;0.0;0.0;55.0;3.2;60;Medium;0.5
14/02/2026;17:00:00;2.492;0.511;240.53;10.36;0.0;0.0;55.0;3.6;56;Medium;0.5
14/02/2026;18:00:00;3.475;0.441;242.63;14.32;22.2;0.0;55.0;3.9;54;High;0.85
14/02/2026;19:00:00;4.225;0.373;242.06;17.46;19.1;0.0;55.0;2.7;63;High;0.85
14/02/2026;20:00:00;4.626;0.358;237.74;19.46;21.7;0.0;55.0;1.9;70;High;0.85
14/02/2026;21:00:00;4.255;0.502;243.17;17.5;1.5;0.0;55.0;1.1;76;High;0.85
14/02/2026;22:00:00;3.733;0.639;242.14;15.42;0.0;0.0;55.0;0.3;81;High;0.85
14/02/2026;23:00:00;2.667;0.153;241.93;11.02;0.0;0.0;55.0;-0.1;82;Medium;0.5
15/02/2026;00:00:00;1.484;0.107;246.3;6.02;0.0;0.0;55.0;-0.3;86;Low;0.15
15/02/2026;01:00:00;1.604;0.109;245.72;6.53;0.0;0.0;55.0;-0.8;88;Low;0.15
15/02/2026;02:00:00;1.624;0.243;241.93;6.71;0.0;0.0;55.0;-0.4;91;Low;0.15
15/02/2026;03:00:00;1.809;0.165;241.58;7.49;0.0;0.0;55.0;-0.5;88;Low;0.15
15/02/2026;04:00:00;1.497;0.117;243.03;6.16;0.0;0.0;55.0;-0.5;86;Low;0.15
15/02/2026;05:00:00;1.967;0.297;238.36;8.25;0.0;0.0;55.0;-0.4;85;Low;0.15
15/02/2026;06:00:00;2.756;0.494;238.4;11.56;0.0;0.0;55.0;-0.5;84;Medium;0.5
15/02/2026;07:00:00;3.325;0.354;241.89;13.74;0.0;0.7;55.0;-0.2;82;Medium;0.5
15/02/2026;08:00:00;3.806;0.564;237.6;16.02;0.0;5.8;55.0;-0.1;85;Medium;0.5
15/02/2026;09:00:00;3.333;0.222;241.66;13.79;0.0;9.0;55.0;0.2;84;Medium;0.5
15/02/2026;10:00:00;2.605;0.544;240.44;10.84;0.0;0.0;55.0;0.7;80;Medium;0.5
15/02/2026;11:00:00;2.437;0.261;237.6;10.26;0.0;0.0;55.0;1.1;81;High;0.85
15/02/2026;12:00:00;2.115;0.464;240.07;8.81;0.0;0.0;55.0;1.5;81;High;0.85
15/02/2026;13:00:00;2.02;0.437;243.65;8.29;0.0;0.0;55.0;2.2;79;High;0.85
15/02/2026;14:00:00;1.902;0.347;240.23;7.92;0.0;0.0;55.0;2.9;81;High;0.85
15/02/2026;15:00:00;1.904;0.102;240.24;7.93;0.0;0.0;55.0;2.6;88;High;0.85
15/02/2026;16:00:00;2.01;0.286;240.92;8.34;0.0;0.0;55.0;2.8;91;Medium;0.5
15/02/2026;17:00:00;2.632;0.17;241.29;10.91;0.0;0.0;55.0;3.5;94;Medium;0.5
15/02/2026;18:00:00;3.351;0.677;239.07;14.02;24.1;0.0;55.0;4.3;96;High;0.85
15/02/2026;19:00:00;4.1;0.755;240.98;17.01;5.0;0.0;55.0;5.3;97;High;0.85
15/02/2026;20:00:00;4.44;0.956;237.06;18.73;7.2;0.0;55.0;7.0;95;High;0.85
15/02/2026;21:00:00;3.897;0.598;237.76;16.39;17.5;0.0;55.0;8.8;94;High;0.85
15/02/2026;22:00:00;3.136;0.435;238.12;13.17;0.0;0.0;55.0;9.1;91;High;0.85
15/02/2026;23:00:00;2.181;0.301;241.32;9.04;0.0;0.0;55.0;8.3;93;Medium;0.5
16/02/2026;00:00:00;0.94;0.109;240.45;3.91;0.0;0.0;55.0;8.1;92;Low;0.15
16/02/2026;01:00:00;0.985;0.128;239.62;4.11;0.0;0.0;55.0;8.0;91;Low;0.15
16/02/2026;02:00:00;1.153;0.182;241.93;4.77;0.0;0.0;55.0;8.0;88;Low;0.15
16/02/2026;03:00:00;0.976;0.204;241.06;4.05;0.0;0.0;55.0;7.7;87;Low;0.15
16/02/2026;04:00:00;1.007;0.152;239.19;4.21;0.0;0.0;55.0;7.4;85;Low;0.15
16/02/2026;05:00:00;1.31;0.256;237.1;5.52;0.0;0.0;55.0;7.0;84;Low;0.15
16/02/2026;06:00:00;2.189;0.431;237.7;9.21;0.0;0.0;55.0;6.8;84;Medium;0.5
16/02/2026;07:00:00;2.777;0.384;235.89;11.77;0.0;3.5;55.0;6.5;82;Medium;0.5
16/02/2026;08:00:00;3.047;0.332;240.39;12.67;0.0;7.4;55.0;7.2;82;Medium;0.5
16/02/2026;09:00:00;2.777;0.441;237.59;11.69;0.0;18.3;55.0;6.9;84;Medium;0.5
16/02/2026;10:00:00;1.667;0.21;238.61;6.99;0.0;0.0;55.0;7.0;82;Low;0.15
16/02/2026;11:00:00;1.398;0.089;239.64;5.83;0.0;0.0;55.0;7.4;80;Low;0.15
16/02/2026;12:00:00;1.194;0.136;242.92;4.92;0.0;0.0;55.0;7.6;79;Low;0.15
16/02/2026;13:00:00;1.011;0.221;242.6;4.17;0.0;0.0;55.0;8.7;72;Low;0.15
16/02/2026;14:00:00;1.15;0.067;239.85;4.8;0.0;0.0;55.0;9.0;65;Low;0.15
16/02/2026;15:00:00;0.973;0.164;243.54;4.0;0.0;0.0;55.0;9.7;61;Low;0.15
16/02/2026;16:00:00;1.394;0.269;234.37;5.95;0.0;0.0;55.0;10.1;55;Low;0.15
16/02/2026;17:00:00;2.056;0.329;245.26;8.38;0.0;0.0;55.0;9.4;60;Medium;0.5
16/02/2026;18:00:00;2.988;0.439;241.94;12.35;4.6;0.0;55.0;8.7;63;High;0.85
16/02/2026;19:00:00;3.784;0.644;240.29;15.75;5.4;0.0;55.0;7.0;76;High;0.85
16/02/2026;20:00:00;6.045;0.743;237.5;25.45;7.1;0.0;55.0;7.2;80;High;0.85
16/02/2026;21:00:00;3.902;0.256;238.77;16.34;3.1;0.0;55.0;7.1;79;High;0.85
16/02/2026;22:00:00;3.022;0.645;241.71;12.5;0.0;0.0;55.0;6.9;78;High;0.85
16/02/2026;23:00:00;2.114;0.261;241.77;8.74;0.0;0.0;55.0;6.9;77;Medium;0.5
17/02/2026;00:00:00;1.276;0.208;241.87;5.28;0.0;0.0;55.0;6.5;78;Low;0.15
17/02/2026;01:00:00;1.137;0.16;237.96;4.78;0.0;0.0;55.0;6.1;80;Low;0.15
17/02/2026;02:00:00;1.263;0.075;237.4;5.32;0.0;0.0;55.0;6.5;85;Low;0.15
17/02/2026;03:00:00;1.355;0.287;240.55;5.63;0.0;0.0;55.0;6.4;86;Low;0.15
17/02/2026;04:00:00;1.187;0.219;242.16;4.9;0.0;0.0;55.0;6.4;86;Low;0.15
17/02/2026;05:00:00;1.477;0.111;240.01;6.15;0.0;0.0;55.0;6.4;86;Low;0.15
17/02/2026;06:00:00;2.055;0.446;244.15;8.42;0.0;0.0;55.0;5.9;87;Medium;0.5
17/02/2026;07:00:00;2.908;0.51;240.09;12.11;0.0;17.2;55.0;5.9;88;Medium;0.5
17/02/2026;08:00:00;3.197;0.417;240.0;13.32;0.0;2.0;55.0;5.8;91;Medium;0.5
17/02/2026;09:00:00;2.91;0.448;241.88;12.03;0.0;2.5;55.0;5.4;90;Medium;0.5
17/02/2026;10:00:00;1.867;0.127;243.41;7.67;0.0;0.0;55.0;5.5;88;Low;0.15
17/02/2026;11:00:00;1.273;0.185;236.22;5.39;0.0;0.0;55.0;5.9;73;Low;0.15
17/02/2026;12:00:00;1.278;0.08;236.87;5.4;0.0;0.0;55.0;6.4;64;Low;0.15
17/02/2026;13:00:00;0.948;0.135;239.12;3.96;0.0;0.0;55.0;7.0;58;Low;0.15
17/02/2026;14:00:00;1.132;0.163;248.85;4.55;0.0;0.0;55.0;7.1;53;Low;0.15
17/02/2026;15:00:00;1.324;0.263;239.27;5.53;0.0;0.0;55.0;7.3;51;Low;0.15
17/02/2026;16:00:00;1.438;0.249;239.66;6.0;0.0;0.0;55.0;7.8;47;Low;0.15
17/02/2026;17:00:00;4.331;0.4;241.73;17.92;0.0;0.0;55.0;7.8;47;Medium;0.5
17/02/2026;18:00:00;3.202;0.644;242.74;13.19;7.5;0.0;55.0;7.4;50;High;0.85
17/02/2026;19:00:00;3.804;0.561;240.48;15.82;21.1;0.0;55.0;5.6;67;High;0.85
17/02/2026;20:00:00;4.166;0.638;243.26;17.13;20.7;0.0;55.0;5.4;66;High;0.85
17/02/2026;21:00:00;3.937;0.31;236.66;16.63;9.8;0.0;55.0;4.4;70;High;0.85
17/02/2026;22:00:00;3.145;0.616;237.85;13.22;0.0;0.0;55.0;4.0;77;High;0.85
17/02/2026;23:00:00;2.252;0.469;243.25;9.26;0.0;0.0;55.0;4.3;77;Medium;0.5
18/02/2026;00:00:00;1.26;0.229;240.03;5.25;0.0;0.0;55.0;4.1;75;Low;0.15
18/02/2026;01:00:00;1.131;0.237;236.47;4.78;0.0;0.0;55.0;3.8;77;Low;0.15
18/02/2026;02:00:00;1.298;0.132;236.3;5.49;0.0;0.0;55.0;4.5;74;Low;0.15
18/02/2026;03:00:00;1.286;0.253;237.73;5.41;0.0;0.0;55.0;4.3;74;Low;0.15
18/02/2026;04:00:00;1.216;0.162;240.01;5.07;0.0;0.0;55.0;3.8;80;Low;0.15
18/02/2026;05:00:00;1.629;0.127;241.31;6.75;0.0;0.0;55.0;3.4;87;Low;0.15
18/02/2026;06:00:00;2.391;0.391;239.08;10.0;0.0;0.0;55.0;3.4;93;Medium;0.5
18/02/2026;07:00:00;2.987;0.497;241.08;12.39;0.0;18.5;55.0;3.7;93;Medium;0.5
18/02/2026;08:00:00;3.283;0.324;238.78;13.75;0.0;14.0;55.0;3.5;95;Medium;0.5
18/02/2026;09:00:00;3.077;0.168;243.43;12.64;0.0;3.4;55.0;2.8;98;Medium;0.5
18/02/2026;10:00:00;2.155;0.181;247.15;8.72;0.0;0.0;55.0;2.9;97;Low;0.15
18/02/2026;11:00:00;1.625;0.192;238.9;6.8;0.0;0.0;55.0;3.3;95;Low;0.15
18/02/2026;12:00:00;1.283;0.101;241.34;5.32;0.0;0.0;55.0;4.1;93;Low;0.15
18/02/2026;13:00:00;1.344;0.112;241.12;5.57;0.0;0.0;55.0;4.3;94;Low;0.15
18/02/2026;14:00:00;1.433;0.167;240.39;5.96;0.0;0.0;55.0;4.6;93;Low;0.15
18/02/2026;15:00:00;1.266;0.27;241.83;5.24;0.0;0.0;55.0;5.7;90;Low;0.15
18/02/2026;16:00:00;1.707;0.307;241.34;7.07;0.0;0.0;55.0;6.5;90;Low;0.15
18/02/2026;17:00:00;2.168;0.226;238.68;9.08;0.0;0.0;55.0;6.4;93;Medium;0.5
18/02/2026;18:00:00;3.168;0.671;243.69;13.0;18.7;0.0;55.0;6.3;97;High;0.85
18/02/2026;19:00:00;3.724;0.595;240.56;15.48;5.1;0.0;55.0;6.9;97;High;0.85
18/02/2026;20:00:00;4.03;0.514;238.92;16.87;24.0;0.0;55.0;8.0;97;High;0.85
18/02/2026;21:00:00;3.527;0.457;246.84;14.29;19.8;0.0;55.0;8.4;95;High;0.85
18/02/2026;22:00:00;2.973;0.356;239.67;12.4;0.0;0.0;55.0;8.6;95;High;0.85
18/02/2026;23:00:00;1.979;0.177;240.71;8.22;0.0;0.0;55.0;8.6;95;Medium;0.5
19/02/2026;00:00:00;1.066;0.123;240.49;4.43;0.0;0.0;55.0;8.5;93;Low;0.15
19/02/2026;01:00:00;1.146;0.16;239.64;4.78;0.0;0.0;55.0;8.6;92;Low;0.15
19/02/2026;02:00:00;1.148;0.16;241.26;4.76;0.0;0.0;55.0;8.0;92;Low;0.15
19/02/2026;03:00:00;0.852;0.153;237.63;3.58;0.0;0.0;55.0;8.0;94;Low;0.15
19/02/2026;04:00:00;1.377;0.153;241.67;5.7;0.0;0.0;55.0;7.3;95;Low;0.15
19/02/2026;05:00:00;1.414;0.243;235.08;6.02;0.0;0.0;55.0;6.8;95;Low;0.15
19/02/2026;06:00:00;2.056;0.305;236.37;8.7;0.0;0.0;55.0;6.5;95;Medium;0.5
19/02/2026;07:00:00;2.83;0.604;245.11;11.55;0.0;7.9;55.0;6.2;95;Medium;0.5
19/02/2026;08:00:00;3.183;0.368;236.48;13.46;0.0;4.1;55.0;6.0;96;Medium;0.5
19/02/2026;09:00:00;2.724;0.553;234.51;11.61;0.0;4.9;55.0;6.6;95;Medium;0.5
19/02/2026;10:00:00;1.849;0.35;236.55;7.82;0.0;0.0;55.0;7.2;94;Low;0.15
19/02/2026;11:00:00;1.252;0.198;244.87;5.11;0.0;0.0;55.0;8.0;92;Low;0.15
19/02/2026;12:00:00;1.067;0.172;234.98;4.54;0.0;0.0;55.0;8.4;89;Low;0.15
19/02/2026;13:00:00;1.008;0.065;237.32;4.25;0.0;0.0;55.0;8.3;88;Low;0.15
19/02/2026;14:00:00;1.002;0.212;235.92;4.25;0.0;0.0;55.0;7.4;95;Low;0.15
19/02/2026;15:00:00;1.119;0.076;239.23;4.68;0.0;0.0;55.0;9.4;87;Low;0.15
19/02/2026;16:00:00;1.334;0.194;238.78;5.59;0.0;0.0;55.0;10.2;79;Low;0.15
19/02/2026;17:00:00;1.996;0.212;238.65;8.36;0.0;0.0;55.0;11.0;72;Medium;0.5
19/02/2026;18:00:00;3.079;0.379;245.2;12.56;22.7;0.0;55.0;9.1;85;High;0.85
19/02/2026;19:00:00;3.71;0.57;236.64;15.68;18.8;0.0;55.0;8.8;87;High;0.85
19/02/2026;20:00:00;3.924;0.803;239.71;16.37;0.6;0.0;55.0;8.5;86;High;0.85
19/02/2026;21:00:00;3.797;0.485;240.95;15.76;20.3;0.0;55.0;8.2;88;High;0.85
19/02/2026;22:00:00;2.927;0.638;237.26;12.34;0.0;0.0;55.0;8.0;90;High;0.85
19/02/2026;23:00:00;2.052;0.309;241.36;8.5;0.0;0.0;55.0;7.7;90;Medium;0.5
20/02/2026;00:00:00;1.022;0.079;238.88;4.28;0.0;0.0;55.0;7.4;89;Low;0.15
20/02/2026;01:00:00;1.251;0.103;241.05;5.19;0.0;0.0;55.0;7.0;87;Low;0.15
20/02/2026;02:00:00;1.243;0.214;239.7;5.19;0.0;0.0;55.0;6.9;87;Low;0.15
20/02/2026;03:00:00;1.222;0.072;234.26;5.22;0.0;0.0;55.0;6.6;85;Low;0.15
20/02/2026;04:00:00;1.346;0.177;243.66;5.53;0.0;0.0;55.0;6.2;83;Low;0.15
20/02/2026;05:00:00;1.339;0.101;245.8;5.45;0.0;0.0;55.0;6.1;80;Low;0.15
20/02/2026;06:00:00;2.205;0.273;239.51;9.21;0.0;0.0;55.0;5.9;80;Medium;0.5
20/02/2026;07:00:00;2.826;0.502;237.49;11.9;0.0;11.9;55.0;5.8;82;Medium;0.5
20/02/2026;08:00:00;3.25;0.416;244.22;13.31;0.0;17.9;55.0;6.0;83;Medium;0.5
20/02/2026;09:00:00;2.857;0.222;245.29;11.65;0.0;3.1;55.0;5.3;87;Medium;0.5
20/02/2026;10:00:00;1.881;0.175;239.53;7.85;0.0;0.0;55.0;5.7;86;Low;0.15
20/02/2026;11:00:00;1.439;0.162;239.39;6.01;0.0;0.0;55.0;6.8;84;Low;0.15
20/02/2026;12:00:00;1.189;0.074;239.78;4.96;0.0;0.0;55.0;8.5;81;Low;0.15
20/02/2026;13:00:00;0.931;0.139;235.31;3.96;0.0;0.0;55.0;9.6;73;Low;0.15
20/02/2026;14:00:00;2.966;0.455;239.18;12.4;0.0;0.0;55.0;10.3;62;Low;0.15
20/02/2026;15:00:00;0.884;0.054;244.8;3.61;0.0;0.0;55.0;11.3;61;Low;0.15
20/02/2026;16:00:00;0.977;0.116;239.53;4.08;0.0;0.0;55.0;11.0;63;Low;0.15
20/02/2026;17:00:00;1.976;0.238;237.09;8.34;0.0;0.0;55.0;10.8;68;Medium;0.5
20/02/2026;18:00:00;2.932;0.313;241.39;12.15;6.5;0.0;55.0;11.2;67;High;0.85
20/02/2026;19:00:00;3.614;0.523;238.13;15.18;21.1;0.0;55.0;10.3;71;High;0.85
20/02/2026;20:00:00;3.705;0.403;239.81;15.45;18.4;0.0;55.0;9.8;77;High;0.85
20/02/2026;21:00:00;3.564;0.431;236.45;15.07;22.1;0.0;55.0;10.1;78;High;0.85
20/02/2026;22:00:00;2.697;0.501;237.1;11.38;0.0;0.0;55.0;10.4;79;High;0.85
20/02/2026;23:00:00;2.129;0.165;242.07;8.8;0.0;0.0;55.0;10.2;81;Medium;0.5
21/02/2026;00:00:00;0.872;0.135;240.32;3.63;0.0;0.0;55.0;9.7;88;Low;0.15
21/02/2026;01:00:00;1.1;0.15;237.83;4.63;0.0;0.0;55.0;9.8;87;Low;0.15
21/02/2026;02:00:00;1.052;0.107;240.33;4.38;0.0;0.0;55.0;10.1;87;Low;0.15
21/02/2026;03:00:00;0.868;0.151;238.3;3.64;0.0;0.0;55.0;10.2;87;Low;0.15
21/02/2026;04:00:00;0.911;0.131;237.81;3.83;0.0;0.0;55.0;9.9;89;Low;0.15
21/02/2026;05:00:00;1.274;0.167;243.26;5.24;0.0;0.0;55.0;9.8;90;Low;0.15
21/02/2026;06:00:00;1.962;0.321;242.19;8.1;0.0;0.0;55.0;9.7;89;Medium;0.5
21/02/2026;07:00:00;2.819;0.525;239.94;11.75;0.0;8.3;55.0;9.7;89;Medium;0.5
21/02/2026;08:00:00;3.12;0.672;240.4;12.98;0.0;12.9;55.0;10.2;90;Medium;0.5
21/02/2026;09:00:00;2.57;0.404;239.98;10.71;0.0;3.1;55.0;10.7;90;Medium;0.5
21/02/2026;10:00:00;1.752;0.348;241.36;7.26;0.0;0.0;55.0;10.9;87;Medium;0.5
21/02/2026;11:00:00;1.703;0.085;237.76;7.16;0.0;0.0;55.0;11.2;84;High;0.85
21/02/2026;12:00:00;1.344;0.188;242.42;5.54;0.0;0.0;55.0;12.4;76;High;0.85
21/02/2026;13:00:00;1.248;0.108;240.99;5.18;0.0;0.0;55.0;13.3;67;High;0.85
21/02/2026;14:00:00;1.33;0.088;239.26;5.56;0.0;0.0;55.0;14.3;65;High;0.85
21/02/2026;15:00:00;1.45;0.204;238.63;6.08;0.0;0.0;55.0;14.6;65;High;0.85
21/02/2026;16:00:00;1.271;0.225;242.36;5.25;0.0;0.0;55.0;15.1;59;Medium;0.5
21/02/2026;17:00:00;1.787;0.215;239.58;7.46;0.0;0.0;55.0;15.6;57;Medium;0.5
21/02/2026;18:00:00;2.912;0.477;238.04;12.23;12.5;0.0;55.0;15.2;62;High;0.85
21/02/2026;19:00:00;3.553;0.474;238.92;14.87;8.7;0.0;55.0;13.9;72;High;0.85
21/02/2026;20:00:00;4.09;0.508;242.15;16.89;12.6;0.0;55.0;13.0;82;High;0.85
21/02/2026;21:00:00;3.816;0.379;235.49;16.21;18.9;0.0;55.0;12.7;84;High;0.85
21/02/2026;22:00:00;3.068;0.353;239.0;12.83;0.0;0.0;55.0;12.7;86;High;0.85
21/02/2026;23:00:00;1.771;0.194;243.0;7.29;0.0;0.0;55.0;12.6;87;Medium;0.5
22/02/2026;00:00:00;0.736;0.118;239.53;3.07;0.0;0.0;55.0;12.5;87;Low;0.15
22/02/2026;01:00:00;0.731;0.051;240.76;3.03;0.0;0.0;55.0;12.4;88;Low;0.15
22/02/2026;02:00:00;0.841;0.055;243.04;3.46;0.0;0.0;55.0;12.2;91;Low;0.15
22/02/2026;03:00:00;0.892;0.145;242.5;3.68;0.0;0.0;55.0;12.1;90;Low;0.15
22/02/2026;04:00:00;1.054;0.151;238.77;4.41;0.0;0.0;55.0;11.9;91;Low;0.15
22/02/2026;05:00:00;1.07;0.132;239.63;4.46;0.0;0.0;55.0;11.8;91;Low;0.15
22/02/2026;06:00:00;1.871;0.142;242.53;7.71;0.0;0.0;55.0;11.8;91;Medium;0.5
22/02/2026;07:00:00;2.797;0.335;242.63;11.53;0.0;2.9;55.0;11.8;90;Medium;0.5
22/02/2026;08:00:00;3.108;0.573;239.75;12.96;0.0;0.5;55.0;11.7;92;Medium;0.5
22/02/2026;09:00:00;2.833;0.57;239.85;11.81;0.0;11.3;55.0;11.4;92;Medium;0.5
22/02/2026;10:00:00;1.974;0.334;240.75;8.2;0.0;0.0;55.0;11.4;91;Medium;0.5
22/02/2026;11:00:00;1.528;0.092;243.83;6.27;0.0;0.0;55.0;11.8;90;High;0.85
22/02/2026;12:00:00;1.285;0.211;242.99;5.29;0.0;0.0;55.0;12.1;87;High;0.85
22/02/2026;13:00:00;1.22;0.111;241.94;5.04;0.0;0.0;55.0;12.1;84;High;0.85
22/02/2026;14:00:00;1.369;0.142;236.98;5.78;0.0;0.0;55.0;13.6;76;High;0.85
22/02/2026;15:00:00;1.518;0.126;239.23;6.34;0.0;0.0;55.0;13.5;77;High;0.85
22/02/2026;16:00:00;1.561;0.284;239.38;6.52;0.0;0.0;55.0;13.7;75;Medium;0.5
22/02/2026;17:00:00;2.007;0.322;243.97;8.23;0.0;0.0;55.0;13.3;74;Medium;0.5
22/02/2026;18:00:00;3.152;0.485;239.33;13.17;23.2;0.0;55.0;12.1;82;High;0.85
22/02/2026;19:00:00;3.799;0.621;243.51;15.6;19.0;0.0;55.0;11.1;88;High;0.85
22/02/2026;20:00:00;4.078;0.368;238.4;17.1;18.1;0.0;55.0;10.9;91;High;0.85
22/02/2026;21:00:00;3.96;0.497;238.63;16.6;1.1;0.0;55.0;10.8;91;High;0.85
22/02/2026;22:00:00;3.149;0.496;241.35;13.05;0.0;0.0;55.0;10.9;89;High;0.85
22/02/2026;23:00:00;2.072;0.328;244.39;8.48;0.0;0.0;55.0;11.0;87;Medium;0.5
23/02/2026;00:00:00;0.941;0.174;239.41;3.93;0.0;0.0;55.0;11.0;87;Low;0.15
23/02/2026;01:00:00;0.929;0.092;232.82;3.99;0.0;0.0;55.0;11.1;86;Low;0.15
23/02/2026;02:00:00;1.025;0.186;235.62;4.35;0.0;0.0;55.0;11.1;88;Low;0.15
23/02/2026;03:00:00;1.039;0.13;240.83;4.31;0.0;0.0;55.0;11.0;87;Low;0.15
23/02/2026;04:00:00;1.023;0.168;235.87;4.34;0.0;0.0;55.0;10.7;89;Low;0.15
23/02/2026;05:00:00;1.223;0.156;237.58;5.15;0.0;0.0;55.0;10.9;89;Low;0.15
23/02/2026;06:00:00;1.921;0.406;240.03;8.0;0.0;0.0;55.0;10.9;90;Medium;0.5
23/02/2026;07:00:00;2.492;0.201;233.14;10.69;0.0;12.7;55.0;10.8;87;Medium;0.5
23/02/2026;08:00:00;2.965;0.488;238.94;12.41;0.0;12.7;55.0;10.6;84;Medium;0.5
23/02/2026;09:00:00;2.477;0.367;236.74;10.46;0.0;13.4;55.0;9.5;89;Medium;0.5
23/02/2026;10:00:00;1.773;0.141;235.8;7.52;0.0;0.0;55.0;9.9;88;Low;0.15
23/02/2026;11:00:00;0.989;0.061;237.75;4.16;0.0;0.0;55.0;11.4;84;Low;0.15
23/02/2026;12:00:00;0.878;0.163;237.01;3.71;0.0;0.0;55.0;12.7;76;Low;0.15
23/02/2026;13:00:00;0.668;0.051;241.31;2.77;0.0;0.0;55.0;13.7;66;Low;0.15
23/02/2026;14:00:00;0.811;0.066;243.35;3.33;0.0;0.0;55.0;13.9;64;Low;0.15
23/02/2026;15:00:00;0.795;0.172;238.98;3.32;0.0;0.0;55.0;14.5;62;Low;0.15
23/02/2026;16:00:00;0.84;0.144;238.33;3.52;0.0;0.0;55.0;14.8;59;Low;0.15
23/02/2026;17:00:00;1.758;0.163;238.84;7.36;0.0;0.0;55.0;14.8;56;Medium;0.5
23/02/2026;18:00:00;2.627;0.395;236.9;11.09;12.8;0.0;55.0;14.3;61;High;0.85
23/02/2026;19:00:00;3.502;0.493;236.39;14.81;16.2;0.0;55.0;13.2;67;High;0.85
23/02/2026;20:00:00;3.738;0.723;235.39;15.88;3.2;0.0;55.0;12.5;76;High;0.85
23/02/2026;21:00:00;3.489;0.607;236.28;14.77;16.9;0.0;55.0;12.6;77;High;0.85
23/02/2026;22:00:00;2.715;0.52;244.57;11.1;0.0;0.0;55.0;12.2;77;High;0.85
23/02/2026;23:00:00;1.807;0.155;238.07;7.59;0.0;0.0;55.0;12.3;78;Medium;0.5
24/02/2026;00:00:00;0.809;0.128;231.76;3.49;0.0;0.0;55.0;11.8;84;Low;0.15
24/02/2026;01:00:00;0.958;0.054;238.36;4.02;0.0;0.0;55.0;11.5;89;Low;0.15
24/02/2026;02:00:00;1.029;0.063;235.55;4.37;0.0;0.0;55.0;11.7;91;Low;0.15
24/02/2026;03:00:00;0.763;0.131;240.17;3.18;0.0;0.0;55.0;12.1;90;Low;0.15
24/02/2026;04:00:00;0.987;0.053;239.86;4.11;0.0;0.0;55.0;12.2;91;Low;0.15
24/02/2026;05:00:00;0.844;0.125;240.16;3.51;0.0;0.0;55.0;12.2;91;Low;0.15
24/02/2026;06:00:00;1.678;0.324;239.89;7.0;0.0;0.0;55.0;12.1;92;Medium;0.5
24/02/2026;07:00:00;2.376;0.272;238.96;9.94;0.0;1.4;55.0;11.9;93;Medium;0.5
24/02/2026;08:00:00;2.676;0.154;235.92;11.34;0.0;0.1;55.0;11.9;94;Medium;0.5
24/02/2026;09:00:00;2.32;0.398;239.79;9.67;0.0;15.3;55.0;11.8;95;Medium;0.5
24/02/2026;10:00:00;1.589;0.331;242.85;6.54;0.0;0.0;55.0;11.9;95;Low;0.15
24/02/2026;11:00:00;1.039;0.179;245.08;4.24;0.0;0.0;55.0;12.2;94;Low;0.15
24/02/2026;12:00:00;0.882;0.131;239.33;3.68;0.0;0.0;55.0;12.8;88;Low;0.15
24/02/2026;13:00:00;0.821;0.073;239.64;3.43;0.0;0.0;55.0;13.7;83;Low;0.15
24/02/2026;14:00:00;0.752;0.04;241.4;3.12;0.0;0.0;55.0;14.4;75;Low;0.15
24/02/2026;15:00:00;4.346;0.73;244.18;17.8;0.0;0.0;55.0;14.8;72;Low;0.15
24/02/2026;16:00:00;0.98;0.088;238.64;4.11;0.0;0.0;55.0;15.3;70;Low;0.15
24/02/2026;17:00:00;1.585;0.311;241.94;6.55;0.0;0.0;55.0;15.4;71;Medium;0.5
24/02/2026;18:00:00;2.749;0.355;237.7;11.56;10.9;0.0;55.0;15.0;73;High;0.85
24/02/2026;19:00:00;3.301;0.463;240.92;13.7;20.5;0.0;55.0;14.1;79;High;0.85
24/02/2026;20:00:00;3.656;0.651;242.72;15.06;18.3;0.0;55.0;12.3;86;High;0.85
24/02/2026;21:00:00;3.468;0.633;236.39;14.67;24.4;0.0;55.0;12.0;86;High;0.85
24/02/2026;22:00:00;2.768;0.441;238.53;11.6;0.0;0.0;55.0;11.4;87;High;0.85
24/02/2026;23:00:00;1.914;0.401;242.67;7.89;0.0;0.0;55.0;10.8;88;Medium;0.5
25/02/2026;00:00:00;0.979;0.212;241.73;4.05;0.0;0.0;55.0;10.3;89;Low;0.15
25/02/2026;01:00:00;1.003;0.212;242.9;4.13;0.0;0.0;55.0;9.9;91;Low;0.15
25/02/2026;02:00:00;0.891;0.169;242.38;3.68;0.0;0.0;55.0;9.7;91;Low;0.15
25/02/2026;03:00:00;0.974;0.166;239.04;4.08;0.0;0.0;55.0;9.1;93;Low;0.15
25/02/2026;04:00:00;1.202;0.196;246.16;4.89;0.0;0.0;55.0;8.6;93;Low;0.15
25/02/2026;05:00:00;3.362;0.227;240.38;13.99;0.0;0.0;55.0;8.0;95;Low;0.15
25/02/2026;06:00:00;2.275;0.219;231.44;9.83;0.0;0.0;55.0;7.6;95;Medium;0.5
25/02/2026;07:00:00;2.872;0.146;239.21;12.01;0.0;4.8;55.0;7.2;96;Medium;0.5
25/02/2026;08:00:00;3.195;0.234;238.69;13.39;0.0;1.8;55.0;7.4;96;Medium;0.5
25/02/2026;09:00:00;2.633;0.328;242.23;10.87;0.0;2.2;55.0;6.9;96;Medium;0.5
25/02/2026;10:00:00;1.858;0.139;238.74;7.78;0.0;0.0;55.0;8.0;95;Low;0.15
25/02/2026;11:00:00;1.205;0.245;243.08;4.96;0.0;0.0;55.0;9.7;91;Low;0.15
25/02/2026;12:00:00;0.861;0.161;241.56;3.56;0.0;0.0;55.0;11.6;88;Low;0.15
25/02/2026;13:00:00;0.763;0.047;237.2;3.22;0.0;0.0;55.0;13.8;82;Low;0.15
25/02/2026;14:00:00;0.784;0.072;239.61;3.27;0.0;0.0;55.0;16.0;74;Low;0.15
25/02/2026;15:00:00;0.818;0.155;237.83;3.44;0.0;0.0;55.0;17.6;69;Low;0.15
25/02/2026;16:00:00;0.899;0.168;240.52;3.74;0.0;0.0;55.0;18.6;67;Low;0.15
25/02/2026;17:00:00;1.778;0.375;237.81;7.48;0.0;0.0;55.0;18.9;66;Medium;0.5
25/02/2026;18:00:00;2.579;0.566;240.21;10.74;16.1;0.0;55.0;18.6;70;High;0.85
25/02/2026;19:00:00;3.327;0.719;239.24;13.91;16.9;0.0;55.0;16.8;76;High;0.85
25/02/2026;20:00:00;3.557;0.426;239.57;14.85;13.8;0.0;55.0;15.7;75;High;0.85
25/02/2026;21:00:00;3.29;0.304;245.74;13.39;5.3;0.0;55.0;14.9;75;High;0.85
25/02/2026;22:00:00;2.78;0.497;238.99;11.63;0.0;0.0;55.0;14.0;78;High;0.85
25/02/2026;23:00:00;1.708;0.172;234.58;7.28;0.0;0.0;55.0;13.2;79;Medium;0.5
26/02/2026;00:00:00;1.019;0.191;242.84;4.2;0.0;0.0;55.0;12.3;81;Low;0.15
26/02/2026;01:00:00;0.66;0.093;242.82;2.72;0.0;0.0;55.0;12.0;78;Low;0.15
26/02/2026;02:00:00;0.753;0.139;234.46;3.21;0.0;0.0;55.0;12.5;76;Low;0.15
26/02/2026;03:00:00;0.898;0.087;238.04;3.77;0.0;0.0;55.0;11.8;78;Low;0.15
26/02/2026;04:00:00;1.003;0.137;241.22;4.16;0.0;0.0;55.0;11.1;81;Low;0.15
26/02/2026;05:00:00;1.165;0.17;241.47;4.82;0.0;0.0;55.0;10.3;84;Low;0.15
26/02/2026;06:00:00;3.924;0.825;239.99;16.35;0.0;0.0;55.0;9.9;86;Medium;0.5
26/02/2026;07:00:00;2.657;0.253;240.05;11.07;0.0;19.3;55.0;9.5;87;Medium;0.5
26/02/2026;08:00:00;2.92;0.611;237.37;12.3;0.0;6.9;55.0;9.7;87;Medium;0.5
26/02/2026;09:00:00;2.768;0.517;233.28;11.86;0.0;19.7;55.0;9.3;88;Medium;0.5
26/02/2026;10:00:00;1.733;0.302;245.74;7.05;0.0;0.0;55.0;10.2;87;Low;0.15
26/02/2026;11:00:00;1.16;0.213;237.29;4.89;0.0;0.0;55.0;12.0;82;Low;0.15
26/02/2026;12:00:00;0.687;0.105;240.49;2.86;0.0;0.0;55.0;13.8;76;Low;0.15
26/02/2026;13:00:00;0.666;0.061;239.56;2.78;0.0;0.0;55.0;15.4;71;Low;0.15
26/02/2026;14:00:00;0.66;0.054;242.51;2.72;0.0;0.0;55.0;16.6;67;Low;0.15
26/02/2026;15:00:00;0.667;0.132;240.32;2.78;0.0;0.0;55.0;17.5;62;Low;0.15
26/02/2026;16:00:00;1.023;0.177;240.43;4.26;0.0;0.0;55.0;17.9;59;Low;0.15
26/02/2026;17:00:00;1.65;0.142;232.62;7.09;0.0;0.0;55.0;17.6;59;Medium;0.5
26/02/2026;18:00:00;2.709;0.419;237.67;11.4;0.2;0.0;55.0;16.8;64;High;0.85
26/02/2026;19:00:00;3.198;0.403;242.08;13.21;6.5;0.0;55.0;15.4;70;High;0.85
26/02/2026;20:00:00;3.801;0.293;241.83;15.72;13.7;0.0;55.0;14.3;75;High;0.85
26/02/2026;21:00:00;3.312;0.465;237.34;13.95;23.5;0.0;55.0;13.4;79;High;0.85
26/02/2026;22:00:00;2.803;0.274;235.58;11.9;0.0;0.0;55.0;12.7;82;High;0.85
26/02/2026;23:00:00;1.951;0.129;240.35;8.12;0.0;0.0;55.0;12.2;83;Medium;0.5
27/02/2026;00:00:00;0.791;0.102;231.86;3.41;0.0;0.0;55.0;11.9;84;Low;0.15
27/02/2026;01:00:00;0.958;0.144;236.78;4.04;0.0;0.0;55.0;11.5;85;Low;0.15
27/02/2026;02:00:00;0.786;0.046;244.93;3.21;0.0;0.0;55.0;10.9;87;Low;0.15
27/02/2026;03:00:00;1.09;0.129;244.05;4.47;0.0;0.0;55.0;10.4;88;Low;0.15
27/02/2026;04:00:00;1.0;0.094;241.36;4.15;0.0;0.0;55.0;10.2;88;Low;0.15
27/02/2026;05:00:00;1.127;0.062;240.86;4.68;0.0;0.0;55.0;10.1;89;Low;0.15
27/02/2026;06:00:00;1.894;0.135;234.54;8.08;0.0;0.0;55.0;10.0;89;Medium;0.5
27/02/2026;07:00:00;2.685;0.198;237.93;11.29;0.0;10.1;55.0;9.7;89;Medium;0.5
27/02/2026;08:00:00;2.855;0.231;239.17;11.94;0.0;11.7;55.0;10.2;86;Medium;0.5
27/02/2026;09:00:00;2.523;0.471;237.99;10.6;0.0;11.1;55.0;9.8;87;Medium;0.5
27/02/2026;10:00:00;1.609;0.201;239.02;6.73;0.0;0.0;55.0;10.5;87;Low;0.15
27/02/2026;11:00:00;0.961;0.072;243.64;3.94;0.0;0.0;55.0;11.9;83;Low;0.15
27/02/2026;12:00:00;0.99;0.066;238.48;4.15;0.0;0.0;55.0;13.4;76;Low;0.15
27/02/2026;13:00:00;0.654;0.066;239.05;2.73;0.0;0.0;55.0;14.4;70;Low;0.15
27/02/2026;14:00:00;0.809;0.15;242.07;3.34;0.0;0.0;55.0;14.4;70;Low;0.15
27/02/2026;15:00:00;0.825;0.092;236.03;3.5;0.0;0.0;55.0;14.4;70;Low;0.15
27/02/2026;16:00:00;0.949;0.073;237.65;3.99;0.0;0.0;55.0;14.0;69;Low;0.15
27/02/2026;17:00:00;1.806;0.214;237.93;7.59;0.0;0.0;55.0;13.3;70;Medium;0.5
27/02/2026;18:00:00;2.884;0.416;240.16;12.01;9.7;0.0;55.0;12.3;79;High;0.85
27/02/2026;19:00:00;3.455;0.19;239.03;14.45;2.8;0.0;55.0;12.2;82;High;0.85
27/02/2026;20:00:00;3.833;0.601;239.12;16.03;3.2;0.0;55.0;12.9;79;High;0.85
27/02/2026;21:00:00;3.558;0.417;238.14;14.94;4.5;0.0;55.0;12.5;83;High;0.85
27/02/2026;22:00:00;2.909;0.15;237.0;12.27;0.0;0.0;55.0;12.1;88;High;0.85
27/02/2026;23:00:00;1.85;0.304;241.71;7.65;0.0;0.0;55.0;11.8;88;Medium;0.5
28/02/2026;00:00:00;0.777;0.133;239.05;3.25;0.0;0.0;55.0;11.3;87;Low;0.15
28/02/2026;01:00:00;0.871;0.137;241.73;3.6;0.0;0.0;55.0;10.5;87;Low;0.15
28/02/2026;02:00:00;0.941;0.102;236.89;3.97;0.0;0.0;55.0;10.7;84;Low;0.15
28/02/2026;03:00:00;0.989;0.138;238.14;4.15;0.0;0.0;55.0;10.6;83;Low;0.15
28/02/2026;04:00:00;0.795;0.092;239.38;3.32;0.0;0.0;55.0;10.1;82;Low;0.15
28/02/2026;05:00:00;1.232;0.208;239.64;5.14;0.0;0.0;55.0;9.9;83;Low;0.15
28/02/2026;06:00:00;2.063;0.308;242.11;8.52;0.0;0.0;55.0;9.7;82;Medium;0.5
28/02/2026;07:00:00;2.823;0.18;238.79;11.82;0.0;8.9;55.0;9.0;84;Medium;0.5
28/02/2026;08:00:00;3.381;0.539;242.09;13.97;0.0;19.8;55.0;8.8;83;Medium;0.5
28/02/2026;09:00:00;2.923;0.488;241.05;12.12;0.0;5.6;55.0;8.5;83;Medium;0.5
28/02/2026;10:00:00;2.232;0.252;239.7;9.31;0.0;0.0;55.0;8.8;81;Medium;0.5
28/02/2026;11:00:00;1.749;0.348;237.34;7.37;0.0;0.0;55.0;9.7;74;High;0.85
28/02/2026;12:00:00;1.602;0.31;242.12;6.62;0.0;0.0;55.0;10.6;65;High;0.85
28/02/2026;13:00:00;1.605;0.128;237.41;6.76;0.0;0.0;55.0;11.0;63;High;0.85
28/02/2026;14:00:00;1.548;0.315;239.94;6.45;0.0;0.0;55.0;11.7;60;High;0.85
28/02/2026;15:00:00;1.356;0.169;239.85;5.65;0.0;0.0;55.0;12.4;55;High;0.85
28/02/2026;16:00:00;1.429;0.247;239.42;5.97;0.0;0.0;55.0;12.4;53;Medium;0.5
28/02/2026;17:00:00;1.943;0.366;238.91;8.13;0.0;0.0;55.0;12.4;52;Medium;0.5
28/02/2026;18:00:00;3.084;0.419;237.7;12.98;7.0;0.0;55.0;12.1;54;High;0.85
28/02/2026;19:00:00;3.932;0.463;235.47;16.7;19.9;0.0;55.0;11.0;60;High;0.85
28/02/2026;20:00:00;4.194;0.862;243.93;17.19;21.3;0.0;55.0;9.5;73;High;0.85
28/02/2026;21:00:00;4.008;0.358;238.62;16.8;5.5;0.0;55.0;8.7;75;High;0.85
28/02/2026;22:00:00;3.092;0.29;239.64;12.9;0.0;0.0;55.0;7.8;79;High;0.85
28/02/2026;23:00:00;2.439;0.272;239.62;10.18;0.0;0.0;55.0;7.1;81;Medium;0.5
01/03/2026;00:00:00;1.109;0.218;243.07;4.56;0.0;0.0;55.0;6.7;81;Low;0.15
01/03/2026;01:00:00;1.184;0.248;245.41;4.83;0.0;0.0;55.0;6.4;81;Low;0.15
01/03/2026;02:00:00;1.166;0.102;240.45;4.85;0.0;0.0;55.0;6.1;81;Low;0.15
01/03/2026;03:00:00;1.349;0.265;239.56;5.63;0.0;0.0;55.0;5.6;84;Low;0.15
01/03/2026;04:00:00;1.011;0.095;236.85;4.27;0.0;0.0;55.0;5.4;86;Low;0.15
01/03/2026;05:00:00;1.519;0.327;235.96;6.44;0.0;0.0;55.0;5.1;88;Low;0.15
01/03/2026;06:00:00;2.33;0.353;235.03;9.91;0.0;0.0;55.0;4.8;90;Medium;0.5
01/03/2026;07:00:00;3.075;0.157;237.77;12.93;0.0;6.3;55.0;4.5;91;Medium;0.5
01/03/2026;08:00:00;3.683;0.205;234.15;15.73;0.0;7.2;55.0;4.5;92;Medium;0.5
01/03/2026;09:00:00;3.044;0.228;243.02;12.52;0.0;6.8;55.0;4.3;93;Medium;0.5
01/03/2026;10:00:00;2.376;0.195;241.18;9.85;0.0;0.0;55.0;5.5;92;Medium;0.5
01/03/2026;11:00:00;1.962;0.354;239.3;8.2;0.0;0.0;55.0;7.1;88;High;0.85
01/03/2026;12:00:00;1.73;0.152;243.11;7.12;0.0;0.0;55.0;9.0;82;High;0.85
01/03/2026;13:00:00;1.374;0.295;237.0;5.8;0.0;0.0;55.0;11.0;66;High;0.85
01/03/2026;14:00:00;1.338;0.212;237.7;5.63;0.0;0.0;55.0;11.8;62;High;0.85
01/03/2026;15:00:00;1.58;0.265;234.59;6.74;0.0;0.0;55.0;12.3;57;High;0.85
01/03/2026;16:00:00;1.491;0.13;242.17;6.16;0.0;0.0;55.0;12.5;55;Medium;0.5
01/03/2026;17:00:00;1.817;0.367;237.73;7.64;0.0;0.0;55.0;12.5;56;Medium;0.5
01/03/2026;18:00:00;2.976;0.487;240.04;12.4;11.4;0.0;55.0;12.2;59;High;0.85
01/03/2026;19:00:00;3.884;0.765;242.81;16.0;10.5;0.0;55.0;11.3;65;High;0.85
01/03/2026;20:00:00;4.325;0.92;243.84;17.74;2.4;0.0;55.0;10.1;72;High;0.85
01/03/2026;21:00:00;3.897;0.278;239.92;16.24;23.2;0.0;55.0;9.3;76;High;0.85
01/03/2026;22:00:00;2.96;0.197;241.08;12.28;0.0;0.0;55.0;8.5;79;High;0.85
01/03/2026;23:00:00;2.293;0.428;237.47;9.66;0.0;0.0;55.0;8.0;80;Medium;0.5
02/03/2026;00:00:00;0.984;0.194;244.71;4.02;0.0;0.0;55.0;7.6;78;Low;0.15
02/03/2026;01:00:00;0.929;0.139;239.53;3.88;0.0;0.0;55.0;7.2;78;Low;0.15
02/03/2026;02:00:00;0.836;0.094;240.22;3.48;0.0;0.0;55.0;7.4;79;Low;0.15
02/03/2026;03:00:00;1.224;0.197;238.86;5.13;0.0;0.0;55.0;7.1;79;Low;0.15
02/03/2026;04:00:00;1.216;0.124;243.36;5.0;0.0;0.0;55.0;6.8;79;Low;0.15
02/03/2026;05:00:00;1.386;0.125;240.56;5.76;0.0;0.0;55.0;6.4;81;Low;0.15
02/03/2026;06:00:00;2.303;0.306;242.13;9.51;0.0;0.0;55.0;6.0;83;Medium;0.5
02/03/2026;07:00:00;2.908;0.252;240.99;12.07;0.0;1.9;55.0;5.7;83;Medium;0.5
02/03/2026;08:00:00;3.321;0.439;239.38;13.87;0.0;3.9;55.0;6.1;83;Medium;0.5
02/03/2026;09:00:00;2.681;0.57;242.6;11.05;0.0;12.3;55.0;6.1;83;Medium;0.5
02/03/2026;10:00:00;1.838;0.354;240.97;7.63;0.0;0.0;55.0;7.0;81;Low;0.15
02/03/2026;11:00:00;1.109;0.233;237.31;4.67;0.0;0.0;55.0;8.7;76;Low;0.15
02/03/2026;12:00:00;0.953;0.178;237.23;4.02;0.0;0.0;55.0;10.6;71;Low;0.15
02/03/2026;13:00:00;0.805;0.089;240.42;3.35;0.0;0.0;55.0;12.4;67;Low;0.15
02/03/2026;14:00:00;0.752;0.141;242.54;3.1;0.0;0.0;55.0;15.0;59;Low;0.15
02/03/2026;15:00:00;0.773;0.16;244.59;3.16;0.0;0.0;55.0;16.1;54;Low;0.15
02/03/2026;16:00:00;1.05;0.221;235.02;4.47;0.0;0.0;55.0;16.5;50;Low;0.15
02/03/2026;17:00:00;1.775;0.295;240.07;7.39;0.0;0.0;55.0;16.6;49;Medium;0.5
02/03/2026;18:00:00;2.859;0.246;241.37;11.84;3.6;0.0;55.0;16.2;52;High;0.85
02/03/2026;19:00:00;3.316;0.188;240.83;13.77;8.5;0.0;55.0;14.3;63;High;0.85
02/03/2026;20:00:00;3.625;0.272;242.83;14.93;15.9;0.0;55.0;12.8;66;High;0.85
02/03/2026;21:00:00;3.516;0.753;241.84;14.54;18.5;0.0;55.0;11.9;70;High;0.85
02/03/2026;22:00:00;2.803;0.36;237.24;11.81;0.0;0.0;55.0;11.0;74;High;0.85
02/03/2026;23:00:00;2.152;0.42;237.16;9.08;0.0;0.0;55.0;10.0;77;Medium;0.5
03/03/2026;00:00:00;0.994;0.128;240.87;4.13;0.0;0.0;55.0;9.0;80;Low;0.15
03/03/2026;01:00:00;1.014;0.165;242.77;4.18;0.0;0.0;55.0;8.2;83;Low;0.15
03/03/2026;02:00:00;1.018;0.055;240.4;4.23;0.0;0.0;55.0;8.3;83;Low;0.15
03/03/2026;03:00:00;3.203;0.296;235.58;13.6;0.0;0.0;55.0;7.3;84;Low;0.15
03/03/2026;04:00:00;1.199;0.149;237.07;5.06;0.0;0.0;55.0;6.6;87;Low;0.15
03/03/2026;05:00:00;1.368;0.215;241.94;5.66;0.0;0.0;55.0;6.0;89;Low;0.15
03/03/2026;06:00:00;2.354;0.186;239.02;9.85;0.0;0.0;55.0;5.6;91;Medium;0.5
03/03/2026;07:00:00;2.801;0.504;240.33;11.65;0.0;16.0;55.0;5.0;93;Medium;0.5
03/03/2026;08:00:00;6.699;0.75;242.98;27.57;0.0;12.4;55.0;5.5;92;Medium;0.5
03/03/2026;09:00:00;2.933;0.554;236.63;12.4;0.0;14.6;55.0;5.3;93;Medium;0.5
03/03/2026;10:00:00;1.696;0.113;238.84;7.1;0.0;0.0;55.0;6.7;90;Low;0.15
03/03/2026;11:00:00;1.325;0.219;238.54;5.55;0.0;0.0;55.0;8.6;85;Low;0.15
03/03/2026;12:00:00;0.864;0.086;241.0;3.59;0.0;0.0;55.0;10.7;79;Low;0.15
03/03/2026;13:00:00;0.883;0.163;242.16;3.64;0.0;0.0;55.0;12.9;71;Low;0.15
03/03/2026;14:00:00;0.593;0.07;235.86;2.52;0.0;0.0;55.0;15.2;62;Low;0.15
03/03/2026;15:00:00;0.837;0.137;239.98;3.49;0.0;0.0;55.0;16.4;58;Low;0.15
03/03/2026;16:00:00;1.098;0.229;242.43;4.53;0.0;0.0;55.0;16.9;55;Low;0.15
03/03/2026;17:00:00;1.79;0.096;234.81;7.62;0.0;0.0;55.0;17.0;53;Medium;0.5
03/03/2026;18:00:00;2.668;0.138;239.82;11.13;23.9;0.0;55.0;16.6;55;High;0.85
03/03/2026;19:00:00;3.282;0.594;236.6;13.87;5.6;0.0;55.0;15.0;66;High;0.85
03/03/2026;20:00:00;3.626;0.58;238.2;15.22;3.0;0.0;55.0;13.4;70;High;0.85
03/03/2026;21:00:00;3.597;0.359;232.99;15.44;23.5;0.0;55.0;12.6;74;High;0.85
03/03/2026;22:00:00;2.771;0.371;243.9;11.36;0.0;0.0;55.0;11.7;76;High;0.85
03/03/2026;23:00:00;1.828;0.104;239.0;7.65;0.0;0.0;55.0;11.2;76;Medium;0.5
04/03/2026;00:00:00;0.987;0.082;237.74;4.15;0.0;0.0;55.0;10.7;77;Low;0.15
04/03/2026;01:00:00;0.889;0.109;240.92;3.69;0.0;0.0;55.0;9.9;79;Low;0.15
04/03/2026;02:00:00;0.916;0.176;237.08;3.86;0.0;0.0;55.0;9.2;81;Low;0.15
04/03/2026;03:00:00;0.945;0.124;236.82;3.99;0.0;0.0;55.0;8.0;83;Low;0.15
04/03/2026;04:00:00;1.131;0.169;244.23;4.63;0.0;0.0;55.0;7.2;86;Low;0.15
04/03/2026;05:00:00;1.394;0.277;245.06;5.69;0.0;0.0;55.0;6.5;88;Low;0.15
04/03/2026;06:00:00;2.182;0.224;238.34;9.16;0.0;0.0;55.0;6.1;89;Medium;0.5
04/03/2026;07:00:00;2.933;0.496;242.99;12.07;0.0;0.8;55.0;5.8;90;Medium;0.5
04/03/2026;08:00:00;3.218;0.632;241.0;13.35;0.0;18.5;55.0;6.0;90;Medium;0.5
04/03/2026;09:00:00;2.813;0.238;236.04;11.92;0.0;17.3;55.0;5.9;90;Medium;0.5
04/03/2026;10:00:00;1.804;0.199;237.4;7.6;0.0;0.0;55.0;7.3;88;Low;0.15
04/03/2026;11:00:00;1.286;0.278;244.34;5.26;0.0;0.0;55.0;9.3;81;Low;0.15
04/03/2026;12:00:00;1.043;0.227;236.0;4.42;0.0;0.0;55.0;11.6;72;Low;0.15
04/03/2026;13:00:00;0.759;0.067;246.39;3.08;0.0;0.0;55.0;13.8;66;Low;0.15
04/03/2026;14:00:00;0.643;0.039;238.4;2.7;0.0;0.0;55.0;16.6;57;Low;0.15
04/03/2026;15:00:00;0.669;0.064;244.43;2.74;0.0;0.0;55.0;17.7;48;Low;0.15
04/03/2026;16:00:00;0.843;0.099;239.14;3.52;0.0;0.0;55.0;17.8;41;Low;0.15
04/03/2026;17:00:00;1.771;0.221;242.24;7.31;0.0;0.0;55.0;17.5;40;Medium;0.5
04/03/2026;18:00:00;2.701;0.419;243.91;11.07;22.1;0.0;55.0;16.8;45;High;0.85
04/03/2026;19:00:00;3.369;0.684;243.89;13.81;0.3;0.0;55.0;14.9;55;High;0.85
04/03/2026;20:00:00;3.677;0.39;238.36;15.42;19.3;0.0;55.0;13.3;60;High;0.85
04/03/2026;21:00:00;3.602;0.701;237.6;15.16;18.8;0.0;55.0;12.4;66;High;0.85
04/03/2026;22:00:00;2.805;0.185;239.77;11.7;0.0;0.0;55.0;11.5;72;High;0.85
04/03/2026;23:00:00;2.052;0.117;236.36;8.68;0.0;0.0;55.0;10.8;74;Medium;0.5
05/03/2026;00:00:00;0.965;0.131;240.67;4.01;0.0;0.0;55.0;9.9;75;Low;0.15
05/03/2026;01:00:00;0.962;0.058;237.7;4.05;0.0;0.0;55.0;9.0;75;Low;0.15
05/03/2026;02:00:00;1.088;0.127;243.03;4.48;0.0;0.0;55.0;8.9;72;Low;0.15
05/03/2026;03:00:00;1.13;0.229;238.4;4.74;0.0;0.0;55.0;8.0;76;Low;0.15
05/03/2026;04:00:00;1.203;0.11;235.12;5.12;0.0;0.0;55.0;7.4;79;Low;0.15
05/03/2026;05:00:00;1.393;0.237;243.92;5.71;0.0;0.0;55.0;6.8;81;Low;0.15
05/03/2026;06:00:00;2.142;0.217;240.51;8.91;0.0;0.0;55.0;6.3;83;Medium;0.5
05/03/2026;07:00:00;3.071;0.177;240.08;12.79;0.0;7.9;55.0;5.9;85;Medium;0.5
05/03/2026;08:00:00;3.283;0.475;243.06;13.51;0.0;3.1;55.0;6.0;83;Medium;0.5
05/03/2026;09:00:00;2.911;0.559;242.44;12.01;0.0;14.3;55.0;5.8;85;Medium;0.5
05/03/2026;10:00:00;1.841;0.22;237.87;7.74;0.0;0.0;55.0;7.2;84;Low;0.15
05/03/2026;11:00:00;1.335;0.207;238.74;5.59;0.0;0.0;55.0;9.3;77;Low;0.15
05/03/2026;12:00:00;0.968;0.196;236.88;4.08;0.0;0.0;55.0;11.6;72;Low;0.15
05/03/2026;13:00:00;0.761;0.14;235.9;3.23;0.0;0.0;55.0;13.6;68;Low;0.15
05/03/2026;14:00:00;0.659;0.055;241.62;2.73;0.0;0.0;55.0;15.6;61;Low;0.15
05/03/2026;15:00:00;0.76;0.133;241.1;3.15;0.0;0.0;55.0;16.8;58;Low;0.15
05/03/2026;16:00:00;0.67;0.091;242.13;2.77;0.0;0.0;55.0;17.2;56;Low;0.15
05/03/2026;17:00:00;1.725;0.305;243.59;7.08;0.0;0.0;55.0;17.2;56;Medium;0.5
05/03/2026;18:00:00;2.594;0.348;242.17;10.71;4.6;0.0;55.0;16.9;60;High;0.85
05/03/2026;19:00:00;3.465;0.249;242.42;14.29;11.7;0.0;55.0;15.6;69;High;0.85
05/03/2026;20:00:00;3.643;0.535;234.18;15.56;12.6;0.0;55.0;14.1;71;High;0.85
05/03/2026;21:00:00;3.265;0.436;239.14;13.65;10.8;0.0;55.0;13.7;73;High;0.85
05/03/2026;22:00:00;2.782;0.384;242.7;11.46;0.0;0.0;55.0;12.6;77;High;0.85
05/03/2026;23:00:00;1.78;0.355;236.73;7.52;0.0;0.0;55.0;12.0;79;Medium;0.5
06/03/2026;00:00:00;0.92;0.186;240.26;3.83;0.0;0.0;55.0;11.5;80;Low;0.15
06/03/2026;01:00:00;0.938;0.119;241.45;3.88;0.0;0.0;55.0;10.9;82;Low;0.15
06/03/2026;02:00:00;1.047;0.133;241.24;4.34;0.0;0.0;55.0;10.2;82;Low;0.15
06/03/2026;03:00:00;0.92;0.127;241.03;3.82;0.0;0.0;55.0;9.5;84;Low;0.15
06/03/2026;04:00:00;1.074;0.149;241.68;4.45;0.0;0.0;55.0;9.0;86;Low;0.15
06/03/2026;05:00:00;1.146;0.242;240.51;4.77;0.0;0.0;55.0;8.5;89;Low;0.15
06/03/2026;06:00:00;2.132;0.342;235.9;9.04;0.0;0.0;55.0;7.7;92;Medium;0.5
06/03/2026;07:00:00;2.794;0.272;241.42;11.57;0.0;5.7;55.0;7.4;92;Medium;0.5
06/03/2026;08:00:00;3.089;0.434;240.8;12.83;0.0;6.9;55.0;8.1;92;Medium;0.5
06/03/2026;09:00:00;2.622;0.411;235.94;11.11;0.0;18.0;55.0;9.4;89;Medium;0.5
06/03/2026;10:00:00;1.685;0.267;243.86;6.91;0.0;0.0;55.0;10.3;87;Low;0.15
06/03/2026;11:00:00;1.269;0.19;241.49;5.26;0.0;0.0;55.0;11.4;87;Low;0.15
06/03/2026;12:00:00;0.767;0.062;236.14;3.25;0.0;0.0;55.0;13.6;80;Low;0.15
06/03/2026;13:00:00;0.688;0.038;237.71;2.9;0.0;0.0;55.0;15.4;73;Low;0.15
06/03/2026;14:00:00;0.581;0.062;238.42;2.44;0.0;0.0;55.0;15.5;69;Low;0.15
06/03/2026;15:00:00;0.681;0.084;238.42;2.86;0.0;0.0;55.0;16.6;67;Low;0.15
06/03/2026;16:00:00;0.997;0.06;240.82;4.14;0.0;0.0;55.0;17.4;64;Low;0.15
06/03/2026;17:00:00;1.815;0.342;237.27;7.65;0.0;0.0;55.0;17.4;63;Medium;0.5
06/03/2026;18:00:00;4.618;0.501;243.16;18.99;21.8;0.0;55.0;17.2;64;High;0.85
06/03/2026;19:00:00;3.282;0.674;242.93;13.51;1.0;0.0;55.0;16.1;74;High;0.85
06/03/2026;20:00:00;3.565;0.272;241.73;14.75;21.4;0.0;55.0;14.7;76;High;0.85
06/03/2026;21:00:00;3.306;0.197;240.12;13.77;0.7;0.0;55.0;14.1;78;High;0.85
06/03/2026;22:00:00;2.799;0.369;242.62;11.53;0.0;0.0;55.0;12.9;82;High;0.85
06/03/2026;23:00:00;1.716;0.141;239.23;7.17;0.0;0.0;55.0;12.3;85;Medium;0.5
07/03/2026;00:00:00;1.001;0.209;237.97;4.2;0.0;0.0;55.0;11.5;88;Low;0.15
07/03/2026;01:00:00;0.836;0.043;243.33;3.44;0.0;0.0;55.0;11.0;90;Low;0.15
07/03/2026;02:00:00;0.963;0.116;240.89;4.0;0.0;0.0;55.0;11.2;90;Low;0.15
07/03/2026;03:00:00;0.789;0.164;238.08;3.31;0.0;0.0;55.0;10.9;93;Low;0.15
07/03/2026;04:00:00;1.079;0.124;238.83;4.52;0.0;0.0;55.0;10.1;94;Low;0.15
07/03/2026;05:00:00;1.354;0.089;237.94;5.69;0.0;0.0;55.0;9.0;95;Low;0.15
07/03/2026;06:00:00;2.139;0.217;245.66;8.71;0.0;0.0;55.0;8.8;95;Medium;0.5
07/03/2026;07:00:00;2.811;0.379;240.01;11.71;0.0;8.7;55.0;8.0;96;Medium;0.5
07/03/2026;08:00:00;3.289;0.268;240.44;13.68;0.0;9.1;55.0;8.6;96;Medium;0.5
07/03/2026;09:00:00;2.768;0.358;242.02;11.44;0.0;2.9;55.0;8.4;97;Medium;0.5
07/03/2026;10:00:00;2.003;0.385;236.6;8.47;0.0;0.0;55.0;10.0;94;Medium;0.5
07/03/2026;11:00:00;1.753;0.348;243.07;7.21;0.0;0.0;55.0;11.7;87;High;0.85
07/03/2026;12:00:00;1.438;0.084;238.3;6.03;0.0;0.0;55.0;13.1;85;High;0.85
07/03/2026;13:00:00;1.221;0.094;245.12;4.98;0.0;0.0;55.0;14.7;77;High;0.85
07/03/2026;14:00:00;1.121;0.109;239.12;4.69;0.0;0.0;55.0;15.7;70;High;0.85
07/03/2026;15:00:00;1.373;0.208;242.91;5.65;0.0;0.0;55.0;16.7;65;High;0.85
07/03/2026;16:00:00;1.3;0.145;233.01;5.58;0.0;0.0;55.0;17.4;61;Medium;0.5
07/03/2026;17:00:00;1.589;0.307;236.71;6.71;0.0;0.0;55.0;17.6;59;Medium;0.5
07/03/2026;18:00:00;2.94;0.505;239.18;12.29;18.8;0.0;55.0;17.4;60;High;0.85
07/03/2026;19:00:00;3.621;0.243;234.31;15.45;6.3;0.0;55.0;16.0;71;High;0.85
07/03/2026;20:00:00;4.116;0.643;241.68;17.03;3.0;0.0;55.0;14.2;74;High;0.85
07/03/2026;21:00:00;3.652;0.253;240.88;15.16;14.2;0.0;55.0;12.7;82;High;0.85
07/03/2026;22:00:00;2.748;0.257;237.23;11.58;0.0;0.0;55.0;11.6;87;High;0.85
07/03/2026;23:00:00;2.113;0.17;239.96;8.81;0.0;0.0;55.0;10.6;90;Medium;0.5
08/03/2026;00:00:00;1.004;0.08;242.26;4.14;0.0;0.0;55.0;9.8;92;Low;0.15
08/03/2026;01:00:00;0.871;0.135;234.11;3.72;0.0;0.0;55.0;8.7;94;Low;0.15
08/03/2026;02:00:00;0.955;0.139;236.43;4.04;0.0;0.0;55.0;8.5;97;Low;0.15
08/03/2026;03:00:00;1.372;0.11;239.06;5.74;0.0;0.0;55.0;7.9;98;Low;0.15
08/03/2026;04:00:00;1.156;0.252;240.07;4.81;0.0;0.0;55.0;7.2;99;Low;0.15
08/03/2026;05:00:00;1.492;0.182;239.84;6.22;0.0;0.0;55.0;6.8;100;Low;0.15
08/03/2026;06:00:00;2.15;0.143;242.49;8.86;0.0;0.0;55.0;6.9;100;Medium;0.5
08/03/2026;07:00:00;2.773;0.196;241.34;11.49;0.0;5.1;55.0;6.8;100;Medium;0.5
08/03/2026;08:00:00;3.337;0.498;241.95;13.79;0.0;14.0;55.0;7.1;100;Medium;0.5
08/03/2026;09:00:00;2.938;0.636;236.11;12.44;0.0;6.8;55.0;7.1;99;Medium;0.5
08/03/2026;10:00:00;2.145;0.316;240.41;8.92;0.0;0.0;55.0;7.4;98;Medium;0.5
08/03/2026;11:00:00;1.849;0.391;239.14;7.73;0.0;0.0;55.0;8.2;97;High;0.85
08/03/2026;12:00:00;1.589;0.199;244.09;6.51;0.0;0.0;55.0;9.7;93;High;0.85
08/03/2026;13:00:00;1.354;0.168;240.49;5.63;0.0;0.0;55.0;12.2;85;High;0.85
08/03/2026;14:00:00;1.266;0.171;238.13;5.32;0.0;0.0;55.0;12.1;82;High;0.85
08/03/2026;15:00:00;1.405;0.237;242.39;5.8;0.0;0.0;55.0;14.2;75;High;0.85
08/03/2026;16:00:00;1.104;0.124;241.58;4.57;0.0;0.0;55.0;15.5;69;Medium;0.5
08/03/2026;17:00:00;1.616;0.318;237.7;6.8;0.0;0.0;55.0;16.2;69;Medium;0.5
08/03/2026;18:00:00;2.935;0.161;239.02;12.28;16.7;0.0;55.0;16.4;70;High;0.85
08/03/2026;19:00:00;3.674;0.458;239.07;15.37;16.6;0.0;55.0;15.5;79;High;0.85
08/03/2026;20:00:00;4.008;0.549;243.44;16.46;0.6;0.0;55.0;13.9;80;High;0.85
08/03/2026;21:00:00;3.622;0.555;240.57;15.05;11.4;0.0;55.0;12.7;84;High;0.85
08/03/2026;22:00:00;2.983;0.289;242.03;12.32;0.0;0.0;55.0;11.8;88;High;0.85
08/03/2026;23:00:00;2.017;0.247;238.62;8.45;0.0;0.0;55.0;11.3;89;Medium;0.5
09/03/2026;00:00:00;0.785;0.104;240.94;3.26;0.0;0.0;55.0;10.3;90;Low;0.15
09/03/2026;01:00:00;0.889;0.148;243.65;3.65;0.0;0.0;55.0;10.0;91;Low;0.15
09/03/2026;02:00:00;1.052;0.191;238.99;4.4;0.0;0.0;55.0;9.6;92;Low;0.15
09/03/2026;03:00:00;1.184;0.208;240.32;4.93;0.0;0.0;55.0;8.8;92;Low;0.15
09/03/2026;04:00:00;1.071;0.116;236.18;4.54;0.0;0.0;55.0;8.3;92;Low;0.15
09/03/2026;05:00:00;1.394;0.307;237.86;5.86;0.0;0.0;55.0;7.9;92;Low;0.15
09/03/2026;06:00:00;1.87;0.363;239.06;7.82;0.0;0.0;55.0;7.7;93;Medium;0.5
09/03/2026;07:00:00;2.808;0.265;237.03;11.85;0.0;8.3;55.0;7.4;93;Medium;0.5
09/03/2026;08:00:00;3.019;0.251;243.7;12.39;0.0;15.1;55.0;7.1;92;Medium;0.5
09/03/2026;09:00:00;2.809;0.29;237.65;11.82;0.0;5.9;55.0;6.8;93;Medium;0.5
09/03/2026;10:00:00;1.757;0.223;242.2;7.25;0.0;0.0;55.0;8.0;92;Low;0.15
09/03/2026;11:00:00;1.289;0.251;240.52;5.36;0.0;0.0;55.0;10.6;87;Low;0.15
09/03/2026;12:00:00;0.738;0.135;240.09;3.08;0.0;0.0;55.0;13.1;80;Low;0.15
09/03/2026;13:00:00;0.743;0.145;244.16;3.04;0.0;0.0;55.0;14.9;72;Low;0.15
09/03/2026;14:00:00;0.662;0.064;233.67;2.83;0.0;0.0;55.0;16.3;61;Low;0.15
09/03/2026;15:00:00;0.752;0.113;239.45;3.14;0.0;0.0;55.0;17.0;57;Low;0.15
09/03/2026;16:00:00;0.969;0.095;236.97;4.09;0.0;0.0;55.0;17.0;57;Low;0.15
09/03/2026;17:00:00;1.62;0.111;234.51;6.91;0.0;0.0;55.0;16.0;60;Medium;0.5
09/03/2026;18:00:00;2.642;0.439;236.65;11.16;22.9;0.0;55.0;16.0;61;High;0.85
09/03/2026;19:00:00;3.329;0.247;240.05;13.87;2.5;0.0;55.0;14.5;73;High;0.85
09/03/2026;20:00:00;3.684;0.602;237.97;15.48;16.7;0.0;55.0;13.8;74;High;0.85
09/03/2026;21:00:00;3.422;0.548;242.51;14.11;22.1;0.0;55.0;13.2;80;High;0.85
09/03/2026;22:00:00;2.885;0.542;239.4;12.05;0.0;0.0;55.0;12.3;84;High;0.85
09/03/2026;23:00:00;1.995;0.147;239.09;8.34;0.0;0.0;55.0;11.7;87;Medium;0.5
10/03/2026;00:00:00;0.779;0.143;239.1;3.26;0.0;0.0;55.0;11.3;87;Low;0.15
10/03/2026;01:00:00;1.013;0.223;239.72;4.23;0.0;0.0;55.0;10.6;87;Low;0.15
10/03/2026;02:00:00;0.784;0.153;238.83;3.28;0.0;0.0;55.0;11.0;90;Low;0.15
10/03/2026;03:00:00;1.004;0.178;237.62;4.22;0.0;0.0;55.0;10.4;95;Low;0.15
10/03/2026;04:00:00;1.073;0.174;242.77;4.42;0.0;0.0;55.0;10.0;96;Low;0.15
10/03/2026;05:00:00;1.007;0.123;238.25;4.23;0.0;0.0;55.0;9.9;96;Low;0.15
10/03/2026;06:00:00;1.963;0.342;238.93;8.22;0.0;0.0;55.0;9.5;97;Medium;0.5
10/03/2026;07:00:00;2.581;0.447;241.2;10.7;0.0;3.8;55.0;9.3;98;Medium;0.5
10/03/2026;08:00:00;2.909;0.458;240.89;12.08;0.0;0.7;55.0;9.0;96;Medium;0.5
10/03/2026;09:00:00;2.775;0.514;237.5;11.69;0.0;18.0;55.0;9.1;97;Medium;0.5
10/03/2026;10:00:00;1.566;0.198;242.11;6.47;0.0;0.0;55.0;10.5;94;Low;0.15
10/03/2026;11:00:00;0.986;0.07;241.51;4.08;0.0;0.0;55.0;12.1;88;Low;0.15
10/03/2026;12:00:00;0.803;0.117;240.5;3.34;0.0;0.0;55.0;13.6;79;Low;0.15
10/03/2026;13:00:00;0.773;0.073;238.79;3.24;0.0;0.0;55.0;14.5;70;Low;0.15
10/03/2026;14:00:00;0.676;0.078;238.86;2.83;0.0;0.0;55.0;15.3;63;Low;0.15
10/03/2026;15:00:00;0.885;0.047;239.43;3.69;0.0;0.0;55.0;15.5;58;Low;0.15
10/03/2026;16:00:00;1.064;0.122;236.55;4.5;0.0;0.0;55.0;14.6;60;Low;0.15
10/03/2026;17:00:00;1.54;0.289;239.89;6.42;0.0;0.0;55.0;14.1;65;Medium;0.5
10/03/2026;18:00:00;2.638;0.375;242.5;10.88;9.6;0.0;55.0;14.2;63;High;0.85
10/03/2026;19:00:00;3.345;0.173;242.45;13.8;24.5;0.0;55.0;13.4;67;High;0.85
10/03/2026;20:00:00;3.785;0.492;238.93;15.84;11.4;0.0;55.0;12.5;74;High;0.85
10/03/2026;21:00:00;3.229;0.321;242.98;13.29;21.5;0.0;55.0;11.9;78;High;0.85
10/03/2026;22:00:00;3.12;0.409;245.34;12.72;0.0;0.0;55.0;11.3;80;High;0.85
10/03/2026;23:00:00;2.009;0.239;239.11;8.4;0.0;0.0;55.0;10.8;83;Medium;0.5
11/03/2026;00:00:00;0.947;0.197;241.94;3.92;0.0;0.0;55.0;10.5;86;Low;0.15
11/03/2026;01:00:00;1.063;0.061;233.66;4.55;0.0;0.0;55.0;10.3;86;Low;0.15
11/03/2026;02:00:00;1.167;0.194;236.48;4.94;0.0;0.0;55.0;10.5;85;Low;0.15
11/03/2026;03:00:00;1.05;0.204;240.26;4.37;0.0;0.0;55.0;10.1;90;Low;0.15
11/03/2026;04:00:00;1.094;0.233;237.18;4.61;0.0;0.0;55.0;10.2;90;Low;0.15
11/03/2026;05:00:00;1.188;0.095;245.71;4.83;0.0;0.0;55.0;10.3;90;Low;0.15
11/03/2026;06:00:00;1.904;0.267;241.67;7.88;0.0;0.0;55.0;10.1;88;Medium;0.5
11/03/2026;07:00:00;2.539;0.146;242.7;10.46;0.0;2.5;55.0;10.0;87;Medium;0.5
11/03/2026;08:00:00;2.848;0.384;239.92;11.87;0.0;11.7;55.0;9.9;89;Medium;0.5
11/03/2026;09:00:00;2.542;0.181;237.19;10.72;0.0;12.2;55.0;9.6;93;Medium;0.5
11/03/2026;10:00:00;1.532;0.295;238.55;6.42;0.0;0.0;55.0;9.9;92;Low;0.15
11/03/2026;11:00:00;1.179;0.082;240.71;4.9;0.0;0.0;55.0;10.1;91;Low;0.15
11/03/2026;12:00:00;0.807;0.111;238.21;3.39;0.0;0.0;55.0;10.6;90;Low;0.15
11/03/2026;13:00:00;0.951;0.132;241.88;3.93;0.0;0.0;55.0;10.7;92;Low;0.15
11/03/2026;14:00:00;0.908;0.195;241.99;3.75;0.0;0.0;55.0;11.3;91;Low;0.15
11/03/2026;15:00:00;0.957;0.154;240.01;3.99;0.0;0.0;55.0;12.1;78;Low;0.15
11/03/2026;16:00:00;1.067;0.106;234.89;4.54;0.0;0.0;55.0;12.8;68;Low;0.15
11/03/2026;17:00:00;2.162;0.197;244.8;8.83;0.0;0.0;55.0;12.5;60;Medium;0.5
11/03/2026;18:00:00;2.941;0.211;239.4;12.29;17.4;0.0;55.0;12.3;57;High;0.85
11/03/2026;19:00:00;3.397;0.607;247.59;13.72;4.9;0.0;55.0;11.4;60;High;0.85
11/03/2026;20:00:00;3.893;0.652;241.83;16.1;3.0;0.0;55.0;10.3;65;High;0.85
11/03/2026;21:00:00;3.593;0.552;239.41;15.01;13.0;0.0;55.0;9.2;71;High;0.85
11/03/2026;22:00:00;2.938;0.167;241.25;12.18;0.0;0.0;55.0;8.4;76;High;0.85
11/03/2026;23:00:00;4.008;0.72;234.35;17.1;0.0;0.0;55.0;7.7;79;Medium;0.5
12/03/2026;00:00:00;1.186;0.189;242.87;4.88;0.0;0.0;55.0;7.0;84;Low;0.15
12/03/2026;01:00:00;1.104;0.236;247.19;4.47;0.0;0.0;55.0;6.5;86;Low;0.15
12/03/2026;02:00:00;1.282;0.192;234.15;5.47;0.0;0.0;55.0;6.3;84;Low;0.15
12/03/2026;03:00:00;1.332;0.135;239.2;5.57;0.0;0.0;55.0;5.6;87;Low;0.15
12/03/2026;04:00:00;1.436;0.165;239.71;5.99;0.0;0.0;55.0;5.2;89;Low;0.15
12/03/2026;05:00:00;1.419;0.113;242.45;5.85;0.0;0.0;55.0;4.8;90;Low;0.15
12/03/2026;06:00:00;2.301;0.398;245.9;9.36;0.0;0.0;55.0;4.5;91;Medium;0.5
12/03/2026;07:00:00;2.991;0.509;241.07;12.41;0.0;0.1;55.0;4.3;91;Medium;0.5
12/03/2026;08:00:00;3.214;0.27;246.0;13.06;0.0;15.9;55.0;4.4;92;Medium;0.5
12/03/2026;09:00:00;2.839;0.218;240.48;11.81;0.0;9.8;55.0;4.5;92;Medium;0.5
12/03/2026;10:00:00;2.068;0.13;241.26;8.57;0.0;0.0;55.0;5.9;88;Low;0.15
12/03/2026;11:00:00;1.353;0.277;240.92;5.62;0.0;0.0;55.0;7.7;81;Low;0.15
12/03/2026;12:00:00;1.099;0.099;243.42;4.52;0.0;0.0;55.0;9.6;73;Low;0.15
12/03/2026;13:00:00;0.814;0.088;238.82;3.41;0.0;0.0;55.0;11.3;64;Low;0.15
12/03/2026;14:00:00;0.73;0.071;242.29;3.01;0.0;0.0;55.0;12.3;55;Low;0.15
12/03/2026;15:00:00;0.861;0.104;236.55;3.64;0.0;0.0;55.0;12.5;54;Low;0.15
12/03/2026;16:00:00;1.125;0.193;239.2;4.7;0.0;0.0;55.0;12.5;54;Low;0.15
12/03/2026;17:00:00;3.742;0.741;238.22;15.71;0.0;0.0;55.0;12.6;57;Medium;0.5
12/03/2026;18:00:00;2.804;0.227;240.25;11.67;0.2;0.0;55.0;12.3;62;High;0.85
12/03/2026;19:00:00;3.323;0.554;239.11;13.9;1.3;0.0;55.0;11.9;68;High;0.85
12/03/2026;20:00:00;3.715;0.408;243.17;15.28;12.3;0.0;55.0;11.0;71;High;0.85
12/03/2026;21:00:00;3.643;0.789;237.54;15.33;8.3;0.0;55.0;10.5;74;High;0.85
12/03/2026;22:00:00;2.992;0.302;235.15;12.72;0.0;0.0;55.0;10.2;76;High;0.85
12/03/2026;23:00:00;1.971;0.101;236.2;8.34;0.0;0.0;55.0;9.9;79;Medium;0.5
13/03/2026;00:00:00;0.873;0.12;242.78;3.59;0.0;0.0;55.0;9.8;81;Low;0.15
13/03/2026;01:00:00;0.896;0.068;237.29;3.78;0.0;0.0;55.0;9.4;82;Low;0.15
13/03/2026;02:00:00;2.956;0.17;241.11;12.26;0.0;0.0;55.0;9.5;81;Low;0.15
13/03/2026;03:00:00;1.064;0.179;239.17;4.45;0.0;0.0;55.0;9.5;83;Low;0.15
13/03/2026;04:00:00;1.158;0.202;242.31;4.78;0.0;0.0;55.0;9.1;86;Low;0.15
13/03/2026;05:00:00;3.173;0.407;239.35;13.26;0.0;0.0;55.0;9.5;86;Low;0.15
13/03/2026;06:00:00;1.809;0.299;247.74;7.3;0.0;0.0;55.0;10.0;84;Medium;0.5
13/03/2026;07:00:00;6.089;0.862;245.31;24.82;0.0;19.8;55.0;10.4;84;Medium;0.5
13/03/2026;08:00:00;2.813;0.442;239.12;11.76;0.0;19.3;55.0;10.5;85;Medium;0.5
13/03/2026;09:00:00;2.498;0.378;238.73;10.47;0.0;10.2;55.0;10.6;88;Medium;0.5
13/03/2026;10:00:00;1.734;0.283;248.77;6.97;0.0;0.0;55.0;11.0;87;Low;0.15
13/03/2026;11:00:00;1.179;0.099;236.98;4.98;0.0;0.0;55.0;11.6;86;Low;0.15
13/03/2026;12:00:00;0.926;0.089;239.85;3.86;0.0;0.0;55.0;11.7;88;Low;0.15
13/03/2026;13:00:00;0.829;0.103;240.06;3.45;0.0;0.0;55.0;10.3;95;Low;0.15
13/03/2026;14:00:00;1.161;0.146;239.99;4.84;0.0;0.0;55.0;7.5;93;Low;0.15
13/03/2026;15:00:00;1.288;0.234;235.13;5.48;0.0;0.0;55.0;8.1;92;Low;0.15
13/03/2026;16:00:00;1.394;0.157;241.39;5.77;0.0;0.0;55.0;7.6;91;Low;0.15
13/03/2026;17:00:00;2.277;0.177;237.28;9.6;0.0;0.0;55.0;7.7;93;Medium;0.5
13/03/2026;18:00:00;3.21;0.298;244.02;13.16;7.9;0.0;55.0;7.7;93;High;0.85
13/03/2026;19:00:00;3.904;0.338;235.92;16.55;21.4;0.0;55.0;7.8;92;High;0.85
13/03/2026;20:00:00;4.098;0.715;240.17;17.06;17.9;0.0;55.0;7.0;93;High;0.85
13/03/2026;21:00:00;3.862;0.502;233.79;16.52;20.7;0.0;55.0;6.7;93;High;0.85
13/03/2026;22:00:00;3.307;0.564;233.97;14.13;0.0;0.0;55.0;6.3;92;High;0.85
13/03/2026;23:00:00;2.283;0.276;237.65;9.61;0.0;0.0;55.0;6.1;91;Medium;0.5
14/03/2026;00:00:00;1.146;0.231;238.05;4.82;0.0;0.0;55.0;6.1;93;Low;0.15
14/03/2026;01:00:00;1.188;0.258;244.1;4.87;0.0;0.0;55.0;5.5;94;Low;0.15
14/03/2026;02:00:00;1.401;0.23;239.89;5.84;0.0;0.0;55.0;3.1;98;Low;0.15
14/03/2026;03:00:00;1.303;0.256;243.62;5.35;0.0;0.0;55.0;2.3;100;Low;0.15
14/03/2026;04:00:00;1.43;0.195;238.94;5.98;0.0;0.0;55.0;2.9;95;Low;0.15
14/03/2026;05:00:00;1.721;0.359;241.7;7.12;0.0;0.0;55.0;3.6;94;Low;0.15
14/03/2026;06:00:00;2.176;0.416;237.97;9.14;0.0;0.0;55.0;3.9;92;Medium;0.5
14/03/2026;07:00:00;3.328;0.727;237.78;14.0;0.0;10.5;55.0;3.6;93;Medium;0.5
14/03/2026;08:00:00;3.718;0.58;234.9;15.83;0.0;19.7;55.0;2.9;92;Medium;0.5
14/03/2026;09:00:00;3.164;0.577;240.94;13.13;0.0;15.9;55.0;3.0;92;Medium;0.5
14/03/2026;10:00:00;2.437;0.347;240.73;10.12;0.0;0.0;55.0;4.1;87;Medium;0.5
14/03/2026;11:00:00;2.035;0.191;242.18;8.4;0.0;0.0;55.0;5.3;80;High;0.85
14/03/2026;12:00:00;1.877;0.207;240.6;7.8;0.0;0.0;55.0;6.5;74;High;0.85
14/03/2026;13:00:00;1.737;0.351;245.67;7.07;0.0;0.0;55.0;7.7;64;High;0.85
14/03/2026;14:00:00;1.499;0.089;240.49;6.23;0.0;0.0;55.0;8.0;63;High;0.85
14/03/2026;15:00:00;1.728;0.26;242.78;7.12;0.0;0.0;55.0;9.0;59;High;0.85
14/03/2026;16:00:00;1.632;0.185;239.09;6.83;0.0;0.0;55.0;9.1;59;Medium;0.5
14/03/2026;17:00:00;2.177;0.252;237.46;9.17;0.0;0.0;55.0;9.2;57;Medium;0.5
14/03/2026;18:00:00;3.143;0.63;242.01;12.99;21.5;0.0;55.0;9.1;56;High;0.85
14/03/2026;19:00:00;4.182;0.816;239.75;17.44;17.1;0.0;55.0;8.6;59;High;0.85
14/03/2026;20:00:00;4.574;0.694;242.33;18.87;22.0;0.0;55.0;6.3;77;High;0.85
14/03/2026;21:00:00;4.083;0.394;240.99;16.94;2.9;0.0;55.0;6.1;79;High;0.85
14/03/2026;22:00:00;6.78;0.887;237.78;28.51;0.0;0.0;55.0;5.8;76;High;0.85
14/03/2026;23:00:00;2.376;0.284;243.01;9.78;0.0;0.0;55.0;5.1;76;Medium;0.5
15/03/2026;00:00:00;1.354;0.149;237.56;5.7;0.0;0.0;55.0;4.2;81;Low;0.15
15/03/2026;01:00:00;1.395;0.094;241.75;5.77;0.0;0.0;55.0;3.2;86;Low;0.15
15/03/2026;02:00:00;1.478;0.21;243.59;6.07;0.0;0.0;55.0;3.5;86;Low;0.15
15/03/2026;03:00:00;1.475;0.149;238.92;6.17;0.0;0.0;55.0;2.9;88;Low;0.15
15/03/2026;04:00:00;1.565;0.254;243.24;6.44;0.0;0.0;55.0;2.5;90;Low;0.15
15/03/2026;05:00:00;1.734;0.181;241.11;7.19;0.0;0.0;55.0;2.1;91;Low;0.15
15/03/2026;06:00:00;2.388;0.294;242.39;9.85;0.0;0.0;55.0;1.7;92;Medium;0.5
15/03/2026;07:00:00;3.299;0.194;237.66;13.88;0.0;6.3;55.0;1.2;93;Medium;0.5
15/03/2026;08:00:00;3.82;0.836;240.6;15.88;0.0;11.0;55.0;1.1;94;Medium;0.5
15/03/2026;09:00:00;3.283;0.447;236.06;13.91;0.0;0.2;55.0;1.7;94;Medium;0.5
15/03/2026;10:00:00;2.469;0.134;244.79;10.09;0.0;0.0;55.0;3.5;89;Medium;0.5
15/03/2026;11:00:00;1.978;0.281;234.36;8.44;0.0;0.0;55.0;5.7;82;High;0.85
15/03/2026;12:00:00;1.573;0.311;239.01;6.58;0.0;0.0;55.0;7.8;76;High;0.85
15/03/2026;13:00:00;1.531;0.278;237.39;6.45;0.0;0.0;55.0;9.3;64;High;0.85
15/03/2026;14:00:00;1.502;0.254;241.89;6.21;0.0;0.0;55.0;10.8;51;High;0.85
15/03/2026;15:00:00;1.441;0.106;245.39;5.87;0.0;0.0;55.0;11.7;49;High;0.85
15/03/2026;16:00:00;1.443;0.233;241.83;5.97;0.0;0.0;55.0;12.2;46;Medium;0.5
15/03/2026;17:00:00;1.895;0.342;248.29;7.63;0.0;0.0;55.0;12.2;44;Medium;0.5
15/03/2026;18:00:00;3.153;0.465;236.14;13.35;24.5;0.0;55.0;12.0;45;High;0.85
15/03/2026;19:00:00;3.846;0.776;236.36;16.27;18.7;0.0;55.0;10.8;52;High;0.85
15/03/2026;20:00:00;4.429;0.43;237.5;18.65;16.5;0.0;55.0;9.4;59;High;0.85
15/03/2026;21:00:00;4.16;0.379;240.34;17.31;17.3;0.0;55.0;8.6;63;High;0.85
15/03/2026;22:00:00;3.255;0.644;237.12;13.73;0.0;0.0;55.0;8.3;65;High;0.85
15/03/2026;23:00:00;2.122;0.332;237.9;8.92;0.0;0.0;55.0;8.3;67;Medium;0.5
16/03/2026;00:00:00;4.344;0.218;241.74;17.97;0.0;0.0;55.0;8.5;67;Low;0.15
16/03/2026;01:00:00;0.887;0.098;236.53;3.75;0.0;0.0;55.0;8.8;70;Low;0.15
16/03/2026;02:00:00;0.886;0.173;236.83;3.74;0.0;0.0;55.0;9.0;77;Low;0.15
16/03/2026;03:00:00;1.179;0.064;238.88;4.94;0.0;0.0;55.0;8.8;81;Low;0.15
16/03/2026;04:00:00;1.101;0.056;239.15;4.6;0.0;0.0;55.0;8.7;82;Low;0.15
16/03/2026;05:00:00;1.352;0.132;242.83;5.57;0.0;0.0;55.0;8.0;84;Low;0.15
16/03/2026;06:00:00;1.828;0.375;237.48;7.7;0.0;0.0;55.0;7.9;83;Medium;0.5
16/03/2026;07:00:00;2.598;0.528;237.98;10.92;0.0;8.4;55.0;7.8;80;Medium;0.5
16/03/2026;08:00:00;3.182;0.44;241.63;13.17;0.0;8.4;55.0;7.2;82;Medium;0.5
16/03/2026;09:00:00;2.789;0.402;242.24;11.51;0.0;13.9;55.0;7.1;82;Medium;0.5
16/03/2026;10:00:00;1.743;0.185;244.0;7.14;0.0;0.0;55.0;8.4;74;Low;0.15
16/03/2026;11:00:00;1.279;0.117;241.31;5.3;0.0;0.0;55.0;9.5;69;Low;0.15
16/03/2026;12:00:00;3.145;0.593;240.37;13.09;0.0;0.0;55.0;10.5;62;Low;0.15
16/03/2026;13:00:00;0.886;0.06;241.61;3.67;0.0;0.0;55.0;11.1;55;Low;0.15
16/03/2026;14:00:00;0.931;0.124;239.25;3.89;0.0;0.0;55.0;11.1;61;Low;0.15
16/03/2026;15:00:00;0.985;0.156;239.23;4.12;0.0;0.0;55.0;11.7;58;Low;0.15
16/03/2026;16:00:00;1.437;0.097;235.03;6.11;0.0;0.0;55.0;11.5;60;Low;0.15
16/03/2026;17:00:00;1.686;0.233;242.5;6.95;0.0;0.0;55.0;11.8;59;Medium;0.5
16/03/2026;18:00:00;2.909;0.431;240.59;12.09;8.8;0.0;55.0;11.7;62;High;0.85
16/03/2026;19:00:00;3.516;0.62;242.18;14.52;16.1;0.0;55.0;11.3;66;High;0.85
16/03/2026;20:00:00;3.908;0.351;232.12;16.84;5.4;0.0;55.0;10.6;72;High;0.85
16/03/2026;21:00:00;3.522;0.352;239.87;14.68;24.4;0.0;55.0;10.3;76;High;0.85
16/03/2026;22:00:00;2.938;0.431;237.6;12.37;0.0;0.0;55.0;10.0;77;High;0.85
16/03/2026;23:00:00;2.093;0.455;244.2;8.57;0.0;0.0;55.0;9.7;78;Medium;0.5
17/03/2026;00:00:00;1.364;0.119;241.72;5.64;0.0;0.0;55.0;8.5;82;Low;0.15
17/03/2026;01:00:00;1.169;0.254;240.66;4.86;0.0;0.0;55.0;7.9;84;Low;0.15
17/03/2026;02:00:00;1.022;0.175;238.79;4.28;0.0;0.0;55.0;7.6;86;Low;0.15
17/03/2026;03:00:00;1.077;0.205;241.11;4.47;0.0;0.0;55.0;7.5;86;Low;0.15
17/03/2026;04:00:00;1.134;0.074;237.4;4.78;0.0;0.0;55.0;7.2;87;Low;0.15
17/03/2026;05:00:00;1.211;0.122;239.72;5.05;0.0;0.0;55.0;6.7;88;Low;0.15
17/03/2026;06:00:00;5.619;0.336;238.38;23.57;0.0;0.0;55.0;6.2;89;Medium;0.5
17/03/2026;07:00:00;2.912;0.329;246.35;11.82;0.0;15.5;55.0;5.8;90;Medium;0.5
17/03/2026;08:00:00;3.062;0.664;244.12;12.54;0.0;5.8;55.0;5.6;91;Medium;0.5
17/03/2026;09:00:00;2.943;0.2;242.98;12.11;0.0;9.4;55.0;5.8;91;Medium;0.5
17/03/2026;10:00:00;1.872;0.273;235.83;7.94;0.0;0.0;55.0;7.3;87;Low;0.15
17/03/2026;11:00:00;1.167;0.06;242.42;4.81;0.0;0.0;55.0;9.2;81;Low;0.15
17/03/2026;12:00:00;0.926;0.158;240.53;3.85;0.0;0.0;55.0;11.2;72;Low;0.15
17/03/2026;13:00:00;0.972;0.081;243.43;3.99;0.0;0.0;55.0;12.7;62;Low;0.15
17/03/2026;14:00:00;0.805;0.058;240.9;3.34;0.0;0.0;55.0;14.3;58;Low;0.15
17/03/2026;15:00:00;0.769;0.082;239.98;3.2;0.0;0.0;55.0;15.2;56;Low;0.15
17/03/2026;16:00:00;0.964;0.174;240.65;4.0;0.0;0.0;55.0;15.7;55;Low;0.15
17/03/2026;17:00:00;1.712;0.117;234.94;7.29;0.0;0.0;55.0;15.9;56;Medium;0.5
17/03/2026;18:00:00;2.592;0.231;237.85;10.9;13.9;0.0;55.0;15.7;57;High;0.85
17/03/2026;19:00:00;3.107;0.16;241.05;12.89;7.3;0.0;55.0;14.8;62;High;0.85
17/03/2026;20:00:00;3.87;0.831;243.19;15.91;2.0;0.0;55.0;13.7;66;High;0.85
17/03/2026;21:00:00;3.459;0.521;238.46;14.51;10.0;0.0;55.0;12.7;71;High;0.85
17/03/2026;22:00:00;2.881;0.497;239.89;12.01;0.0;0.0;55.0;11.7;75;High;0.85
17/03/2026;23:00:00;1.944;0.313;235.52;8.26;0.0;0.0;55.0;10.9;78;Medium;0.5
18/03/2026;00:00:00;0.871;0.065;244.09;3.57;0.0;0.0;55.0;10.3;79;Low;0.15
18/03/2026;01:00:00;0.956;0.144;243.12;3.93;0.0;0.0;55.0;9.8;80;Low;0.15
18/03/2026;02:00:00;0.839;0.061;241.83;3.47;0.0;0.0;55.0;9.4;80;Low;0.15
18/03/2026;03:00:00;1.275;0.151;241.14;5.29;0.0;0.0;55.0;8.7;82;Low;0.15
18/03/2026;04:00:00;0.996;0.146;244.35;4.07;0.0;0.0;55.0;8.2;82;Low;0.15
18/03/2026;05:00:00;1.227;0.178;237.75;5.16;0.0;0.0;55.0;7.7;83;Low;0.15
18/03/2026;06:00:00;2.036;0.143;237.44;8.57;0.0;0.0;55.0;7.4;83;Medium;0.5
18/03/2026;07:00:00;2.883;0.161;242.97;11.87;0.0;0.8;55.0;7.2;81;Medium;0.5
18/03/2026;08:00:00;3.076;0.571;242.78;12.67;0.0;6.7;55.0;7.5;79;Medium;0.5
18/03/2026;09:00:00;2.583;0.448;236.66;10.91;0.0;18.5;55.0;8.0;77;Medium;0.5
18/03/2026;10:00:00;1.829;0.117;238.51;7.67;0.0;0.0;55.0;9.3;73;Low;0.15
18/03/2026;11:00:00;1.212;0.087;244.73;4.95;0.0;0.0;55.0;10.9;65;Low;0.15
18/03/2026;12:00:00;0.946;0.191;241.15;3.92;0.0;0.0;55.0;12.0;56;Low;0.15
18/03/2026;13:00:00;0.878;0.159;242.2;3.62;0.0;0.0;55.0;12.8;48;Low;0.15
18/03/2026;14:00:00;0.965;0.212;236.75;4.08;0.0;0.0;55.0;14.4;41;Low;0.15
18/03/2026;15:00:00;0.992;0.092;241.84;4.1;0.0;0.0;55.0;14.9;37;Low;0.15
18/03/2026;16:00:00;0.919;0.122;236.03;3.89;0.0;0.0;55.0;15.0;37;Low;0.15
18/03/2026;17:00:00;1.891;0.171;234.46;8.06;0.0;0.0;55.0;14.6;42;Medium;0.5
18/03/2026;18:00:00;2.729;0.425;242.04;11.28;5.7;0.0;55.0;14.2;45;High;0.85
18/03/2026;19:00:00;5.463;0.38;244.02;22.39;3.3;0.0;55.0;13.2;51;High;0.85
18/03/2026;20:00:00;3.568;0.256;239.29;14.91;11.8;0.0;55.0;12.5;51;High;0.85
18/03/2026;21:00:00;3.492;0.217;238.47;14.65;23.0;0.0;55.0;11.6;53;High;0.85
18/03/2026;22:00:00;2.802;0.47;244.79;11.45;0.0;0.0;55.0;11.0;55;High;0.85
18/03/2026;23:00:00;2.069;0.277;239.45;8.64;0.0;0.0;55.0;10.3;59;Medium;0.5
19/03/2026;00:00:00;1.088;0.169;239.82;4.54;0.0;0.0;55.0;9.7;62;Low;0.15
19/03/2026;01:00:00;0.809;0.161;244.74;3.31;0.0;0.0;55.0;9.1;64;Low;0.15
19/03/2026;02:00:00;1.057;0.186;239.01;4.42;0.0;0.0;55.0;8.4;67;Low;0.15
19/03/2026;03:00:00;1.219;0.157;238.17;5.12;0.0;0.0;55.0;7.7;71;Low;0.15
19/03/2026;04:00:00;1.166;0.254;242.28;4.81;0.0;0.0;55.0;7.1;73;Low;0.15
19/03/2026;05:00:00;1.463;0.187;238.01;6.15;0.0;0.0;55.0;6.7;74;Low;0.15
19/03/2026;06:00:00;2.181;0.151;239.6;9.1;0.0;0.0;55.0;6.3;76;Medium;0.5
19/03/2026;07:00:00;2.866;0.627;236.31;12.13;0.0;17.0;55.0;5.9;77;Medium;0.5
19/03/2026;08:00:00;3.15;0.17;240.52;13.1;0.0;16.9;55.0;5.8;77;Medium;0.5
19/03/2026;09:00:00;2.687;0.385;240.19;11.19;0.0;7.6;55.0;6.3;77;Medium;0.5
19/03/2026;10:00:00;1.669;0.171;242.71;6.88;0.0;0.0;55.0;8.0;73;Low;0.15
19/03/2026;11:00:00;1.276;0.173;242.4;5.26;0.0;0.0;55.0;9.8;67;Low;0.15
19/03/2026;12:00:00;2.924;0.424;241.54;12.1;0.0;0.0;55.0;11.5;63;Low;0.15
19/03/2026;13:00:00;0.786;0.071;241.1;3.26;0.0;0.0;55.0;12.9;59;Low;0.15
19/03/2026;14:00:00;0.665;0.096;239.79;2.77;0.0;0.0;55.0;14.7;52;Low;0.15
19/03/2026;15:00:00;0.737;0.132;241.71;3.05;0.0;0.0;55.0;15.4;51;Low;0.15
19/03/2026;16:00:00;1.092;0.104;236.89;4.61;0.0;0.0;55.0;15.9;49;Low;0.15
19/03/2026;17:00:00;1.671;0.192;233.42;7.16;0.0;0.0;55.0;16.2;46;Medium;0.5
19/03/2026;18:00:00;2.509;0.24;243.25;10.31;15.9;0.0;55.0;15.9;46;High;0.85
19/03/2026;19:00:00;6.898;1.2;241.89;28.52;3.8;0.0;55.0;14.7;51;High;0.85
19/03/2026;20:00:00;3.675;0.637;239.64;15.34;11.9;0.0;55.0;13.2;53;High;0.85
19/03/2026;21:00:00;3.507;0.695;243.01;14.43;1.4;0.0;55.0;11.7;59;High;0.85
19/03/2026;22:00:00;3.062;0.242;237.95;12.87;0.0;0.0;55.0;10.7;64;High;0.85
19/03/2026;23:00:00;1.996;0.125;238.02;8.39;0.0;0.0;55.0;10.1;66;Medium;0.5
20/03/2026;00:00:00;1.033;0.073;237.64;4.35;0.0;0.0;55.0;9.3;69;Low;0.15
20/03/2026;01:00:00;0.941;0.073;241.59;3.89;0.0;0.0;55.0;8.4;71;Low;0.15
20/03/2026;02:00:00;1.067;0.15;235.57;4.53;0.0;0.0;55.0;7.9;71;Low;0.15
20/03/2026;03:00:00;1.216;0.262;237.85;5.11;0.0;0.0;55.0;6.9;75;Low;0.15
20/03/2026;04:00:00;1.09;0.121;240.81;4.52;0.0;0.0;55.0;6.1;77;Low;0.15
20/03/2026;05:00:00;1.489;0.317;236.63;6.29;0.0;0.0;55.0;5.4;80;Low;0.15
20/03/2026;06:00:00;2.252;0.127;238.15;9.46;0.0;0.0;55.0;4.7;82;Medium;0.5
20/03/2026;07:00:00;2.95;0.612;233.81;12.62;0.0;2.7;55.0;4.0;84;Medium;0.5
20/03/2026;08:00:00;3.383;0.273;241.7;14.0;0.0;16.8;55.0;4.1;83;Medium;0.5
20/03/2026;09:00:00;2.92;0.599;238.07;12.26;0.0;13.9;55.0;5.0;81;Medium;0.5
20/03/2026;10:00:00;2.013;0.12;236.92;8.5;0.0;0.0;55.0;6.6;77;Low;0.15
20/03/2026;11:00:00;1.159;0.245;236.37;4.9;0.0;0.0;55.0;8.9;72;Low;0.15
20/03/2026;12:00:00;0.941;0.079;238.83;3.94;0.0;0.0;55.0;11.4;66;Low;0.15
20/03/2026;13:00:00;0.767;0.078;235.58;3.25;0.0;0.0;55.0;13.6;59;Low;0.15
20/03/2026;14:00:00;0.583;0.078;245.44;2.37;0.0;0.0;55.0;15.6;44;Low;0.15
20/03/2026;15:00:00;4.364;0.501;233.32;18.7;0.0;0.0;55.0;16.2;42;Low;0.15
20/03/2026;16:00:00;1.22;0.199;238.74;5.11;0.0;0.0;55.0;16.4;41;Low;0.15
20/03/2026;17:00:00;1.702;0.367;240.3;7.08;0.0;0.0;55.0;16.3;41;Medium;0.5
20/03/2026;18:00:00;2.694;0.412;237.83;11.33;3.4;0.0;55.0;15.9;42;High;0.85
20/03/2026;19:00:00;3.32;0.573;240.59;13.8;9.1;0.0;55.0;14.9;50;High;0.85
20/03/2026;20:00:00;3.636;0.236;237.76;15.29;6.5;0.0;55.0;13.0;60;High;0.85
20/03/2026;21:00:00;3.309;0.519;244.28;13.55;15.5;0.0;55.0;11.9;63;High;0.85
20/03/2026;22:00:00;2.825;0.359;236.87;11.92;0.0;0.0;55.0;10.8;68;High;0.85
20/03/2026;23:00:00;1.859;0.373;233.42;7.96;0.0;0.0;55.0;10.1;72;Medium;0.5
21/03/2026;00:00:00;3.163;0.367;236.36;13.38;0.0;0.0;55.0;9.5;74;Low;0.15
21/03/2026;01:00:00;4.529;0.75;241.08;18.79;0.0;0.0;55.0;8.7;77;Low;0.15
21/03/2026;02:00:00;1.043;0.093;239.67;4.35;0.0;0.0;55.0;8.1;79;Low;0.15
21/03/2026;03:00:00;1.227;0.115;242.11;5.07;0.0;0.0;55.0;7.2;83;Low;0.15
21/03/2026;04:00:00;1.098;0.125;241.4;4.55;0.0;0.0;55.0;6.8;85;Low;0.15
21/03/2026;05:00:00;1.354;0.138;238.22;5.69;0.0;0.0;55.0;6.6;86;Low;0.15
21/03/2026;06:00:00;2.216;0.206;238.63;9.28;0.0;0.0;55.0;7.0;85;Medium;0.5
21/03/2026;07:00:00;3.091;0.181;238.92;12.94;0.0;0.9;55.0;6.7;86;Medium;0.5
21/03/2026;08:00:00;3.464;0.666;245.28;14.12;0.0;2.7;55.0;6.1;87;Medium;0.5
21/03/2026;09:00:00;3.061;0.187;241.93;12.65;0.0;4.0;55.0;5.9;88;Medium;0.5
21/03/2026;10:00:00;2.205;0.443;245.3;8.99;0.0;0.0;55.0;7.2;82;Medium;0.5
21/03/2026;11:00:00;1.858;0.133;242.35;7.67;0.0;0.0;55.0;8.9;78;High;0.85
21/03/2026;12:00:00;1.51;0.092;239.82;6.3;0.0;0.0;55.0;10.9;71;High;0.85
21/03/2026;13:00:00;1.236;0.18;237.15;5.21;0.0;0.0;55.0;12.7;65;High;0.85
21/03/2026;14:00:00;1.247;0.169;240.56;5.19;0.0;0.0;55.0;14.6;57;High;0.85
21/03/2026;15:00:00;3.201;0.427;239.83;13.35;0.0;0.0;55.0;15.7;52;High;0.85
21/03/2026;16:00:00;1.307;0.193;239.74;5.45;0.0;0.0;55.0;16.1;49;Medium;0.5
21/03/2026;17:00:00;1.773;0.175;239.41;7.41;0.0;0.0;55.0;16.2;48;Medium;0.5
21/03/2026;18:00:00;3.115;0.507;234.25;13.3;8.1;0.0;55.0;15.8;47;High;0.85
21/03/2026;19:00:00;3.649;0.494;243.53;14.98;1.1;0.0;55.0;14.5;57;High;0.85
21/03/2026;20:00:00;3.933;0.42;239.86;16.4;4.6;0.0;55.0;12.9;62;High;0.85
21/03/2026;21:00:00;3.82;0.728;236.04;16.18;17.3;0.0;55.0;11.5;67;High;0.85
21/03/2026;22:00:00;3.189;0.554;241.35;13.22;0.0;0.0;55.0;10.4;71;High;0.85
21/03/2026;23:00:00;2.318;0.271;237.6;9.76;0.0;0.0;55.0;9.5;75;Medium;0.5
22/03/2026;00:00:00;0.976;0.189;241.57;4.04;0.0;0.0;55.0;8.8;78;Low;0.15
22/03/2026;01:00:00;0.924;0.191;242.47;3.81;0.0;0.0;55.0;8.0;80;Low;0.15
22/03/2026;02:00:00;1.189;0.168;242.85;4.9;0.0;0.0;55.0;7.6;82;Low;0.15
22/03/2026;03:00:00;1.018;0.088;239.55;4.25;0.0;0.0;55.0;6.9;85;Low;0.15
22/03/2026;04:00:00;1.197;0.246;238.84;5.01;0.0;0.0;55.0;6.3;87;Low;0.15
22/03/2026;05:00:00;1.453;0.119;238.25;6.1;0.0;0.0;55.0;5.8;88;Low;0.15
22/03/2026;06:00:00;2.298;0.134;237.98;9.66;0.0;0.0;55.0;5.4;89;Medium;0.5
22/03/2026;07:00:00;3.153;0.333;239.95;13.14;0.0;18.7;55.0;5.1;89;Medium;0.5
22/03/2026;08:00:00;3.442;0.597;239.41;14.38;0.0;13.1;55.0;4.5;90;Medium;0.5
22/03/2026;09:00:00;3.039;0.629;237.69;12.79;0.0;10.4;55.0;5.4;88;Medium;0.5
22/03/2026;10:00:00;2.213;0.35;236.8;9.35;0.0;0.0;55.0;6.9;83;Medium;0.5
22/03/2026;11:00:00;1.833;0.388;239.7;7.65;0.0;0.0;55.0;8.9;76;High;0.85
22/03/2026;12:00:00;1.5;0.099;238.78;6.28;0.0;0.0;55.0;10.9;69;High;0.85
22/03/2026;13:00:00;1.395;0.084;236.8;5.89;0.0;0.0;55.0;12.5;61;High;0.85
22/03/2026;14:00:00;1.387;0.212;242.33;5.72;0.0;0.0;55.0;13.6;54;High;0.85
22/03/2026;15:00:00;1.378;0.295;244.96;5.63;0.0;0.0;55.0;14.5;47;High;0.85
22/03/2026;16:00:00;1.362;0.184;242.7;5.61;0.0;0.0;55.0;14.7;44;Medium;0.5
22/03/2026;17:00:00;1.675;0.098;237.98;7.04;0.0;0.0;55.0;14.8;44;Medium;0.5
22/03/2026;18:00:00;2.909;0.255;239.86;12.13;24.4;0.0;55.0;14.3;45;High;0.85
22/03/2026;19:00:00;3.749;0.343;244.31;15.35;7.6;0.0;55.0;13.7;52;High;0.85
22/03/2026;20:00:00;4.2;0.451;236.71;17.74;9.9;0.0;55.0;12.0;60;High;0.85
22/03/2026;21:00:00;3.788;0.217;242.19;15.64;11.5;0.0;55.0;11.1;66;High;0.85
22/03/2026;22:00:00;3.102;0.632;235.95;13.15;0.0;0.0;55.0;9.9;70;High;0.85
22/03/2026;23:00:00;2.118;0.291;244.72;8.65;0.0;0.0;55.0;9.1;71;Medium;0.5
23/03/2026;00:00:00;1.106;0.181;238.8;4.63;0.0;0.0;55.0;8.5;73;Low;0.15
23/03/2026;01:00:00;1.18;0.072;246.24;4.79;0.0;0.0;55.0;8.1;75;Low;0.15
23/03/2026;02:00:00;1.066;0.063;244.84;4.36;0.0;0.0;55.0;7.6;78;Low;0.15
23/03/2026;03:00:00;1.246;0.187;239.7;5.2;0.0;0.0;55.0;6.9;81;Low;0.15
23/03/2026;04:00:00;4.745;0.953;237.99;19.94;0.0;0.0;55.0;6.3;85;Low;0.15
23/03/2026;05:00:00;1.432;0.2;240.55;5.95;0.0;0.0;55.0;5.8;88;Low;0.15
23/03/2026;06:00:00;2.173;0.433;239.5;9.07;0.0;0.0;55.0;5.5;89;Medium;0.5
23/03/2026;07:00:00;2.961;0.556;238.88;12.4;0.0;8.7;55.0;5.0;91;Medium;0.5
23/03/2026;08:00:00;3.282;0.206;235.36;13.94;0.0;5.2;55.0;4.6;93;Medium;0.5
23/03/2026;09:00:00;3.102;0.262;238.56;13.0;0.0;5.3;55.0;5.2;93;Medium;0.5
23/03/2026;10:00:00;1.762;0.285;236.89;7.44;0.0;0.0;55.0;6.9;86;Low;0.15
23/03/2026;11:00:00;1.304;0.164;241.54;5.4;0.0;0.0;55.0;9.0;79;Low;0.15
23/03/2026;12:00:00;0.887;0.088;242.77;3.65;0.0;0.0;55.0;11.2;72;Low;0.15
23/03/2026;13:00:00;0.695;0.084;242.07;2.87;0.0;0.0;55.0;13.2;63;Low;0.15
23/03/2026;14:00:00;0.701;0.088;240.96;2.91;0.0;0.0;55.0;14.8;48;Low;0.15
23/03/2026;15:00:00;0.782;0.16;237.61;3.29;0.0;0.0;55.0;15.5;45;Low;0.15
23/03/2026;16:00:00;1.279;0.086;240.58;5.32;0.0;0.0;55.0;15.8;44;Low;0.15
23/03/2026;17:00:00;1.686;0.164;242.22;6.96;0.0;0.0;55.0;15.8;45;Medium;0.5
23/03/2026;18:00:00;2.53;0.358;238.36;10.61;2.6;0.0;55.0;15.6;44;High;0.85
23/03/2026;19:00:00;3.351;0.565;240.33;13.94;14.9;0.0;55.0;14.7;51;High;0.85
23/03/2026;20:00:00;3.494;0.549;239.59;14.58;15.6;0.0;55.0;13.1;59;High;0.85
23/03/2026;21:00:00;3.488;0.733;244.65;14.26;19.1;0.0;55.0;11.8;66;High;0.85
23/03/2026;22:00:00;2.909;0.539;242.38;12.0;0.0;0.0;55.0;10.6;72;High;0.85
23/03/2026;23:00:00;2.12;0.307;241.71;8.77;0.0;0.0;55.0;9.4;78;Medium;0.5
24/03/2026;00:00:00;1.144;0.099;235.19;4.86;0.0;0.0;55.0;8.6;81;Low;0.15
24/03/2026;01:00:00;1.044;0.132;240.48;4.34;0.0;0.0;55.0;7.8;84;Low;0.15
24/03/2026;02:00:00;1.104;0.185;239.57;4.61;0.0;0.0;55.0;7.4;86;Low;0.15
24/03/2026;03:00:00;1.09;0.21;239.54;4.55;0.0;0.0;55.0;6.7;88;Low;0.15
24/03/2026;04:00:00;1.102;0.235;235.62;4.68;0.0;0.0;55.0;6.6;90;Low;0.15
24/03/2026;05:00:00;1.464;0.224;236.95;6.18;0.0;0.0;55.0;6.0;92;Low;0.15
24/03/2026;06:00:00;2.043;0.285;239.81;8.52;0.0;0.0;55.0;5.9;93;Medium;0.5
24/03/2026;07:00:00;2.827;0.15;243.12;11.63;0.0;0.3;55.0;5.3;93;Medium;0.5
24/03/2026;08:00:00;3.107;0.193;238.35;13.04;0.0;11.1;55.0;5.3;94;Medium;0.5
24/03/2026;09:00:00;2.809;0.215;238.88;11.76;0.0;1.4;55.0;7.2;87;Medium;0.5
24/03/2026;10:00:00;1.848;0.11;244.99;7.54;0.0;0.0;55.0;9.9;78;Low;0.15
24/03/2026;11:00:00;4.413;0.521;239.17;18.45;0.0;0.0;55.0;12.5;67;Low;0.15
24/03/2026;12:00:00;0.581;0.062;239.64;2.42;0.0;0.0;55.0;14.1;60;Low;0.15
24/03/2026;13:00:00;0.662;0.105;239.68;2.76;0.0;0.0;55.0;15.2;54;Low;0.15
24/03/2026;14:00:00;0.691;0.098;236.23;2.93;0.0;0.0;55.0;16.6;46;Low;0.15
24/03/2026;15:00:00;0.79;0.12;241.6;3.27;0.0;0.0;55.0;17.2;44;Low;0.15
24/03/2026;16:00:00;0.943;0.123;238.17;3.96;0.0;0.0;55.0;17.1;46;Low;0.15
24/03/2026;17:00:00;1.684;0.164;239.92;7.02;0.0;0.0;55.0;16.6;49;Medium;0.5
24/03/2026;18:00:00;2.68;0.568;241.24;11.11;9.2;0.0;55.0;16.3;51;High;0.85
24/03/2026;19:00:00;3.41;0.221;245.44;13.89;20.0;0.0;55.0;15.3;57;High;0.85
24/03/2026;20:00:00;3.41;0.715;236.31;14.43;4.2;0.0;55.0;14.7;57;High;0.85
24/03/2026;21:00:00;3.341;0.344;242.42;13.78;3.9;0.0;55.0;13.8;60;High;0.85
24/03/2026;22:00:00;2.779;0.381;242.43;11.46;0.0;0.0;55.0;13.1;62;High;0.85
24/03/2026;23:00:00;1.768;0.121;238.21;7.42;0.0;0.0;55.0;12.4;63;Medium;0.5
25/03/2026;00:00:00;1.046;0.065;241.68;4.33;0.0;0.0;55.0;11.5;63;Low;0.15
25/03/2026;01:00:00;0.863;0.106;244.6;3.53;0.0;0.0;55.0;10.6;61;Low;0.15
25/03/2026;02:00:00;0.953;0.168;237.86;4.01;0.0;0.0;55.0;10.1;64;Low;0.15
25/03/2026;03:00:00;1.037;0.099;240.68;4.31;0.0;0.0;55.0;9.8;73;Low;0.15
25/03/2026;04:00:00;0.946;0.138;241.13;3.92;0.0;0.0;55.0;10.1;78;Low;0.15
25/03/2026;05:00:00;1.002;0.098;241.5;4.15;0.0;0.0;55.0;10.1;82;Low;0.15
25/03/2026;06:00:00;1.893;0.22;242.15;7.82;0.0;0.0;55.0;9.8;82;Medium;0.5
25/03/2026;07:00:00;2.755;0.562;240.47;11.46;0.0;11.9;55.0;8.9;83;Medium;0.5
25/03/2026;08:00:00;3.005;0.588;241.44;12.45;0.0;17.5;55.0;8.1;80;Medium;0.5
25/03/2026;09:00:00;2.64;0.364;237.45;11.12;0.0;6.2;55.0;7.7;78;Medium;0.5
25/03/2026;10:00:00;1.898;0.172;240.46;7.89;0.0;0.0;55.0;7.6;75;Low;0.15
25/03/2026;11:00:00;1.298;0.107;238.67;5.44;0.0;0.0;55.0;7.7;71;Low;0.15
25/03/2026;12:00:00;1.045;0.222;236.56;4.42;0.0;0.0;55.0;8.6;61;Low;0.15
25/03/2026;13:00:00;1.109;0.094;238.57;4.65;0.0;0.0;55.0;8.0;70;Low;0.15
25/03/2026;14:00:00;1.181;0.221;240.75;4.9;0.0;0.0;55.0;8.1;69;Low;0.15
25/03/2026;15:00:00;1.486;0.168;241.22;6.16;0.0;0.0;55.0;7.0;80;Low;0.15
25/03/2026;16:00:00;1.562;0.34;236.45;6.61;0.0;0.0;55.0;6.8;69;Low;0.15
25/03/2026;17:00:00;2.216;0.25;237.37;9.34;0.0;0.0;55.0;8.4;64;Medium;0.5
25/03/2026;18:00:00;3.037;0.333;242.03;12.55;6.8;0.0;55.0;7.6;61;High;0.85
25/03/2026;19:00:00;3.647;0.578;241.42;15.11;17.3;0.0;55.0;7.6;60;High;0.85
25/03/2026;20:00:00;4.122;0.88;242.48;17.0;16.7;0.0;55.0;6.2;65;High;0.85
25/03/2026;21:00:00;3.886;0.839;243.83;15.94;21.4;0.0;55.0;5.5;67;High;0.85
25/03/2026;22:00:00;3.135;0.534;241.51;12.98;0.0;0.0;55.0;5.0;69;High;0.85
25/03/2026;23:00:00;2.311;0.412;238.84;9.67;0.0;0.0;55.0;4.6;72;Medium;0.5
26/03/2026;00:00:00;1.392;0.203;240.32;5.79;0.0;0.0;55.0;3.5;76;Low;0.15
26/03/2026;01:00:00;1.401;0.25;244.65;5.72;0.0;0.0;55.0;3.3;78;Low;0.15
26/03/2026;02:00:00;1.373;0.269;247.74;5.54;0.0;0.0;55.0;4.0;80;Low;0.15
26/03/2026;03:00:00;1.394;0.185;241.3;5.78;0.0;0.0;55.0;3.4;81;Low;0.15
26/03/2026;04:00:00;1.374;0.214;241.5;5.69;0.0;0.0;55.0;3.1;82;Low;0.15
26/03/2026;05:00:00;1.567;0.222;242.03;6.48;0.0;0.0;55.0;2.9;81;Low;0.15
26/03/2026;06:00:00;2.248;0.327;240.07;9.36;0.0;0.0;55.0;2.6;83;Medium;0.5
26/03/2026;07:00:00;3.227;0.65;243.26;13.26;0.0;15.2;55.0;2.3;85;Medium;0.5
26/03/2026;08:00:00;3.358;0.371;242.82;13.83;0.0;6.8;55.0;2.8;88;Medium;0.5
26/03/2026;09:00:00;2.954;0.252;240.99;12.26;0.0;19.7;55.0;3.5;86;Medium;0.5
26/03/2026;10:00:00;1.869;0.238;239.11;7.81;0.0;0.0;55.0;5.0;80;Low;0.15
26/03/2026;11:00:00;1.684;0.144;235.74;7.14;0.0;0.0;55.0;6.7;70;Low;0.15
26/03/2026;12:00:00;3.031;0.408;242.05;12.52;0.0;0.0;55.0;7.9;62;Low;0.15
26/03/2026;13:00:00;1.009;0.206;240.6;4.2;0.0;0.0;55.0;8.7;59;Low;0.15
26/03/2026;14:00:00;1.169;0.181;237.93;4.91;0.0;0.0;55.0;7.7;60;Low;0.15
26/03/2026;15:00:00;1.176;0.23;236.84;4.97;0.0;0.0;55.0;9.2;57;Low;0.15
26/03/2026;16:00:00;1.467;0.115;241.85;6.07;0.0;0.0;55.0;8.6;53;Low;0.15
26/03/2026;17:00:00;2.233;0.454;235.52;9.48;0.0;0.0;55.0;9.2;44;Medium;0.5
26/03/2026;18:00:00;3.066;0.467;240.84;12.73;2.6;0.0;55.0;8.8;45;High;0.85
26/03/2026;19:00:00;3.644;0.202;242.36;15.03;5.1;0.0;55.0;7.6;50;High;0.85
26/03/2026;20:00:00;4.048;0.638;241.54;16.76;4.4;0.0;55.0;6.9;56;High;0.85
26/03/2026;21:00:00;3.894;0.825;238.91;16.3;5.9;0.0;55.0;5.7;63;High;0.85
26/03/2026;22:00:00;3.462;0.22;236.5;14.64;0.0;0.0;55.0;4.8;68;High;0.85
26/03/2026;23:00:00;2.218;0.331;241.64;9.18;0.0;0.0;55.0;4.1;73;Medium;0.5
27/03/2026;00:00:00;1.491;0.307;243.36;6.13;0.0;0.0;55.0;3.2;81;Low;0.15
27/03/2026;01:00:00;1.407;0.073;238.4;5.9;0.0;0.0;55.0;2.9;81;Low;0.15
27/03/2026;02:00:00;1.485;0.234;241.42;6.15;0.0;0.0;55.0;2.7;85;Low;0.15
27/03/2026;03:00:00;1.451;0.19;244.43;5.94;0.0;0.0;55.0;1.8;89;Low;0.15
27/03/2026;04:00:00;1.443;0.157;240.95;5.99;0.0;0.0;55.0;1.4;92;Low;0.15
27/03/2026;05:00:00;1.802;0.282;238.89;7.54;0.0;0.0;55.0;1.1;94;Low;0.15
27/03/2026;06:00:00;2.541;0.15;242.91;10.46;0.0;0.0;55.0;0.8;94;Medium;0.5
27/03/2026;07:00:00;3.265;0.581;237.93;13.72;0.0;7.0;55.0;0.3;95;Medium;0.5
27/03/2026;08:00:00;5.452;0.277;236.37;23.06;0.0;3.8;55.0;1.2;91;Medium;0.5
27/03/2026;09:00:00;2.922;0.299;242.27;12.06;0.0;16.1;55.0;3.4;84;Medium;0.5
27/03/2026;10:00:00;1.758;0.238;238.86;7.36;0.0;0.0;55.0;5.8;76;Low;0.15
27/03/2026;11:00:00;1.413;0.161;239.11;5.91;0.0;0.0;55.0;7.7;62;Low;0.15
27/03/2026;12:00:00;1.126;0.115;238.24;4.73;0.0;0.0;55.0;8.8;52;Low;0.15
27/03/2026;13:00:00;0.902;0.172;238.68;3.78;0.0;0.0;55.0;9.6;50;Low;0.15
27/03/2026;14:00:00;0.93;0.194;243.93;3.81;0.0;0.0;55.0;10.1;49;Low;0.15
27/03/2026;15:00:00;1.009;0.2;244.65;4.13;0.0;0.0;55.0;10.2;49;Low;0.15
27/03/2026;16:00:00;1.121;0.156;245.03;4.58;0.0;0.0;55.0;10.3;52;Low;0.15
27/03/2026;17:00:00;1.904;0.381;243.05;7.84;0.0;0.0;55.0;10.3;54;Medium;0.5
27/03/2026;18:00:00;2.818;0.582;241.31;11.68;17.0;0.0;55.0;10.2;58;High;0.85
27/03/2026;19:00:00;3.582;0.428;235.99;15.18;24.4;0.0;55.0;9.7;66;High;0.85
27/03/2026;20:00:00;3.832;0.376;239.47;16.0;20.8;0.0;55.0;9.7;67;High;0.85
27/03/2026;21:00:00;3.491;0.233;246.04;14.19;4.0;0.0;55.0;9.2;69;High;0.85
27/03/2026;22:00:00;3.217;0.423;238.78;13.47;0.0;0.0;55.0;8.8;72;High;0.85
27/03/2026;23:00:00;2.231;0.471;244.24;9.14;0.0;0.0;55.0;8.3;77;Medium;0.5
28/03/2026;00:00:00;1.005;0.146;240.15;4.18;0.0;0.0;55.0;8.0;82;Low;0.15
28/03/2026;01:00:00;1.11;0.181;232.5;4.77;0.0;0.0;55.0;8.0;88;Low;0.15
28/03/2026;02:00:00;1.125;0.078;241.79;4.65;0.0;0.0;55.0;8.0;91;Low;0.15
28/03/2026;03:00:00;1.209;0.09;243.55;4.96;0.0;0.0;55.0;8.0;94;Low;0.15
28/03/2026;04:00:00;1.056;0.136;239.86;4.4;0.0;0.0;55.0;8.0;95;Low;0.15
28/03/2026;05:00:00;1.444;0.306;243.45;5.93;0.0;0.0;55.0;8.2;95;Low;0.15
28/03/2026;06:00:00;2.07;0.23;235.33;8.8;0.0;0.0;55.0;8.4;96;Medium;0.5
28/03/2026;07:00:00;2.747;0.547;236.12;11.63;0.0;10.5;55.0;8.5;95;Medium;0.5
28/03/2026;08:00:00;3.402;0.24;240.57;14.14;0.0;19.8;55.0;7.5;92;Medium;0.5
28/03/2026;09:00:00;3.106;0.481;241.34;12.87;0.0;12.4;55.0;6.9;89;Medium;0.5
28/03/2026;10:00:00;2.438;0.371;243.8;10.0;0.0;0.0;55.0;7.5;84;Medium;0.5
28/03/2026;11:00:00;1.716;0.337;241.79;7.1;0.0;0.0;55.0;8.6;74;High;0.85
28/03/2026;12:00:00;1.65;0.083;236.66;6.97;0.0;0.0;55.0;9.4;67;High;0.85
28/03/2026;13:00:00;1.472;0.121;240.6;6.12;0.0;0.0;55.0;9.8;55;High;0.85
28/03/2026;14:00:00;1.627;0.142;241.68;6.73;0.0;0.0;55.0;9.5;54;High;0.85
28/03/2026;15:00:00;1.438;0.304;234.75;6.12;0.0;0.0;55.0;10.4;45;High;0.85
28/03/2026;16:00:00;1.448;0.11;239.88;6.04;0.0;0.0;55.0;10.4;47;Medium;0.5
28/03/2026;17:00:00;2.025;0.114;239.06;8.47;0.0;0.0;55.0;10.3;44;Medium;0.5
28/03/2026;18:00:00;3.217;0.453;238.17;13.51;16.0;0.0;55.0;9.2;44;High;0.85
28/03/2026;19:00:00;4.003;0.56;241.4;16.58;19.3;0.0;55.0;7.6;63;High;0.85
28/03/2026;20:00:00;4.469;0.865;236.78;18.88;19.0;0.0;55.0;7.4;69;High;0.85
28/03/2026;21:00:00;4.224;0.893;241.17;17.51;24.1;0.0;55.0;6.7;68;High;0.85
28/03/2026;22:00:00;3.467;0.491;241.57;14.35;0.0;0.0;55.0;5.9;70;High;0.85
28/03/2026;23:00:00;2.577;0.536;243.03;10.6;0.0;0.0;55.0;5.1;75;Medium;0.5
29/03/2026;00:00:00;1.334;0.231;236.85;5.63;0.0;0.0;55.0;4.5;78;Low;0.15
29/03/2026;01:00:00;1.201;0.114;235.79;5.09;0.0;0.0;55.0;4.0;80;Low;0.15
29/03/2026;02:00:00;3.567;0.741;240.78;14.82;0.0;0.0;55.0;2.2;86;Low;0.15
29/03/2026;03:00:00;1.336;0.218;239.2;5.58;0.0;0.0;55.0;2.9;89;Low;0.15
29/03/2026;04:00:00;1.529;0.184;248.13;6.16;0.0;0.0;55.0;3.0;89;Low;0.15
29/03/2026;05:00:00;1.828;0.303;241.28;7.58;0.0;0.0;55.0;2.6;90;Low;0.15
29/03/2026;06:00:00;2.524;0.298;240.16;10.51;0.0;0.0;55.0;2.5;90;Medium;0.5
29/03/2026;07:00:00;3.103;0.215;239.52;12.95;0.0;10.4;55.0;2.3;90;Medium;0.5
29/03/2026;08:00:00;3.538;0.609;236.59;14.95;0.0;17.7;55.0;2.5;89;Medium;0.5
29/03/2026;09:00:00;3.313;0.63;241.58;13.71;0.0;0.6;55.0;3.5;88;Medium;0.5
29/03/2026;10:00:00;2.288;0.398;239.78;9.54;0.0;0.0;55.0;5.4;81;Medium;0.5
29/03/2026;11:00:00;1.922;0.171;239.78;8.02;0.0;0.0;55.0;7.3;73;High;0.85
29/03/2026;12:00:00;1.71;0.364;240.26;7.12;0.0;0.0;55.0;8.5;62;High;0.85
29/03/2026;13:00:00;1.601;0.087;240.62;6.65;0.0;0.0;55.0;9.5;56;High;0.85
29/03/2026;14:00:00;1.499;0.16;235.13;6.37;0.0;0.0;55.0;10.8;48;High;0.85
29/03/2026;15:00:00;1.528;0.144;242.34;6.3;0.0;0.0;55.0;11.0;44;High;0.85
29/03/2026;16:00:00;1.525;0.089;237.63;6.42;0.0;0.0;55.0;10.7;47;Medium;0.5
29/03/2026;17:00:00;2.171;0.258;239.61;9.06;0.0;0.0;55.0;10.6;49;Medium;0.5
29/03/2026;18:00:00;3.187;0.497;243.6;13.08;12.2;0.0;55.0;10.5;51;High;0.85
29/03/2026;19:00:00;3.891;0.778;244.98;15.88;4.1;0.0;55.0;10.1;56;High;0.85
29/03/2026;20:00:00;4.386;0.957;235.24;18.64;15.0;0.0;55.0;9.5;60;High;0.85
29/03/2026;21:00:00;3.988;0.747;240.08;16.61;5.8;0.0;55.0;8.7;67;High;0.85
29/03/2026;22:00:00;3.154;0.409;240.76;13.1;0.0;0.0;55.0;8.7;67;High;0.85
29/03/2026;23:00:00;2.165;0.375;235.78;9.18;0.0;0.0;55.0;8.0;71;Medium;0.5
30/03/2026;00:00:00;0.973;0.188;242.25;4.02;0.0;0.0;55.0;8.2;71;Low;0.15
30/03/2026;01:00:00;1.043;0.135;240.33;4.34;0.0;0.0;55.0;8.2;73;Low;0.15
30/03/2026;02:00:00;1.182;0.217;240.54;4.92;0.0;0.0;55.0;8.4;75;Low;0.15
30/03/2026;03:00:00;0.985;0.13;237.43;4.15;0.0;0.0;55.0;8.4;77;Low;0.15
30/03/2026;04:00:00;1.126;0.13;241.16;4.67;0.0;0.0;55.0;8.4;80;Low;0.15
30/03/2026;05:00:00;1.211;0.169;242.35;5.0;0.0;0.0;55.0;8.6;82;Low;0.15
30/03/2026;06:00:00;1.958;0.323;240.36;8.15;0.0;0.0;55.0;9.0;85;Medium;0.5
30/03/2026;07:00:00;2.489;0.432;238.56;10.43;0.0;3.0;55.0;9.1;87;Medium;0.5
30/03/2026;08:00:00;2.993;0.331;238.78;12.53;0.0;15.0;55.0;8.5;90;Medium;0.5
30/03/2026;09:00:00;2.627;0.386;240.62;10.92;0.0;19.5;55.0;9.0;89;Medium;0.5
30/03/2026;10:00:00;1.721;0.352;240.14;7.17;0.0;0.0;55.0;9.9;81;Low;0.15
30/03/2026;11:00:00;1.161;0.251;242.53;4.79;0.0;0.0;55.0;10.9;71;Low;0.15
30/03/2026;12:00:00;0.79;0.07;238.66;3.31;0.0;0.0;55.0;11.7;63;Low;0.15
30/03/2026;13:00:00;0.945;0.078;236.59;3.99;0.0;0.0;55.0;12.3;57;Low;0.15
30/03/2026;14:00:00;0.885;0.146;241.01;3.67;0.0;0.0;55.0;12.1;52;Low;0.15
30/03/2026;15:00:00;0.956;0.115;238.66;4.0;0.0;0.0;55.0;12.2;50;Low;0.15
30/03/2026;16:00:00;1.184;0.064;242.19;4.89;0.0;0.0;55.0;11.7;52;Low;0.15
30/03/2026;17:00:00;1.868;0.204;240.02;7.78;0.0;0.0;55.0;11.4;51;Medium;0.5
30/03/2026;18:00:00;2.953;0.553;241.83;12.21;8.0;0.0;55.0;10.2;65;High;0.85
30/03/2026;19:00:00;3.623;0.672;237.16;15.28;3.4;0.0;55.0;10.5;61;High;0.85
30/03/2026;20:00:00;3.713;0.498;240.4;15.44;20.2;0.0;55.0;10.0;63;High;0.85
30/03/2026;21:00:00;3.612;0.471;238.04;15.17;5.5;0.0;55.0;9.0;70;High;0.85
30/03/2026;22:00:00;3.026;0.449;236.58;12.79;0.0;0.0;55.0;8.2;77;High;0.85
30/03/2026;23:00:00;2.174;0.19;237.59;9.15;0.0;0.0;55.0;7.6;81;Medium;0.5
31/03/2026;00:00:00;1.262;0.176;238.48;5.29;0.0;0.0;55.0;7.0;84;Low;0.15
31/03/2026;01:00:00;1.107;0.057;243.49;4.55;0.0;0.0;55.0;6.3;86;Low;0.15
31/03/2026;02:00:00;1.087;0.142;238.4;4.56;0.0;0.0;55.0;7.1;82;Low;0.15
31/03/2026;03:00:00;1.11;0.119;236.44;4.69;0.0;0.0;55.0;6.8;83;Low;0.15
31/03/2026;04:00:00;1.147;0.189;240.37;4.77;0.0;0.0;55.0;6.4;85;Low;0.15
31/03/2026;05:00:00;1.38;0.219;240.08;5.75;0.0;0.0;55.0;6.3;86;Low;0.15
31/03/2026;06:00:00;2.229;0.256;238.62;9.34;0.0;0.0;55.0;6.2;86;Medium;0.5
31/03/2026;07:00:00;2.763;0.142;239.55;11.53;0.0;7.5;55.0;5.3;90;Medium;0.5
31/03/2026;08:00:00;3.19;0.296;242.73;13.14;0.0;0.5;55.0;6.3;88;Medium;0.5
31/03/2026;09:00:00;2.62;0.413;241.88;10.83;0.0;11.3;55.0;6.6;86;Medium;0.5
31/03/2026;10:00:00;1.779;0.111;241.64;7.36;0.0;0.0;55.0;7.1;86;Low;0.15
31/03/2026;11:00:00;1.274;0.087;236.69;5.38;0.0;0.0;55.0;8.1;80;Low;0.15
31/03/2026;12:00:00;3.203;0.513;248.08;12.91;0.0;0.0;55.0;9.6;71;Low;0.15
31/03/2026;13:00:00;0.911;0.163;242.94;3.75;0.0;0.0;55.0;10.6;63;Low;0.15
31/03/2026;14:00:00;0.752;0.079;241.45;3.11;0.0;0.0;55.0;10.3;65;Low;0.15
31/03/2026;15:00:00;0.868;0.116;236.74;3.67;0.0;0.0;55.0;10.0;73;Low;0.15
31/03/2026;16:00:00;1.297;0.273;242.65;5.34;0.0;0.0;55.0;9.9;79;Low;0.15
31/03/2026;17:00:00;2.042;0.43;238.6;8.56;0.0;0.0;55.0;10.4;77;Medium;0.5
31/03/2026;18:00:00;2.939;0.301;239.46;12.27;1.3;0.0;55.0;10.7;74;High;0.85
31/03/2026;19:00:00;3.586;0.673;235.29;15.24;0.2;0.0;55.0;10.6;76;High;0.85
31/03/2026;20:00:00;3.992;0.603;236.52;16.88;19.7;0.0;55.0;10.2;82;High;0.85
31/03/2026;21:00:00;3.558;0.768;241.23;14.75;13.8;0.0;55.0;9.9;85;High;0.85
31/03/2026;22:00:00;3.051;0.4;242.82;12.56;0.0;0.0;55.0;9.7;88;High;0.85
31/03/2026;23:00:00;1.877;0.341;241.92;7.76;0.0;0.0;55.0;9.4;89;Medium;0.5
01/04/2026;00:00:00;0.938;0.169;241.82;3.88;0.0;0.0;55.0;8.9;92;Low;0.15
01/04/2026;01:00:00;0.86;0.116;239.82;3.59;0.0;0.0;55.0;8.7;93;Low;0.15
01/04/2026;02:00:00;0.978;0.181;238.86;4.09;0.0;0.0;55.0;9.3;92;Low;0.15
01/04/2026;03:00:00;1.018;0.096;240.81;4.23;0.0;0.0;55.0;9.1;94;Low;0.15
01/04/2026;04:00:00;1.094;0.077;242.3;4.52;0.0;0.0;55.0;8.8;96;Low;0.15
01/04/2026;05:00:00;1.331;0.163;240.01;5.54;0.0;0.0;55.0;7.8;98;Low;0.15
01/04/2026;06:00:00;1.939;0.408;243.39;7.97;0.0;0.0;55.0;8.2;98;Medium;0.5
01/04/2026;07:00:00;2.687;0.363;239.4;11.22;0.0;16.3;55.0;8.0;98;Medium;0.5
01/04/2026;08:00:00;2.859;0.452;237.26;12.05;0.0;20.0;55.0;8.6;97;Medium;0.5
01/04/2026;09:00:00;2.789;0.435;239.97;11.62;0.0;9.1;55.0;8.9;97;Medium;0.5
01/04/2026;10:00:00;1.649;0.12;240.3;6.86;0.0;0.0;55.0;9.7;93;Low;0.15
01/04/2026;11:00:00;1.09;0.127;239.77;4.55;0.0;0.0;55.0;10.9;85;Low;0.15
01/04/2026;12:00:00;1.087;0.185;243.59;4.46;0.0;0.0;55.0;11.4;83;Low;0.15
01/04/2026;13:00:00;0.736;0.158;242.25;3.04;0.0;0.0;55.0;11.9;81;Low;0.15
01/04/2026;14:00:00;0.877;0.069;235.99;3.72;0.0;0.0;55.0;10.0;90;Low;0.15
01/04/2026;15:00:00;0.922;0.11;244.3;3.78;0.0;0.0;55.0;10.6;87;Low;0.15
01/04/2026;16:00:00;1.233;0.082;232.32;5.31;0.0;0.0;55.0;10.8;87;Low;0.15
01/04/2026;17:00:00;1.975;0.18;246.02;8.03;0.0;0.0;55.0;11.2;85;Medium;0.5
01/04/2026;18:00:00;2.927;0.334;239.2;12.24;11.4;0.0;55.0;11.5;83;High;0.85
01/04/2026;19:00:00;3.821;0.542;239.47;15.95;3.2;0.0;55.0;10.7;90;High;0.85
01/04/2026;20:00:00;3.663;0.327;239.83;15.27;0.8;0.0;55.0;10.0;95;High;0.85
01/04/2026;21:00:00;5.69;0.505;241.08;23.6;7.9;0.0;55.0;9.6;93;High;0.85
01/04/2026;22:00:00;2.947;0.537;240.0;12.28;0.0;0.0;55.0;9.0;94;High;0.85
01/04/2026;23:00:00;2.006;0.428;239.63;8.37;0.0;0.0;55.0;9.0;93;Medium;0.5
02/04/2026;00:00:00;1.009;0.106;243.66;4.14;0.0;0.0;55.0;8.2;95;Low;0.15
02/04/2026;01:00:00;0.974;0.163;241.58;4.03;0.0;0.0;55.0;8.3;95;Low;0.15
02/04/2026;02:00:00;1.216;0.114;237.32;5.12;0.0;0.0;55.0;8.6;91;Low;0.15
02/04/2026;03:00:00;1.149;0.239;242.07;4.75;0.0;0.0;55.0;8.4;91;Low;0.15
02/04/2026;04:00:00;1.139;0.187;241.47;4.72;0.0;0.0;55.0;7.9;93;Low;0.15
02/04/2026;05:00:00;1.442;0.269;238.47;6.05;0.0;0.0;55.0;8.1;93;Low;0.15
02/04/2026;06:00:00;1.911;0.112;242.22;7.89;0.0;0.0;55.0;7.7;96;Medium;0.5
02/04/2026;07:00:00;2.579;0.391;239.56;10.77;0.0;11.8;55.0;7.9;97;Medium;0.5
02/04/2026;08:00:00;2.827;0.395;239.38;11.81;0.0;3.8;55.0;8.0;97;Medium;0.5
02/04/2026;09:00:00;2.612;0.261;239.3;10.92;0.0;2.8;55.0;8.4;95;Medium;0.5
02/04/2026;10:00:00;1.744;0.165;233.2;7.48;0.0;0.0;55.0;8.9;92;Low;0.15
02/04/2026;11:00:00;1.245;0.185;238.53;5.22;0.0;0.0;55.0;9.3;89;Low;0.15
02/04/2026;12:00:00;0.979;0.166;242.0;4.04;0.0;0.0;55.0;10.8;81;Low;0.15
02/04/2026;13:00:00;0.677;0.038;239.94;2.82;0.0;0.0;55.0;12.6;73;Low;0.15
02/04/2026;14:00:00;0.908;0.133;236.4;3.84;0.0;0.0;55.0;12.7;67;Low;0.15
02/04/2026;15:00:00;0.918;0.072;242.7;3.78;0.0;0.0;55.0;12.9;64;Low;0.15
02/04/2026;16:00:00;1.151;0.085;239.16;4.81;0.0;0.0;55.0;13.5;62;Low;0.15
02/04/2026;17:00:00;1.623;0.253;236.58;6.86;0.0;0.0;55.0;13.2;64;Medium;0.5
02/04/2026;18:00:00;2.8;0.288;246.18;11.38;12.8;0.0;55.0;12.9;66;High;0.85
02/04/2026;19:00:00;3.331;0.416;237.05;14.05;10.9;0.0;55.0;12.6;66;High;0.85
02/04/2026;20:00:00;3.758;0.418;242.46;15.5;7.8;0.0;55.0;11.5;72;High;0.85
02/04/2026;21:00:00;3.671;0.588;237.85;15.43;15.2;0.0;55.0;9.8;73;High;0.85
02/04/2026;22:00:00;3.066;0.398;240.38;12.76;0.0;0.0;55.0;8.1;76;High;0.85
02/04/2026;23:00:00;2.111;0.451;237.47;8.89;0.0;0.0;55.0;6.8;80;Medium;0.5
03/04/2026;00:00:00;1.209;0.133;236.53;5.11;0.0;0.0;55.0;5.9;83;Low;0.15
03/04/2026;01:00:00;1.097;0.193;241.46;4.54;0.0;0.0;55.0;5.2;86;Low;0.15
03/04/2026;02:00:00;1.408;0.132;241.13;5.84;0.0;0.0;55.0;4.5;88;Low;0.15
03/04/2026;03:00:00;1.303;0.178;243.21;5.36;0.0;0.0;55.0;4.1;89;Low;0.15
03/04/2026;04:00:00;1.507;0.217;239.9;6.28;0.0;0.0;55.0;3.6;91;Low;0.15
03/04/2026;05:00:00;1.542;0.163;246.22;6.26;0.0;0.0;55.0;3.3;91;Low;0.15
03/04/2026;06:00:00;2.286;0.298;240.75;9.49;0.0;0.0;55.0;3.1;91;Medium;0.5
03/04/2026;07:00:00;2.912;0.284;241.59;12.05;0.0;3.2;55.0;3.3;91;Medium;0.5
03/04/2026;08:00:00;3.355;0.171;236.2;14.2;0.0;11.7;55.0;4.3;88;Medium;0.5
03/04/2026;09:00:00;2.803;0.243;238.28;11.76;0.0;18.3;55.0;5.2;85;Medium;0.5
03/04/2026;10:00:00;1.918;0.324;241.46;7.94;0.0;0.0;55.0;6.8;80;Low;0.15
03/04/2026;11:00:00;1.226;0.222;239.76;5.12;0.0;0.0;55.0;8.8;75;Low;0.15
03/04/2026;12:00:00;0.73;0.071;240.53;3.04;0.0;0.0;55.0;11.4;69;Low;0.15
03/04/2026;13:00:00;0.719;0.086;237.71;3.03;0.0;0.0;55.0;13.3;57;Low;0.15
03/04/2026;14:00:00;0.704;0.04;240.34;2.93;0.0;0.0;55.0;12.8;65;Low;0.15
03/04/2026;15:00:00;0.933;0.084;240.33;3.88;0.0;0.0;55.0;12.3;68;Low;0.15
03/04/2026;16:00:00;1.066;0.195;236.69;4.5;0.0;0.0;55.0;11.7;76;Low;0.15
03/04/2026;17:00:00;2.031;0.311;241.8;8.4;0.0;0.0;55.0;11.1;81;Medium;0.5
03/04/2026;18:00:00;2.892;0.246;235.24;12.29;13.5;0.0;55.0;10.7;85;High;0.85
03/04/2026;19:00:00;3.552;0.333;240.52;14.77;8.8;0.0;55.0;10.6;88;High;0.85
03/04/2026;20:00:00;3.875;0.732;244.94;15.82;18.0;0.0;55.0;11.3;89;High;0.85
03/04/2026;21:00:00;3.624;0.31;241.91;14.98;15.5;0.0;55.0;11.3;91;High;0.85
03/04/2026;22:00:00;2.857;0.305;241.89;11.81;0.0;0.0;55.0;11.4;91;High;0.85
03/04/2026;23:00:00;1.819;0.296;237.49;7.66;0.0;0.0;55.0;11.8;91;Medium;0.5
04/04/2026;00:00:00;0.671;0.098;244.95;2.74;0.0;0.0;55.0;11.9;92;Low;0.15
04/04/2026;01:00:00;0.78;0.1;243.85;3.2;0.0;0.0;55.0;11.9;93;Low;0.15
04/04/2026;02:00:00;0.751;0.153;237.64;3.16;0.0;0.0;55.0;12.5;92;Low;0.15
04/04/2026;03:00:00;0.837;0.073;238.67;3.51;0.0;0.0;55.0;12.4;93;Low;0.15
04/04/2026;04:00:00;0.858;0.151;243.51;3.52;0.0;0.0;55.0;12.1;94;Low;0.15
04/04/2026;05:00:00;1.182;0.091;245.03;4.82;0.0;0.0;55.0;11.9;95;Low;0.15
04/04/2026;06:00:00;1.853;0.287;236.46;7.84;0.0;0.0;55.0;11.9;93;Medium;0.5
04/04/2026;07:00:00;6.195;1.2;237.19;26.12;0.0;0.8;55.0;11.5;94;Medium;0.5
04/04/2026;08:00:00;3.196;0.409;239.6;13.34;0.0;2.8;55.0;11.7;95;Medium;0.5
04/04/2026;09:00:00;2.699;0.467;233.92;11.54;0.0;12.7;55.0;12.1;93;Medium;0.5
04/04/2026;10:00:00;1.831;0.347;240.05;7.63;0.0;0.0;55.0;13.2;87;Medium;0.5
04/04/2026;11:00:00;1.434;0.105;243.32;5.89;0.0;0.0;55.0;14.3;79;High;0.85
04/04/2026;12:00:00;1.181;0.201;235.97;5.0;0.0;0.0;55.0;15.1;73;High;0.85
04/04/2026;13:00:00;1.116;0.23;240.36;4.64;0.0;0.0;55.0;16.2;65;High;0.85
04/04/2026;14:00:00;1.165;0.172;238.37;4.89;0.0;0.0;55.0;16.1;63;High;0.85
04/04/2026;15:00:00;1.384;0.113;244.59;5.66;0.0;0.0;55.0;16.8;62;High;0.85
04/04/2026;16:00:00;1.276;0.091;238.4;5.35;0.0;0.0;55.0;17.1;62;Medium;0.5
04/04/2026;17:00:00;1.686;0.159;244.25;6.9;0.0;0.0;55.0;17.9;62;Medium;0.5
04/04/2026;18:00:00;3.038;0.205;238.33;12.75;23.4;0.0;55.0;17.7;62;High;0.85
04/04/2026;19:00:00;3.655;0.502;242.16;15.09;17.2;0.0;55.0;17.0;65;High;0.85
04/04/2026;20:00:00;3.807;0.235;240.71;15.82;15.5;0.0;55.0;16.4;64;High;0.85
04/04/2026;21:00:00;3.579;0.315;239.61;14.94;10.6;0.0;55.0;15.4;68;High;0.85
04/04/2026;22:00:00;2.885;0.36;237.79;12.13;0.0;0.0;55.0;14.8;68;High;0.85
04/04/2026;23:00:00;2.022;0.264;240.9;8.39;0.0;0.0;55.0;14.5;65;Medium;0.5
05/04/2026;00:00:00;0.588;0.086;238.77;2.46;0.0;0.0;55.0;14.4;66;Low;0.15
05/04/2026;01:00:00;0.79;0.134;238.07;3.32;0.0;0.0;55.0;14.5;66;Low;0.15
05/04/2026;02:00:00;0.821;0.048;244.12;3.36;0.0;0.0;55.0;14.7;66;Low;0.15
05/04/2026;03:00:00;0.673;0.043;241.53;2.79;0.0;0.0;55.0;13.9;68;Low;0.15
05/04/2026;04:00:00;0.817;0.049;241.8;3.38;0.0;0.0;55.0;12.9;70;Low;0.15
05/04/2026;05:00:00;4.533;0.553;238.9;18.98;0.0;0.0;55.0;11.5;74;Low;0.15
05/04/2026;06:00:00;1.99;0.114;239.48;8.31;0.0;0.0;55.0;10.3;80;Medium;0.5
05/04/2026;07:00:00;2.805;0.496;239.3;11.72;0.0;14.7;55.0;9.7;84;Medium;0.5
05/04/2026;08:00:00;3.24;0.285;240.94;13.45;0.0;11.5;55.0;10.1;85;Medium;0.5
05/04/2026;09:00:00;2.809;0.589;241.8;11.62;0.0;11.8;55.0;11.5;81;Medium;0.5
05/04/2026;10:00:00;1.846;0.245;239.92;7.69;0.0;0.0;55.0;11.8;82;Medium;0.5
05/04/2026;11:00:00;1.441;0.181;237.78;6.06;0.0;0.0;55.0;11.9;85;High;0.85
05/04/2026;12:00:00;3.41;0.623;242.13;14.08;0.0;0.0;55.0;12.2;78;High;0.85
05/04/2026;13:00:00;1.332;0.228;240.09;5.55;0.0;0.0;55.0;13.3;69;High;0.85
05/04/2026;14:00:00;1.274;0.195;235.97;5.4;0.0;0.0;55.0;14.5;50;High;0.85
05/04/2026;15:00:00;1.276;0.267;234.02;5.45;0.0;0.0;55.0;15.3;46;High;0.85
05/04/2026;16:00:00;1.311;0.16;240.83;5.44;0.0;0.0;55.0;15.0;50;Medium;0.5
05/04/2026;17:00:00;2.033;0.381;237.68;8.55;0.0;0.0;55.0;14.0;57;Medium;0.5
05/04/2026;18:00:00;2.93;0.336;241.21;12.15;19.9;0.0;55.0;14.5;55;High;0.85
05/04/2026;19:00:00;3.67;0.707;237.83;15.43;22.1;0.0;55.0;13.6;60;High;0.85
05/04/2026;20:00:00;4.059;0.382;240.37;16.89;1.5;0.0;55.0;12.3;66;High;0.85
05/04/2026;21:00:00;3.852;0.382;238.94;16.12;19.3;0.0;55.0;10.9;72;High;0.85
05/04/2026;22:00:00;3.337;0.551;244.91;13.63;0.0;0.0;55.0;9.8;74;High;0.85
05/04/2026;23:00:00;2.169;0.187;242.66;8.94;0.0;0.0;55.0;8.9;77;Medium;0.5
06/04/2026;00:00:00;1.081;0.096;243.77;4.43;0.0;0.0;55.0;8.0;82;Low;0.15
06/04/2026;01:00:00;1.082;0.11;240.07;4.51;0.0;0.0;55.0;7.2;85;Low;0.15
06/04/2026;02:00:00;1.307;0.216;242.3;5.39;0.0;0.0;55.0;6.1;87;Low;0.15
06/04/2026;03:00:00;1.453;0.292;240.26;6.05;0.0;0.0;55.0;5.2;88;Low;0.15
06/04/2026;04:00:00;1.356;0.223;244.11;5.56;0.0;0.0;55.0;5.0;89;Low;0.15
06/04/2026;05:00:00;1.531;0.292;239.8;6.38;0.0;0.0;55.0;4.5;92;Low;0.15
06/04/2026;06:00:00;2.288;0.326;236.09;9.69;0.0;0.0;55.0;4.0;94;Medium;0.5
06/04/2026;07:00:00;2.72;0.168;234.4;11.6;0.0;5.4;55.0;3.8;94;Medium;0.5
06/04/2026;08:00:00;3.336;0.224;244.67;13.63;0.0;5.5;55.0;4.4;92;Medium;0.5
06/04/2026;09:00:00;2.852;0.411;241.34;11.82;0.0;12.8;55.0;5.8;87;Medium;0.5
06/04/2026;10:00:00;1.824;0.193;241.52;7.55;0.0;0.0;55.0;8.0;78;Low;0.15
06/04/2026;11:00:00;1.098;0.096;244.17;4.49;0.0;0.0;55.0;10.4;67;Low;0.15
06/04/2026;12:00:00;0.829;0.107;235.38;3.52;0.0;0.0;55.0;12.4;58;Low;0.15
06/04/2026;13:00:00;0.705;0.115;239.0;2.95;0.0;0.0;55.0;13.8;55;Low;0.15
06/04/2026;14:00:00;0.792;0.091;239.34;3.31;0.0;0.0;55.0;15.3;51;Low;0.15
06/04/2026;15:00:00;0.73;0.136;242.08;3.02;0.0;0.0;55.0;16.1;50;Low;0.15
06/04/2026;16:00:00;1.196;0.21;238.06;5.02;0.0;0.0;55.0;16.6;50;Low;0.15
06/04/2026;17:00:00;1.747;0.306;236.64;7.38;0.0;0.0;55.0;16.7;51;Medium;0.5
06/04/2026;18:00:00;2.516;0.547;236.61;10.63;2.0;0.0;55.0;16.5;52;High;0.85
06/04/2026;19:00:00;3.293;0.33;243.22;13.54;17.8;0.0;55.0;15.9;56;High;0.85
06/04/2026;20:00:00;7.022;1.121;237.92;29.52;4.1;0.0;55.0;15.0;60;High;0.85
06/04/2026;21:00:00;3.176;0.621;238.45;13.32;18.5;0.0;55.0;13.5;66;High;0.85
06/04/2026;22:00:00;2.959;0.439;241.78;12.24;0.0;0.0;55.0;12.4;71;High;0.85
06/04/2026;23:00:00;1.996;0.368;238.04;8.39;0.0;0.0;55.0;11.3;75;Medium;0.5
07/04/2026;00:00:00;0.992;0.119;235.23;4.22;0.0;0.0;55.0;10.4;78;Low;0.15
07/04/2026;01:00:00;0.997;0.15;235.57;4.23;0.0;0.0;55.0;9.7;79;Low;0.15
07/04/2026;02:00:00;0.885;0.053;239.84;3.69;0.0;0.0;55.0;9.0;78;Low;0.15
07/04/2026;03:00:00;1.029;0.224;241.39;4.26;0.0;0.0;55.0;8.2;80;Low;0.15
07/04/2026;04:00:00;1.239;0.231;239.43;5.18;0.0;0.0;55.0;7.6;80;Low;0.15
07/04/2026;05:00:00;1.261;0.249;241.21;5.23;0.0;0.0;55.0;7.1;82;Low;0.15
07/04/2026;06:00:00;1.857;0.312;235.48;7.88;0.0;0.0;55.0;6.9;84;Medium;0.5
07/04/2026;07:00:00;2.762;0.225;235.67;11.72;0.0;13.2;55.0;6.7;86;Medium;0.5
07/04/2026;08:00:00;3.061;0.169;246.31;12.43;0.0;0.2;55.0;7.5;83;Medium;0.5
07/04/2026;09:00:00;2.666;0.525;243.45;10.95;0.0;13.3;55.0;8.9;82;Medium;0.5
07/04/2026;10:00:00;1.674;0.197;242.15;6.91;0.0;0.0;55.0;11.0;74;Low;0.15
07/04/2026;11:00:00;1.046;0.099;238.15;4.39;0.0;0.0;55.0;13.5;68;Low;0.15
07/04/2026;12:00:00;0.738;0.107;239.33;3.08;0.0;0.0;55.0;16.1;64;Low;0.15
07/04/2026;13:00:00;0.794;0.096;240.0;3.31;0.0;0.0;55.0;18.6;60;Low;0.15
07/04/2026;14:00:00;0.538;0.086;243.68;2.21;0.0;0.0;55.0;21.4;51;Low;0.15
07/04/2026;15:00:00;0.874;0.116;241.13;3.63;0.0;0.0;55.0;22.7;45;Low;0.15
07/04/2026;16:00:00;1.138;0.192;241.47;4.71;0.0;0.0;55.0;23.1;41;Low;0.15
07/04/2026;17:00:00;1.66;0.324;239.53;6.93;0.0;0.0;55.0;23.0;42;Medium;0.5
07/04/2026;18:00:00;2.517;0.21;242.22;10.39;13.8;0.0;55.0;22.3;44;High;0.85
07/04/2026;19:00:00;3.231;0.342;240.85;13.41;18.8;0.0;55.0;21.1;51;High;0.85
07/04/2026;20:00:00;3.521;0.438;240.12;14.66;21.9;0.0;55.0;19.9;53;High;0.85
07/04/2026;21:00:00;3.381;0.722;237.92;14.21;19.8;0.0;55.0;18.0;59;High;0.85
07/04/2026;22:00:00;2.582;0.289;239.68;10.77;0.0;0.0;55.0;16.5;65;High;0.85
07/04/2026;23:00:00;1.619;0.186;236.98;6.83;0.0;0.0;55.0;15.2;70;Medium;0.5
08/04/2026;00:00:00;0.661;0.107;239.89;2.76;0.0;0.0;55.0;14.0;74;Low;0.15
08/04/2026;01:00:00;0.906;0.11;240.25;3.77;0.0;0.0;55.0;12.8;78;Low;0.15
08/04/2026;02:00:00;0.844;0.179;233.27;3.62;0.0;0.0;55.0;12.0;72;Low;0.15
08/04/2026;03:00:00;0.897;0.181;239.36;3.75;0.0;0.0;55.0;10.9;75;Low;0.15
08/04/2026;04:00:00;0.994;0.136;236.71;4.2;0.0;0.0;55.0;10.1;78;Low;0.15
08/04/2026;05:00:00;1.352;0.216;241.4;5.6;0.0;0.0;55.0;9.5;79;Low;0.15
08/04/2026;06:00:00;1.915;0.115;241.78;7.92;0.0;0.0;55.0;8.9;82;Medium;0.5
08/04/2026;07:00:00;2.82;0.475;238.81;11.81;0.0;6.7;55.0;8.3;83;Medium;0.5
08/04/2026;08:00:00;2.958;0.504;241.54;12.25;0.0;3.1;55.0;9.8;74;Medium;0.5
08/04/2026;09:00:00;2.504;0.278;241.65;10.36;0.0;7.3;55.0;11.1;71;Medium;0.5
08/04/2026;10:00:00;3.725;0.325;239.36;15.56;0.0;0.0;55.0;13.1;65;Low;0.15
08/04/2026;11:00:00;0.787;0.162;244.3;3.22;0.0;0.0;55.0;15.2;60;Low;0.15
08/04/2026;12:00:00;0.676;0.083;237.97;2.84;0.0;0.0;55.0;17.5;56;Low;0.15
08/04/2026;13:00:00;0.551;0.089;244.12;2.26;0.0;0.0;55.0;19.6;51;Low;0.15
08/04/2026;14:00:00;0.833;0.046;239.37;3.48;0.0;0.0;55.0;22.6;36;Low;0.15
08/04/2026;15:00:00;1.089;0.131;237.64;4.58;0.0;0.0;55.0;23.9;31;Low;0.15
08/04/2026;16:00:00;1.338;0.253;239.02;5.6;0.0;0.0;55.0;24.3;30;Low;0.15
08/04/2026;17:00:00;2.011;0.233;236.92;8.49;0.0;0.0;55.0;24.3;31;Medium;0.5
08/04/2026;18:00:00;2.767;0.422;242.2;11.43;3.3;0.0;55.0;23.8;34;High;0.85
08/04/2026;19:00:00;3.333;0.286;235.51;14.15;17.1;0.0;55.0;22.8;38;High;0.85
08/04/2026;20:00:00;3.42;0.413;243.89;14.02;23.3;0.0;55.0;21.2;48;High;0.85
08/04/2026;21:00:00;3.509;0.729;237.38;14.78;13.5;0.0;55.0;18.9;56;High;0.85
08/04/2026;22:00:00;2.69;0.394;242.34;11.1;0.0;0.0;55.0;17.4;62;High;0.85
08/04/2026;23:00:00;1.655;0.337;240.07;6.89;0.0;0.0;55.0;16.0;67;Medium;0.5
09/04/2026;00:00:00;0.807;0.164;240.76;3.35;0.0;0.0;55.0;14.8;72;Low;0.15
09/04/2026;01:00:00;0.625;0.132;238.35;2.62;0.0;0.0;55.0;14.0;74;Low;0.15
09/04/2026;02:00:00;0.836;0.169;240.99;3.47;0.0;0.0;55.0;12.8;76;Low;0.15
09/04/2026;03:00:00;0.856;0.043;240.38;3.56;0.0;0.0;55.0;11.6;79;Low;0.15
09/04/2026;04:00:00;1.015;0.212;235.92;4.3;0.0;0.0;55.0;11.0;81;Low;0.15
09/04/2026;05:00:00;1.18;0.087;237.3;4.97;0.0;0.0;55.0;10.1;85;Low;0.15
09/04/2026;06:00:00;1.815;0.103;238.49;7.61;0.0;0.0;55.0;9.4;88;Medium;0.5
09/04/2026;07:00:00;2.66;0.158;237.89;11.18;0.0;9.1;55.0;8.9;90;Medium;0.5
09/04/2026;08:00:00;3.036;0.332;243.51;12.47;0.0;7.5;55.0;9.9;87;Medium;0.5
09/04/2026;09:00:00;2.475;0.385;240.02;10.31;0.0;19.3;55.0;11.8;80;Medium;0.5
09/04/2026;10:00:00;1.463;0.173;237.82;6.15;0.0;0.0;55.0;14.6;71;Low;0.15
09/04/2026;11:00:00;0.788;0.043;238.63;3.3;0.0;0.0;55.0;17.5;60;Low;0.15
09/04/2026;12:00:00;0.709;0.093;238.59;2.97;0.0;0.0;55.0;20.4;51;Low;0.15
09/04/2026;13:00:00;4.168;0.522;239.19;17.42;0.0;0.0;55.0;22.7;43;Low;0.15
09/04/2026;14:00:00;0.988;0.177;236.99;4.17;0.0;0.0;55.0;24.8;32;Low;0.15
09/04/2026;15:00:00;1.131;0.11;237.72;4.76;0.0;0.0;55.0;26.5;30;Low;0.15
09/04/2026;16:00:00;1.336;0.116;242.15;5.52;0.0;0.0;55.0;25.5;35;Low;0.15
09/04/2026;17:00:00;1.925;0.18;240.52;8.0;0.0;0.0;55.0;23.4;46;Medium;0.5
09/04/2026;18:00:00;2.8;0.285;239.57;11.69;7.6;0.0;55.0;23.1;49;High;0.85
09/04/2026;19:00:00;3.349;0.509;240.01;13.95;7.6;0.0;55.0;22.2;57;High;0.85
09/04/2026;20:00:00;3.488;0.454;239.87;14.54;22.4;0.0;55.0;18.0;62;High;0.85
09/04/2026;21:00:00;3.305;0.355;239.41;13.81;8.1;0.0;55.0;16.9;82;High;0.85
09/04/2026;22:00:00;2.59;0.294;241.45;10.73;0.0;0.0;55.0;16.0;68;High;0.85
09/04/2026;23:00:00;1.736;0.196;241.24;7.2;0.0;0.0;55.0;13.9;66;Medium;0.5
10/04/2026;00:00:00;0.775;0.167;235.6;3.29;0.0;0.0;55.0;12.5;73;Low;0.15
10/04/2026;01:00:00;0.757;0.068;239.63;3.16;0.0;0.0;55.0;11.8;66;Low;0.15
10/04/2026;02:00:00;0.677;0.128;235.78;2.87;0.0;0.0;55.0;11.5;67;Low;0.15
10/04/2026;03:00:00;0.86;0.147;241.78;3.56;0.0;0.0;55.0;10.7;70;Low;0.15
10/04/2026;04:00:00;1.048;0.053;242.15;4.33;0.0;0.0;55.0;9.7;72;Low;0.15
10/04/2026;05:00:00;1.112;0.243;238.29;4.67;0.0;0.0;55.0;9.1;74;Low;0.15
10/04/2026;06:00:00;1.997;0.357;239.67;8.33;0.0;0.0;55.0;8.8;75;Medium;0.5
10/04/2026;07:00:00;2.878;0.478;234.09;12.3;0.0;2.5;55.0;8.3;75;Medium;0.5
10/04/2026;08:00:00;3.135;0.373;242.72;12.92;0.0;12.4;55.0;8.2;74;Medium;0.5
10/04/2026;09:00:00;2.811;0.406;241.99;11.61;0.0;19.6;55.0;9.0;65;Medium;0.5
10/04/2026;10:00:00;1.671;0.155;243.22;6.87;0.0;0.0;55.0;10.5;57;Low;0.15
10/04/2026;11:00:00;1.213;0.068;244.16;4.97;0.0;0.0;55.0;11.6;52;Low;0.15
10/04/2026;12:00:00;0.747;0.144;236.57;3.16;0.0;0.0;55.0;13.2;43;Low;0.15
10/04/2026;13:00:00;0.64;0.13;242.49;2.64;0.0;0.0;55.0;14.5;37;Low;0.15
10/04/2026;14:00:00;0.434;0.034;244.14;1.78;0.0;0.0;55.0;14.7;32;Low;0.15
10/04/2026;15:00:00;0.887;0.163;235.82;3.76;0.0;0.0;55.0;16.4;27;Low;0.15
10/04/2026;16:00:00;1.141;0.201;239.52;4.77;0.0;0.0;55.0;17.1;25;Low;0.15
10/04/2026;17:00:00;1.649;0.132;238.98;6.9;0.0;0.0;55.0;17.2;25;Medium;0.5
10/04/2026;18:00:00;2.618;0.319;242.4;10.8;9.1;0.0;55.0;16.6;27;High;0.85
10/04/2026;19:00:00;3.23;0.394;233.3;13.85;2.5;0.0;55.0;16.3;29;High;0.85
10/04/2026;20:00:00;3.626;0.65;245.08;14.79;11.5;0.0;55.0;15.7;30;High;0.85
10/04/2026;21:00:00;3.448;0.663;239.68;14.39;23.1;0.0;55.0;14.5;34;High;0.85
10/04/2026;22:00:00;2.541;0.168;242.57;10.48;0.0;0.0;55.0;13.8;42;High;0.85
10/04/2026;23:00:00;1.877;0.274;239.83;7.83;0.0;0.0;55.0;12.8;51;Medium;0.5
11/04/2026;00:00:00;2.803;0.503;241.38;11.61;0.0;0.0;55.0;12.2;54;Low;0.15
11/04/2026;01:00:00;0.866;0.159;233.5;3.71;0.0;0.0;55.0;11.8;56;Low;0.15
11/04/2026;02:00:00;0.937;0.07;238.92;3.92;0.0;0.0;55.0;11.2;61;Low;0.15
11/04/2026;03:00:00;0.897;0.125;242.37;3.7;0.0;0.0;55.0;10.9;65;Low;0.15
11/04/2026;04:00:00;0.966;0.189;240.81;4.01;0.0;0.0;55.0;10.7;69;Low;0.15
11/04/2026;05:00:00;1.176;0.122;235.42;4.99;0.0;0.0;55.0;10.5;69;Low;0.15
11/04/2026;06:00:00;2.108;0.258;240.17;8.78;0.0;0.0;55.0;10.3;77;Medium;0.5
11/04/2026;07:00:00;2.802;0.523;237.71;11.79;0.0;15.7;55.0;10.5;78;Medium;0.5
11/04/2026;08:00:00;3.148;0.205;237.46;13.26;0.0;17.0;55.0;10.9;78;Medium;0.5
11/04/2026;09:00:00;2.531;0.496;235.74;10.74;0.0;8.0;55.0;12.2;73;Medium;0.5
11/04/2026;10:00:00;1.745;0.18;241.73;7.22;0.0;0.0;55.0;14.1;68;Medium;0.5
11/04/2026;11:00:00;1.596;0.08;243.12;6.56;0.0;0.0;55.0;14.1;75;High;0.85
11/04/2026;12:00:00;1.248;0.112;245.94;5.07;0.0;0.0;55.0;15.3;74;High;0.85
11/04/2026;13:00:00;1.267;0.083;235.87;5.37;0.0;0.0;55.0;16.5;70;High;0.85
11/04/2026;14:00:00;1.395;0.092;242.15;5.76;0.0;0.0;55.0;15.3;74;High;0.85
11/04/2026;15:00:00;1.413;0.237;242.33;5.83;0.0;0.0;55.0;15.5;67;High;0.85
11/04/2026;16:00:00;1.374;0.119;238.37;5.76;0.0;0.0;55.0;13.9;70;Medium;0.5
11/04/2026;17:00:00;2.022;0.422;237.43;8.52;0.0;0.0;55.0;10.8;66;Medium;0.5
11/04/2026;18:00:00;2.918;0.402;236.96;12.32;2.3;0.0;55.0;9.8;70;High;0.85
11/04/2026;19:00:00;3.918;0.502;238.52;16.43;23.2;0.0;55.0;9.8;64;High;0.85
11/04/2026;20:00:00;4.233;0.524;240.57;17.6;14.8;0.0;55.0;9.7;70;High;0.85
11/04/2026;21:00:00;4.01;0.673;243.81;16.45;6.6;0.0;55.0;9.2;78;High;0.85
11/04/2026;22:00:00;3.218;0.408;243.09;13.24;0.0;0.0;55.0;8.8;84;High;0.85
11/04/2026;23:00:00;2.185;0.157;235.48;9.28;0.0;0.0;55.0;8.4;85;Medium;0.5
12/04/2026;00:00:00;0.899;0.179;237.79;3.78;0.0;0.0;55.0;8.1;87;Low;0.15
12/04/2026;01:00:00;1.007;0.124;243.64;4.13;0.0;0.0;55.0;7.7;86;Low;0.15
12/04/2026;02:00:00;1.143;0.072;237.95;4.8;0.0;0.0;55.0;7.8;87;Low;0.15
12/04/2026;03:00:00;1.31;0.183;239.84;5.46;0.0;0.0;55.0;7.2;85;Low;0.15
12/04/2026;04:00:00;1.195;0.191;235.23;5.08;0.0;0.0;55.0;6.9;83;Low;0.15
12/04/2026;05:00:00;1.464;0.142;243.23;6.02;0.0;0.0;55.0;6.6;81;Low;0.15
12/04/2026;06:00:00;2.352;0.438;234.64;10.02;0.0;0.0;55.0;6.2;81;Medium;0.5
12/04/2026;07:00:00;2.961;0.485;235.4;12.58;0.0;9.0;55.0;5.8;80;Medium;0.5
12/04/2026;08:00:00;3.457;0.555;242.94;14.23;0.0;15.4;55.0;6.0;79;Medium;0.5
12/04/2026;09:00:00;2.896;0.352;245.38;11.8;0.0;9.9;55.0;7.0;75;Medium;0.5
12/04/2026;10:00:00;2.187;0.467;239.19;9.14;0.0;0.0;55.0;8.8;67;Medium;0.5
12/04/2026;11:00:00;1.743;0.168;239.87;7.27;0.0;0.0;55.0;10.4;63;High;0.85
12/04/2026;12:00:00;1.442;0.214;242.54;5.95;0.0;0.0;55.0;12.2;53;High;0.85
12/04/2026;13:00:00;1.249;0.128;240.81;5.19;0.0;0.0;55.0;12.9;50;High;0.85
12/04/2026;14:00:00;1.434;0.253;238.95;6.0;0.0;0.0;55.0;12.6;53;High;0.85
12/04/2026;15:00:00;1.631;0.095;238.64;6.84;0.0;0.0;55.0;13.1;49;High;0.85
12/04/2026;16:00:00;1.276;0.074;235.61;5.41;0.0;0.0;55.0;13.7;46;Medium;0.5
12/04/2026;17:00:00;1.847;0.347;240.65;7.68;0.0;0.0;55.0;14.0;45;Medium;0.5
12/04/2026;18:00:00;2.951;0.365;239.74;12.31;10.3;0.0;55.0;13.9;46;High;0.85
12/04/2026;19:00:00;3.816;0.412;238.77;15.98;0.4;0.0;55.0;13.1;49;High;0.85
12/04/2026;20:00:00;4.048;0.62;237.19;17.06;17.2;0.0;55.0;12.4;51;High;0.85
12/04/2026;21:00:00;3.544;0.6;237.48;14.92;20.7;0.0;55.0;11.6;57;High;0.85
12/04/2026;22:00:00;3.261;0.275;241.73;13.49;0.0;0.0;55.0;10.6;68;High;0.85
12/04/2026;23:00:00;2.185;0.178;242.47;9.01;0.0;0.0;55.0;10.2;74;Medium;0.5
13/04/2026;00:00:00;0.824;0.175;239.08;3.45;0.0;0.0;55.0;9.4;77;Low;0.15
13/04/2026;01:00:00;0.98;0.147;238.79;4.1;0.0;0.0;55.0;8.7;81;Low;0.15
13/04/2026;02:00:00;1.204;0.14;237.61;5.07;0.0;0.0;55.0;8.6;85;Low;0.15
13/04/2026;03:00:00;1.246;0.232;242.62;5.13;0.0;0.0;55.0;7.8;87;Low;0.15
13/04/2026;04:00:00;1.243;0.173;240.09;5.18;0.0;0.0;55.0;7.7;90;Low;0.15
13/04/2026;05:00:00;1.307;0.119;241.03;5.42;0.0;0.0;55.0;7.8;85;Low;0.15
13/04/2026;06:00:00;2.082;0.177;241.0;8.64;0.0;0.0;55.0;7.5;87;Medium;0.5
13/04/2026;07:00:00;2.729;0.321;239.14;11.41;0.0;19.4;55.0;7.4;89;Medium;0.5
13/04/2026;08:00:00;3.176;0.623;236.74;13.41;0.0;14.3;55.0;7.7;91;Medium;0.5
13/04/2026;09:00:00;2.595;0.157;237.21;10.94;0.0;1.3;55.0;8.4;87;Medium;0.5
13/04/2026;10:00:00;1.593;0.139;243.16;6.55;0.0;0.0;55.0;9.8;79;Low;0.15
13/04/2026;11:00:00;1.24;0.25;237.97;5.21;0.0;0.0;55.0;10.9;73;Low;0.15
13/04/2026;12:00:00;0.875;0.062;238.85;3.67;0.0;0.0;55.0;12.2;65;Low;0.15
13/04/2026;13:00:00;0.938;0.147;236.82;3.96;0.0;0.0;55.0;12.9;59;Low;0.15
13/04/2026;14:00:00;0.767;0.066;236.6;3.24;0.0;0.0;55.0;12.6;61;Low;0.15
13/04/2026;15:00:00;0.865;0.132;237.85;3.63;0.0;0.0;55.0;13.3;54;Low;0.15
13/04/2026;16:00:00;0.979;0.113;244.73;4.0;0.0;0.0;55.0;13.6;55;Low;0.15
13/04/2026;17:00:00;1.747;0.118;241.84;7.22;0.0;0.0;55.0;14.3;52;Medium;0.5
13/04/2026;18:00:00;2.627;0.392;238.52;11.01;11.5;0.0;55.0;12.8;64;High;0.85
13/04/2026;19:00:00;3.503;0.582;243.03;14.41;0.1;0.0;55.0;10.9;70;High;0.85
13/04/2026;20:00:00;3.708;0.614;239.57;15.48;5.4;0.0;55.0;10.6;69;High;0.85
13/04/2026;21:00:00;3.699;0.586;243.79;15.17;25.0;0.0;55.0;9.6;81;High;0.85
13/04/2026;22:00:00;3.075;0.415;246.19;12.49;0.0;0.0;55.0;9.0;85;High;0.85
13/04/2026;23:00:00;1.921;0.266;242.88;7.91;0.0;0.0;55.0;8.5;88;Medium;0.5
14/04/2026;00:00:00;1.222;0.193;240.26;5.09;0.0;0.0;55.0;7.9;91;Low;0.15
14/04/2026;01:00:00;1.38;0.231;241.96;5.7;0.0;0.0;55.0;7.2;93;Low;0.15
14/04/2026;02:00:00;1.166;0.188;240.04;4.86;0.0;0.0;55.0;6.7;93;Low;0.15
14/04/2026;03:00:00;1.169;0.175;234.86;4.98;0.0;0.0;55.0;5.6;96;Low;0.15
14/04/2026;04:00:00;1.587;0.121;238.17;6.67;0.0;0.0;55.0;5.1;97;Low;0.15
14/04/2026;05:00:00;1.385;0.119;237.34;5.83;0.0;0.0;55.0;4.6;98;Low;0.15
14/04/2026;06:00:00;2.268;0.214;238.1;9.52;0.0;0.0;55.0;4.3;100;Medium;0.5
14/04/2026;07:00:00;2.964;0.612;245.02;12.1;0.0;3.2;55.0;4.0;100;Medium;0.5
14/04/2026;08:00:00;3.372;0.604;243.14;13.87;0.0;12.1;55.0;4.8;98;Medium;0.5
14/04/2026;09:00:00;2.868;0.413;241.23;11.89;0.0;0.9;55.0;5.9;95;Medium;0.5
14/04/2026;10:00:00;1.654;0.154;242.27;6.83;0.0;0.0;55.0;9.3;75;Low;0.15
14/04/2026;11:00:00;0.972;0.067;234.7;4.14;0.0;0.0;55.0;12.1;61;Low;0.15
14/04/2026;12:00:00;0.75;0.152;242.04;3.1;0.0;0.0;55.0;13.8;51;Low;0.15
14/04/2026;13:00:00;0.574;0.116;242.63;2.36;0.0;0.0;55.0;15.0;44;Low;0.15
14/04/2026;14:00:00;0.695;0.048;233.73;2.97;0.0;0.0;55.0;16.0;38;Low;0.15
14/04/2026;15:00:00;0.712;0.132;242.14;2.94;0.0;0.0;55.0;17.0;35;Low;0.15
14/04/2026;16:00:00;0.838;0.106;236.01;3.55;0.0;0.0;55.0;17.6;31;Low;0.15
14/04/2026;17:00:00;1.83;0.192;234.48;7.8;0.0;0.0;55.0;17.8;30;Medium;0.5
14/04/2026;18:00:00;2.593;0.456;243.71;10.64;14.0;0.0;55.0;17.6;31;High;0.85
14/04/2026;19:00:00;3.179;0.491;237.18;13.4;10.4;0.0;55.0;16.9;33;High;0.85
14/04/2026;20:00:00;3.571;0.652;238.0;15.0;12.7;0.0;55.0;16.1;28;High;0.85
14/04/2026;21:00:00;3.312;0.207;242.77;13.64;1.3;0.0;55.0;15.1;33;High;0.85
14/04/2026;22:00:00;2.535;0.264;239.15;10.6;0.0;0.0;55.0;13.9;40;High;0.85
14/04/2026;23:00:00;1.887;0.197;239.5;7.88;0.0;0.0;55.0;12.5;49;Medium;0.5
15/04/2026;00:00:00;0.768;0.081;239.43;3.21;0.0;0.0;55.0;11.5;56;Low;0.15
15/04/2026;01:00:00;1.08;0.146;240.97;4.48;0.0;0.0;55.0;10.9;59;Low;0.15
15/04/2026;02:00:00;0.997;0.098;239.37;4.17;0.0;0.0;55.0;10.3;60;Low;0.15
15/04/2026;03:00:00;0.971;0.122;240.32;4.04;0.0;0.0;55.0;9.3;65;Low;0.15
15/04/2026;04:00:00;1.009;0.113;238.59;4.23;0.0;0.0;55.0;8.8;67;Low;0.15
15/04/2026;05:00:00;1.284;0.225;240.99;5.33;0.0;0.0;55.0;8.3;69;Low;0.15
15/04/2026;06:00:00;2.129;0.325;240.88;8.84;0.0;0.0;55.0;7.6;72;Medium;0.5
15/04/2026;07:00:00;2.776;0.447;245.31;11.31;0.0;4.4;55.0;6.8;77;Medium;0.5
15/04/2026;08:00:00;3.029;0.26;238.93;12.68;0.0;16.1;55.0;7.9;74;Medium;0.5
15/04/2026;09:00:00;2.622;0.276;239.48;10.95;0.0;0.8;55.0;9.5;67;Medium;0.5
15/04/2026;10:00:00;1.469;0.079;240.67;6.1;0.0;0.0;55.0;12.2;56;Low;0.15
15/04/2026;11:00:00;0.858;0.059;242.7;3.54;0.0;0.0;55.0;15.1;47;Low;0.15
15/04/2026;12:00:00;0.503;0.048;236.94;2.12;0.0;0.0;55.0;17.1;40;Low;0.15
15/04/2026;13:00:00;0.772;0.047;240.29;3.21;0.0;0.0;55.0;17.5;39;Low;0.15
15/04/2026;14:00:00;0.72;0.11;232.98;3.09;0.0;0.0;55.0;17.0;43;Low;0.15
15/04/2026;15:00:00;0.691;0.152;239.24;2.89;0.0;0.0;55.0;17.1;47;Low;0.15
15/04/2026;16:00:00;1.177;0.079;243.0;4.84;0.0;0.0;55.0;17.6;51;Low;0.15
15/04/2026;17:00:00;1.713;0.325;237.97;7.2;0.0;0.0;55.0;17.0;59;Medium;0.5
15/04/2026;18:00:00;2.54;0.178;240.5;10.56;17.3;0.0;55.0;17.6;59;High;0.85
15/04/2026;19:00:00;3.391;0.556;238.52;14.22;3.8;0.0;55.0;18.1;56;High;0.85
15/04/2026;20:00:00;3.627;0.578;237.59;15.27;24.2;0.0;55.0;17.4;62;High;0.85
15/04/2026;21:00:00;3.345;0.681;242.72;13.78;9.1;0.0;55.0;16.4;68;High;0.85
15/04/2026;22:00:00;2.601;0.18;237.07;10.97;0.0;0.0;55.0;15.5;74;High;0.85
15/04/2026;23:00:00;1.779;0.184;240.82;7.39;0.0;0.0;55.0;14.5;78;Medium;0.5
16/04/2026;00:00:00;0.696;0.046;240.86;2.89;0.0;0.0;55.0;14.0;80;Low;0.15
16/04/2026;01:00:00;0.832;0.099;237.61;3.5;0.0;0.0;55.0;13.1;83;Low;0.15
16/04/2026;02:00:00;0.587;0.12;240.44;2.44;0.0;0.0;55.0;13.1;83;Low;0.15
16/04/2026;03:00:00;0.794;0.145;237.38;3.34;0.0;0.0;55.0;12.2;86;Low;0.15
16/04/2026;04:00:00;1.105;0.191;241.46;4.58;0.0;0.0;55.0;11.3;90;Low;0.15
16/04/2026;05:00:00;1.092;0.154;236.32;4.62;0.0;0.0;55.0;10.4;92;Low;0.15
16/04/2026;06:00:00;1.888;0.378;239.05;7.9;0.0;0.0;55.0;9.6;93;Medium;0.5
16/04/2026;07:00:00;2.601;0.329;239.29;10.87;0.0;10.6;55.0;9.0;94;Medium;0.5
16/04/2026;08:00:00;2.822;0.213;243.12;11.61;0.0;13.1;55.0;9.7;92;Medium;0.5
16/04/2026;09:00:00;2.311;0.445;240.39;9.62;0.0;13.8;55.0;10.9;85;Medium;0.5
16/04/2026;10:00:00;1.476;0.144;242.67;6.08;0.0;0.0;55.0;12.7;75;Low;0.15
16/04/2026;11:00:00;0.936;0.055;241.55;3.88;0.0;0.0;55.0;14.5;62;Low;0.15
16/04/2026;12:00:00;0.707;0.05;241.54;2.93;0.0;0.0;55.0;15.9;49;Low;0.15
16/04/2026;13:00:00;0.66;0.101;239.07;2.76;0.0;0.0;55.0;17.1;42;Low;0.15
16/04/2026;14:00:00;0.694;0.106;242.86;2.86;0.0;0.0;55.0;18.0;41;Low;0.15
16/04/2026;15:00:00;0.87;0.082;239.0;3.64;0.0;0.0;55.0;18.6;37;Low;0.15
16/04/2026;16:00:00;0.968;0.168;235.16;4.12;0.0;0.0;55.0;18.7;36;Low;0.15
16/04/2026;17:00:00;1.647;0.299;239.4;6.88;0.0;0.0;55.0;19.0;35;Medium;0.5
16/04/2026;18:00:00;2.615;0.54;241.27;10.84;18.4;0.0;55.0;18.7;36;High;0.85
16/04/2026;19:00:00;3.363;0.503;235.5;14.28;5.1;0.0;55.0;18.2;39;High;0.85
16/04/2026;20:00:00;3.729;0.68;237.52;15.7;7.5;0.0;55.0;18.2;36;High;0.85
16/04/2026;21:00:00;3.243;0.577;236.55;13.71;22.6;0.0;55.0;17.1;41;High;0.85
16/04/2026;22:00:00;2.653;0.249;242.2;10.95;0.0;0.0;55.0;15.7;49;High;0.85
16/04/2026;23:00:00;1.756;0.18;244.68;7.18;0.0;0.0;55.0;14.7;53;Medium;0.5
17/04/2026;00:00:00;0.629;0.083;239.41;2.63;0.0;0.0;55.0;13.9;58;Low;0.15
17/04/2026;01:00:00;0.773;0.041;241.49;3.2;0.0;0.0;55.0;13.2;62;Low;0.15
17/04/2026;02:00:00;0.703;0.071;241.42;2.91;0.0;0.0;55.0;11.9;69;Low;0.15
17/04/2026;03:00:00;0.744;0.097;244.35;3.05;0.0;0.0;55.0;10.8;74;Low;0.15
17/04/2026;04:00:00;4.554;0.311;238.17;19.12;0.0;0.0;55.0;9.9;80;Low;0.15
17/04/2026;05:00:00;1.166;0.083;239.38;4.87;0.0;0.0;55.0;9.8;82;Low;0.15
17/04/2026;06:00:00;2.004;0.258;239.05;8.38;0.0;0.0;55.0;9.0;85;Medium;0.5
17/04/2026;07:00:00;2.674;0.466;240.21;11.13;0.0;17.4;55.0;8.5;87;Medium;0.5
17/04/2026;08:00:00;2.863;0.549;247.01;11.59;0.0;10.4;55.0;9.4;83;Medium;0.5
17/04/2026;09:00:00;2.492;0.356;240.09;10.38;0.0;13.6;55.0;11.5;71;Medium;0.5
17/04/2026;10:00:00;1.274;0.167;237.61;5.36;0.0;0.0;55.0;14.4;56;Low;0.15
17/04/2026;11:00:00;1.032;0.119;236.77;4.36;0.0;0.0;55.0;17.3;43;Low;0.15
17/04/2026;12:00:00;0.576;0.048;243.51;2.37;0.0;0.0;55.0;18.9;38;Low;0.15
17/04/2026;13:00:00;0.655;0.049;237.59;2.76;0.0;0.0;55.0;19.9;37;Low;0.15
17/04/2026;14:00:00;0.586;0.108;241.86;2.42;0.0;0.0;55.0;20.8;35;Low;0.15
17/04/2026;15:00:00;0.825;0.106;238.1;3.47;0.0;0.0;55.0;21.2;35;Low;0.15
17/04/2026;16:00:00;0.954;0.176;236.45;4.04;0.0;0.0;55.0;21.1;36;Low;0.15
17/04/2026;17:00:00;1.652;0.28;241.69;6.84;0.0;0.0;55.0;20.7;38;Medium;0.5
17/04/2026;18:00:00;2.728;0.226;238.23;11.45;19.3;0.0;55.0;20.9;38;High;0.85
17/04/2026;19:00:00;3.308;0.452;241.19;13.72;23.5;0.0;55.0;20.6;39;High;0.85
17/04/2026;20:00:00;3.639;0.457;241.4;15.08;6.6;0.0;55.0;20.1;39;High;0.85
17/04/2026;21:00:00;3.207;0.391;241.53;13.28;23.7;0.0;55.0;18.8;49;High;0.85
17/04/2026;22:00:00;2.503;0.356;239.25;10.46;0.0;0.0;55.0;17.4;59;High;0.85
17/04/2026;23:00:00;1.715;0.372;241.92;7.09;0.0;0.0;55.0;16.5;62;Medium;0.5
18/04/2026;00:00:00;0.631;0.119;237.42;2.66;0.0;0.0;55.0;15.5;67;Low;0.15
18/04/2026;01:00:00;0.743;0.151;233.13;3.19;0.0;0.0;55.0;14.7;70;Low;0.15
18/04/2026;02:00:00;0.715;0.039;241.98;2.96;0.0;0.0;55.0;14.0;71;Low;0.15
18/04/2026;03:00:00;0.799;0.059;240.46;3.32;0.0;0.0;55.0;13.2;73;Low;0.15
18/04/2026;04:00:00;0.712;0.046;238.29;2.99;0.0;0.0;55.0;12.4;75;Low;0.15
18/04/2026;05:00:00;1.314;0.124;235.88;5.57;0.0;0.0;55.0;11.7;76;Low;0.15
18/04/2026;06:00:00;1.934;0.242;234.3;8.26;0.0;0.0;55.0;11.3;77;Medium;0.5
18/04/2026;07:00:00;2.782;0.443;240.14;11.59;0.0;1.3;55.0;11.3;74;Medium;0.5
18/04/2026;08:00:00;2.958;0.4;244.62;12.09;0.0;3.5;55.0;12.3;70;Medium;0.5
18/04/2026;09:00:00;2.587;0.527;239.61;10.8;0.0;0.1;55.0;13.9;63;Medium;0.5
18/04/2026;10:00:00;1.598;0.335;238.99;6.69;0.0;0.0;55.0;16.3;54;Medium;0.5
18/04/2026;11:00:00;3.497;0.272;239.93;14.58;0.0;0.0;55.0;18.3;48;High;0.85
18/04/2026;12:00:00;1.209;0.236;246.1;4.91;0.0;0.0;55.0;20.0;44;High;0.85
18/04/2026;13:00:00;1.204;0.159;242.11;4.97;0.0;0.0;55.0;21.2;41;High;0.85
18/04/2026;14:00:00;1.289;0.164;237.39;5.43;0.0;0.0;55.0;21.6;37;High;0.85
18/04/2026;15:00:00;1.186;0.217;240.08;4.94;0.0;0.0;55.0;21.1;43;High;0.85
18/04/2026;16:00:00;1.23;0.081;240.93;5.11;0.0;0.0;55.0;21.1;45;Medium;0.5
18/04/2026;17:00:00;1.867;0.373;237.04;7.88;0.0;0.0;55.0;19.9;51;Medium;0.5
18/04/2026;18:00:00;3.071;0.504;242.13;12.68;5.3;0.0;55.0;18.9;57;High;0.85
18/04/2026;19:00:00;3.609;0.718;237.71;15.18;6.3;0.0;55.0;17.3;63;High;0.85
18/04/2026;20:00:00;4.007;0.878;235.77;16.99;15.9;0.0;55.0;16.2;66;High;0.85
18/04/2026;21:00:00;3.63;0.501;240.21;15.11;20.7;0.0;55.0;14.7;67;High;0.85
18/04/2026;22:00:00;3.152;0.208;239.77;13.14;0.0;0.0;55.0;13.4;60;High;0.85
18/04/2026;23:00:00;1.796;0.141;240.0;7.48;0.0;0.0;55.0;12.5;62;Medium;0.5
19/04/2026;00:00:00;0.9;0.095;237.86;3.78;0.0;0.0;55.0;11.2;66;Low;0.15
19/04/2026;01:00:00;0.824;0.056;238.25;3.46;0.0;0.0;55.0;9.6;74;Low;0.15
19/04/2026;02:00:00;0.79;0.149;243.16;3.25;0.0;0.0;55.0;8.7;78;Low;0.15
19/04/2026;03:00:00;1.126;0.113;241.24;4.67;0.0;0.0;55.0;7.9;84;Low;0.15
19/04/2026;04:00:00;1.188;0.257;237.32;5.01;0.0;0.0;55.0;7.4;87;Low;0.15
19/04/2026;05:00:00;1.379;0.234;234.54;5.88;0.0;0.0;55.0;7.0;90;Low;0.15
19/04/2026;06:00:00;2.222;0.177;237.44;9.36;0.0;0.0;55.0;6.6;93;Medium;0.5
19/04/2026;07:00:00;3.322;0.435;240.44;13.82;0.0;7.9;55.0;6.3;94;Medium;0.5
19/04/2026;08:00:00;3.34;0.432;238.23;14.02;0.0;16.3;55.0;6.9;93;Medium;0.5
19/04/2026;09:00:00;2.913;0.39;238.01;12.24;0.0;4.9;55.0;8.8;83;Medium;0.5
19/04/2026;10:00:00;1.892;0.267;238.35;7.94;0.0;0.0;55.0;11.2;73;Medium;0.5
19/04/2026;11:00:00;1.566;0.087;239.8;6.53;0.0;0.0;55.0;13.6;61;High;0.85
19/04/2026;12:00:00;1.22;0.203;242.2;5.04;0.0;0.0;55.0;15.6;46;High;0.85
19/04/2026;13:00:00;1.16;0.154;240.0;4.83;0.0;0.0;55.0;16.6;38;High;0.85
19/04/2026;14:00:00;1.401;0.258;240.17;5.83;0.0;0.0;55.0;17.0;38;High;0.85
19/04/2026;15:00:00;1.427;0.269;239.37;5.96;0.0;0.0;55.0;18.0;34;High;0.85
19/04/2026;16:00:00;1.312;0.117;238.6;5.5;0.0;0.0;55.0;17.5;34;Medium;0.5
19/04/2026;17:00:00;1.591;0.093;242.5;6.56;0.0;0.0;55.0;16.9;37;Medium;0.5
19/04/2026;18:00:00;2.825;0.479;242.08;11.67;16.0;0.0;55.0;17.2;36;High;0.85
19/04/2026;19:00:00;3.893;0.842;245.73;15.84;7.9;0.0;55.0;16.5;38;High;0.85
19/04/2026;20:00:00;3.924;0.494;241.71;16.24;11.9;0.0;55.0;16.1;40;High;0.85
19/04/2026;21:00:00;3.734;0.351;238.6;15.65;20.9;0.0;55.0;15.0;47;High;0.85
19/04/2026;22:00:00;3.09;0.237;237.47;13.01;0.0;0.0;55.0;13.6;57;High;0.85
19/04/2026;23:00:00;1.987;0.196;242.67;8.19;0.0;0.0;55.0;12.6;62;Medium;0.5
20/04/2026;00:00:00;0.77;0.081;237.72;3.24;0.0;0.0;55.0;11.8;64;Low;0.15
20/04/2026;01:00:00;0.671;0.082;242.27;2.77;0.0;0.0;55.0;10.8;67;Low;0.15
20/04/2026;02:00:00;1.043;0.168;237.87;4.39;0.0;0.0;55.0;9.8;70;Low;0.15
20/04/2026;03:00:00;0.948;0.091;240.98;3.93;0.0;0.0;55.0;9.0;74;Low;0.15
20/04/2026;04:00:00;1.131;0.066;237.03;4.77;0.0;0.0;55.0;8.3;76;Low;0.15
20/04/2026;05:00:00;1.212;0.137;242.18;5.0;0.0;0.0;55.0;7.6;80;Low;0.15
20/04/2026;06:00:00;2.089;0.408;236.55;8.83;0.0;0.0;55.0;6.8;86;Medium;0.5
20/04/2026;07:00:00;2.818;0.38;240.76;11.7;0.0;2.5;55.0;6.2;90;Medium;0.5
20/04/2026;08:00:00;3.126;0.669;239.45;13.05;0.0;1.8;55.0;7.1;87;Medium;0.5
20/04/2026;09:00:00;2.541;0.345;240.29;10.57;0.0;14.6;55.0;8.9;77;Medium;0.5
20/04/2026;10:00:00;1.739;0.169;238.89;7.28;0.0;0.0;55.0;10.7;66;Low;0.15
20/04/2026;11:00:00;0.989;0.082;238.83;4.14;0.0;0.0;55.0;12.4;54;Low;0.15
20/04/2026;12:00:00;0.622;0.105;240.43;2.59;0.0;0.0;55.0;13.7;43;Low;0.15
20/04/2026;13:00:00;0.663;0.094;237.19;2.8;0.0;0.0;55.0;15.1;35;Low;0.15
20/04/2026;14:00:00;0.693;0.106;237.18;2.92;0.0;0.0;55.0;15.1;36;Low;0.15
20/04/2026;15:00:00;0.784;0.14;239.0;3.28;0.0;0.0;55.0;15.4;36;Low;0.15
20/04/2026;16:00:00;1.124;0.195;238.89;4.7;0.0;0.0;55.0;15.8;34;Low;0.15
20/04/2026;17:00:00;1.681;0.096;237.18;7.09;0.0;0.0;55.0;15.4;36;Medium;0.5
20/04/2026;18:00:00;2.631;0.491;242.59;10.85;13.0;0.0;55.0;15.5;35;High;0.85
20/04/2026;19:00:00;3.207;0.451;239.06;13.42;12.9;0.0;55.0;14.8;35;High;0.85
20/04/2026;20:00:00;3.742;0.436;239.37;15.63;2.7;0.0;55.0;13.8;39;High;0.85
20/04/2026;21:00:00;3.474;0.491;236.28;14.7;12.3;0.0;55.0;12.5;44;High;0.85
20/04/2026;22:00:00;2.793;0.43;245.8;11.36;0.0;0.0;55.0;11.8;48;High;0.85
20/04/2026;23:00:00;1.748;0.132;246.8;7.08;0.0;0.0;55.0;11.1;51;Medium;0.5
21/04/2026;00:00:00;1.101;0.133;237.81;4.63;0.0;0.0;55.0;10.1;56;Low;0.15
21/04/2026;01:00:00;0.9;0.096;243.43;3.7;0.0;0.0;55.0;9.0;63;Low;0.15
21/04/2026;02:00:00;1.03;0.113;239.74;4.3;0.0;0.0;55.0;7.9;71;Low;0.15
21/04/2026;03:00:00;1.179;0.077;244.49;4.82;0.0;0.0;55.0;7.1;77;Low;0.15
21/04/2026;04:00:00;1.101;0.085;240.94;4.57;0.0;0.0;55.0;6.5;80;Low;0.15
21/04/2026;05:00:00;1.283;0.099;240.28;5.34;0.0;0.0;55.0;6.0;83;Low;0.15
21/04/2026;06:00:00;3.981;0.452;233.0;17.09;0.0;0.0;55.0;5.5;85;Medium;0.5
21/04/2026;07:00:00;4.958;1.002;237.54;20.87;0.0;6.0;55.0;5.0;87;Medium;0.5
21/04/2026;08:00:00;3.104;0.264;240.06;12.93;0.0;9.5;55.0;6.1;81;Medium;0.5
21/04/2026;09:00:00;3.011;0.364;240.56;12.52;0.0;19.1;55.0;7.8;70;Medium;0.5
21/04/2026;10:00:00;1.562;0.161;236.6;6.6;0.0;0.0;55.0;10.0;57;Low;0.15
21/04/2026;11:00:00;0.951;0.175;237.96;3.99;0.0;0.0;55.0;12.5;43;Low;0.15
21/04/2026;12:00:00;0.727;0.043;241.55;3.01;0.0;0.0;55.0;13.8;35;Low;0.15
21/04/2026;13:00:00;0.711;0.059;236.13;3.01;0.0;0.0;55.0;14.8;32;Low;0.15
21/04/2026;14:00:00;0.643;0.055;240.37;2.67;0.0;0.0;55.0;15.4;30;Low;0.15
21/04/2026;15:00:00;0.829;0.181;243.47;3.41;0.0;0.0;55.0;15.4;32;Low;0.15
21/04/2026;16:00:00;0.889;0.131;241.08;3.69;0.0;0.0;55.0;15.1;35;Low;0.15
21/04/2026;17:00:00;1.572;0.116;240.94;6.52;0.0;0.0;55.0;14.9;38;Medium;0.5
21/04/2026;18:00:00;2.493;0.24;234.34;10.64;4.6;0.0;55.0;14.5;42;High;0.85
21/04/2026;19:00:00;3.119;0.245;237.7;13.12;22.3;0.0;55.0;14.4;43;High;0.85
21/04/2026;20:00:00;3.572;0.254;245.75;14.53;24.3;0.0;55.0;14.4;42;High;0.85
21/04/2026;21:00:00;3.389;0.629;238.32;14.22;21.9;0.0;55.0;13.1;49;High;0.85
21/04/2026;22:00:00;2.742;0.368;243.54;11.26;0.0;0.0;55.0;12.3;52;High;0.85
21/04/2026;23:00:00;2.021;0.318;238.29;8.48;0.0;0.0;55.0;11.8;53;Medium;0.5
22/04/2026;00:00:00;1.037;0.11;239.22;4.34;0.0;0.0;55.0;10.8;57;Low;0.15
22/04/2026;01:00:00;0.929;0.134;241.44;3.85;0.0;0.0;55.0;10.0;61;Low;0.15
22/04/2026;02:00:00;0.808;0.076;240.28;3.36;0.0;0.0;55.0;9.6;62;Low;0.15
22/04/2026;03:00:00;0.966;0.099;241.07;4.01;0.0;0.0;55.0;9.1;62;Low;0.15
22/04/2026;04:00:00;1.035;0.167;237.71;4.35;0.0;0.0;55.0;8.6;62;Low;0.15
22/04/2026;05:00:00;1.235;0.093;236.82;5.21;0.0;0.0;55.0;8.2;61;Low;0.15
22/04/2026;06:00:00;1.98;0.307;237.52;8.34;0.0;0.0;55.0;7.9;59;Medium;0.5
22/04/2026;07:00:00;2.671;0.521;238.51;11.2;0.0;11.4;55.0;7.5;59;Medium;0.5
22/04/2026;08:00:00;2.982;0.21;239.36;12.46;0.0;12.6;55.0;8.4;57;Medium;0.5
22/04/2026;09:00:00;2.535;0.513;242.9;10.43;0.0;7.2;55.0;9.8;51;Medium;0.5
22/04/2026;10:00:00;1.592;0.101;240.24;6.63;0.0;0.0;55.0;11.5;47;Low;0.15
22/04/2026;11:00:00;1.019;0.111;241.36;4.22;0.0;0.0;55.0;13.5;42;Low;0.15
22/04/2026;12:00:00;0.621;0.095;240.4;2.58;0.0;0.0;55.0;15.3;36;Low;0.15
22/04/2026;13:00:00;0.801;0.116;236.88;3.38;0.0;0.0;55.0;16.5;31;Low;0.15
22/04/2026;14:00:00;0.592;0.039;240.05;2.47;0.0;0.0;55.0;17.8;27;Low;0.15
22/04/2026;15:00:00;0.606;0.113;240.37;2.52;0.0;0.0;55.0;18.5;26;Low;0.15
22/04/2026;16:00:00;1.025;0.221;242.13;4.23;0.0;0.0;55.0;18.7;28;Low;0.15
22/04/2026;17:00:00;1.622;0.131;237.01;6.85;0.0;0.0;55.0;18.8;28;Medium;0.5
22/04/2026;18:00:00;2.675;0.541;234.29;11.42;19.6;0.0;55.0;18.5;29;High;0.85
22/04/2026;19:00:00;3.065;0.443;240.49;12.75;1.3;0.0;55.0;17.7;32;High;0.85
22/04/2026;20:00:00;3.727;0.779;240.99;15.46;16.5;0.0;55.0;17.6;29;High;0.85
22/04/2026;21:00:00;3.373;0.27;239.5;14.08;23.1;0.0;55.0;16.2;35;High;0.85
22/04/2026;22:00:00;2.493;0.46;240.08;10.38;0.0;0.0;55.0;15.1;41;High;0.85
22/04/2026;23:00:00;1.61;0.097;242.46;6.64;0.0;0.0;55.0;14.1;43;Medium;0.5
23/04/2026;00:00:00;0.926;0.185;238.72;3.88;0.0;0.0;55.0;13.4;44;Low;0.15
23/04/2026;01:00:00;0.733;0.121;239.22;3.06;0.0;0.0;55.0;12.6;44;Low;0.15
23/04/2026;02:00:00;0.784;0.089;240.22;3.26;0.0;0.0;55.0;11.6;44;Low;0.15
23/04/2026;03:00:00;0.712;0.059;236.58;3.01;0.0;0.0;55.0;10.5;46;Low;0.15
23/04/2026;04:00:00;0.994;0.188;239.57;4.15;0.0;0.0;55.0;9.7;49;Low;0.15
23/04/2026;05:00:00;1.236;0.189;239.82;5.15;0.0;0.0;55.0;8.9;51;Low;0.15
23/04/2026;06:00:00;2.097;0.233;244.58;8.58;0.0;0.0;55.0;8.3;54;Medium;0.5
23/04/2026;07:00:00;2.584;0.324;239.17;10.81;0.0;9.1;55.0;7.7;56;Medium;0.5
23/04/2026;08:00:00;2.827;0.539;240.56;11.75;0.0;16.1;55.0;9.1;51;Medium;0.5
23/04/2026;09:00:00;2.583;0.278;242.57;10.65;0.0;17.7;55.0;10.8;46;Medium;0.5
23/04/2026;10:00:00;1.57;0.102;237.66;6.61;0.0;0.0;55.0;13.2;40;Low;0.15
23/04/2026;11:00:00;0.736;0.151;243.85;3.02;0.0;0.0;55.0;15.8;35;Low;0.15
23/04/2026;12:00:00;0.82;0.095;244.94;3.35;0.0;0.0;55.0;18.1;29;Low;0.15
23/04/2026;13:00:00;0.678;0.074;239.92;2.83;0.0;0.0;55.0;19.6;25;Low;0.15
23/04/2026;14:00:00;0.799;0.068;238.49;3.35;0.0;0.0;55.0;21.1;23;Low;0.15
23/04/2026;15:00:00;0.761;0.154;244.56;3.11;0.0;0.0;55.0;21.8;24;Low;0.15
23/04/2026;16:00:00;0.743;0.065;242.23;3.07;0.0;0.0;55.0;22.1;24;Low;0.15
23/04/2026;17:00:00;1.689;0.267;240.23;7.03;0.0;0.0;55.0;21.9;25;Medium;0.5
23/04/2026;18:00:00;2.749;0.549;244.0;11.27;12.6;0.0;55.0;21.5;26;High;0.85
23/04/2026;19:00:00;3.216;0.18;243.7;13.2;2.8;0.0;55.0;20.7;28;High;0.85
23/04/2026;20:00:00;3.549;0.677;239.06;14.84;4.1;0.0;55.0;20.4;25;High;0.85
23/04/2026;21:00:00;3.288;0.394;240.7;13.66;22.5;0.0;55.0;19.1;29;High;0.85
23/04/2026;22:00:00;2.353;0.381;241.62;9.74;0.0;0.0;55.0;17.4;41;High;0.85
23/04/2026;23:00:00;1.871;0.212;240.08;7.79;0.0;0.0;55.0;16.0;47;Medium;0.5
24/04/2026;00:00:00;0.572;0.096;236.11;2.42;0.0;0.0;55.0;15.0;45;Low;0.15
24/04/2026;01:00:00;0.779;0.073;237.37;3.28;0.0;0.0;55.0;13.9;45;Low;0.15
24/04/2026;02:00:00;0.81;0.044;236.2;3.43;0.0;0.0;55.0;12.4;49;Low;0.15
24/04/2026;03:00:00;1.029;0.217;241.38;4.26;0.0;0.0;55.0;11.1;51;Low;0.15
24/04/2026;04:00:00;1.034;0.055;236.68;4.37;0.0;0.0;55.0;10.3;51;Low;0.15
24/04/2026;05:00:00;1.199;0.228;240.54;4.98;0.0;0.0;55.0;9.5;51;Low;0.15
24/04/2026;06:00:00;1.913;0.151;245.13;7.8;0.0;0.0;55.0;8.7;52;Medium;0.5
24/04/2026;07:00:00;2.78;0.324;244.0;11.39;0.0;17.8;55.0;8.1;53;Medium;0.5
24/04/2026;08:00:00;2.768;0.525;234.86;11.78;0.0;1.9;55.0;9.5;52;Medium;0.5
24/04/2026;09:00:00;2.585;0.22;236.42;10.93;0.0;7.9;55.0;11.1;46;Medium;0.5
24/04/2026;10:00:00;1.359;0.268;237.83;5.72;0.0;0.0;55.0;13.2;41;Low;0.15
24/04/2026;11:00:00;1.018;0.137;236.73;4.3;0.0;0.0;55.0;15.5;36;Low;0.15
24/04/2026;12:00:00;0.728;0.082;235.37;3.09;0.0;0.0;55.0;18.0;30;Low;0.15
24/04/2026;13:00:00;0.739;0.12;239.97;3.08;0.0;0.0;55.0;20.2;23;Low;0.15
24/04/2026;14:00:00;0.698;0.075;241.97;2.88;0.0;0.0;55.0;21.7;17;Low;0.15
24/04/2026;15:00:00;0.649;0.071;242.67;2.67;0.0;0.0;55.0;22.7;16;Low;0.15
24/04/2026;16:00:00;0.989;0.173;238.67;4.14;0.0;0.0;55.0;23.1;16;Low;0.15
24/04/2026;17:00:00;1.843;0.189;239.24;7.71;0.0;0.0;55.0;22.9;17;Medium;0.5
24/04/2026;18:00:00;2.684;0.226;241.0;11.14;17.4;0.0;55.0;22.3;18;High;0.85
24/04/2026;19:00:00;5.424;1.016;239.7;22.63;13.8;0.0;55.0;21.2;22;High;0.85
24/04/2026;20:00:00;3.628;0.678;242.27;14.97;14.2;0.0;55.0;20.6;23;High;0.85
24/04/2026;21:00:00;3.209;0.432;241.21;13.3;4.7;0.0;55.0;19.2;29;High;0.85
24/04/2026;22:00:00;2.564;0.358;238.95;10.73;0.0;0.0;55.0;17.6;34;High;0.85
24/04/2026;23:00:00;1.714;0.289;234.8;7.3;0.0;0.0;55.0;16.2;38;Medium;0.5
25/04/2026;00:00:00;0.443;0.061;244.2;1.81;0.0;0.0;55.0;14.8;42;Low;0.15
25/04/2026;01:00:00;0.914;0.11;238.08;3.84;0.0;0.0;55.0;13.6;45;Low;0.15
25/04/2026;02:00:00;0.905;0.198;241.0;3.76;0.0;0.0;55.0;11.7;51;Low;0.15
25/04/2026;03:00:00;1.081;0.081;234.63;4.61;0.0;0.0;55.0;10.2;57;Low;0.15
25/04/2026;04:00:00;0.914;0.138;239.97;3.81;0.0;0.0;55.0;9.1;62;Low;0.15
25/04/2026;05:00:00;1.46;0.293;240.28;6.07;0.0;0.0;55.0;8.2;68;Low;0.15
25/04/2026;06:00:00;2.402;0.401;240.42;9.99;0.0;0.0;55.0;7.5;72;Medium;0.5
25/04/2026;07:00:00;2.85;0.569;248.44;11.47;0.0;17.0;55.0;6.8;76;Medium;0.5
25/04/2026;08:00:00;3.365;0.361;238.23;14.13;0.0;11.7;55.0;8.2;73;Medium;0.5
25/04/2026;09:00:00;2.785;0.268;242.3;11.49;0.0;17.9;55.0;10.1;64;Medium;0.5
25/04/2026;10:00:00;1.706;0.332;241.47;7.07;0.0;0.0;55.0;12.8;53;Medium;0.5
25/04/2026;11:00:00;1.501;0.176;238.1;6.31;0.0;0.0;55.0;15.7;42;High;0.85
25/04/2026;12:00:00;1.328;0.227;242.26;5.48;0.0;0.0;55.0;18.5;33;High;0.85
25/04/2026;13:00:00;1.141;0.086;239.54;4.76;0.0;0.0;55.0;20.7;24;High;0.85
25/04/2026;14:00:00;1.335;0.238;242.45;5.51;0.0;0.0;55.0;21.5;20;High;0.85
25/04/2026;15:00:00;1.23;0.176;245.49;5.01;0.0;0.0;55.0;23.1;16;High;0.85
25/04/2026;16:00:00;1.285;0.123;240.42;5.34;0.0;0.0;55.0;23.7;15;Medium;0.5
25/04/2026;17:00:00;1.979;0.265;239.21;8.27;0.0;0.0;55.0;23.8;16;Medium;0.5
25/04/2026;18:00:00;2.968;0.5;242.94;12.22;9.4;0.0;55.0;23.3;20;High;0.85
25/04/2026;19:00:00;3.552;0.185;243.91;14.56;17.9;0.0;55.0;21.9;27;High;0.85
25/04/2026;20:00:00;4.028;0.638;237.53;16.96;7.4;0.0;55.0;20.0;30;High;0.85
25/04/2026;21:00:00;3.676;0.522;238.73;15.4;18.3;0.0;55.0;18.6;34;High;0.85
25/04/2026;22:00:00;2.947;0.258;241.89;12.18;0.0;0.0;55.0;17.6;37;High;0.85
25/04/2026;23:00:00;1.809;0.322;239.63;7.55;0.0;0.0;55.0;16.8;39;Medium;0.5
26/04/2026;00:00:00;0.723;0.073;237.33;3.05;0.0;0.0;55.0;15.5;42;Low;0.15
26/04/2026;01:00:00;0.654;0.063;241.51;2.71;0.0;0.0;55.0;14.4;44;Low;0.15
26/04/2026;02:00:00;1.019;0.133;241.88;4.21;0.0;0.0;55.0;12.5;48;Low;0.15
26/04/2026;03:00:00;0.835;0.138;239.06;3.49;0.0;0.0;55.0;10.9;53;Low;0.15
26/04/2026;04:00:00;1.241;0.258;240.17;5.17;0.0;0.0;55.0;9.8;56;Low;0.15
26/04/2026;05:00:00;1.297;0.096;238.39;5.44;0.0;0.0;55.0;8.9;59;Low;0.15
26/04/2026;06:00:00;2.005;0.235;236.93;8.46;0.0;0.0;55.0;8.1;62;Medium;0.5
26/04/2026;07:00:00;3.077;0.189;238.61;12.9;0.0;11.1;55.0;7.5;65;Medium;0.5
26/04/2026;08:00:00;3.247;0.581;240.21;13.52;0.0;15.8;55.0;9.1;58;Medium;0.5
26/04/2026;09:00:00;2.822;0.356;235.87;11.96;0.0;15.9;55.0;10.9;51;Medium;0.5
26/04/2026;10:00:00;1.947;0.331;238.81;8.15;0.0;0.0;55.0;13.4;43;Medium;0.5
26/04/2026;11:00:00;1.486;0.156;240.25;6.19;0.0;0.0;55.0;16.1;36;High;0.85
26/04/2026;12:00:00;1.185;0.229;243.35;4.87;0.0;0.0;55.0;18.5;27;High;0.85
26/04/2026;13:00:00;1.299;0.183;239.12;5.43;0.0;0.0;55.0;19.8;23;High;0.85
26/04/2026;14:00:00;1.219;0.256;236.51;5.15;0.0;0.0;55.0;20.9;20;High;0.85
26/04/2026;15:00:00;1.385;0.088;239.41;5.79;0.0;0.0;55.0;22.1;18;High;0.85
26/04/2026;16:00:00;1.139;0.157;238.41;4.78;0.0;0.0;55.0;22.7;17;Medium;0.5
26/04/2026;17:00:00;1.93;0.348;241.55;7.99;0.0;0.0;55.0;22.8;17;Medium;0.5
26/04/2026;18:00:00;2.838;0.431;239.05;11.87;11.3;0.0;55.0;22.5;18;High;0.85
26/04/2026;19:00:00;3.789;0.204;232.41;16.3;16.0;0.0;55.0;21.7;20;High;0.85
26/04/2026;20:00:00;4.01;0.863;250.34;16.02;7.1;0.0;55.0;20.7;22;High;0.85
26/04/2026;21:00:00;3.647;0.367;240.4;15.17;22.6;0.0;55.0;19.8;24;High;0.85
26/04/2026;22:00:00;2.91;0.269;240.25;12.11;0.0;0.0;55.0;18.9;28;High;0.85
26/04/2026;23:00:00;1.721;0.228;235.68;7.3;0.0;0.0;55.0;17.5;37;Medium;0.5
27/04/2026;00:00:00;0.825;0.117;235.9;3.5;0.0;0.0;55.0;16.1;48;Low;0.15
27/04/2026;01:00:00;0.868;0.156;239.74;3.62;0.0;0.0;55.0;14.9;53;Low;0.15
27/04/2026;02:00:00;0.81;0.095;240.94;3.36;0.0;0.0;55.0;13.2;58;Low;0.15
27/04/2026;03:00:00;1.032;0.129;241.97;4.27;0.0;0.0;55.0;11.6;64;Low;0.15
27/04/2026;04:00:00;0.918;0.129;240.66;3.82;0.0;0.0;55.0;10.6;68;Low;0.15
27/04/2026;05:00:00;1.131;0.132;236.68;4.78;0.0;0.0;55.0;9.7;72;Low;0.15
27/04/2026;06:00:00;1.994;0.41;232.99;8.56;0.0;0.0;55.0;8.9;75;Medium;0.5
27/04/2026;07:00:00;2.726;0.531;239.72;11.37;0.0;6.5;55.0;8.4;77;Medium;0.5
27/04/2026;08:00:00;2.916;0.371;238.5;12.22;0.0;15.6;55.0;9.5;73;Medium;0.5
27/04/2026;09:00:00;2.574;0.129;236.46;10.89;0.0;17.3;55.0;11.1;65;Medium;0.5
27/04/2026;10:00:00;1.476;0.3;242.32;6.09;0.0;0.0;55.0;13.6;55;Low;0.15
27/04/2026;11:00:00;0.793;0.056;235.59;3.37;0.0;0.0;55.0;16.1;46;Low;0.15
27/04/2026;12:00:00;0.764;0.07;241.73;3.16;0.0;0.0;55.0;18.3;38;Low;0.15
27/04/2026;13:00:00;0.761;0.058;236.05;3.22;0.0;0.0;55.0;19.9;32;Low;0.15
27/04/2026;14:00:00;0.707;0.057;240.38;2.94;0.0;0.0;55.0;20.7;27;Low;0.15
27/04/2026;15:00:00;0.891;0.166;242.62;3.67;0.0;0.0;55.0;22.1;25;Low;0.15
27/04/2026;16:00:00;0.906;0.134;239.05;3.79;0.0;0.0;55.0;22.5;24;Low;0.15
27/04/2026;17:00:00;1.767;0.376;244.73;7.22;0.0;0.0;55.0;22.2;26;Medium;0.5
27/04/2026;18:00:00;2.526;0.226;245.37;10.3;3.4;0.0;55.0;21.8;27;High;0.85
27/04/2026;19:00:00;3.194;0.423;240.66;13.27;12.8;0.0;55.0;21.1;29;High;0.85
27/04/2026;20:00:00;3.524;0.762;241.52;14.59;15.6;0.0;55.0;20.3;32;High;0.85
27/04/2026;21:00:00;3.211;0.612;242.97;13.22;4.7;0.0;55.0;18.7;40;High;0.85
27/04/2026;22:00:00;2.588;0.45;241.52;10.72;0.0;0.0;55.0;17.6;40;High;0.85
27/04/2026;23:00:00;1.683;0.138;241.22;6.98;0.0;0.0;55.0;16.6;39;Medium;0.5
28/04/2026;00:00:00;0.746;0.135;238.53;3.13;0.0;0.0;55.0;15.6;41;Low;0.15
28/04/2026;01:00:00;0.648;0.071;235.28;2.76;0.0;0.0;55.0;14.7;46;Low;0.15
28/04/2026;02:00:00;0.607;0.085;236.11;2.57;0.0;0.0;55.0;13.3;56;Low;0.15
28/04/2026;03:00:00;0.945;0.145;246.67;3.83;0.0;0.0;55.0;12.3;61;Low;0.15
28/04/2026;04:00:00;0.837;0.129;240.9;3.48;0.0;0.0;55.0;11.5;64;Low;0.15
28/04/2026;05:00:00;1.163;0.202;239.31;4.86;0.0;0.0;55.0;10.4;68;Low;0.15
28/04/2026;06:00:00;1.957;0.318;243.54;8.03;0.0;0.0;55.0;10.2;67;Medium;0.5
28/04/2026;07:00:00;2.582;0.159;237.9;10.85;0.0;9.3;55.0;10.4;65;Medium;0.5
28/04/2026;08:00:00;2.974;0.38;241.63;12.31;0.0;11.7;55.0;11.0;64;Medium;0.5
28/04/2026;09:00:00;2.52;0.41;240.22;10.49;0.0;16.5;55.0;11.9;59;Medium;0.5
28/04/2026;10:00:00;1.365;0.137;241.29;5.66;0.0;0.0;55.0;13.5;51;Low;0.15
28/04/2026;11:00:00;1.111;0.115;239.06;4.65;0.0;0.0;55.0;15.3;44;Low;0.15
28/04/2026;12:00:00;0.731;0.052;237.3;3.08;0.0;0.0;55.0;16.9;40;Low;0.15
28/04/2026;13:00:00;0.66;0.08;237.7;2.77;0.0;0.0;55.0;18.4;37;Low;0.15
28/04/2026;14:00:00;0.786;0.171;237.81;3.31;0.0;0.0;55.0;19.2;35;Low;0.15
28/04/2026;15:00:00;0.793;0.078;239.99;3.3;0.0;0.0;55.0;20.0;38;Low;0.15
28/04/2026;16:00:00;1.027;0.144;235.64;4.36;0.0;0.0;55.0;20.9;33;Low;0.15
28/04/2026;17:00:00;1.953;0.344;236.51;8.26;0.0;0.0;55.0;20.9;32;Medium;0.5
28/04/2026;18:00:00;2.616;0.137;240.38;10.88;9.2;0.0;55.0;20.7;34;High;0.85
28/04/2026;19:00:00;5.274;1.071;239.64;22.01;2.1;0.0;55.0;20.4;36;High;0.85
28/04/2026;20:00:00;3.599;0.416;240.53;14.96;19.5;0.0;55.0;20.2;36;High;0.85
28/04/2026;21:00:00;3.413;0.675;239.87;14.23;8.4;0.0;55.0;18.8;43;High;0.85
28/04/2026;22:00:00;2.493;0.141;247.05;10.09;0.0;0.0;55.0;17.7;46;High;0.85
28/04/2026;23:00:00;1.508;0.113;240.35;6.27;0.0;0.0;55.0;16.8;50;Medium;0.5
29/04/2026;00:00:00;0.604;0.063;238.94;2.53;0.0;0.0;55.0;16.1;53;Low;0.15
29/04/2026;01:00:00;0.499;0.054;240.28;2.08;0.0;0.0;55.0;16.0;51;Low;0.15
29/04/2026;02:00:00;0.621;0.12;242.86;2.56;0.0;0.0;55.0;15.6;50;Low;0.15
29/04/2026;03:00:00;0.719;0.037;239.86;3.0;0.0;0.0;55.0;15.1;47;Low;0.15
29/04/2026;04:00:00;0.634;0.101;241.92;2.62;0.0;0.0;55.0;14.8;46;Low;0.15
29/04/2026;05:00:00;0.798;0.058;241.11;3.31;0.0;0.0;55.0;14.2;47;Low;0.15
29/04/2026;06:00:00;1.727;0.328;239.19;7.22;0.0;0.0;55.0;13.4;50;Medium;0.5
29/04/2026;07:00:00;2.499;0.456;240.31;10.4;0.0;3.2;55.0;12.9;52;Medium;0.5
29/04/2026;08:00:00;2.552;0.344;244.48;10.44;0.0;3.8;55.0;13.4;52;Medium;0.5
29/04/2026;09:00:00;2.428;0.209;240.68;10.09;0.0;16.4;55.0;14.0;49;Medium;0.5
29/04/2026;10:00:00;1.443;0.228;237.24;6.08;0.0;0.0;55.0;15.1;45;Low;0.15
29/04/2026;11:00:00;0.988;0.076;239.11;4.13;0.0;0.0;55.0;16.8;41;Low;0.15
29/04/2026;12:00:00;0.834;0.069;234.08;3.56;0.0;0.0;55.0;19.0;36;Low;0.15
29/04/2026;13:00:00;4.395;0.688;240.38;18.28;0.0;0.0;55.0;21.3;32;Low;0.15
29/04/2026;14:00:00;0.686;0.15;243.67;2.82;0.0;0.0;55.0;22.4;31;Low;0.15
29/04/2026;15:00:00;0.907;0.183;236.24;3.84;0.0;0.0;55.0;23.6;28;Low;0.15
29/04/2026;16:00:00;1.13;0.17;240.42;4.7;0.0;0.0;55.0;24.3;25;Low;0.15
29/04/2026;17:00:00;1.904;0.27;242.76;7.84;0.0;0.0;55.0;24.5;23;Medium;0.5
29/04/2026;18:00:00;2.948;0.648;243.06;12.13;13.7;0.0;55.0;23.9;23;High;0.85
29/04/2026;19:00:00;3.259;0.466;243.58;13.38;7.7;0.0;55.0;23.1;25;High;0.85
29/04/2026;20:00:00;3.533;0.429;234.77;15.05;11.3;0.0;55.0;22.4;25;High;0.85
29/04/2026;21:00:00;3.443;0.705;241.41;14.26;5.2;0.0;55.0;21.0;29;High;0.85
29/04/2026;22:00:00;2.745;0.247;235.78;11.64;0.0;0.0;55.0;19.7;31;High;0.85
29/04/2026;23:00:00;1.668;0.111;237.2;7.03;0.0;0.0;55.0;18.8;30;Medium;0.5
30/04/2026;00:00:00;0.748;0.118;242.3;3.09;0.0;0.0;55.0;17.9;29;Low;0.15
30/04/2026;01:00:00;0.697;0.046;240.44;2.9;0.0;0.0;55.0;17.0;28;Low;0.15
30/04/2026;02:00:00;2.813;0.319;242.03;11.62;0.0;0.0;55.0;15.4;31;Low;0.15
30/04/2026;03:00:00;0.695;0.085;237.4;2.93;0.0;0.0;55.0;14.7;32;Low;0.15
30/04/2026;04:00:00;2.868;0.41;244.13;11.75;0.0;0.0;55.0;14.1;33;Low;0.15
30/04/2026;05:00:00;1.247;0.273;241.93;5.15;0.0;0.0;55.0;13.5;35;Low;0.15
30/04/2026;06:00:00;1.81;0.158;242.49;7.46;0.0;0.0;55.0;12.9;37;Medium;0.5
30/04/2026;07:00:00;2.447;0.279;236.98;10.33;0.0;14.7;55.0;12.4;39;Medium;0.5
30/04/2026;08:00:00;2.829;0.205;243.28;11.63;0.0;5.8;55.0;12.8;39;Medium;0.5
30/04/2026;09:00:00;2.316;0.355;239.11;9.68;0.0;7.9;55.0;13.9;36;Medium;0.5
30/04/2026;10:00:00;1.6;0.278;238.29;6.72;0.0;0.0;55.0;15.4;33;Low;0.15
30/04/2026;11:00:00;0.911;0.12;241.75;3.77;0.0;0.0;55.0;17.2;29;Low;0.15
30/04/2026;12:00:00;0.685;0.063;241.63;2.83;0.0;0.0;55.0;19.1;26;Low;0.15
30/04/2026;13:00:00;0.591;0.092;237.63;2.49;0.0;0.0;55.0;21.0;23;Low;0.15
30/04/2026;14:00:00;0.839;0.119;245.76;3.42;0.0;0.0;55.0;22.5;20;Low;0.15
30/04/2026;15:00:00;0.983;0.078;245.08;4.01;0.0;0.0;55.0;23.6;18;Low;0.15
30/04/2026;16:00:00;1.114;0.132;241.69;4.61;0.0;0.0;55.0;24.2;18;Low;0.15
30/04/2026;17:00:00;3.922;0.486;241.21;16.26;0.0;0.0;55.0;24.0;22;Medium;0.5
30/04/2026;18:00:00;2.628;0.57;240.92;10.91;2.6;0.0;55.0;23.7;23;High;0.85
30/04/2026;19:00:00;3.404;0.662;235.66;14.44;2.3;0.0;55.0;23.0;24;High;0.85
30/04/2026;20:00:00;3.649;0.638;240.32;15.18;12.0;0.0;55.0;22.2;23;High;0.85
30/04/2026;21:00:00;3.476;0.699;240.28;14.47;22.5;0.0;55.0;20.9;25;High;0.85
30/04/2026;22:00:00;2.566;0.449;238.39;10.76;0.0;0.0;55.0;19.4;28;High;0.85
30/04/2026;23:00:00;1.576;0.321;239.13;6.59;0.0;0.0;55.0;18.2;29;Medium;0.5
01/05/2026;00:00:00;4.073;0.241;233.33;17.46;0.0;0.0;55.0;17.3;30;Low;0.15
01/05/2026;01:00:00;0.529;0.067;236.93;2.23;0.0;0.0;55.0;16.5;31;Low;0.15
01/05/2026;02:00:00;0.797;0.141;242.58;3.28;0.0;0.0;55.0;15.1;35;Low;0.15
01/05/2026;03:00:00;0.872;0.13;244.85;3.56;0.0;0.0;55.0;14.2;37;Low;0.15
01/05/2026;04:00:00;0.827;0.066;237.36;3.48;0.0;0.0;55.0;13.6;39;Low;0.15
01/05/2026;05:00:00;1.135;0.122;240.51;4.72;0.0;0.0;55.0;13.0;41;Low;0.15
01/05/2026;06:00:00;1.799;0.187;243.08;7.4;0.0;0.0;55.0;12.3;44;Medium;0.5
01/05/2026;07:00:00;2.463;0.233;238.54;10.32;0.0;10.9;55.0;11.9;45;Medium;0.5
01/05/2026;08:00:00;2.724;0.295;241.89;11.26;0.0;2.6;55.0;12.8;42;Medium;0.5
01/05/2026;09:00:00;2.279;0.313;239.91;9.5;0.0;3.6;55.0;14.6;39;Medium;0.5
01/05/2026;10:00:00;1.207;0.236;243.33;4.96;0.0;0.0;55.0;17.0;35;Low;0.15
01/05/2026;11:00:00;0.919;0.162;236.41;3.89;0.0;0.0;55.0;19.6;33;Low;0.15
01/05/2026;12:00:00;0.708;0.136;236.91;2.99;0.0;0.0;55.0;21.9;32;Low;0.15
01/05/2026;13:00:00;0.893;0.179;240.78;3.71;0.0;0.0;55.0;23.8;32;Low;0.15
01/05/2026;14:00:00;0.883;0.107;240.27;3.68;0.0;0.0;55.0;24.3;37;Low;0.15
01/05/2026;15:00:00;1.072;0.117;239.84;4.47;0.0;0.0;55.0;26.0;36;Low;0.15
01/05/2026;16:00:00;1.164;0.07;241.61;4.82;0.0;0.0;55.0;25.3;38;Low;0.15
01/05/2026;17:00:00;1.951;0.406;237.39;8.22;0.0;0.0;55.0;25.0;40;Medium;0.5
01/05/2026;18:00:00;2.925;0.179;236.17;12.39;14.1;0.0;55.0;24.6;42;High;0.85
01/05/2026;19:00:00;3.191;0.562;238.6;13.37;8.2;0.0;55.0;21.5;54;High;0.85
01/05/2026;20:00:00;3.596;0.411;238.91;15.05;17.1;0.0;55.0;22.0;52;High;0.85
01/05/2026;21:00:00;3.329;0.703;239.21;13.92;1.5;0.0;55.0;20.8;57;High;0.85
01/05/2026;22:00:00;2.571;0.312;243.55;10.56;0.0;0.0;55.0;18.5;71;High;0.85
01/05/2026;23:00:00;1.645;0.311;242.16;6.79;0.0;0.0;55.0;17.9;75;Medium;0.5
02/05/2026;00:00:00;0.686;0.067;241.49;2.84;0.0;0.0;55.0;18.1;73;Low;0.15
02/05/2026;01:00:00;0.549;0.055;240.62;2.28;0.0;0.0;55.0;17.5;77;Low;0.15
02/05/2026;02:00:00;0.698;0.106;238.78;2.92;0.0;0.0;55.0;16.4;91;Low;0.15
02/05/2026;03:00:00;0.581;0.128;237.61;2.44;0.0;0.0;55.0;15.5;96;Low;0.15
02/05/2026;04:00:00;0.825;0.114;236.65;3.48;0.0;0.0;55.0;15.1;98;Low;0.15
02/05/2026;05:00:00;1.197;0.25;238.06;5.03;0.0;0.0;55.0;14.4;99;Low;0.15
02/05/2026;06:00:00;1.715;0.315;239.88;7.15;0.0;0.0;55.0;13.8;100;Medium;0.5
02/05/2026;07:00:00;2.634;0.488;236.77;11.12;0.0;6.3;55.0;13.5;100;Medium;0.5
02/05/2026;08:00:00;2.837;0.352;240.47;11.8;0.0;2.2;55.0;14.5;98;Medium;0.5
02/05/2026;09:00:00;2.595;0.3;239.46;10.84;0.0;11.3;55.0;15.7;92;Medium;0.5
02/05/2026;10:00:00;1.602;0.132;238.89;6.71;0.0;0.0;55.0;18.0;78;Medium;0.5
02/05/2026;11:00:00;1.5;0.321;243.25;6.17;0.0;0.0;55.0;20.3;65;High;0.85
02/05/2026;12:00:00;1.213;0.258;233.11;5.2;0.0;0.0;55.0;22.7;54;High;0.85
02/05/2026;13:00:00;3.356;0.594;238.93;14.05;0.0;0.0;55.0;24.2;44;High;0.85
02/05/2026;14:00:00;1.348;0.135;233.41;5.77;0.0;0.0;55.0;24.9;42;High;0.85
02/05/2026;15:00:00;1.679;0.154;240.67;6.98;0.0;0.0;55.0;25.6;38;High;0.85
02/05/2026;16:00:00;1.463;0.319;242.13;6.04;0.0;0.0;55.0;25.1;33;Medium;0.5
02/05/2026;17:00:00;2.092;0.128;236.22;8.86;0.0;0.0;55.0;24.7;36;Medium;0.5
02/05/2026;18:00:00;3.035;0.587;236.58;12.83;15.8;0.0;55.0;24.6;34;High;0.85
02/05/2026;19:00:00;3.716;0.41;235.24;15.8;19.1;0.0;55.0;23.3;39;High;0.85
02/05/2026;20:00:00;3.962;0.48;240.18;16.5;16.7;0.0;55.0;21.5;46;High;0.85
02/05/2026;21:00:00;3.547;0.679;239.05;14.84;9.4;0.0;55.0;19.8;56;High;0.85
02/05/2026;22:00:00;2.883;0.189;239.22;12.05;0.0;0.0;55.0;18.9;61;High;0.85
02/05/2026;23:00:00;1.974;0.218;238.97;8.26;0.0;0.0;55.0;18.5;64;Medium;0.5
03/05/2026;00:00:00;0.585;0.124;237.27;2.46;0.0;0.0;55.0;18.0;66;Low;0.15
03/05/2026;01:00:00;0.78;0.132;243.17;3.21;0.0;0.0;55.0;17.3;69;Low;0.15
03/05/2026;02:00:00;0.813;0.145;240.76;3.38;0.0;0.0;55.0;16.2;80;Low;0.15
03/05/2026;03:00:00;0.588;0.105;236.68;2.49;0.0;0.0;55.0;15.9;81;Low;0.15
03/05/2026;04:00:00;0.573;0.035;238.04;2.41;0.0;0.0;55.0;15.4;83;Low;0.15
03/05/2026;05:00:00;0.957;0.081;237.56;4.03;0.0;0.0;55.0;15.3;85;Low;0.15
03/05/2026;06:00:00;1.674;0.224;243.94;6.86;0.0;0.0;55.0;15.1;88;Medium;0.5
03/05/2026;07:00:00;2.689;0.303;241.99;11.11;0.0;15.0;55.0;14.8;93;Medium;0.5
03/05/2026;08:00:00;2.913;0.349;239.65;12.16;0.0;13.0;55.0;14.5;95;Medium;0.5
03/05/2026;09:00:00;2.416;0.442;244.78;9.87;0.0;1.8;55.0;14.9;82;Medium;0.5
03/05/2026;10:00:00;1.614;0.085;244.07;6.61;0.0;0.0;55.0;15.2;87;Medium;0.5
03/05/2026;11:00:00;1.561;0.253;239.35;6.52;0.0;0.0;55.0;15.6;81;High;0.85
03/05/2026;12:00:00;1.187;0.059;238.85;4.97;0.0;0.0;55.0;16.4;73;High;0.85
03/05/2026;13:00:00;1.205;0.073;238.99;5.04;0.0;0.0;55.0;18.0;64;High;0.85
03/05/2026;14:00:00;1.314;0.157;237.33;5.54;0.0;0.0;55.0;18.3;66;High;0.85
03/05/2026;15:00:00;1.26;0.243;244.86;5.15;0.0;0.0;55.0;19.1;62;High;0.85
03/05/2026;16:00:00;1.294;0.097;237.18;5.46;0.0;0.0;55.0;17.1;77;Medium;0.5
03/05/2026;17:00:00;1.819;0.263;242.43;7.5;0.0;0.0;55.0;19.3;60;Medium;0.5
03/05/2026;18:00:00;2.93;0.484;241.93;12.11;5.1;0.0;55.0;18.4;65;High;0.85
03/05/2026;19:00:00;3.682;0.328;239.15;15.4;3.3;0.0;55.0;15.6;87;High;0.85
03/05/2026;20:00:00;3.925;0.538;245.07;16.02;12.3;0.0;55.0;17.9;68;High;0.85
03/05/2026;21:00:00;3.63;0.744;235.63;15.4;14.1;0.0;55.0;16.4;76;High;0.85
03/05/2026;22:00:00;2.824;0.387;239.78;11.78;0.0;0.0;55.0;15.5;86;High;0.85
03/05/2026;23:00:00;1.673;0.128;238.63;7.01;0.0;0.0;55.0;15.1;89;Medium;0.5
04/05/2026;00:00:00;0.706;0.111;242.69;2.91;0.0;0.0;55.0;14.7;91;Low;0.15
04/05/2026;01:00:00;0.894;0.135;240.99;3.71;0.0;0.0;55.0;14.3;91;Low;0.15
04/05/2026;02:00:00;0.629;0.034;235.16;2.67;0.0;0.0;55.0;14.1;93;Low;0.15
04/05/2026;03:00:00;0.67;0.044;243.47;2.75;0.0;0.0;55.0;13.7;93;Low;0.15
04/05/2026;04:00:00;0.72;0.055;241.36;2.98;0.0;0.0;55.0;13.4;94;Low;0.15
04/05/2026;05:00:00;1.079;0.079;237.1;4.55;0.0;0.0;55.0;13.1;94;Low;0.15
04/05/2026;06:00:00;1.789;0.168;239.02;7.48;0.0;0.0;55.0;13.0;95;Medium;0.5
04/05/2026;07:00:00;2.408;0.306;236.36;10.19;0.0;12.0;55.0;12.7;96;Medium;0.5
04/05/2026;08:00:00;2.623;0.297;239.52;10.95;0.0;3.7;55.0;13.5;94;Medium;0.5
04/05/2026;09:00:00;2.349;0.473;240.42;9.77;0.0;5.9;55.0;14.1;91;Medium;0.5
04/05/2026;10:00:00;1.229;0.189;239.06;5.14;0.0;0.0;55.0;14.6;88;Low;0.15
04/05/2026;11:00:00;0.907;0.18;238.74;3.8;0.0;0.0;55.0;15.2;84;Low;0.15
04/05/2026;12:00:00;0.799;0.112;235.48;3.39;0.0;0.0;55.0;16.2;81;Low;0.15
04/05/2026;13:00:00;0.549;0.036;240.94;2.28;0.0;0.0;55.0;17.2;74;Low;0.15
04/05/2026;14:00:00;0.536;0.069;234.61;2.29;0.0;0.0;55.0;15.3;86;Low;0.15
04/05/2026;15:00:00;0.926;0.176;240.09;3.86;0.0;0.0;55.0;15.7;85;Low;0.15
04/05/2026;16:00:00;0.926;0.077;234.96;3.94;0.0;0.0;55.0;15.1;84;Low;0.15
04/05/2026;17:00:00;1.818;0.119;240.14;7.57;0.0;0.0;55.0;15.9;83;Medium;0.5
04/05/2026;18:00:00;2.628;0.279;239.98;10.95;9.5;0.0;55.0;15.7;82;High;0.85
04/05/2026;19:00:00;3.289;0.382;241.13;13.64;22.6;0.0;55.0;15.3;87;High;0.85
04/05/2026;20:00:00;3.631;0.371;242.41;14.98;11.3;0.0;55.0;15.5;87;High;0.85
04/05/2026;21:00:00;3.235;0.236;242.93;13.32;8.1;0.0;55.0;14.7;91;High;0.85
04/05/2026;22:00:00;2.716;0.252;235.49;11.54;0.0;0.0;55.0;14.0;94;High;0.85
04/05/2026;23:00:00;1.75;0.29;239.84;7.3;0.0;0.0;55.0;13.6;94;Medium;0.5
05/05/2026;00:00:00;0.62;0.072;245.63;2.53;0.0;0.0;55.0;13.5;93;Low;0.15
05/05/2026;01:00:00;0.828;0.13;240.33;3.45;0.0;0.0;55.0;12.8;96;Low;0.15
05/05/2026;02:00:00;0.739;0.104;237.67;3.11;0.0;0.0;55.0;13.3;98;Low;0.15
05/05/2026;03:00:00;0.773;0.111;239.78;3.23;0.0;0.0;55.0;13.0;99;Low;0.15
05/05/2026;04:00:00;0.728;0.067;238.93;3.05;0.0;0.0;55.0;12.7;99;Low;0.15
05/05/2026;05:00:00;1.19;0.165;236.71;5.03;0.0;0.0;55.0;12.7;98;Low;0.15
05/05/2026;06:00:00;1.856;0.1;242.43;7.65;0.0;0.0;55.0;12.6;97;Medium;0.5
05/05/2026;07:00:00;2.533;0.313;241.64;10.48;0.0;14.6;55.0;12.5;98;Medium;0.5
05/05/2026;08:00:00;2.72;0.401;236.26;11.51;0.0;16.4;55.0;12.9;98;Medium;0.5
05/05/2026;09:00:00;2.221;0.18;239.74;9.27;0.0;17.5;55.0;13.2;95;Medium;0.5
05/05/2026;10:00:00;1.641;0.154;238.41;6.88;0.0;0.0;55.0;13.6;92;Low;0.15
05/05/2026;11:00:00;0.911;0.08;235.52;3.87;0.0;0.0;55.0;14.6;86;Low;0.15
05/05/2026;12:00:00;0.637;0.039;236.04;2.7;0.0;0.0;55.0;15.6;78;Low;0.15
05/05/2026;13:00:00;0.728;0.079;236.46;3.08;0.0;0.0;55.0;14.8;82;Low;0.15
05/05/2026;14:00:00;0.89;0.193;239.84;3.71;0.0;0.0;55.0;13.6;87;Low;0.15
05/05/2026;15:00:00;0.808;0.089;238.72;3.38;0.0;0.0;55.0;14.3;82;Low;0.15
05/05/2026;16:00:00;1.175;0.151;237.31;4.95;0.0;0.0;55.0;14.0;83;Low;0.15
05/05/2026;17:00:00;1.872;0.302;238.9;7.84;0.0;0.0;55.0;14.0;84;Medium;0.5
05/05/2026;18:00:00;2.602;0.417;242.09;10.75;16.8;0.0;55.0;13.9;85;High;0.85
05/05/2026;19:00:00;3.334;0.705;241.0;13.83;20.4;0.0;55.0;13.4;89;High;0.85
05/05/2026;20:00:00;3.821;0.748;242.81;15.74;10.0;0.0;55.0;12.7;94;High;0.85
05/05/2026;21:00:00;3.19;0.59;239.36;13.33;2.2;0.0;55.0;12.4;95;High;0.85
05/05/2026;22:00:00;2.796;0.592;244.49;11.44;0.0;0.0;55.0;12.2;95;High;0.85
05/05/2026;23:00:00;1.741;0.155;240.97;7.23;0.0;0.0;55.0;12.0;96;Medium;0.5
06/05/2026;00:00:00;0.807;0.125;238.63;3.38;0.0;0.0;55.0;11.8;96;Low;0.15
06/05/2026;01:00:00;0.843;0.169;240.26;3.51;0.0;0.0;55.0;11.5;95;Low;0.15
06/05/2026;02:00:00;0.849;0.133;236.51;3.59;0.0;0.0;55.0;11.3;95;Low;0.15
06/05/2026;03:00:00;0.872;0.188;239.14;3.65;0.0;0.0;55.0;10.7;96;Low;0.15
06/05/2026;04:00:00;0.883;0.059;241.2;3.66;0.0;0.0;55.0;10.3;96;Low;0.15
06/05/2026;05:00:00;1.422;0.177;241.71;5.88;0.0;0.0;55.0;10.0;96;Low;0.15
06/05/2026;06:00:00;2.129;0.46;238.85;8.91;0.0;0.0;55.0;9.7;95;Medium;0.5
06/05/2026;07:00:00;2.506;0.287;247.65;10.12;0.0;3.5;55.0;9.4;93;Medium;0.5
06/05/2026;08:00:00;3.119;0.548;239.52;13.02;0.0;5.0;55.0;9.4;93;Medium;0.5
06/05/2026;09:00:00;2.57;0.142;235.3;10.92;0.0;2.5;55.0;9.6;88;Medium;0.5
06/05/2026;10:00:00;1.674;0.281;243.4;6.88;0.0;0.0;55.0;10.0;83;Low;0.15
06/05/2026;11:00:00;1.15;0.24;241.7;4.76;0.0;0.0;55.0;10.6;78;Low;0.15
06/05/2026;12:00:00;0.856;0.098;240.65;3.56;0.0;0.0;55.0;11.5;75;Low;0.15
06/05/2026;13:00:00;0.899;0.048;238.7;3.77;0.0;0.0;55.0;12.9;67;Low;0.15
06/05/2026;14:00:00;0.792;0.043;241.1;3.29;0.0;0.0;55.0;13.5;62;Low;0.15
06/05/2026;15:00:00;0.756;0.153;244.53;3.09;0.0;0.0;55.0;14.4;57;Low;0.15
06/05/2026;16:00:00;0.911;0.157;240.56;3.79;0.0;0.0;55.0;14.1;58;Low;0.15
06/05/2026;17:00:00;1.687;0.115;235.88;7.15;0.0;0.0;55.0;13.8;61;Medium;0.5
06/05/2026;18:00:00;2.581;0.153;230.33;11.21;9.5;0.0;55.0;13.3;67;High;0.85
06/05/2026;19:00:00;3.451;0.645;241.08;14.31;5.3;0.0;55.0;12.6;72;High;0.85
06/05/2026;20:00:00;3.66;0.687;237.24;15.43;2.6;0.0;55.0;11.8;79;High;0.85
06/05/2026;21:00:00;3.483;0.246;239.72;14.53;19.3;0.0;55.0;11.6;80;High;0.85
06/05/2026;22:00:00;3.002;0.304;237.73;12.63;0.0;0.0;55.0;11.3;80;High;0.85
06/05/2026;23:00:00;2.058;0.376;237.53;8.66;0.0;0.0;55.0;11.1;81;Medium;0.5
07/05/2026;00:00:00;0.923;0.129;237.86;3.88;0.0;0.0;55.0;10.6;83;Low;0.15
07/05/2026;01:00:00;0.96;0.204;238.11;4.03;0.0;0.0;55.0;9.9;86;Low;0.15
07/05/2026;02:00:00;1.133;0.149;242.17;4.68;0.0;0.0;55.0;10.3;88;Low;0.15
07/05/2026;03:00:00;1.015;0.168;241.61;4.2;0.0;0.0;55.0;10.1;89;Low;0.15
07/05/2026;04:00:00;2.978;0.407;236.62;12.59;0.0;0.0;55.0;10.0;89;Low;0.15
07/05/2026;05:00:00;1.062;0.223;237.0;4.48;0.0;0.0;55.0;9.8;90;Low;0.15
07/05/2026;06:00:00;1.987;0.234;241.06;8.24;0.0;0.0;55.0;9.6;91;Medium;0.5
07/05/2026;07:00:00;2.699;0.24;242.95;11.11;0.0;14.2;55.0;9.5;90;Medium;0.5
07/05/2026;08:00:00;2.856;0.301;242.9;11.76;0.0;7.5;55.0;10.1;87;Medium;0.5
07/05/2026;09:00:00;2.579;0.503;237.19;10.87;0.0;6.4;55.0;10.6;83;Medium;0.5
07/05/2026;10:00:00;1.523;0.205;242.77;6.27;0.0;0.0;55.0;11.7;75;Low;0.15
07/05/2026;11:00:00;1.0;0.11;235.03;4.26;0.0;0.0;55.0;12.9;65;Low;0.15
07/05/2026;12:00:00;0.505;0.072;239.43;2.11;0.0;0.0;55.0;14.3;56;Low;0.15
07/05/2026;13:00:00;0.652;0.047;241.36;2.7;0.0;0.0;55.0;15.3;51;Low;0.15
07/05/2026;14:00:00;0.787;0.04;234.18;3.36;0.0;0.0;55.0;15.3;51;Low;0.15
07/05/2026;15:00:00;0.705;0.069;245.86;2.87;0.0;0.0;55.0;15.6;50;Low;0.15
07/05/2026;16:00:00;0.993;0.152;243.71;4.07;0.0;0.0;55.0;15.8;50;Low;0.15
07/05/2026;17:00:00;1.629;0.278;241.81;6.73;0.0;0.0;55.0;16.0;49;Medium;0.5
07/05/2026;18:00:00;2.679;0.51;237.3;11.29;3.4;0.0;55.0;16.1;49;High;0.85
07/05/2026;19:00:00;3.284;0.682;239.81;13.69;23.1;0.0;55.0;15.8;50;High;0.85
07/05/2026;20:00:00;3.494;0.419;242.21;14.42;18.1;0.0;55.0;15.2;55;High;0.85
07/05/2026;21:00:00;3.517;0.619;236.86;14.85;1.2;0.0;55.0;13.7;67;High;0.85
07/05/2026;22:00:00;2.88;0.181;239.49;12.03;0.0;0.0;55.0;12.6;72;High;0.85
07/05/2026;23:00:00;1.842;0.11;242.55;7.59;0.0;0.0;55.0;11.7;79;Medium;0.5
08/05/2026;00:00:00;0.958;0.068;235.82;4.06;0.0;0.0;55.0;10.9;84;Low;0.15
08/05/2026;01:00:00;1.01;0.128;240.93;4.19;0.0;0.0;55.0;10.1;88;Low;0.15
08/05/2026;02:00:00;1.051;0.09;235.09;4.47;0.0;0.0;55.0;9.6;90;Low;0.15
08/05/2026;03:00:00;0.884;0.087;237.36;3.72;0.0;0.0;55.0;8.6;92;Low;0.15
08/05/2026;04:00:00;1.226;0.196;238.59;5.14;0.0;0.0;55.0;8.1;93;Low;0.15
08/05/2026;05:00:00;1.268;0.141;241.44;5.25;0.0;0.0;55.0;7.8;94;Low;0.15
08/05/2026;06:00:00;2.044;0.296;238.04;8.59;0.0;0.0;55.0;7.4;94;Medium;0.5
08/05/2026;07:00:00;2.994;0.36;240.35;12.46;0.0;1.2;55.0;7.6;94;Medium;0.5
08/05/2026;08:00:00;2.985;0.235;238.08;12.54;0.0;13.2;55.0;9.5;91;Medium;0.5
08/05/2026;09:00:00;2.452;0.153;238.51;10.28;0.0;15.9;55.0;11.6;83;Medium;0.5
08/05/2026;10:00:00;1.189;0.107;243.5;4.88;0.0;0.0;55.0;14.2;72;Low;0.15
08/05/2026;11:00:00;1.032;0.062;236.78;4.36;0.0;0.0;55.0;15.8;61;Low;0.15
08/05/2026;12:00:00;4.077;0.633;242.13;16.84;0.0;0.0;55.0;16.8;55;Low;0.15
08/05/2026;13:00:00;0.574;0.106;240.0;2.39;0.0;0.0;55.0;17.6;51;Low;0.15
08/05/2026;14:00:00;0.657;0.071;238.39;2.75;0.0;0.0;55.0;18.2;47;Low;0.15
08/05/2026;15:00:00;0.91;0.105;236.59;3.84;0.0;0.0;55.0;18.8;45;Low;0.15
08/05/2026;16:00:00;1.065;0.201;236.79;4.5;0.0;0.0;55.0;19.3;43;Low;0.15
08/05/2026;17:00:00;1.688;0.148;237.93;7.1;0.0;0.0;55.0;19.5;39;Medium;0.5
08/05/2026;18:00:00;2.674;0.188;239.58;11.16;17.8;0.0;55.0;19.5;38;High;0.85
08/05/2026;19:00:00;3.245;0.439;241.69;13.43;2.2;0.0;55.0;19.2;40;High;0.85
08/05/2026;20:00:00;3.601;0.576;239.16;15.06;18.0;0.0;55.0;17.7;52;High;0.85
08/05/2026;21:00:00;3.313;0.503;239.35;13.84;6.6;0.0;55.0;15.9;65;High;0.85
08/05/2026;22:00:00;2.764;0.474;239.76;11.53;0.0;0.0;55.0;14.6;72;High;0.85
08/05/2026;23:00:00;1.879;0.112;241.33;7.79;0.0;0.0;55.0;13.7;77;Medium;0.5
09/05/2026;00:00:00;0.832;0.102;241.81;3.44;0.0;0.0;55.0;13.0;80;Low;0.15
09/05/2026;01:00:00;0.782;0.071;236.12;3.31;0.0;0.0;55.0;12.4;81;Low;0.15
09/05/2026;02:00:00;0.929;0.166;239.21;3.89;0.0;0.0;55.0;11.8;82;Low;0.15
09/05/2026;03:00:00;0.913;0.181;243.44;3.75;0.0;0.0;55.0;10.8;85;Low;0.15
09/05/2026;04:00:00;0.892;0.087;236.31;3.78;0.0;0.0;55.0;10.3;87;Low;0.15
09/05/2026;05:00:00;1.199;0.079;240.21;4.99;0.0;0.0;55.0;9.8;89;Low;0.15
09/05/2026;06:00:00;2.073;0.193;239.52;8.66;0.0;0.0;55.0;9.4;90;Medium;0.5
09/05/2026;07:00:00;2.911;0.197;238.41;12.21;0.0;13.0;55.0;9.5;90;Medium;0.5
09/05/2026;08:00:00;3.072;0.322;244.45;12.57;0.0;4.5;55.0;11.5;85;Medium;0.5
09/05/2026;09:00:00;2.46;0.348;240.1;10.24;0.0;16.6;55.0;13.5;78;Medium;0.5
09/05/2026;10:00:00;1.734;0.374;244.23;7.1;0.0;0.0;55.0;15.6;72;Medium;0.5
09/05/2026;11:00:00;1.464;0.173;240.02;6.1;0.0;0.0;55.0;17.6;68;High;0.85
09/05/2026;12:00:00;1.263;0.11;241.29;5.23;0.0;0.0;55.0;19.5;64;High;0.85
09/05/2026;13:00:00;1.293;0.101;238.38;5.42;0.0;0.0;55.0;21.0;58;High;0.85
09/05/2026;14:00:00;1.345;0.107;238.41;5.64;0.0;0.0;55.0;22.3;50;High;0.85
09/05/2026;15:00:00;1.337;0.111;241.15;5.55;0.0;0.0;55.0;23.1;48;High;0.85
09/05/2026;16:00:00;3.349;0.601;241.2;13.88;0.0;0.0;55.0;23.4;45;Medium;0.5
09/05/2026;17:00:00;1.821;0.11;241.67;7.54;0.0;0.0;55.0;23.3;45;Medium;0.5
09/05/2026;18:00:00;2.931;0.644;241.05;12.16;10.1;0.0;55.0;20.2;59;High;0.85
09/05/2026;19:00:00;3.768;0.523;236.26;15.95;24.2;0.0;55.0;19.0;63;High;0.85
09/05/2026;20:00:00;5.916;0.843;237.74;24.88;17.4;0.0;55.0;20.5;58;High;0.85
09/05/2026;21:00:00;3.599;0.399;242.38;14.85;1.2;0.0;55.0;18.8;66;High;0.85
09/05/2026;22:00:00;3.008;0.503;234.52;12.83;0.0;0.0;55.0;17.5;69;High;0.85
09/05/2026;23:00:00;1.872;0.244;240.82;7.77;0.0;0.0;55.0;16.8;71;Medium;0.5
10/05/2026;00:00:00;0.706;0.075;239.69;2.95;0.0;0.0;55.0;15.9;68;Low;0.15
10/05/2026;01:00:00;0.543;0.052;242.38;2.24;0.0;0.0;55.0;15.0;68;Low;0.15
10/05/2026;02:00:00;0.731;0.152;241.17;3.03;0.0;0.0;55.0;15.6;63;Low;0.15
10/05/2026;03:00:00;0.577;0.057;238.14;2.42;0.0;0.0;55.0;15.2;63;Low;0.15
10/05/2026;04:00:00;0.635;0.079;238.01;2.67;0.0;0.0;55.0;14.5;64;Low;0.15
10/05/2026;05:00:00;0.94;0.103;238.54;3.94;0.0;0.0;55.0;14.2;67;Low;0.15
10/05/2026;06:00:00;1.772;0.115;241.62;7.33;0.0;0.0;55.0;13.3;73;Medium;0.5
10/05/2026;07:00:00;2.576;0.21;233.55;11.03;0.0;16.8;55.0;13.2;75;Medium;0.5
10/05/2026;08:00:00;2.808;0.231;240.44;11.68;0.0;9.9;55.0;13.8;74;Medium;0.5
10/05/2026;09:00:00;2.622;0.44;237.53;11.04;0.0;18.8;55.0;14.4;74;Medium;0.5
10/05/2026;10:00:00;1.842;0.219;240.53;7.66;0.0;0.0;55.0;15.0;74;Medium;0.5
10/05/2026;11:00:00;1.263;0.231;240.96;5.24;0.0;0.0;55.0;14.9;80;High;0.85
10/05/2026;12:00:00;1.342;0.229;235.35;5.7;0.0;0.0;55.0;15.6;82;High;0.85
10/05/2026;13:00:00;1.12;0.093;239.36;4.68;0.0;0.0;55.0;15.7;85;High;0.85
10/05/2026;14:00:00;1.305;0.19;240.44;5.43;0.0;0.0;55.0;17.2;74;High;0.85
10/05/2026;15:00:00;1.302;0.23;240.25;5.42;0.0;0.0;55.0;17.0;76;High;0.85
10/05/2026;16:00:00;1.301;0.205;239.66;5.43;0.0;0.0;55.0;15.9;86;Medium;0.5
10/05/2026;17:00:00;1.803;0.274;236.58;7.62;0.0;0.0;55.0;15.0;90;Medium;0.5
10/05/2026;18:00:00;3.019;0.53;237.01;12.74;0.6;0.0;55.0;14.4;96;High;0.85
10/05/2026;19:00:00;3.547;0.212;236.14;15.02;5.9;0.0;55.0;14.2;96;High;0.85
10/05/2026;20:00:00;6.092;1.062;241.55;25.22;5.2;0.0;55.0;13.6;95;High;0.85
10/05/2026;21:00:00;3.841;0.37;239.68;16.03;23.4;0.0;55.0;13.2;96;High;0.85
10/05/2026;22:00:00;3.053;0.449;239.86;12.73;0.0;0.0;55.0;13.0;93;High;0.85
10/05/2026;23:00:00;2.192;0.2;235.22;9.32;0.0;0.0;55.0;12.7;95;Medium;0.5
11/05/2026;00:00:00;0.778;0.15;239.91;3.24;0.0;0.0;55.0;12.2;94;Low;0.15
11/05/2026;01:00:00;2.962;0.39;241.77;12.25;0.0;0.0;55.0;11.6;93;Low;0.15
11/05/2026;02:00:00;0.874;0.139;234.84;3.72;0.0;0.0;55.0;11.3;95;Low;0.15
11/05/2026;03:00:00;1.032;0.191;238.5;4.33;0.0;0.0;55.0;11.0;96;Low;0.15
11/05/2026;04:00:00;4.462;0.902;235.6;18.94;0.0;0.0;55.0;10.8;96;Low;0.15
11/05/2026;05:00:00;1.124;0.196;238.82;4.71;0.0;0.0;55.0;10.5;95;Low;0.15
11/05/2026;06:00:00;2.054;0.155;237.48;8.65;0.0;0.0;55.0;10.0;94;Medium;0.5
11/05/2026;07:00:00;2.561;0.5;241.07;10.62;0.0;6.7;55.0;9.6;93;Medium;0.5
11/05/2026;08:00:00;2.82;0.438;240.47;11.73;0.0;13.3;55.0;9.4;93;Medium;0.5
11/05/2026;09:00:00;2.559;0.393;243.62;10.5;0.0;11.9;55.0;9.6;91;Medium;0.5
11/05/2026;10:00:00;1.747;0.361;239.85;7.29;0.0;0.0;55.0;9.6;89;Low;0.15
11/05/2026;11:00:00;1.35;0.125;240.95;5.6;0.0;0.0;55.0;9.7;88;Low;0.15
11/05/2026;12:00:00;1.023;0.093;238.44;4.29;0.0;0.0;55.0;10.0;84;Low;0.15
11/05/2026;13:00:00;1.016;0.139;236.91;4.29;0.0;0.0;55.0;11.5;68;Low;0.15
11/05/2026;14:00:00;0.656;0.117;242.34;2.71;0.0;0.0;55.0;13.3;58;Low;0.15
11/05/2026;15:00:00;0.814;0.103;243.48;3.34;0.0;0.0;55.0;13.5;53;Low;0.15
11/05/2026;16:00:00;1.048;0.165;241.98;4.33;0.0;0.0;55.0;13.5;52;Low;0.15
11/05/2026;17:00:00;1.801;0.229;240.37;7.49;0.0;0.0;55.0;13.2;54;Medium;0.5
11/05/2026;18:00:00;2.784;0.428;237.27;11.73;12.2;0.0;55.0;12.8;55;High;0.85
11/05/2026;19:00:00;3.501;0.664;243.2;14.39;6.5;0.0;55.0;12.9;56;High;0.85
11/05/2026;20:00:00;3.711;0.299;241.62;15.36;7.8;0.0;55.0;12.2;61;High;0.85
11/05/2026;21:00:00;3.583;0.603;245.67;14.59;15.3;0.0;55.0;10.6;70;High;0.85
11/05/2026;22:00:00;2.981;0.548;236.77;12.59;0.0;0.0;55.0;9.3;82;High;0.85
11/05/2026;23:00:00;3.984;0.502;242.42;16.43;0.0;0.0;55.0;8.8;82;Medium;0.5
12/05/2026;00:00:00;1.035;0.109;241.54;4.29;0.0;0.0;55.0;8.6;85;Low;0.15
12/05/2026;01:00:00;1.056;0.055;239.04;4.42;0.0;0.0;55.0;8.2;86;Low;0.15
12/05/2026;02:00:00;1.103;0.205;243.82;4.52;0.0;0.0;55.0;7.4;91;Low;0.15
12/05/2026;03:00:00;1.182;0.125;241.13;4.9;0.0;0.0;55.0;6.5;93;Low;0.15
12/05/2026;04:00:00;1.265;0.14;237.38;5.33;0.0;0.0;55.0;5.9;96;Low;0.15
12/05/2026;05:00:00;1.365;0.146;239.67;5.7;0.0;0.0;55.0;6.4;96;Low;0.15
12/05/2026;06:00:00;2.303;0.31;237.34;9.7;0.0;0.0;55.0;5.8;96;Medium;0.5
12/05/2026;07:00:00;2.709;0.459;238.69;11.35;0.0;12.2;55.0;6.0;97;Medium;0.5
12/05/2026;08:00:00;3.027;0.549;241.97;12.51;0.0;0.6;55.0;7.1;92;Medium;0.5
12/05/2026;09:00:00;2.942;0.343;242.77;12.12;0.0;8.9;55.0;8.7;75;Medium;0.5
12/05/2026;10:00:00;1.552;0.252;240.62;6.45;0.0;0.0;55.0;10.1;61;Low;0.15
12/05/2026;11:00:00;0.979;0.169;237.9;4.12;0.0;0.0;55.0;11.3;54;Low;0.15
12/05/2026;12:00:00;0.941;0.095;241.07;3.9;0.0;0.0;55.0;12.4;47;Low;0.15
12/05/2026;13:00:00;0.605;0.04;242.03;2.5;0.0;0.0;55.0;12.7;46;Low;0.15
12/05/2026;14:00:00;0.756;0.153;234.48;3.23;0.0;0.0;55.0;13.5;46;Low;0.15
12/05/2026;15:00:00;1.067;0.176;240.33;4.44;0.0;0.0;55.0;13.6;48;Low;0.15
12/05/2026;16:00:00;0.911;0.146;239.47;3.8;0.0;0.0;55.0;13.7;48;Low;0.15
12/05/2026;17:00:00;3.56;0.214;242.67;14.67;0.0;0.0;55.0;14.1;47;Medium;0.5
12/05/2026;18:00:00;2.541;0.48;241.08;10.54;11.1;0.0;55.0;14.2;49;High;0.85
12/05/2026;19:00:00;3.449;0.504;241.36;14.29;11.0;0.0;55.0;14.1;51;High;0.85
12/05/2026;20:00:00;3.742;0.726;238.65;15.68;11.7;0.0;55.0;14.3;56;High;0.85
12/05/2026;21:00:00;3.344;0.721;240.0;13.93;7.8;0.0;55.0;13.5;64;High;0.85
12/05/2026;22:00:00;2.873;0.611;242.64;11.84;0.0;0.0;55.0;12.3;73;High;0.85
12/05/2026;23:00:00;2.017;0.394;239.82;8.41;0.0;0.0;55.0;12.1;75;Medium;0.5
13/05/2026;00:00:00;1.045;0.054;240.49;4.35;0.0;0.0;55.0;11.6;74;Low;0.15
13/05/2026;01:00:00;0.896;0.18;235.7;3.8;0.0;0.0;55.0;10.7;79;Low;0.15
13/05/2026;02:00:00;0.715;0.045;239.81;2.98;0.0;0.0;55.0;10.3;79;Low;0.15
13/05/2026;03:00:00;0.905;0.176;234.37;3.86;0.0;0.0;55.0;9.7;83;Low;0.15
13/05/2026;04:00:00;0.962;0.094;238.55;4.03;0.0;0.0;55.0;10.1;84;Low;0.15
13/05/2026;05:00:00;1.149;0.177;240.18;4.78;0.0;0.0;55.0;10.3;85;Low;0.15
13/05/2026;06:00:00;1.899;0.107;242.15;7.84;0.0;0.0;55.0;10.1;87;Medium;0.5
13/05/2026;07:00:00;2.716;0.492;237.2;11.45;0.0;1.1;55.0;9.7;89;Medium;0.5
13/05/2026;08:00:00;3.01;0.208;241.05;12.49;0.0;0.2;55.0;10.7;85;Medium;0.5
13/05/2026;09:00:00;2.503;0.3;244.11;10.25;0.0;17.2;55.0;11.1;82;Medium;0.5
13/05/2026;10:00:00;1.651;0.312;238.21;6.93;0.0;0.0;55.0;12.0;71;Low;0.15
13/05/2026;11:00:00;1.054;0.177;235.67;4.47;0.0;0.0;55.0;12.9;62;Low;0.15
13/05/2026;12:00:00;0.832;0.042;240.81;3.46;0.0;0.0;55.0;13.1;59;Low;0.15
13/05/2026;13:00:00;0.909;0.108;236.66;3.84;0.0;0.0;55.0;12.6;66;Low;0.15
13/05/2026;14:00:00;0.817;0.047;237.71;3.44;0.0;0.0;55.0;13.0;62;Low;0.15
13/05/2026;15:00:00;1.094;0.18;242.59;4.51;0.0;0.0;55.0;13.0;67;Low;0.15
13/05/2026;16:00:00;1.029;0.221;245.26;4.2;0.0;0.0;55.0;11.9;77;Low;0.15
13/05/2026;17:00:00;1.785;0.288;237.2;7.52;0.0;0.0;55.0;12.8;74;Medium;0.5
13/05/2026;18:00:00;2.841;0.25;237.94;11.94;20.9;0.0;55.0;11.5;72;High;0.85
13/05/2026;19:00:00;3.529;0.39;238.77;14.78;6.8;0.0;55.0;12.0;63;High;0.85
13/05/2026;20:00:00;3.984;0.861;238.47;16.71;0.8;0.0;55.0;10.5;74;High;0.85
13/05/2026;21:00:00;3.591;0.316;245.41;14.63;19.5;0.0;55.0;10.2;74;High;0.85
13/05/2026;22:00:00;2.831;0.412;238.51;11.87;0.0;0.0;55.0;9.5;77;High;0.85
13/05/2026;23:00:00;2.136;0.252;238.91;8.94;0.0;0.0;55.0;9.2;77;Medium;0.5
14/05/2026;00:00:00;1.11;0.2;244.53;4.54;0.0;0.0;55.0;8.8;78;Low;0.15
14/05/2026;01:00:00;0.858;0.169;241.61;3.55;0.0;0.0;55.0;8.5;78;Low;0.15
14/05/2026;02:00:00;1.071;0.116;242.76;4.41;0.0;0.0;55.0;8.2;86;Low;0.15
14/05/2026;03:00:00;0.936;0.152;237.46;3.94;0.0;0.0;55.0;7.9;87;Low;0.15
14/05/2026;04:00:00;1.095;0.157;238.52;4.59;0.0;0.0;55.0;7.5;88;Low;0.15
14/05/2026;05:00:00;1.252;0.122;237.09;5.28;0.0;0.0;55.0;7.5;89;Low;0.15
14/05/2026;06:00:00;2.179;0.21;242.24;8.99;0.0;0.0;55.0;7.1;91;Medium;0.5
14/05/2026;07:00:00;2.76;0.391;243.43;11.34;0.0;5.6;55.0;7.3;90;Medium;0.5
14/05/2026;08:00:00;2.958;0.225;238.32;12.41;0.0;13.7;55.0;7.3;90;Medium;0.5
14/05/2026;09:00:00;2.752;0.517;238.98;11.52;0.0;14.2;55.0;8.7;85;Medium;0.5
14/05/2026;10:00:00;1.566;0.097;239.1;6.55;0.0;0.0;55.0;9.2;79;Low;0.15
14/05/2026;11:00:00;1.184;0.078;235.67;5.02;0.0;0.0;55.0;10.7;71;Low;0.15
14/05/2026;12:00:00;0.828;0.09;238.11;3.48;0.0;0.0;55.0;11.7;66;Low;0.15
14/05/2026;13:00:00;0.818;0.057;242.17;3.38;0.0;0.0;55.0;12.0;62;Low;0.15
14/05/2026;14:00:00;1.082;0.142;237.55;4.56;0.0;0.0;55.0;9.3;73;Low;0.15
14/05/2026;15:00:00;1.06;0.125;240.26;4.41;0.0;0.0;55.0;11.0;62;Low;0.15
14/05/2026;16:00:00;1.301;0.225;236.34;5.5;0.0;0.0;55.0;12.0;56;Low;0.15
14/05/2026;17:00:00;1.906;0.404;239.6;7.95;0.0;0.0;55.0;11.5;60;Medium;0.5
14/05/2026;18:00:00;2.98;0.531;238.42;12.5;22.8;0.0;55.0;9.9;73;High;0.85
14/05/2026;19:00:00;3.514;0.283;236.58;14.85;8.3;0.0;55.0;10.8;64;High;0.85
14/05/2026;20:00:00;3.936;0.823;242.21;16.25;18.3;0.0;55.0;9.5;75;High;0.85
14/05/2026;21:00:00;3.697;0.431;242.37;15.26;2.1;0.0;55.0;9.2;79;High;0.85
14/05/2026;22:00:00;3.035;0.396;237.29;12.79;0.0;0.0;55.0;8.3;81;High;0.85
14/05/2026;23:00:00;1.968;0.239;239.39;8.22;0.0;0.0;55.0;7.6;84;Medium;0.5
15/05/2026;00:00:00;1.194;0.117;240.12;4.97;0.0;0.0;55.0;6.7;89;Low;0.15
15/05/2026;01:00:00;1.227;0.248;234.92;5.22;0.0;0.0;55.0;6.2;91;Low;0.15
15/05/2026;02:00:00;1.111;0.118;236.09;4.71;0.0;0.0;55.0;6.4;90;Low;0.15
15/05/2026;03:00:00;1.093;0.162;243.6;4.49;0.0;0.0;55.0;5.8;91;Low;0.15
15/05/2026;04:00:00;1.435;0.13;237.02;6.05;0.0;0.0;55.0;5.4;92;Low;0.15
15/05/2026;05:00:00;1.536;0.285;243.52;6.31;0.0;0.0;55.0;5.1;92;Low;0.15
15/05/2026;06:00:00;2.213;0.402;236.23;9.37;0.0;0.0;55.0;4.8;92;Medium;0.5
15/05/2026;07:00:00;2.773;0.278;241.84;11.46;0.0;6.7;55.0;5.0;92;Medium;0.5
15/05/2026;08:00:00;3.047;0.505;239.13;12.74;0.0;18.0;55.0;6.6;86;Medium;0.5
15/05/2026;09:00:00;2.807;0.476;239.52;11.72;0.0;3.1;55.0;8.5;79;Medium;0.5
15/05/2026;10:00:00;1.663;0.242;245.2;6.78;0.0;0.0;55.0;10.2;61;Low;0.15
15/05/2026;11:00:00;1.066;0.162;236.49;4.51;0.0;0.0;55.0;11.2;54;Low;0.15
15/05/2026;12:00:00;0.949;0.14;241.67;3.93;0.0;0.0;55.0;11.9;50;Low;0.15
15/05/2026;13:00:00;0.743;0.047;241.55;3.08;0.0;0.0;55.0;12.5;55;Low;0.15
15/05/2026;14:00:00;1.2;0.197;249.39;4.81;0.0;0.0;55.0;9.0;81;Low;0.15
15/05/2026;15:00:00;1.191;0.155;236.98;5.03;0.0;0.0;55.0;10.2;73;Low;0.15
15/05/2026;16:00:00;1.085;0.135;238.25;4.55;0.0;0.0;55.0;12.6;65;Low;0.15
15/05/2026;17:00:00;1.767;0.347;242.28;7.29;0.0;0.0;55.0;12.9;60;Medium;0.5
15/05/2026;18:00:00;2.651;0.143;239.44;11.07;8.8;0.0;55.0;10.5;70;High;0.85
15/05/2026;19:00:00;3.457;0.321;238.7;14.48;5.3;0.0;55.0;10.0;75;High;0.85
15/05/2026;20:00:00;7.206;0.509;242.68;29.69;7.2;0.0;55.0;10.8;66;High;0.85
15/05/2026;21:00:00;3.631;0.203;239.25;15.18;14.4;0.0;55.0;9.8;76;High;0.85
15/05/2026;22:00:00;2.947;0.285;237.5;12.41;0.0;0.0;55.0;9.4;80;High;0.85
15/05/2026;23:00:00;1.936;0.422;242.03;8.0;0.0;0.0;55.0;8.9;82;Medium;0.5
16/05/2026;00:00:00;1.012;0.097;241.05;4.2;0.0;0.0;55.0;8.7;83;Low;0.15
16/05/2026;01:00:00;1.115;0.182;239.12;4.66;0.0;0.0;55.0;8.3;86;Low;0.15
16/05/2026;02:00:00;1.142;0.08;238.99;4.78;0.0;0.0;55.0;7.9;92;Low;0.15
16/05/2026;03:00:00;0.96;0.146;237.44;4.04;0.0;0.0;55.0;7.0;95;Low;0.15
16/05/2026;04:00:00;1.21;0.263;242.03;5.0;0.0;0.0;55.0;6.6;96;Low;0.15
16/05/2026;05:00:00;1.293;0.129;238.99;5.41;0.0;0.0;55.0;6.6;96;Low;0.15
16/05/2026;06:00:00;2.377;0.462;237.84;9.99;0.0;0.0;55.0;5.7;98;Medium;0.5
16/05/2026;07:00:00;3.103;0.681;236.4;13.13;0.0;14.5;55.0;6.1;96;Medium;0.5
16/05/2026;08:00:00;3.234;0.485;241.1;13.41;0.0;9.7;55.0;7.6;90;Medium;0.5
16/05/2026;09:00:00;2.774;0.285;238.58;11.63;0.0;19.2;55.0;9.0;83;Medium;0.5
16/05/2026;10:00:00;1.929;0.317;234.36;8.23;0.0;0.0;55.0;10.9;70;Medium;0.5
16/05/2026;11:00:00;1.401;0.271;236.63;5.92;0.0;0.0;55.0;12.1;67;High;0.85
16/05/2026;12:00:00;1.404;0.111;239.35;5.87;0.0;0.0;55.0;12.9;65;High;0.85
16/05/2026;13:00:00;1.27;0.161;239.42;5.3;0.0;0.0;55.0;13.4;61;High;0.85
16/05/2026;14:00:00;1.364;0.142;239.32;5.7;0.0;0.0;55.0;14.2;55;High;0.85
16/05/2026;15:00:00;1.277;0.125;238.93;5.34;0.0;0.0;55.0;13.7;53;High;0.85
16/05/2026;16:00:00;1.285;0.252;235.87;5.45;0.0;0.0;55.0;14.2;50;Medium;0.5
16/05/2026;17:00:00;1.706;0.208;237.55;7.18;0.0;0.0;55.0;14.4;50;Medium;0.5
16/05/2026;18:00:00;2.785;0.3;243.31;11.45;21.1;0.0;55.0;14.6;49;High;0.85
16/05/2026;19:00:00;3.553;0.542;242.9;14.63;24.1;0.0;55.0;14.2;49;High;0.85
16/05/2026;20:00:00;4.131;0.361;241.62;17.1;14.1;0.0;55.0;13.6;52;High;0.85
16/05/2026;21:00:00;3.691;0.329;241.37;15.29;16.8;0.0;55.0;12.7;62;High;0.85
16/05/2026;22:00:00;3.048;0.422;242.53;12.57;0.0;0.0;55.0;12.1;70;High;0.85
16/05/2026;23:00:00;1.981;0.237;236.86;8.36;0.0;0.0;55.0;11.7;73;Medium;0.5
17/05/2026;00:00:00;2.746;0.275;240.09;11.44;0.0;0.0;55.0;11.5;75;Low;0.15
17/05/2026;01:00:00;0.868;0.051;236.86;3.66;0.0;0.0;55.0;11.3;77;Low;0.15
17/05/2026;02:00:00;0.957;0.133;236.91;4.04;0.0;0.0;55.0;11.1;82;Low;0.15
17/05/2026;03:00:00;0.789;0.149;241.03;3.27;0.0;0.0;55.0;11.0;83;Low;0.15
17/05/2026;04:00:00;1.051;0.205;242.65;4.33;0.0;0.0;55.0;10.8;85;Low;0.15
17/05/2026;05:00:00;1.112;0.1;239.46;4.64;0.0;0.0;55.0;10.5;88;Low;0.15
17/05/2026;06:00:00;1.956;0.297;244.62;8.0;0.0;0.0;55.0;10.4;91;Medium;0.5
17/05/2026;07:00:00;2.82;0.551;240.59;11.72;0.0;1.3;55.0;10.4;93;Medium;0.5
17/05/2026;08:00:00;3.06;0.366;237.83;12.87;0.0;6.6;55.0;10.9;93;Medium;0.5
17/05/2026;09:00:00;2.734;0.57;236.96;11.54;0.0;9.8;55.0;11.0;90;Medium;0.5
17/05/2026;10:00:00;1.913;0.389;242.85;7.88;0.0;0.0;55.0;11.4;93;Medium;0.5
17/05/2026;11:00:00;1.603;0.137;240.36;6.67;0.0;0.0;55.0;12.7;87;High;0.85
17/05/2026;12:00:00;1.006;0.095;241.89;4.16;0.0;0.0;55.0;15.0;73;High;0.85
17/05/2026;13:00:00;1.018;0.082;232.56;4.38;0.0;0.0;55.0;15.8;66;High;0.85
17/05/2026;14:00:00;1.346;0.112;240.69;5.59;0.0;0.0;55.0;13.9;79;High;0.85
17/05/2026;15:00:00;1.443;0.295;238.57;6.05;0.0;0.0;55.0;14.5;73;High;0.85
17/05/2026;16:00:00;1.207;0.252;236.1;5.11;0.0;0.0;55.0;15.0;73;Medium;0.5
17/05/2026;17:00:00;1.815;0.107;239.82;7.57;0.0;0.0;55.0;14.7;78;Medium;0.5
17/05/2026;18:00:00;2.999;0.453;243.06;12.34;2.7;0.0;55.0;13.2;90;High;0.85
17/05/2026;19:00:00;3.819;0.557;246.35;15.5;24.6;0.0;55.0;12.9;86;High;0.85
17/05/2026;20:00:00;3.901;0.454;240.68;16.21;1.0;0.0;55.0;12.4;82;High;0.85
17/05/2026;21:00:00;3.715;0.585;238.01;15.61;7.1;0.0;55.0;12.0;88;High;0.85
17/05/2026;22:00:00;3.026;0.639;237.85;12.72;0.0;0.0;55.0;11.7;89;High;0.85
17/05/2026;23:00:00;2.113;0.167;242.7;8.71;0.0;0.0;55.0;11.3;91;Medium;0.5
18/05/2026;00:00:00;1.146;0.081;237.21;4.83;0.0;0.0;55.0;11.1;92;Low;0.15
18/05/2026;01:00:00;0.886;0.049;241.74;3.66;0.0;0.0;55.0;10.9;92;Low;0.15
18/05/2026;02:00:00;0.804;0.09;240.82;3.34;0.0;0.0;55.0;10.3;96;Low;0.15
18/05/2026;03:00:00;1.021;0.11;240.51;4.25;0.0;0.0;55.0;9.8;96;Low;0.15
18/05/2026;04:00:00;1.191;0.147;235.61;5.06;0.0;0.0;55.0;9.2;96;Low;0.15
18/05/2026;05:00:00;1.281;0.174;239.0;5.36;0.0;0.0;55.0;8.7;96;Low;0.15
18/05/2026;06:00:00;1.935;0.346;235.92;8.2;0.0;0.0;55.0;8.3;95;Medium;0.5
18/05/2026;07:00:00;2.772;0.323;238.35;11.63;0.0;0.5;55.0;8.5;95;Medium;0.5
18/05/2026;08:00:00;3.003;0.319;242.57;12.38;0.0;7.7;55.0;9.8;94;Medium;0.5
18/05/2026;09:00:00;2.394;0.456;243.45;9.83;0.0;11.1;55.0;11.5;84;Medium;0.5
18/05/2026;10:00:00;1.568;0.305;240.6;6.52;0.0;0.0;55.0;12.2;65;Low;0.15
18/05/2026;11:00:00;1.142;0.102;238.4;4.79;0.0;0.0;55.0;12.5;66;Low;0.15
18/05/2026;12:00:00;0.89;0.092;244.45;3.64;0.0;0.0;55.0;14.0;59;Low;0.15
18/05/2026;13:00:00;0.668;0.127;238.37;2.8;0.0;0.0;55.0;15.0;59;Low;0.15
18/05/2026;14:00:00;0.66;0.042;236.82;2.79;0.0;0.0;55.0;14.9;55;Low;0.15
18/05/2026;15:00:00;1.095;0.115;241.95;4.52;0.0;0.0;55.0;11.6;79;Low;0.15
18/05/2026;16:00:00;0.998;0.126;241.28;4.14;0.0;0.0;55.0;12.8;73;Low;0.15
18/05/2026;17:00:00;1.748;0.143;238.48;7.33;0.0;0.0;55.0;15.0;59;Medium;0.5
18/05/2026;18:00:00;2.548;0.205;240.28;10.6;14.3;0.0;55.0;14.3;60;High;0.85
18/05/2026;19:00:00;3.496;0.427;241.24;14.49;23.8;0.0;55.0;13.6;64;High;0.85
18/05/2026;20:00:00;3.646;0.65;240.57;15.15;20.5;0.0;55.0;13.6;66;High;0.85
18/05/2026;21:00:00;3.564;0.687;241.29;14.77;10.4;0.0;55.0;12.8;73;High;0.85
18/05/2026;22:00:00;2.872;0.622;238.58;12.04;0.0;0.0;55.0;12.0;80;High;0.85
18/05/2026;23:00:00;1.804;0.113;241.47;7.47;0.0;0.0;55.0;11.3;85;Medium;0.5
19/05/2026;00:00:00;1.057;0.092;240.05;4.4;0.0;0.0;55.0;10.8;87;Low;0.15
19/05/2026;01:00:00;1.076;0.192;238.68;4.51;0.0;0.0;55.0;10.7;88;Low;0.15
19/05/2026;02:00:00;1.003;0.142;239.31;4.19;0.0;0.0;55.0;10.8;89;Low;0.15
19/05/2026;03:00:00;0.875;0.092;239.73;3.65;0.0;0.0;55.0;10.3;91;Low;0.15
19/05/2026;04:00:00;2.95;0.251;235.95;12.5;0.0;0.0;55.0;10.5;90;Low;0.15
19/05/2026;05:00:00;1.165;0.114;238.22;4.89;0.0;0.0;55.0;10.7;89;Low;0.15
19/05/2026;06:00:00;1.812;0.223;240.18;7.54;0.0;0.0;55.0;10.7;89;Medium;0.5
19/05/2026;07:00:00;2.701;0.216;236.22;11.44;0.0;15.5;55.0;10.9;88;Medium;0.5
19/05/2026;08:00:00;2.831;0.606;238.26;11.88;0.0;14.8;55.0;11.8;87;Medium;0.5
19/05/2026;09:00:00;2.136;0.146;246.68;8.66;0.0;14.1;55.0;13.0;81;Medium;0.5
19/05/2026;10:00:00;1.473;0.321;236.84;6.22;0.0;0.0;55.0;13.7;78;Low;0.15
19/05/2026;11:00:00;0.876;0.169;238.93;3.67;0.0;0.0;55.0;14.7;70;Low;0.15
19/05/2026;12:00:00;0.722;0.088;237.67;3.04;0.0;0.0;55.0;14.7;72;Low;0.15
19/05/2026;13:00:00;0.661;0.116;239.67;2.76;0.0;0.0;55.0;14.6;79;Low;0.15
19/05/2026;14:00:00;0.77;0.126;237.72;3.24;0.0;0.0;55.0;15.4;74;Low;0.15
19/05/2026;15:00:00;0.928;0.08;239.32;3.88;0.0;0.0;55.0;14.2;84;Low;0.15
19/05/2026;16:00:00;1.022;0.11;237.99;4.29;0.0;0.0;55.0;14.9;84;Low;0.15
19/05/2026;17:00:00;1.67;0.229;242.95;6.87;0.0;0.0;55.0;16.3;77;Medium;0.5
19/05/2026;18:00:00;2.639;0.418;240.23;10.99;5.4;0.0;55.0;16.8;77;High;0.85
19/05/2026;19:00:00;3.307;0.471;237.19;13.94;9.9;0.0;55.0;17.4;73;High;0.85
19/05/2026;20:00:00;3.507;0.457;242.35;14.47;22.4;0.0;55.0;16.5;75;High;0.85
19/05/2026;21:00:00;3.363;0.422;237.32;14.17;13.9;0.0;55.0;16.1;76;High;0.85
19/05/2026;22:00:00;2.689;0.362;235.62;11.41;0.0;0.0;55.0;15.3;80;High;0.85
19/05/2026;23:00:00;1.882;0.233;239.99;7.84;0.0;0.0;55.0;14.6;83;Medium;0.5
20/05/2026;00:00:00;0.824;0.117;245.34;3.36;0.0;0.0;55.0;14.4;83;Low;0.15
20/05/2026;01:00:00;0.642;0.129;234.88;2.73;0.0;0.0;55.0;14.2;80;Low;0.15
20/05/2026;02:00:00;0.781;0.123;236.27;3.31;0.0;0.0;55.0;14.4;82;Low;0.15
20/05/2026;03:00:00;0.664;0.115;242.11;2.74;0.0;0.0;55.0;13.5;85;Low;0.15
20/05/2026;04:00:00;0.883;0.134;238.2;3.71;0.0;0.0;55.0;13.3;85;Low;0.15
20/05/2026;05:00:00;0.955;0.152;241.71;3.95;0.0;0.0;55.0;13.1;86;Low;0.15
20/05/2026;06:00:00;5.142;0.763;237.66;21.63;0.0;0.0;55.0;13.0;87;Medium;0.5
20/05/2026;07:00:00;2.44;0.133;240.4;10.15;0.0;16.0;55.0;12.9;87;Medium;0.5
20/05/2026;08:00:00;2.43;0.534;244.88;9.92;0.0;18.6;55.0;13.8;83;Medium;0.5
20/05/2026;09:00:00;2.129;0.119;236.66;9.0;0.0;15.8;55.0;14.7;77;Medium;0.5
20/05/2026;10:00:00;1.344;0.157;242.87;5.53;0.0;0.0;55.0;15.3;75;Low;0.15
20/05/2026;11:00:00;0.901;0.061;241.9;3.72;0.0;0.0;55.0;16.4;69;Low;0.15
20/05/2026;12:00:00;0.675;0.045;235.83;2.86;0.0;0.0;55.0;17.8;62;Low;0.15
20/05/2026;13:00:00;0.516;0.095;241.56;2.14;0.0;0.0;55.0;18.3;59;Low;0.15
20/05/2026;14:00:00;0.608;0.074;240.2;2.53;0.0;0.0;55.0;18.7;60;Low;0.15
20/05/2026;15:00:00;0.807;0.15;240.26;3.36;0.0;0.0;55.0;19.4;56;Low;0.15
20/05/2026;16:00:00;1.045;0.101;240.94;4.34;0.0;0.0;55.0;18.9;61;Low;0.15
20/05/2026;17:00:00;1.703;0.159;239.02;7.12;0.0;0.0;55.0;19.3;61;Medium;0.5
20/05/2026;18:00:00;2.759;0.256;240.2;11.49;0.8;0.0;55.0;19.0;64;High;0.85
20/05/2026;19:00:00;5.345;0.827;240.68;22.21;18.7;0.0;55.0;18.8;67;High;0.85
20/05/2026;20:00:00;7.013;1.2;242.09;28.97;24.4;0.0;55.0;18.3;68;High;0.85
20/05/2026;21:00:00;3.277;0.416;235.72;13.9;11.8;0.0;55.0;17.3;75;High;0.85
20/05/2026;22:00:00;2.503;0.287;243.61;10.27;0.0;0.0;55.0;15.9;82;High;0.85
20/05/2026;23:00:00;1.693;0.365;236.77;7.15;0.0;0.0;55.0;15.1;84;Medium;0.5
21/05/2026;00:00:00;0.81;0.057;242.13;3.34;0.0;0.0;55.0;14.4;86;Low;0.15
21/05/2026;01:00:00;0.797;0.106;240.22;3.32;0.0;0.0;55.0;13.9;87;Low;0.15
21/05/2026;02:00:00;0.935;0.112;236.41;3.96;0.0;0.0;55.0;12.8;92;Low;0.15
21/05/2026;03:00:00;0.813;0.054;241.48;3.37;0.0;0.0;55.0;12.1;94;Low;0.15
21/05/2026;04:00:00;1.05;0.1;237.35;4.42;0.0;0.0;55.0;11.6;96;Low;0.15
21/05/2026;05:00:00;1.095;0.06;242.99;4.51;0.0;0.0;55.0;11.3;97;Low;0.15
21/05/2026;06:00:00;2.011;0.4;238.01;8.45;0.0;0.0;55.0;11.0;98;Medium;0.5
21/05/2026;07:00:00;2.506;0.384;235.81;10.63;0.0;2.0;55.0;11.3;99;Medium;0.5
21/05/2026;08:00:00;2.834;0.534;244.29;11.6;0.0;17.7;55.0;12.7;96;Medium;0.5
21/05/2026;09:00:00;2.434;0.337;240.51;10.12;0.0;7.6;55.0;15.0;88;Medium;0.5
21/05/2026;10:00:00;1.342;0.204;242.43;5.54;0.0;0.0;55.0;17.3;78;Low;0.15
21/05/2026;11:00:00;0.915;0.155;237.62;3.85;0.0;0.0;55.0;18.9;68;Low;0.15
21/05/2026;12:00:00;0.841;0.172;234.7;3.58;0.0;0.0;55.0;20.2;59;Low;0.15
21/05/2026;13:00:00;0.661;0.043;244.69;2.7;0.0;0.0;55.0;20.8;56;Low;0.15
21/05/2026;14:00:00;0.558;0.059;239.98;2.32;0.0;0.0;55.0;21.9;52;Low;0.15
21/05/2026;15:00:00;1.038;0.177;241.38;4.3;0.0;0.0;55.0;22.7;49;Low;0.15
21/05/2026;16:00:00;1.028;0.219;241.84;4.25;0.0;0.0;55.0;23.1;49;Low;0.15
21/05/2026;17:00:00;1.824;0.395;239.06;7.63;0.0;0.0;55.0;23.3;50;Medium;0.5
21/05/2026;18:00:00;2.871;0.455;240.63;11.93;13.7;0.0;55.0;23.4;50;High;0.85
21/05/2026;19:00:00;3.325;0.276;244.46;13.6;2.9;0.0;55.0;23.0;51;High;0.85
21/05/2026;20:00:00;3.503;0.246;239.91;14.6;13.8;0.0;55.0;22.2;57;High;0.85
21/05/2026;21:00:00;3.331;0.702;242.64;13.73;1.0;0.0;55.0;20.4;66;High;0.85
21/05/2026;22:00:00;2.464;0.305;234.42;10.51;0.0;0.0;55.0;19.1;70;High;0.85
21/05/2026;23:00:00;1.675;0.139;243.15;6.89;0.0;0.0;55.0;18.5;70;Medium;0.5
22/05/2026;00:00:00;0.687;0.143;235.74;2.91;0.0;0.0;55.0;17.3;75;Low;0.15
22/05/2026;01:00:00;0.636;0.043;242.83;2.62;0.0;0.0;55.0;16.2;81;Low;0.15
22/05/2026;02:00:00;0.515;0.09;241.09;2.13;0.0;0.0;55.0;14.9;89;Low;0.15
22/05/2026;03:00:00;0.876;0.137;239.73;3.66;0.0;0.0;55.0;14.2;90;Low;0.15
22/05/2026;04:00:00;0.805;0.052;239.72;3.36;0.0;0.0;55.0;13.6;90;Low;0.15
22/05/2026;05:00:00;1.144;0.123;239.29;4.78;0.0;0.0;55.0;13.2;91;Low;0.15
22/05/2026;06:00:00;1.73;0.131;237.7;7.28;0.0;0.0;55.0;12.8;92;Medium;0.5
22/05/2026;07:00:00;2.306;0.352;239.42;9.63;0.0;10.5;55.0;13.2;91;Medium;0.5
22/05/2026;08:00:00;2.652;0.348;246.18;10.77;0.0;15.5;55.0;15.3;86;Medium;0.5
22/05/2026;09:00:00;2.265;0.115;243.65;9.29;0.0;14.7;55.0;17.3;80;Medium;0.5
22/05/2026;10:00:00;1.244;0.268;237.56;5.23;0.0;0.0;55.0;19.8;75;Low;0.15
22/05/2026;11:00:00;1.056;0.116;240.75;4.38;0.0;0.0;55.0;22.2;67;Low;0.15
22/05/2026;12:00:00;0.802;0.075;240.27;3.34;0.0;0.0;55.0;23.9;57;Low;0.15
22/05/2026;13:00:00;0.722;0.063;239.6;3.01;0.0;0.0;55.0;24.9;52;Low;0.15
22/05/2026;14:00:00;3.175;0.244;237.19;13.38;0.0;0.0;55.0;26.4;46;Low;0.15
22/05/2026;15:00:00;1.102;0.242;241.25;4.57;0.0;0.0;55.0;26.8;44;Low;0.15
22/05/2026;16:00:00;1.327;0.133;242.37;5.47;0.0;0.0;55.0;27.0;43;Low;0.15
22/05/2026;17:00:00;1.936;0.23;237.67;8.14;0.0;0.0;55.0;27.1;43;Medium;0.5
22/05/2026;18:00:00;3.209;0.636;245.48;13.07;6.4;0.0;55.0;26.9;45;High;0.85
22/05/2026;19:00:00;3.529;0.561;244.26;14.45;9.6;0.0;55.0;26.4;47;High;0.85
22/05/2026;20:00:00;3.913;0.441;241.53;16.2;12.0;0.0;55.0;26.0;53;High;0.85
22/05/2026;21:00:00;3.557;0.721;236.55;15.04;5.7;0.0;55.0;24.0;59;High;0.85
22/05/2026;22:00:00;2.701;0.479;241.12;11.2;0.0;0.0;55.0;22.2;65;High;0.85
22/05/2026;23:00:00;1.698;0.151;240.79;7.05;0.0;0.0;55.0;20.8;71;Medium;0.5
23/05/2026;00:00:00;0.492;0.078;241.44;2.04;0.0;0.0;55.0;19.8;76;Low;0.15
23/05/2026;01:00:00;0.582;0.12;244.45;2.38;0.0;0.0;55.0;18.8;79;Low;0.15
23/05/2026;02:00:00;0.682;0.092;239.51;2.85;0.0;0.0;55.0;17.4;86;Low;0.15
23/05/2026;03:00:00;0.591;0.103;245.73;2.41;0.0;0.0;55.0;17.0;86;Low;0.15
23/05/2026;04:00:00;0.739;0.159;241.14;3.06;0.0;0.0;55.0;16.3;88;Low;0.15
23/05/2026;05:00:00;0.995;0.167;239.19;4.16;0.0;0.0;55.0;15.7;89;Low;0.15
23/05/2026;06:00:00;1.825;0.123;246.72;7.4;0.0;0.0;55.0;15.3;90;Medium;0.5
23/05/2026;07:00:00;2.368;0.217;242.32;9.77;0.0;16.6;55.0;15.7;88;Medium;0.5
23/05/2026;08:00:00;3.1;0.469;238.73;12.98;0.0;15.7;55.0;17.2;83;Medium;0.5
23/05/2026;09:00:00;2.567;0.249;240.24;10.69;0.0;6.1;55.0;19.3;78;Medium;0.5
23/05/2026;10:00:00;1.729;0.368;241.78;7.15;0.0;0.0;55.0;21.7;68;Medium;0.5
23/05/2026;11:00:00;1.729;0.206;239.58;7.22;0.0;0.0;55.0;24.1;61;High;0.85
23/05/2026;12:00:00;1.793;0.229;240.37;7.46;0.0;0.0;55.0;25.9;47;High;0.85
23/05/2026;13:00:00;1.449;0.245;237.71;6.1;0.0;0.0;55.0;26.9;42;High;0.85
23/05/2026;14:00:00;1.708;0.238;235.28;7.26;0.0;0.0;55.0;28.4;36;High;0.85
23/05/2026;15:00:00;1.623;0.187;240.3;6.75;0.0;0.0;55.0;28.9;35;High;0.85
23/05/2026;16:00:00;1.886;0.119;240.39;7.84;0.0;0.0;55.0;29.1;35;Medium;0.5
23/05/2026;17:00:00;2.418;0.366;241.48;10.01;0.0;0.0;55.0;29.0;36;Medium;0.5
23/05/2026;18:00:00;3.386;0.669;238.39;14.2;23.9;0.0;55.0;28.6;38;High;0.85
23/05/2026;19:00:00;4.038;0.673;236.25;17.09;20.5;0.0;55.0;28.0;40;High;0.85
23/05/2026;20:00:00;4.167;0.479;237.3;17.56;14.1;0.0;55.0;27.3;50;High;0.85
23/05/2026;21:00:00;3.965;0.284;242.96;16.32;3.6;0.0;55.0;25.8;59;High;0.85
23/05/2026;22:00:00;3.135;0.592;238.13;13.17;0.0;0.0;55.0;23.6;68;High;0.85
23/05/2026;23:00:00;1.786;0.375;238.76;7.48;0.0;0.0;55.0;22.3;75;Medium;0.5
24/05/2026;00:00:00;0.707;0.082;239.13;2.95;0.0;0.0;55.0;21.5;76;Low;0.15
24/05/2026;01:00:00;0.506;0.088;238.27;2.12;0.0;0.0;55.0;20.6;78;Low;0.15
24/05/2026;02:00:00;0.709;0.085;238.06;2.98;0.0;0.0;55.0;18.9;85;Low;0.15
24/05/2026;03:00:00;0.631;0.085;237.56;2.65;0.0;0.0;55.0;18.4;85;Low;0.15
24/05/2026;04:00:00;0.642;0.123;243.92;2.63;0.0;0.0;55.0;18.0;84;Low;0.15
24/05/2026;05:00:00;0.851;0.055;241.9;3.52;0.0;0.0;55.0;17.6;83;Low;0.15
24/05/2026;06:00:00;1.689;0.237;243.49;6.94;0.0;0.0;55.0;17.1;84;Medium;0.5
24/05/2026;07:00:00;4.529;0.392;244.06;18.56;0.0;2.3;55.0;17.6;84;Medium;0.5
24/05/2026;08:00:00;2.749;0.296;233.42;11.78;0.0;0.6;55.0;19.4;78;Medium;0.5
24/05/2026;09:00:00;2.451;0.391;240.96;10.17;0.0;8.3;55.0;21.2;76;Medium;0.5
24/05/2026;10:00:00;1.829;0.1;238.36;7.67;0.0;0.0;55.0;23.3;71;Medium;0.5
24/05/2026;11:00:00;1.63;0.246;243.13;6.71;0.0;0.0;55.0;25.6;64;High;0.85
24/05/2026;12:00:00;1.856;0.182;237.92;7.8;0.0;0.0;55.0;27.4;54;High;0.85
24/05/2026;13:00:00;1.636;0.268;237.05;6.9;0.0;0.0;55.0;28.5;47;High;0.85
24/05/2026;14:00:00;1.784;0.132;235.98;7.56;0.0;0.0;55.0;29.9;41;High;0.85
24/05/2026;15:00:00;1.867;0.327;239.15;7.81;0.0;0.0;55.0;30.2;39;High;0.85
24/05/2026;16:00:00;2.15;0.344;242.56;8.87;0.0;0.0;55.0;30.4;38;Medium;0.5
24/05/2026;17:00:00;2.532;0.545;240.72;10.52;0.0;0.0;55.0;30.2;39;Medium;0.5
24/05/2026;18:00:00;3.392;0.695;236.63;14.33;11.2;0.0;55.0;29.8;41;High;0.85
24/05/2026;19:00:00;4.302;0.422;246.03;17.49;24.2;0.0;55.0;29.1;46;High;0.85
24/05/2026;20:00:00;4.48;0.245;241.82;18.52;7.8;0.0;55.0;28.4;52;High;0.85
24/05/2026;21:00:00;4.025;0.65;242.18;16.62;17.1;0.0;55.0;26.7;63;High;0.85
24/05/2026;22:00:00;3.067;0.468;243.6;12.59;0.0;0.0;55.0;25.0;72;High;0.85
24/05/2026;23:00:00;1.898;0.104;235.41;8.06;0.0;0.0;55.0;23.9;76;Medium;0.5
25/05/2026;00:00:00;0.784;0.056;237.45;3.3;0.0;0.0;55.0;23.1;77;Low;0.15
25/05/2026;01:00:00;0.632;0.094;242.3;2.61;0.0;0.0;55.0;22.3;78;Low;0.15
25/05/2026;02:00:00;0.845;0.173;237.73;3.55;0.0;0.0;55.0;21.4;77;Low;0.15
25/05/2026;03:00:00;0.542;0.111;239.23;2.27;0.0;0.0;55.0;20.5;79;Low;0.15
25/05/2026;04:00:00;0.865;0.066;239.78;3.61;0.0;0.0;55.0;19.7;82;Low;0.15
25/05/2026;05:00:00;0.881;0.102;236.42;3.73;0.0;0.0;55.0;19.0;84;Low;0.15
25/05/2026;06:00:00;1.654;0.095;238.99;6.92;0.0;0.0;55.0;18.4;86;Medium;0.5
25/05/2026;07:00:00;2.37;0.308;242.56;9.77;0.0;11.0;55.0;18.6;85;Medium;0.5
25/05/2026;08:00:00;2.562;0.456;242.04;10.58;0.0;7.1;55.0;20.5;81;Medium;0.5
25/05/2026;09:00:00;2.413;0.445;243.12;9.92;0.0;8.5;55.0;22.5;72;Medium;0.5
25/05/2026;10:00:00;1.299;0.175;242.83;5.35;0.0;0.0;55.0;24.6;65;Low;0.15
25/05/2026;11:00:00;3.189;0.211;241.14;13.22;0.0;0.0;55.0;26.6;59;Low;0.15
25/05/2026;12:00:00;1.131;0.13;240.91;4.7;0.0;0.0;55.0;28.4;54;Low;0.15
25/05/2026;13:00:00;1.181;0.246;240.71;4.91;0.0;0.0;55.0;29.9;48;Low;0.15
25/05/2026;14:00:00;1.42;0.126;238.24;5.96;0.0;0.0;55.0;31.4;39;Low;0.15
25/05/2026;15:00:00;1.583;0.165;237.12;6.67;0.0;0.0;55.0;31.7;37;Low;0.15
25/05/2026;16:00:00;1.842;0.326;238.07;7.74;0.0;0.0;55.0;31.8;36;Low;0.15
25/05/2026;17:00:00;2.48;0.433;239.09;10.37;0.0;0.0;55.0;31.4;38;Medium;0.5
25/05/2026;18:00:00;3.289;0.674;238.16;13.81;19.0;0.0;55.0;30.9;39;High;0.85
25/05/2026;19:00:00;3.982;0.462;241.16;16.51;4.8;0.0;55.0;30.0;41;High;0.85
25/05/2026;20:00:00;4.208;0.579;240.57;17.49;11.6;0.0;55.0;29.6;41;High;0.85
25/05/2026;21:00:00;3.887;0.503;240.87;16.14;3.0;0.0;55.0;28.1;47;High;0.85
25/05/2026;22:00:00;3.057;0.635;240.98;12.68;0.0;0.0;55.0;26.2;57;High;0.85
25/05/2026;23:00:00;1.931;0.349;243.35;7.94;0.0;0.0;55.0;24.8;62;Medium;0.5
26/05/2026;00:00:00;0.701;0.134;239.98;2.92;0.0;0.0;55.0;23.6;66;Low;0.15
26/05/2026;01:00:00;0.645;0.047;242.82;2.66;0.0;0.0;55.0;22.6;65;Low;0.15
26/05/2026;02:00:00;0.608;0.112;241.45;2.52;0.0;0.0;55.0;21.1;66;Low;0.15
26/05/2026;03:00:00;0.638;0.079;243.16;2.62;0.0;0.0;55.0;20.1;68;Low;0.15
26/05/2026;04:00:00;0.738;0.04;244.52;3.02;0.0;0.0;55.0;19.0;72;Low;0.15
26/05/2026;05:00:00;0.964;0.058;241.61;3.99;0.0;0.0;55.0;18.2;75;Low;0.15
26/05/2026;06:00:00;1.619;0.267;240.29;6.74;0.0;0.0;55.0;17.3;77;Medium;0.5
26/05/2026;07:00:00;2.288;0.259;240.27;9.52;0.0;16.0;55.0;17.4;76;Medium;0.5
26/05/2026;08:00:00;2.639;0.521;238.68;11.06;0.0;18.7;55.0;19.4;67;Medium;0.5
26/05/2026;09:00:00;2.235;0.391;238.59;9.37;0.0;11.4;55.0;21.4;61;Medium;0.5
26/05/2026;10:00:00;1.437;0.077;242.53;5.92;0.0;0.0;55.0;24.1;53;Low;0.15
26/05/2026;11:00:00;1.101;0.184;237.3;4.64;0.0;0.0;55.0;26.8;42;Low;0.15
26/05/2026;12:00:00;1.186;0.098;244.52;4.85;0.0;0.0;55.0;28.8;33;Low;0.15
26/05/2026;13:00:00;3.378;0.412;239.58;14.1;0.0;0.0;55.0;30.2;28;Low;0.15
26/05/2026;14:00:00;1.387;0.217;248.01;5.59;0.0;0.0;55.0;31.6;24;Low;0.15
26/05/2026;15:00:00;1.552;0.308;238.06;6.52;0.0;0.0;55.0;32.1;23;Low;0.15
26/05/2026;16:00:00;1.858;0.237;240.7;7.72;0.0;0.0;55.0;32.3;24;Low;0.15
26/05/2026;17:00:00;2.572;0.482;239.01;10.76;0.0;0.0;55.0;32.2;25;Medium;0.5
26/05/2026;18:00:00;3.311;0.606;237.78;13.93;13.0;0.0;55.0;31.7;26;High;0.85
26/05/2026;19:00:00;4.109;0.495;242.98;16.91;18.6;0.0;55.0;30.8;28;High;0.85
26/05/2026;20:00:00;4.324;0.584;236.9;18.25;1.2;0.0;55.0;29.8;30;High;0.85
26/05/2026;21:00:00;3.697;0.625;238.11;15.52;1.4;0.0;55.0;28.3;34;High;0.85
26/05/2026;22:00:00;2.913;0.161;241.64;12.05;0.0;0.0;55.0;26.4;43;High;0.85
26/05/2026;23:00:00;2.063;0.416;242.09;8.52;0.0;0.0;55.0;25.0;48;Medium;0.5
27/05/2026;00:00:00;0.8;0.145;236.1;3.39;0.0;0.0;55.0;23.9;51;Low;0.15
27/05/2026;01:00:00;0.513;0.047;241.63;2.12;0.0;0.0;55.0;22.9;54;Low;0.15
27/05/2026;02:00:00;0.523;0.113;240.36;2.18;0.0;0.0;55.0;21.1;67;Low;0.15
27/05/2026;03:00:00;0.644;0.052;237.43;2.71;0.0;0.0;55.0;20.1;71;Low;0.15
27/05/2026;04:00:00;0.595;0.122;237.79;2.5;0.0;0.0;55.0;19.3;74;Low;0.15
27/05/2026;05:00:00;0.851;0.09;234.31;3.63;0.0;0.0;55.0;18.5;78;Low;0.15
27/05/2026;06:00:00;1.627;0.292;244.81;6.65;0.0;0.0;55.0;18.0;79;Medium;0.5
27/05/2026;07:00:00;2.432;0.31;242.84;10.02;0.0;3.5;55.0;18.5;76;Medium;0.5
27/05/2026;08:00:00;2.596;0.455;236.39;10.98;0.0;10.2;55.0;20.3;72;Medium;0.5
27/05/2026;09:00:00;2.458;0.188;242.24;10.15;0.0;13.6;55.0;22.8;64;Medium;0.5
27/05/2026;10:00:00;1.776;0.17;238.39;7.45;0.0;0.0;55.0;25.4;55;Low;0.15
27/05/2026;11:00:00;1.5;0.1;242.56;6.18;0.0;0.0;55.0;27.8;44;Low;0.15
27/05/2026;12:00:00;1.316;0.259;238.61;5.52;0.0;0.0;55.0;29.2;36;Low;0.15
27/05/2026;13:00:00;1.126;0.113;238.98;4.71;0.0;0.0;55.0;30.1;33;Low;0.15
27/05/2026;14:00:00;1.456;0.245;239.19;6.09;0.0;0.0;55.0;31.0;31;Low;0.15
27/05/2026;15:00:00;1.633;0.309;238.16;6.86;0.0;0.0;55.0;31.5;29;Low;0.15
27/05/2026;16:00:00;1.755;0.357;243.92;7.2;0.0;0.0;55.0;31.7;29;Low;0.15
27/05/2026;17:00:00;2.655;0.181;242.52;10.95;0.0;0.0;55.0;31.7;28;Medium;0.5
27/05/2026;18:00:00;3.473;0.701;240.31;14.45;21.1;0.0;55.0;31.3;30;High;0.85
27/05/2026;19:00:00;4.05;0.338;242.87;16.68;7.1;0.0;55.0;30.6;32;High;0.85
27/05/2026;20:00:00;4.344;0.761;235.44;18.45;0.6;0.0;55.0;30.1;33;High;0.85
27/05/2026;21:00:00;3.923;0.682;236.56;16.58;12.8;0.0;55.0;29.3;34;High;0.85
27/05/2026;22:00:00;2.842;0.146;241.33;11.78;0.0;0.0;55.0;27.6;39;High;0.85
27/05/2026;23:00:00;2.03;0.178;242.06;8.39;0.0;0.0;55.0;26.7;43;Medium;0.5
28/05/2026;00:00:00;1.03;0.138;240.78;4.28;0.0;0.0;55.0;25.1;54;Low;0.15
28/05/2026;01:00:00;0.726;0.088;234.73;3.09;0.0;0.0;55.0;23.8;62;Low;0.15
28/05/2026;02:00:00;0.697;0.144;237.03;2.94;0.0;0.0;55.0;22.7;68;Low;0.15
28/05/2026;03:00:00;0.565;0.063;241.17;2.34;0.0;0.0;55.0;21.5;75;Low;0.15
28/05/2026;04:00:00;0.889;0.186;246.79;3.6;0.0;0.0;55.0;20.8;79;Low;0.15
28/05/2026;05:00:00;1.061;0.136;243.41;4.36;0.0;0.0;55.0;20.2;81;Low;0.15
28/05/2026;06:00:00;1.536;0.329;244.42;6.28;0.0;0.0;55.0;19.7;82;Medium;0.5
28/05/2026;07:00:00;2.301;0.403;240.95;9.55;0.0;12.5;55.0;20.1;78;Medium;0.5
28/05/2026;08:00:00;2.557;0.488;240.93;10.61;0.0;17.2;55.0;21.8;70;Medium;0.5
28/05/2026;09:00:00;5.968;0.405;237.11;25.17;0.0;19.9;55.0;23.5;63;Medium;0.5
28/05/2026;10:00:00;1.676;0.251;242.67;6.91;0.0;0.0;55.0;25.3;57;Low;0.15
28/05/2026;11:00:00;1.406;0.104;239.8;5.86;0.0;0.0;55.0;27.4;51;Low;0.15
28/05/2026;12:00:00;1.329;0.134;241.94;5.49;0.0;0.0;55.0;29.3;43;Low;0.15
28/05/2026;13:00:00;1.672;0.261;240.09;6.96;0.0;0.0;55.0;30.8;35;Low;0.15
28/05/2026;14:00:00;1.323;0.229;240.78;5.49;0.0;0.0;55.0;31.2;30;Low;0.15
28/05/2026;15:00:00;1.389;0.079;239.75;5.79;0.0;0.0;55.0;31.9;28;Low;0.15
28/05/2026;16:00:00;5.176;0.726;240.63;21.51;0.0;0.0;55.0;31.1;29;Low;0.15
28/05/2026;17:00:00;2.067;0.302;242.8;8.51;0.0;0.0;55.0;28.5;38;Medium;0.5
28/05/2026;18:00:00;3.174;0.201;236.45;13.42;22.5;0.0;55.0;30.5;32;High;0.85
28/05/2026;19:00:00;3.821;0.516;235.82;16.2;14.5;0.0;55.0;29.7;36;High;0.85
28/05/2026;20:00:00;7.707;1.2;241.19;31.95;12.4;0.0;55.0;30.9;29;High;0.85
28/05/2026;21:00:00;3.802;0.225;244.03;15.58;0.9;0.0;55.0;29.4;43;High;0.85
28/05/2026;22:00:00;3.151;0.565;244.74;12.87;0.0;0.0;55.0;27.7;45;High;0.85
28/05/2026;23:00:00;2.022;0.299;236.57;8.55;0.0;0.0;55.0;26.6;49;Medium;0.5
29/05/2026;00:00:00;0.917;0.176;238.87;3.84;0.0;0.0;55.0;25.4;54;Low;0.15
29/05/2026;01:00:00;0.936;0.081;235.86;3.97;0.0;0.0;55.0;24.3;60;Low;0.15
29/05/2026;02:00:00;0.674;0.129;238.46;2.83;0.0;0.0;55.0;23.1;69;Low;0.15
29/05/2026;03:00:00;0.643;0.042;243.14;2.64;0.0;0.0;55.0;21.9;74;Low;0.15
29/05/2026;04:00:00;0.748;0.089;239.96;3.12;0.0;0.0;55.0;21.1;78;Low;0.15
29/05/2026;05:00:00;0.698;0.059;238.95;2.92;0.0;0.0;55.0;20.8;77;Low;0.15
29/05/2026;06:00:00;1.385;0.276;241.53;5.74;0.0;0.0;55.0;20.1;78;Medium;0.5
29/05/2026;07:00:00;2.321;0.394;237.77;9.76;0.0;1.7;55.0;20.3;79;Medium;0.5
29/05/2026;08:00:00;2.682;0.146;244.46;10.97;0.0;0.2;55.0;22.1;71;Medium;0.5
29/05/2026;09:00:00;2.645;0.137;240.02;11.02;0.0;14.1;55.0;23.9;64;Medium;0.5
29/05/2026;10:00:00;1.713;0.17;238.87;7.17;0.0;0.0;55.0;26.2;57;Low;0.15
29/05/2026;11:00:00;1.495;0.111;241.64;6.19;0.0;0.0;55.0;28.5;47;Low;0.15
29/05/2026;12:00:00;1.34;0.211;242.63;5.52;0.0;0.0;55.0;30.1;37;Low;0.15
29/05/2026;13:00:00;1.424;0.232;244.47;5.83;0.0;0.0;55.0;31.0;33;Low;0.15
29/05/2026;14:00:00;1.64;0.345;239.41;6.85;0.0;0.0;55.0;31.8;29;Low;0.15
29/05/2026;15:00:00;1.38;0.292;243.04;5.68;0.0;0.0;55.0;32.3;28;Low;0.15
29/05/2026;16:00:00;1.893;0.307;240.28;7.88;0.0;0.0;55.0;32.8;27;Low;0.15
29/05/2026;17:00:00;2.806;0.143;238.29;11.77;0.0;0.0;55.0;33.1;26;Medium;0.5
29/05/2026;18:00:00;3.471;0.385;237.82;14.6;17.8;0.0;55.0;32.0;28;High;0.85
29/05/2026;19:00:00;4.183;0.574;236.93;17.65;6.7;0.0;55.0;30.9;33;High;0.85
29/05/2026;20:00:00;4.277;0.577;237.92;17.97;19.8;0.0;55.0;31.4;30;High;0.85
29/05/2026;21:00:00;3.87;0.59;243.12;15.92;9.0;0.0;55.0;29.1;49;High;0.85
29/05/2026;22:00:00;3.055;0.652;241.98;12.62;0.0;0.0;55.0;27.1;57;High;0.85
29/05/2026;23:00:00;1.802;0.361;236.52;7.62;0.0;0.0;55.0;26.0;60;Medium;0.5
30/05/2026;00:00:00;0.746;0.051;235.11;3.17;0.0;0.0;55.0;24.5;66;Low;0.15
30/05/2026;01:00:00;0.665;0.063;236.89;2.81;0.0;0.0;55.0;23.4;72;Low;0.15
30/05/2026;02:00:00;0.857;0.164;237.83;3.61;0.0;0.0;55.0;23.4;78;Low;0.15
30/05/2026;03:00:00;0.805;0.153;239.15;3.37;0.0;0.0;55.0;22.6;78;Low;0.15
30/05/2026;04:00:00;0.759;0.073;243.28;3.12;0.0;0.0;55.0;22.1;82;Low;0.15
30/05/2026;05:00:00;1.009;0.176;238.47;4.23;0.0;0.0;55.0;21.2;87;Low;0.15
30/05/2026;06:00:00;1.712;0.281;244.71;7.0;0.0;0.0;55.0;20.6;89;Medium;0.5
30/05/2026;07:00:00;2.611;0.341;235.3;11.1;0.0;11.0;55.0;20.8;88;Medium;0.5
30/05/2026;08:00:00;2.905;0.245;239.02;12.15;0.0;3.1;55.0;22.3;82;Medium;0.5
30/05/2026;09:00:00;2.656;0.534;242.2;10.97;0.0;9.5;55.0;24.0;72;Medium;0.5
30/05/2026;10:00:00;2.006;0.331;242.37;8.28;0.0;0.0;55.0;25.8;63;Medium;0.5
30/05/2026;11:00:00;1.993;0.157;239.06;8.34;0.0;0.0;55.0;27.9;53;High;0.85
30/05/2026;12:00:00;1.834;0.311;242.8;7.55;0.0;0.0;55.0;29.9;44;High;0.85
30/05/2026;13:00:00;2.051;0.361;242.27;8.46;0.0;0.0;55.0;31.4;37;High;0.85
30/05/2026;14:00:00;1.89;0.379;238.09;7.94;0.0;0.0;55.0;31.8;33;High;0.85
30/05/2026;15:00:00;2.007;0.176;240.88;8.33;0.0;0.0;55.0;32.1;29;High;0.85
30/05/2026;16:00:00;2.183;0.476;241.97;9.02;0.0;0.0;55.0;32.2;28;Medium;0.5
30/05/2026;17:00:00;2.316;0.176;238.29;9.72;0.0;0.0;55.0;28.3;42;Medium;0.5
30/05/2026;18:00:00;3.256;0.495;244.74;13.3;13.4;0.0;55.0;27.5;48;High;0.85
30/05/2026;19:00:00;4.184;0.677;237.66;17.61;11.3;0.0;55.0;27.9;44;High;0.85
30/05/2026;20:00:00;4.167;0.505;240.4;17.33;23.4;0.0;55.0;25.5;67;High;0.85
30/05/2026;21:00:00;3.787;0.495;236.5;16.01;17.6;0.0;55.0;24.3;74;High;0.85
30/05/2026;22:00:00;3.105;0.626;240.29;12.92;0.0;0.0;55.0;23.3;78;High;0.85
30/05/2026;23:00:00;2.047;0.327;237.01;8.64;0.0;0.0;55.0;22.9;81;Medium;0.5
31/05/2026;00:00:00;0.852;0.115;239.18;3.56;0.0;0.0;55.0;22.4;84;Low;0.15
31/05/2026;01:00:00;0.634;0.046;235.56;2.69;0.0;0.0;55.0;21.7;88;Low;0.15
31/05/2026;02:00:00;0.786;0.04;242.24;3.25;0.0;0.0;55.0;19.2;84;Low;0.15
31/05/2026;03:00:00;0.575;0.041;241.0;2.39;0.0;0.0;55.0;18.0;91;Low;0.15
31/05/2026;04:00:00;0.628;0.133;243.04;2.58;0.0;0.0;55.0;17.9;86;Low;0.15
31/05/2026;05:00:00;0.692;0.124;239.03;2.9;0.0;0.0;55.0;17.2;73;Low;0.15
31/05/2026;06:00:00;1.896;0.407;243.17;7.8;0.0;0.0;55.0;16.6;69;Medium;0.5
31/05/2026;07:00:00;2.404;0.135;240.11;10.01;0.0;17.2;55.0;16.4;68;Medium;0.5
31/05/2026;08:00:00;2.867;0.475;240.32;11.93;0.0;3.1;55.0;17.2;64;Medium;0.5
31/05/2026;09:00:00;2.399;0.138;245.92;9.76;0.0;18.1;55.0;17.7;65;Medium;0.5
31/05/2026;10:00:00;1.798;0.329;238.64;7.54;0.0;0.0;55.0;19.1;61;Medium;0.5
31/05/2026;11:00:00;1.415;0.162;243.44;5.81;0.0;0.0;55.0;20.4;55;High;0.85
31/05/2026;12:00:00;1.114;0.074;241.34;4.61;0.0;0.0;55.0;21.2;49;High;0.85
31/05/2026;13:00:00;1.245;0.183;238.4;5.22;0.0;0.0;55.0;21.8;45;High;0.85
31/05/2026;14:00:00;1.083;0.106;236.32;4.58;0.0;0.0;55.0;22.1;40;High;0.85
31/05/2026;15:00:00;1.225;0.199;237.11;5.17;0.0;0.0;55.0;21.6;43;High;0.85
31/05/2026;16:00:00;1.088;0.176;243.17;4.47;0.0;0.0;55.0;20.9;49;Medium;0.5
31/05/2026;17:00:00;1.679;0.285;244.86;6.86;0.0;0.0;55.0;20.8;57;Medium;0.5
31/05/2026;18:00:00;2.879;0.63;240.26;11.98;20.2;0.0;55.0;20.5;59;High;0.85
31/05/2026;19:00:00;3.427;0.397;240.4;14.25;15.7;0.0;55.0;20.6;60;High;0.85
31/05/2026;20:00:00;3.799;0.491;242.17;15.69;21.4;0.0;55.0;20.8;57;High;0.85
31/05/2026;21:00:00;3.623;0.677;240.21;15.08;12.9;0.0;55.0;20.4;58;High;0.85
31/05/2026;22:00:00;2.807;0.416;243.08;11.55;0.0;0.0;55.0;19.7;63;High;0.85
31/05/2026;23:00:00;2.02;0.114;240.82;8.39;0.0;0.0;55.0;18.5;68;Medium;0.5
01/06/2026;00:00:00;0.846;0.164;240.38;3.52;0.0;0.0;55.0;17.6;71;Low;0.15
01/06/2026;01:00:00;0.576;0.034;238.04;2.42;0.0;0.0;55.0;16.7;72;Low;0.15
01/06/2026;02:00:00;0.719;0.057;237.35;3.03;0.0;0.0;55.0;15.6;76;Low;0.15
01/06/2026;03:00:00;0.75;0.051;231.15;3.24;0.0;0.0;55.0;14.9;79;Low;0.15
01/06/2026;04:00:00;0.687;0.043;243.46;2.82;0.0;0.0;55.0;14.4;82;Low;0.15
01/06/2026;05:00:00;0.797;0.043;239.59;3.33;0.0;0.0;55.0;14.1;84;Low;0.15
01/06/2026;06:00:00;1.695;0.101;238.88;7.09;0.0;0.0;55.0;13.8;86;Medium;0.5
01/06/2026;07:00:00;2.323;0.291;234.54;9.9;0.0;13.3;55.0;14.1;84;Medium;0.5
01/06/2026;08:00:00;2.581;0.24;238.21;10.84;0.0;8.0;55.0;15.4;78;Medium;0.5
01/06/2026;09:00:00;2.33;0.167;237.84;9.8;0.0;5.1;55.0;16.9;70;Medium;0.5
01/06/2026;10:00:00;1.286;0.208;237.77;5.41;0.0;0.0;55.0;18.5;63;Low;0.15
01/06/2026;11:00:00;0.777;0.069;240.93;3.23;0.0;0.0;55.0;19.8;56;Low;0.15
01/06/2026;12:00:00;0.723;0.038;240.34;3.01;0.0;0.0;55.0;21.3;50;Low;0.15
01/06/2026;13:00:00;0.769;0.093;236.19;3.26;0.0;0.0;55.0;22.7;45;Low;0.15
01/06/2026;14:00:00;0.764;0.079;236.37;3.23;0.0;0.0;55.0;24.4;39;Low;0.15
01/06/2026;15:00:00;1.085;0.113;236.36;4.59;0.0;0.0;55.0;24.8;39;Low;0.15
01/06/2026;16:00:00;1.018;0.128;245.07;4.15;0.0;0.0;55.0;24.6;42;Low;0.15
01/06/2026;17:00:00;1.878;0.308;244.18;7.69;0.0;0.0;55.0;24.9;42;Medium;0.5
01/06/2026;18:00:00;2.857;0.442;237.61;12.03;2.1;0.0;55.0;25.0;43;High;0.85
01/06/2026;19:00:00;3.45;0.722;234.47;14.71;17.7;0.0;55.0;24.6;44;High;0.85
01/06/2026;20:00:00;3.771;0.52;240.36;15.69;4.6;0.0;55.0;25.0;41;High;0.85
01/06/2026;21:00:00;3.645;0.475;240.13;15.18;5.7;0.0;55.0;23.9;47;High;0.85
01/06/2026;22:00:00;2.606;0.225;240.89;10.82;0.0;0.0;55.0;22.6;56;High;0.85
01/06/2026;23:00:00;1.948;0.348;242.08;8.05;0.0;0.0;55.0;21.7;60;Medium;0.5
02/06/2026;00:00:00;0.706;0.052;241.26;2.93;0.0;0.0;55.0;21.1;64;Low;0.15
02/06/2026;01:00:00;0.672;0.09;236.87;2.84;0.0;0.0;55.0;20.7;66;Low;0.15
02/06/2026;02:00:00;0.711;0.086;240.82;2.95;0.0;0.0;55.0;20.3;68;Low;0.15
02/06/2026;03:00:00;0.922;0.149;242.39;3.8;0.0;0.0;55.0;19.5;73;Low;0.15
02/06/2026;04:00:00;0.612;0.126;237.97;2.57;0.0;0.0;55.0;18.9;73;Low;0.15
02/06/2026;05:00:00;0.781;0.165;240.84;3.24;0.0;0.0;55.0;18.2;75;Low;0.15
02/06/2026;06:00:00;1.548;0.122;238.45;6.49;0.0;0.0;55.0;17.3;78;Medium;0.5
02/06/2026;07:00:00;2.289;0.216;245.59;9.32;0.0;12.0;55.0;17.1;79;Medium;0.5
02/06/2026;08:00:00;2.452;0.461;236.28;10.38;0.0;16.5;55.0;17.9;75;Medium;0.5
02/06/2026;09:00:00;2.288;0.316;243.24;9.41;0.0;5.3;55.0;17.8;78;Medium;0.5
02/06/2026;10:00:00;1.531;0.194;235.32;6.5;0.0;0.0;55.0;17.1;84;Low;0.15
02/06/2026;11:00:00;0.908;0.155;245.02;3.71;0.0;0.0;55.0;16.7;89;Low;0.15
02/06/2026;12:00:00;0.683;0.104;236.8;2.88;0.0;0.0;55.0;17.5;77;Low;0.15
02/06/2026;13:00:00;0.613;0.132;240.53;2.55;0.0;0.0;55.0;18.8;72;Low;0.15
02/06/2026;14:00:00;0.78;0.116;235.44;3.31;0.0;0.0;55.0;19.3;72;Low;0.15
02/06/2026;15:00:00;0.685;0.089;236.22;2.9;0.0;0.0;55.0;20.2;64;Low;0.15
02/06/2026;16:00:00;1.172;0.167;242.51;4.83;0.0;0.0;55.0;16.8;74;Low;0.15
02/06/2026;17:00:00;1.898;0.356;242.88;7.81;0.0;0.0;55.0;18.4;70;Medium;0.5
02/06/2026;18:00:00;2.669;0.411;240.67;11.09;4.8;0.0;55.0;18.5;61;High;0.85
02/06/2026;19:00:00;3.304;0.529;242.08;13.65;12.2;0.0;55.0;17.6;70;High;0.85
02/06/2026;20:00:00;3.691;0.794;242.93;15.19;7.8;0.0;55.0;17.1;72;High;0.85
02/06/2026;21:00:00;3.415;0.53;238.08;14.34;4.1;0.0;55.0;15.0;83;High;0.85
02/06/2026;22:00:00;2.593;0.297;236.08;10.98;0.0;0.0;55.0;14.5;88;High;0.85
02/06/2026;23:00:00;1.676;0.281;239.96;6.98;0.0;0.0;55.0;14.6;85;Medium;0.5
03/06/2026;00:00:00;0.56;0.091;238.38;2.35;0.0;0.0;55.0;14.5;83;Low;0.15
03/06/2026;01:00:00;0.745;0.039;241.09;3.09;0.0;0.0;55.0;14.3;82;Low;0.15
03/06/2026;02:00:00;0.784;0.101;241.53;3.24;0.0;0.0;55.0;14.1;83;Low;0.15
03/06/2026;03:00:00;0.612;0.108;238.09;2.57;0.0;0.0;55.0;13.7;84;Low;0.15
03/06/2026;04:00:00;0.768;0.103;241.97;3.17;0.0;0.0;55.0;13.3;86;Low;0.15
03/06/2026;05:00:00;0.872;0.159;241.83;3.61;0.0;0.0;55.0;13.1;87;Low;0.15
03/06/2026;06:00:00;1.66;0.21;242.03;6.86;0.0;0.0;55.0;12.9;87;Medium;0.5
03/06/2026;07:00:00;2.437;0.529;238.86;10.2;0.0;8.4;55.0;13.4;85;Medium;0.5
03/06/2026;08:00:00;2.57;0.256;242.18;10.61;0.0;15.1;55.0;14.7;79;Medium;0.5
03/06/2026;09:00:00;2.256;0.148;241.46;9.34;0.0;17.4;55.0;15.5;74;Medium;0.5
03/06/2026;10:00:00;1.199;0.148;241.79;4.96;0.0;0.0;55.0;16.4;68;Low;0.15
03/06/2026;11:00:00;0.911;0.129;244.7;3.72;0.0;0.0;55.0;17.1;63;Low;0.15
03/06/2026;12:00:00;0.707;0.077;240.92;2.94;0.0;0.0;55.0;18.0;62;Low;0.15
03/06/2026;13:00:00;0.601;0.055;238.3;2.52;0.0;0.0;55.0;19.5;53;Low;0.15
03/06/2026;14:00:00;0.671;0.11;236.89;2.83;0.0;0.0;55.0;19.5;57;Low;0.15
03/06/2026;15:00:00;0.786;0.09;243.16;3.23;0.0;0.0;55.0;18.5;65;Low;0.15
03/06/2026;16:00:00;0.906;0.143;241.0;3.76;0.0;0.0;55.0;18.9;66;Low;0.15
03/06/2026;17:00:00;1.557;0.284;244.68;6.36;0.0;0.0;55.0;19.7;66;Medium;0.5
03/06/2026;18:00:00;2.824;0.506;234.32;12.05;8.3;0.0;55.0;19.2;72;High;0.85
03/06/2026;19:00:00;3.242;0.369;242.55;13.37;0.2;0.0;55.0;18.8;76;High;0.85
03/06/2026;20:00:00;3.578;0.524;239.27;14.95;4.2;0.0;55.0;18.6;77;High;0.85
03/06/2026;21:00:00;3.407;0.431;239.01;14.25;1.5;0.0;55.0;18.0;83;High;0.85
03/06/2026;22:00:00;2.996;0.593;237.86;12.6;0.0;0.0;55.0;17.6;86;High;0.85
03/06/2026;23:00:00;1.58;0.315;242.52;6.51;0.0;0.0;55.0;17.5;86;Medium;0.5
04/06/2026;00:00:00;0.707;0.077;241.72;2.93;0.0;0.0;55.0;17.0;79;Low;0.15
04/06/2026;01:00:00;0.592;0.039;236.8;2.5;0.0;0.0;55.0;16.5;75;Low;0.15
04/06/2026;02:00:00;0.609;0.048;240.46;2.53;0.0;0.0;55.0;15.8;75;Low;0.15
04/06/2026;03:00:00;0.597;0.067;241.98;2.47;0.0;0.0;55.0;15.3;79;Low;0.15
04/06/2026;04:00:00;0.598;0.087;240.5;2.49;0.0;0.0;55.0;15.0;82;Low;0.15
04/06/2026;05:00:00;0.888;0.144;243.1;3.65;0.0;0.0;55.0;15.0;84;Low;0.15
04/06/2026;06:00:00;1.476;0.157;239.19;6.17;0.0;0.0;55.0;15.0;86;Medium;0.5
04/06/2026;07:00:00;2.381;0.389;233.69;10.19;0.0;12.1;55.0;15.1;83;Medium;0.5
04/06/2026;08:00:00;6.131;1.2;240.52;25.49;0.0;4.5;55.0;15.4;83;Medium;0.5
04/06/2026;09:00:00;2.328;0.375;240.51;9.68;0.0;19.0;55.0;15.3;83;Medium;0.5
04/06/2026;10:00:00;1.315;0.101;240.87;5.46;0.0;0.0;55.0;16.0;82;Low;0.15
04/06/2026;11:00:00;0.856;0.127;243.1;3.52;0.0;0.0;55.0;15.3;82;Low;0.15
04/06/2026;12:00:00;0.741;0.105;234.53;3.16;0.0;0.0;55.0;17.9;69;Low;0.15
04/06/2026;13:00:00;0.558;0.11;239.33;2.33;0.0;0.0;55.0;18.5;61;Low;0.15
04/06/2026;14:00:00;0.654;0.072;237.42;2.75;0.0;0.0;55.0;17.5;73;Low;0.15
04/06/2026;15:00:00;0.682;0.083;236.62;2.88;0.0;0.0;55.0;19.6;60;Low;0.15
04/06/2026;16:00:00;0.898;0.136;239.8;3.75;0.0;0.0;55.0;17.6;68;Low;0.15
04/06/2026;17:00:00;1.493;0.208;241.97;6.17;0.0;0.0;55.0;17.1;68;Medium;0.5
04/06/2026;18:00:00;2.777;0.478;240.84;11.53;6.6;0.0;55.0;17.9;61;High;0.85
04/06/2026;19:00:00;3.237;0.184;238.07;13.6;12.0;0.0;55.0;17.5;58;High;0.85
04/06/2026;20:00:00;3.704;0.54;239.59;15.46;0.6;0.0;55.0;16.8;64;High;0.85
04/06/2026;21:00:00;3.412;0.241;242.6;14.07;21.3;0.0;55.0;16.0;70;High;0.85
04/06/2026;22:00:00;2.515;0.26;241.91;10.39;0.0;0.0;55.0;15.1;72;High;0.85
04/06/2026;23:00:00;1.607;0.261;238.45;6.74;0.0;0.0;55.0;14.8;73;Medium;0.5
05/06/2026;00:00:00;0.961;0.074;238.27;4.03;0.0;0.0;55.0;14.3;73;Low;0.15
05/06/2026;01:00:00;0.94;0.096;235.19;4.0;0.0;0.0;55.0;13.3;78;Low;0.15
05/06/2026;02:00:00;0.786;0.133;238.8;3.29;0.0;0.0;55.0;12.9;81;Low;0.15
05/06/2026;03:00:00;0.851;0.137;235.14;3.62;0.0;0.0;55.0;12.4;82;Low;0.15
05/06/2026;04:00:00;0.834;0.055;245.79;3.39;0.0;0.0;55.0;11.9;84;Low;0.15
05/06/2026;05:00:00;1.134;0.168;237.61;4.77;0.0;0.0;55.0;11.7;85;Low;0.15
05/06/2026;06:00:00;1.768;0.133;243.11;7.27;0.0;0.0;55.0;11.4;86;Medium;0.5
05/06/2026;07:00:00;2.281;0.212;245.09;9.31;0.0;4.9;55.0;11.7;85;Medium;0.5
05/06/2026;08:00:00;2.625;0.336;240.61;10.91;0.0;7.8;55.0;12.8;81;Medium;0.5
05/06/2026;09:00:00;2.372;0.163;239.72;9.9;0.0;7.9;55.0;13.6;75;Medium;0.5
05/06/2026;10:00:00;1.302;0.285;236.3;5.51;0.0;0.0;55.0;14.1;71;Low;0.15
05/06/2026;11:00:00;0.886;0.069;238.59;3.71;0.0;0.0;55.0;15.4;63;Low;0.15
05/06/2026;12:00:00;0.604;0.11;244.49;2.47;0.0;0.0;55.0;15.9;60;Low;0.15
05/06/2026;13:00:00;0.596;0.114;240.98;2.47;0.0;0.0;55.0;16.8;58;Low;0.15
05/06/2026;14:00:00;0.775;0.17;240.08;3.23;0.0;0.0;55.0;17.3;55;Low;0.15
05/06/2026;15:00:00;0.793;0.097;243.67;3.25;0.0;0.0;55.0;17.2;57;Low;0.15
05/06/2026;16:00:00;0.986;0.196;241.95;4.08;0.0;0.0;55.0;17.5;56;Low;0.15
05/06/2026;17:00:00;1.792;0.381;239.59;7.48;0.0;0.0;55.0;18.1;51;Medium;0.5
05/06/2026;18:00:00;2.691;0.214;240.61;11.19;7.3;0.0;55.0;18.3;51;High;0.85
05/06/2026;19:00:00;3.45;0.454;237.85;14.51;0.8;0.0;55.0;18.2;48;High;0.85
05/06/2026;20:00:00;3.542;0.213;238.43;14.85;0.7;0.0;55.0;17.7;49;High;0.85
05/06/2026;21:00:00;3.263;0.507;239.42;13.63;23.6;0.0;55.0;16.8;57;High;0.85
05/06/2026;22:00:00;2.513;0.374;241.56;10.4;0.0;0.0;55.0;15.4;67;High;0.85
05/06/2026;23:00:00;1.673;0.142;236.51;7.07;0.0;0.0;55.0;14.8;70;Medium;0.5
06/06/2026;00:00:00;0.807;0.15;240.21;3.36;0.0;0.0;55.0;14.2;73;Low;0.15
06/06/2026;01:00:00;0.853;0.048;238.91;3.57;0.0;0.0;55.0;14.0;73;Low;0.15
06/06/2026;02:00:00;0.831;0.155;237.48;3.5;0.0;0.0;55.0;13.8;74;Low;0.15
06/06/2026;03:00:00;0.575;0.031;238.92;2.41;0.0;0.0;55.0;13.6;74;Low;0.15
06/06/2026;04:00:00;0.929;0.15;233.5;3.98;0.0;0.0;55.0;13.3;76;Low;0.15
06/06/2026;05:00:00;0.857;0.054;237.88;3.6;0.0;0.0;55.0;13.1;76;Low;0.15
06/06/2026;06:00:00;1.939;0.18;236.92;8.18;0.0;0.0;55.0;13.0;76;Medium;0.5
06/06/2026;07:00:00;2.544;0.439;239.22;10.63;0.0;15.0;55.0;13.5;73;Medium;0.5
06/06/2026;08:00:00;2.956;0.289;233.62;12.65;0.0;12.9;55.0;14.9;66;Medium;0.5
06/06/2026;09:00:00;2.357;0.323;240.53;9.8;0.0;17.5;55.0;15.1;66;Medium;0.5
06/06/2026;10:00:00;1.846;0.379;242.55;7.61;0.0;0.0;55.0;16.2;65;Medium;0.5
06/06/2026;11:00:00;1.306;0.076;239.67;5.45;0.0;0.0;55.0;16.9;66;High;0.85
06/06/2026;12:00:00;4.677;0.879;241.4;19.38;0.0;0.0;55.0;16.9;61;High;0.85
06/06/2026;13:00:00;1.101;0.067;238.56;4.62;0.0;0.0;55.0;18.0;62;High;0.85
06/06/2026;14:00:00;1.043;0.075;235.65;4.43;0.0;0.0;55.0;17.7;74;High;0.85
06/06/2026;15:00:00;1.318;0.093;240.0;5.49;0.0;0.0;55.0;19.2;64;High;0.85
06/06/2026;16:00:00;1.479;0.324;241.91;6.11;0.0;0.0;55.0;20.0;52;Medium;0.5
06/06/2026;17:00:00;2.088;0.168;236.29;8.84;0.0;0.0;55.0;20.1;50;Medium;0.5
06/06/2026;18:00:00;2.871;0.581;238.7;12.03;20.6;0.0;55.0;20.0;47;High;0.85
06/06/2026;19:00:00;3.735;0.816;239.31;15.61;5.4;0.0;55.0;19.2;49;High;0.85
06/06/2026;20:00:00;3.971;0.458;247.98;16.01;23.3;0.0;55.0;18.9;52;High;0.85
06/06/2026;21:00:00;3.673;0.578;240.63;15.26;17.4;0.0;55.0;18.0;56;High;0.85
06/06/2026;22:00:00;2.827;0.516;234.66;12.05;0.0;0.0;55.0;17.2;59;High;0.85
06/06/2026;23:00:00;1.841;0.215;233.97;7.87;0.0;0.0;55.0;16.1;63;Medium;0.5
07/06/2026;00:00:00;0.716;0.056;242.05;2.96;0.0;0.0;55.0;15.2;66;Low;0.15
07/06/2026;01:00:00;0.635;0.079;246.96;2.57;0.0;0.0;55.0;14.5;69;Low;0.15
07/06/2026;02:00:00;0.709;0.129;239.21;2.97;0.0;0.0;55.0;14.1;77;Low;0.15
07/06/2026;03:00:00;0.736;0.135;239.05;3.08;0.0;0.0;55.0;13.8;79;Low;0.15
07/06/2026;04:00:00;0.933;0.083;241.21;3.87;0.0;0.0;55.0;12.8;81;Low;0.15
07/06/2026;05:00:00;1.0;0.08;237.76;4.21;0.0;0.0;55.0;12.0;85;Low;0.15
07/06/2026;06:00:00;1.952;0.403;232.88;8.38;0.0;0.0;55.0;11.2;90;Medium;0.5
07/06/2026;07:00:00;2.904;0.167;242.9;11.95;0.0;7.8;55.0;11.3;89;Medium;0.5
07/06/2026;08:00:00;3.128;0.547;238.28;13.13;0.0;16.8;55.0;12.8;82;Medium;0.5
07/06/2026;09:00:00;2.667;0.154;242.94;10.98;0.0;0.8;55.0;14.3;68;Medium;0.5
07/06/2026;10:00:00;1.731;0.333;237.87;7.28;0.0;0.0;55.0;15.7;60;Medium;0.5
07/06/2026;11:00:00;1.484;0.303;240.34;6.18;0.0;0.0;55.0;16.4;57;High;0.85
07/06/2026;12:00:00;1.344;0.135;242.39;5.55;0.0;0.0;55.0;16.9;54;High;0.85
07/06/2026;13:00:00;1.357;0.085;243.0;5.58;0.0;0.0;55.0;18.4;49;High;0.85
07/06/2026;14:00:00;1.024;0.135;240.65;4.25;0.0;0.0;55.0;20.1;47;High;0.85
07/06/2026;15:00:00;3.177;0.32;240.51;13.21;0.0;0.0;55.0;20.9;47;High;0.85
07/06/2026;16:00:00;1.429;0.173;241.74;5.91;0.0;0.0;55.0;21.1;47;Medium;0.5
07/06/2026;17:00:00;1.793;0.292;241.3;7.43;0.0;0.0;55.0;21.5;46;Medium;0.5
07/06/2026;18:00:00;2.794;0.239;236.38;11.82;22.2;0.0;55.0;21.9;46;High;0.85
07/06/2026;19:00:00;3.498;0.387;236.44;14.79;22.3;0.0;55.0;21.7;46;High;0.85
07/06/2026;20:00:00;3.892;0.712;234.09;16.63;3.2;0.0;55.0;21.4;47;High;0.85
07/06/2026;21:00:00;3.483;0.555;242.15;14.38;11.9;0.0;55.0;20.4;53;High;0.85
07/06/2026;22:00:00;3.071;0.324;238.89;12.85;0.0;0.0;55.0;19.0;61;High;0.85
07/06/2026;23:00:00;1.819;0.296;242.3;7.51;0.0;0.0;55.0;18.0;66;Medium;0.5
08/06/2026;00:00:00;0.657;0.118;241.13;2.72;0.0;0.0;55.0;17.5;71;Low;0.15
08/06/2026;01:00:00;0.721;0.109;237.19;3.04;0.0;0.0;55.0;16.9;74;Low;0.15
08/06/2026;02:00:00;0.759;0.069;239.66;3.17;0.0;0.0;55.0;15.8;78;Low;0.15
08/06/2026;03:00:00;0.764;0.038;238.73;3.2;0.0;0.0;55.0;15.3;80;Low;0.15
08/06/2026;04:00:00;0.818;0.153;238.29;3.43;0.0;0.0;55.0;15.0;79;Low;0.15
08/06/2026;05:00:00;0.859;0.163;242.56;3.54;0.0;0.0;55.0;14.5;79;Low;0.15
08/06/2026;06:00:00;1.636;0.276;247.03;6.62;0.0;0.0;55.0;14.3;78;Medium;0.5
08/06/2026;07:00:00;2.387;0.15;243.13;9.82;0.0;17.2;55.0;14.6;77;Medium;0.5
08/06/2026;08:00:00;2.572;0.385;239.92;10.72;0.0;15.9;55.0;15.2;78;Medium;0.5
08/06/2026;09:00:00;2.286;0.433;243.53;9.39;0.0;12.9;55.0;16.1;76;Medium;0.5
08/06/2026;10:00:00;1.401;0.163;244.8;5.72;0.0;0.0;55.0;17.0;73;Low;0.15
08/06/2026;11:00:00;0.971;0.081;236.1;4.11;0.0;0.0;55.0;18.1;69;Low;0.15
08/06/2026;12:00:00;0.534;0.08;243.43;2.19;0.0;0.0;55.0;20.3;60;Low;0.15
08/06/2026;13:00:00;0.746;0.142;242.16;3.08;0.0;0.0;55.0;20.9;57;Low;0.15
08/06/2026;14:00:00;0.666;0.039;243.33;2.74;0.0;0.0;55.0;20.7;59;Low;0.15
08/06/2026;15:00:00;0.839;0.127;242.28;3.46;0.0;0.0;55.0;21.8;54;Low;0.15
08/06/2026;16:00:00;1.065;0.17;239.36;4.45;0.0;0.0;55.0;21.4;53;Low;0.15
08/06/2026;17:00:00;1.865;0.284;245.69;7.59;0.0;0.0;55.0;21.7;50;Medium;0.5
08/06/2026;18:00:00;2.779;0.446;240.95;11.53;5.6;0.0;55.0;20.8;53;High;0.85
08/06/2026;19:00:00;3.44;0.541;238.78;14.41;2.1;0.0;55.0;17.1;67;High;0.85
08/06/2026;20:00:00;3.732;0.269;241.42;15.46;13.1;0.0;55.0;16.3;65;High;0.85
08/06/2026;21:00:00;3.359;0.302;242.72;13.84;3.2;0.0;55.0;14.6;83;High;0.85
08/06/2026;22:00:00;4.682;0.727;240.27;19.49;0.0;0.0;55.0;14.4;89;High;0.85
08/06/2026;23:00:00;1.863;0.099;241.1;7.73;0.0;0.0;55.0;13.8;91;Medium;0.5
09/06/2026;00:00:00;0.808;0.128;240.25;3.36;0.0;0.0;55.0;13.8;87;Low;0.15
09/06/2026;01:00:00;0.74;0.121;238.15;3.11;0.0;0.0;55.0;13.2;86;Low;0.15
09/06/2026;02:00:00;0.818;0.074;237.7;3.44;0.0;0.0;55.0;13.1;85;Low;0.15
09/06/2026;03:00:00;0.822;0.125;236.07;3.48;0.0;0.0;55.0;12.4;84;Low;0.15
09/06/2026;04:00:00;4.342;0.611;244.25;17.78;0.0;0.0;55.0;11.4;85;Low;0.15
09/06/2026;05:00:00;1.286;0.121;239.37;5.37;0.0;0.0;55.0;10.6;87;Low;0.15
09/06/2026;06:00:00;1.917;0.247;230.4;8.32;0.0;0.0;55.0;10.2;88;Medium;0.5
09/06/2026;07:00:00;2.767;0.566;241.11;11.48;0.0;7.6;55.0;10.4;87;Medium;0.5
09/06/2026;08:00:00;2.648;0.324;241.05;10.99;0.0;8.8;55.0;11.9;80;Medium;0.5
09/06/2026;09:00:00;2.351;0.369;234.77;10.01;0.0;6.9;55.0;13.0;71;Medium;0.5
09/06/2026;10:00:00;1.419;0.079;237.67;5.97;0.0;0.0;55.0;14.1;63;Low;0.15
09/06/2026;11:00:00;1.006;0.064;237.55;4.24;0.0;0.0;55.0;15.4;55;Low;0.15
09/06/2026;12:00:00;0.752;0.048;237.92;3.16;0.0;0.0;55.0;16.4;49;Low;0.15
09/06/2026;13:00:00;0.705;0.129;243.4;2.9;0.0;0.0;55.0;17.1;47;Low;0.15
09/06/2026;14:00:00;0.577;0.063;239.58;2.41;0.0;0.0;55.0;17.6;49;Low;0.15
09/06/2026;15:00:00;0.652;0.058;238.8;2.73;0.0;0.0;55.0;18.0;47;Low;0.15
09/06/2026;16:00:00;1.02;0.181;243.14;4.19;0.0;0.0;55.0;18.7;42;Low;0.15
09/06/2026;17:00:00;1.568;0.124;241.39;6.49;0.0;0.0;55.0;18.9;40;Medium;0.5
09/06/2026;18:00:00;2.59;0.238;235.13;11.02;4.5;0.0;55.0;18.5;41;High;0.85
09/06/2026;19:00:00;3.356;0.414;238.27;14.08;4.1;0.0;55.0;18.1;43;High;0.85
09/06/2026;20:00:00;3.489;0.371;240.9;14.48;4.0;0.0;55.0;16.6;53;High;0.85
09/06/2026;21:00:00;3.466;0.518;237.39;14.6;4.9;0.0;55.0;15.7;61;High;0.85
09/06/2026;22:00:00;2.766;0.297;245.68;11.26;0.0;0.0;55.0;15.0;69;High;0.85
09/06/2026;23:00:00;1.565;0.183;240.32;6.51;0.0;0.0;55.0;14.7;71;Medium;0.5
10/06/2026;00:00:00;0.623;0.123;237.89;2.62;0.0;0.0;55.0;14.1;75;Low;0.15
10/06/2026;01:00:00;0.524;0.105;236.86;2.21;0.0;0.0;55.0;13.5;78;Low;0.15
10/06/2026;02:00:00;0.711;0.136;242.6;2.93;0.0;0.0;55.0;12.9;86;Low;0.15
10/06/2026;03:00:00;0.878;0.173;238.19;3.68;0.0;0.0;55.0;12.8;90;Low;0.15
10/06/2026;04:00:00;0.826;0.121;241.06;3.43;0.0;0.0;55.0;12.4;93;Low;0.15
10/06/2026;05:00:00;1.125;0.18;236.78;4.75;0.0;0.0;55.0;11.9;93;Low;0.15
10/06/2026;06:00:00;1.652;0.239;240.2;6.88;0.0;0.0;55.0;12.0;90;Medium;0.5
10/06/2026;07:00:00;2.546;0.467;238.22;10.69;0.0;12.6;55.0;12.0;84;Medium;0.5
10/06/2026;08:00:00;2.689;0.386;239.12;11.25;0.0;0.4;55.0;13.0;77;Medium;0.5
10/06/2026;09:00:00;2.359;0.163;237.77;9.92;0.0;13.6;55.0;13.8;66;Medium;0.5
10/06/2026;10:00:00;1.37;0.257;242.87;5.64;0.0;0.0;55.0;14.7;60;Low;0.15
10/06/2026;11:00:00;0.766;0.137;238.63;3.21;0.0;0.0;55.0;15.7;54;Low;0.15
10/06/2026;12:00:00;0.597;0.113;239.6;2.49;0.0;0.0;55.0;16.2;50;Low;0.15
10/06/2026;13:00:00;0.771;0.064;239.73;3.22;0.0;0.0;55.0;16.7;49;Low;0.15
10/06/2026;14:00:00;0.73;0.07;244.51;2.98;0.0;0.0;55.0;17.6;55;Low;0.15
10/06/2026;15:00:00;0.873;0.088;242.49;3.6;0.0;0.0;55.0;15.8;66;Low;0.15
10/06/2026;16:00:00;1.038;0.142;242.21;4.28;0.0;0.0;55.0;14.7;70;Low;0.15
10/06/2026;17:00:00;1.718;0.125;235.58;7.29;0.0;0.0;55.0;17.0;56;Medium;0.5
10/06/2026;18:00:00;2.471;0.285;238.16;10.37;7.9;0.0;55.0;17.6;55;High;0.85
10/06/2026;19:00:00;5.278;0.427;243.33;21.69;21.1;0.0;55.0;15.6;62;High;0.85
10/06/2026;20:00:00;3.585;0.341;236.72;15.14;19.7;0.0;55.0;15.7;61;High;0.85
10/06/2026;21:00:00;3.525;0.6;240.24;14.67;7.4;0.0;55.0;14.6;68;High;0.85
10/06/2026;22:00:00;2.79;0.545;237.02;11.77;0.0;0.0;55.0;13.7;72;High;0.85
10/06/2026;23:00:00;1.972;0.106;237.3;8.31;0.0;0.0;55.0;13.1;74;Medium;0.5
11/06/2026;00:00:00;0.878;0.128;244.71;3.59;0.0;0.0;55.0;12.4;76;Low;0.15
11/06/2026;01:00:00;0.771;0.043;242.01;3.19;0.0;0.0;55.0;12.0;78;Low;0.15
11/06/2026;02:00:00;0.891;0.057;242.75;3.67;0.0;0.0;55.0;11.4;82;Low;0.15
11/06/2026;03:00:00;0.933;0.158;242.19;3.85;0.0;0.0;55.0;11.0;82;Low;0.15
11/06/2026;04:00:00;0.887;0.155;239.61;3.7;0.0;0.0;55.0;10.5;83;Low;0.15
11/06/2026;05:00:00;1.154;0.217;238.06;4.85;0.0;0.0;55.0;10.0;85;Low;0.15
11/06/2026;06:00:00;1.921;0.251;238.87;8.04;0.0;0.0;55.0;9.7;87;Medium;0.5
11/06/2026;07:00:00;2.747;0.539;239.46;11.47;0.0;10.0;55.0;10.0;87;Medium;0.5
11/06/2026;08:00:00;2.621;0.205;244.97;10.7;0.0;15.5;55.0;11.6;83;Medium;0.5
11/06/2026;09:00:00;2.527;0.234;236.26;10.7;0.0;15.1;55.0;13.0;77;Medium;0.5
11/06/2026;10:00:00;1.286;0.094;238.45;5.39;0.0;0.0;55.0;14.7;66;Low;0.15
11/06/2026;11:00:00;0.755;0.14;237.44;3.18;0.0;0.0;55.0;15.7;58;Low;0.15
11/06/2026;12:00:00;0.83;0.074;242.96;3.42;0.0;0.0;55.0;16.3;54;Low;0.15
11/06/2026;13:00:00;0.748;0.057;245.19;3.05;0.0;0.0;55.0;16.9;52;Low;0.15
11/06/2026;14:00:00;0.815;0.127;240.86;3.38;0.0;0.0;55.0;17.9;52;Low;0.15
11/06/2026;15:00:00;0.848;0.054;241.09;3.52;0.0;0.0;55.0;17.6;54;Low;0.15
11/06/2026;16:00:00;1.193;0.069;240.26;4.97;0.0;0.0;55.0;17.0;59;Low;0.15
11/06/2026;17:00:00;1.76;0.12;241.22;7.3;0.0;0.0;55.0;16.9;61;Medium;0.5
11/06/2026;18:00:00;2.628;0.131;242.16;10.85;5.1;0.0;55.0;17.1;60;High;0.85
11/06/2026;19:00:00;3.34;0.563;241.19;13.85;17.0;0.0;55.0;16.7;61;High;0.85
11/06/2026;20:00:00;3.712;0.54;241.4;15.38;0.5;0.0;55.0;17.1;60;High;0.85
11/06/2026;21:00:00;3.228;0.277;242.17;13.33;0.5;0.0;55.0;16.9;63;High;0.85
11/06/2026;22:00:00;2.578;0.231;235.02;10.97;0.0;0.0;55.0;16.8;64;High;0.85
11/06/2026;23:00:00;1.673;0.314;240.01;6.97;0.0;0.0;55.0;17.0;64;Medium;0.5
12/06/2026;00:00:00;0.452;0.061;240.85;1.88;0.0;0.0;55.0;17.2;65;Low;0.15
12/06/2026;01:00:00;0.676;0.114;241.17;2.8;0.0;0.0;55.0;17.1;69;Low;0.15
12/06/2026;02:00:00;0.474;0.06;239.52;1.98;0.0;0.0;55.0;16.9;75;Low;0.15
12/06/2026;03:00:00;0.674;0.061;240.45;2.8;0.0;0.0;55.0;16.7;77;Low;0.15
12/06/2026;04:00:00;0.798;0.171;237.98;3.35;0.0;0.0;55.0;16.5;79;Low;0.15
12/06/2026;05:00:00;0.845;0.123;235.03;3.59;0.0;0.0;55.0;16.3;81;Low;0.15
12/06/2026;06:00:00;1.792;0.129;242.75;7.38;0.0;0.0;55.0;16.1;83;Medium;0.5
12/06/2026;07:00:00;5.64;0.671;236.82;23.82;0.0;18.9;55.0;16.1;83;Medium;0.5
12/06/2026;08:00:00;2.744;0.291;239.55;11.46;0.0;14.3;55.0;16.9;81;Medium;0.5
12/06/2026;09:00:00;2.354;0.203;237.9;9.89;0.0;17.9;55.0;17.0;80;Medium;0.5
12/06/2026;10:00:00;1.19;0.248;244.44;4.87;0.0;0.0;55.0;18.7;71;Low;0.15
12/06/2026;11:00:00;1.164;0.232;239.78;4.85;0.0;0.0;55.0;18.5;74;Low;0.15
12/06/2026;12:00:00;0.705;0.059;239.13;2.95;0.0;0.0;55.0;19.1;72;Low;0.15
12/06/2026;13:00:00;0.587;0.064;242.09;2.42;0.0;0.0;55.0;19.3;73;Low;0.15
12/06/2026;14:00:00;0.549;0.099;246.04;2.23;0.0;0.0;55.0;21.3;66;Low;0.15
12/06/2026;15:00:00;0.778;0.066;241.14;3.23;0.0;0.0;55.0;22.4;59;Low;0.15
12/06/2026;16:00:00;1.071;0.161;238.94;4.48;0.0;0.0;55.0;23.2;56;Low;0.15
12/06/2026;17:00:00;1.89;0.319;241.95;7.81;0.0;0.0;55.0;24.2;51;Medium;0.5
12/06/2026;18:00:00;2.845;0.459;235.6;12.08;10.1;0.0;55.0;24.9;49;High;0.85
12/06/2026;19:00:00;3.625;0.617;240.13;15.1;8.9;0.0;55.0;25.2;47;High;0.85
12/06/2026;20:00:00;3.781;0.643;245.58;15.39;16.5;0.0;55.0;24.9;51;High;0.85
12/06/2026;21:00:00;3.248;0.695;240.44;13.51;1.9;0.0;55.0;23.7;59;High;0.85
12/06/2026;22:00:00;2.628;0.286;240.3;10.94;0.0;0.0;55.0;21.9;68;High;0.85
12/06/2026;23:00:00;1.467;0.293;240.06;6.11;0.0;0.0;55.0;20.4;74;Medium;0.5
13/06/2026;00:00:00;0.698;0.037;238.89;2.92;0.0;0.0;55.0;19.3;78;Low;0.15
13/06/2026;01:00:00;0.565;0.056;240.88;2.34;0.0;0.0;55.0;18.2;83;Low;0.15
13/06/2026;02:00:00;0.679;0.04;242.17;2.81;0.0;0.0;55.0;17.2;86;Low;0.15
13/06/2026;03:00:00;0.801;0.129;239.07;3.35;0.0;0.0;55.0;16.8;86;Low;0.15
13/06/2026;04:00:00;0.623;0.042;233.03;2.68;0.0;0.0;55.0;16.5;87;Low;0.15
13/06/2026;05:00:00;1.033;0.2;241.3;4.28;0.0;0.0;55.0;16.3;87;Low;0.15
13/06/2026;06:00:00;1.685;0.27;245.97;6.85;0.0;0.0;55.0;15.9;87;Medium;0.5
13/06/2026;07:00:00;2.666;0.146;238.95;11.16;0.0;18.5;55.0;15.7;85;Medium;0.5
13/06/2026;08:00:00;2.843;0.488;235.88;12.05;0.0;4.4;55.0;16.5;78;Medium;0.5
13/06/2026;09:00:00;2.406;0.473;241.9;9.95;0.0;8.3;55.0;17.5;70;Medium;0.5
13/06/2026;10:00:00;1.797;0.292;244.88;7.34;0.0;0.0;55.0;19.0;63;Medium;0.5
13/06/2026;11:00:00;1.409;0.078;241.48;5.83;0.0;0.0;55.0;20.6;57;High;0.85
13/06/2026;12:00:00;1.168;0.229;244.83;4.77;0.0;0.0;55.0;22.1;53;High;0.85
13/06/2026;13:00:00;1.281;0.224;242.22;5.29;0.0;0.0;55.0;23.6;49;High;0.85
13/06/2026;14:00:00;1.518;0.174;241.98;6.27;0.0;0.0;55.0;25.8;41;High;0.85
13/06/2026;15:00:00;1.827;0.193;238.55;7.66;0.0;0.0;55.0;26.8;38;High;0.85
13/06/2026;16:00:00;1.529;0.201;240.8;6.35;0.0;0.0;55.0;27.3;36;Medium;0.5
13/06/2026;17:00:00;2.255;0.445;239.92;9.4;0.0;0.0;55.0;27.4;35;Medium;0.5
13/06/2026;18:00:00;3.316;0.308;239.82;13.83;7.0;0.0;55.0;26.9;34;High;0.85
13/06/2026;19:00:00;3.955;0.266;239.29;16.53;18.1;0.0;55.0;25.9;35;High;0.85
13/06/2026;20:00:00;4.342;0.855;240.63;18.05;23.0;0.0;55.0;25.3;35;High;0.85
13/06/2026;21:00:00;3.744;0.204;236.37;15.84;5.8;0.0;55.0;23.6;37;High;0.85
13/06/2026;22:00:00;2.843;0.582;242.27;11.73;0.0;0.0;55.0;21.9;42;High;0.85
13/06/2026;23:00:00;1.88;0.192;237.54;7.92;0.0;0.0;55.0;20.5;48;Medium;0.5
14/06/2026;00:00:00;0.672;0.092;239.3;2.81;0.0;0.0;55.0;19.1;54;Low;0.15
14/06/2026;01:00:00;0.623;0.045;240.93;2.59;0.0;0.0;55.0;17.9;57;Low;0.15
14/06/2026;02:00:00;0.715;0.145;237.4;3.01;0.0;0.0;55.0;16.6;61;Low;0.15
14/06/2026;03:00:00;0.605;0.107;234.49;2.58;0.0;0.0;55.0;15.6;60;Low;0.15
14/06/2026;04:00:00;0.675;0.14;238.93;2.83;0.0;0.0;55.0;14.7;61;Low;0.15
14/06/2026;05:00:00;0.946;0.157;235.99;4.01;0.0;0.0;55.0;13.8;66;Low;0.15
14/06/2026;06:00:00;1.966;0.16;241.99;8.12;0.0;0.0;55.0;13.3;71;Medium;0.5
14/06/2026;07:00:00;2.258;0.231;236.77;9.54;0.0;19.8;55.0;13.5;72;Medium;0.5
14/06/2026;08:00:00;2.932;0.389;244.16;12.01;0.0;4.6;55.0;14.8;70;Medium;0.5
14/06/2026;09:00:00;2.494;0.382;239.98;10.39;0.0;12.9;55.0;16.5;66;Medium;0.5
14/06/2026;10:00:00;1.561;0.324;240.17;6.5;0.0;0.0;55.0;18.3;56;Medium;0.5
14/06/2026;11:00:00;1.483;0.171;234.45;6.33;0.0;0.0;55.0;19.9;48;High;0.85
14/06/2026;12:00:00;1.292;0.219;240.41;5.37;0.0;0.0;55.0;21.5;41;High;0.85
14/06/2026;13:00:00;1.332;0.284;239.78;5.56;0.0;0.0;55.0;22.9;36;High;0.85
14/06/2026;14:00:00;1.138;0.086;236.36;4.81;0.0;0.0;55.0;24.3;31;High;0.85
14/06/2026;15:00:00;1.693;0.333;240.24;7.05;0.0;0.0;55.0;25.1;29;High;0.85
14/06/2026;16:00:00;1.529;0.186;238.89;6.4;0.0;0.0;55.0;25.8;28;Medium;0.5
14/06/2026;17:00:00;2.202;0.384;239.39;9.2;0.0;0.0;55.0;25.9;29;Medium;0.5
14/06/2026;18:00:00;3.224;0.322;240.07;13.43;4.2;0.0;55.0;25.6;31;High;0.85
14/06/2026;19:00:00;3.776;0.403;238.68;15.82;9.6;0.0;55.0;25.0;33;High;0.85
14/06/2026;20:00:00;4.206;0.23;240.69;17.47;19.8;0.0;55.0;24.4;33;High;0.85
14/06/2026;21:00:00;3.681;0.792;239.76;15.35;16.6;0.0;55.0;23.2;36;High;0.85
14/06/2026;22:00:00;2.654;0.5;241.32;11.0;0.0;0.0;55.0;22.0;39;High;0.85
14/06/2026;23:00:00;1.938;0.128;238.52;8.12;0.0;0.0;55.0;20.8;44;Medium;0.5
15/06/2026;00:00:00;0.585;0.129;237.02;2.47;0.0;0.0;55.0;19.4;53;Low;0.15
15/06/2026;01:00:00;0.577;0.088;238.02;2.42;0.0;0.0;55.0;18.3;60;Low;0.15
15/06/2026;02:00:00;0.623;0.122;244.04;2.55;0.0;0.0;55.0;16.7;68;Low;0.15
15/06/2026;03:00:00;0.696;0.043;242.68;2.87;0.0;0.0;55.0;15.8;69;Low;0.15
15/06/2026;04:00:00;0.705;0.082;243.4;2.9;0.0;0.0;55.0;15.1;69;Low;0.15
15/06/2026;05:00:00;0.947;0.155;243.59;3.89;0.0;0.0;55.0;15.0;68;Low;0.15
15/06/2026;06:00:00;1.514;0.103;238.69;6.34;0.0;0.0;55.0;14.6;69;Medium;0.5
15/06/2026;07:00:00;2.224;0.296;240.83;9.23;0.0;7.4;55.0;14.8;68;Medium;0.5
15/06/2026;08:00:00;2.613;0.327;240.21;10.88;0.0;1.8;55.0;16.1;63;Medium;0.5
15/06/2026;09:00:00;2.476;0.215;241.85;10.24;0.0;6.5;55.0;18.0;55;Medium;0.5
15/06/2026;10:00:00;1.35;0.136;239.19;5.64;0.0;0.0;55.0;19.9;49;Low;0.15
15/06/2026;11:00:00;1.001;0.215;240.26;4.17;0.0;0.0;55.0;21.9;42;Low;0.15
15/06/2026;12:00:00;0.852;0.084;240.2;3.55;0.0;0.0;55.0;23.7;37;Low;0.15
15/06/2026;13:00:00;0.89;0.077;241.49;3.69;0.0;0.0;55.0;25.3;34;Low;0.15
15/06/2026;14:00:00;0.993;0.14;241.84;4.11;0.0;0.0;55.0;26.1;32;Low;0.15
15/06/2026;15:00:00;1.191;0.195;240.26;4.96;0.0;0.0;55.0;27.5;30;Low;0.15
15/06/2026;16:00:00;1.576;0.273;240.35;6.56;0.0;0.0;55.0;28.6;29;Low;0.15
15/06/2026;17:00:00;2.402;0.428;240.63;9.98;0.0;0.0;55.0;29.0;28;Medium;0.5
15/06/2026;18:00:00;3.279;0.184;244.61;13.41;9.1;0.0;55.0;29.5;26;High;0.85
15/06/2026;19:00:00;3.984;0.466;235.16;16.94;11.7;0.0;55.0;29.0;29;High;0.85
15/06/2026;20:00:00;5.835;1.059;237.28;24.59;21.5;0.0;55.0;26.3;38;High;0.85
15/06/2026;21:00:00;3.456;0.704;241.89;14.29;18.4;0.0;55.0;24.4;53;High;0.85
15/06/2026;22:00:00;2.699;0.411;240.76;11.21;0.0;0.0;55.0;23.6;58;High;0.85
15/06/2026;23:00:00;1.8;0.106;240.74;7.48;0.0;0.0;55.0;22.8;64;Medium;0.5
16/06/2026;00:00:00;0.683;0.08;241.87;2.82;0.0;0.0;55.0;22.7;63;Low;0.15
16/06/2026;01:00:00;0.808;0.051;240.6;3.36;0.0;0.0;55.0;22.9;60;Low;0.15
16/06/2026;02:00:00;0.57;0.101;238.43;2.39;0.0;0.0;55.0;21.5;65;Low;0.15
16/06/2026;03:00:00;0.673;0.041;241.76;2.79;0.0;0.0;55.0;21.4;67;Low;0.15
16/06/2026;04:00:00;0.78;0.064;240.06;3.25;0.0;0.0;55.0;21.9;61;Low;0.15
16/06/2026;05:00:00;0.686;0.083;238.75;2.87;0.0;0.0;55.0;21.6;63;Low;0.15
16/06/2026;06:00:00;1.836;0.236;241.93;7.59;0.0;0.0;55.0;20.6;66;Medium;0.5
16/06/2026;07:00:00;2.258;0.269;241.82;9.34;0.0;10.2;55.0;20.4;67;Medium;0.5
16/06/2026;08:00:00;2.422;0.312;240.6;10.07;0.0;16.9;55.0;21.0;64;Medium;0.5
16/06/2026;09:00:00;2.302;0.394;244.81;9.4;0.0;6.4;55.0;21.5;62;Medium;0.5
16/06/2026;10:00:00;1.413;0.159;243.72;5.8;0.0;0.0;55.0;22.6;63;Low;0.15
16/06/2026;11:00:00;0.932;0.133;242.81;3.84;0.0;0.0;55.0;22.6;64;Low;0.15
16/06/2026;12:00:00;0.995;0.101;247.19;4.03;0.0;0.0;55.0;24.3;55;Low;0.15
16/06/2026;13:00:00;1.029;0.113;239.59;4.3;0.0;0.0;55.0;25.5;50;Low;0.15
16/06/2026;14:00:00;1.08;0.167;238.7;4.52;0.0;0.0;55.0;26.5;48;Low;0.15
16/06/2026;15:00:00;1.157;0.154;242.41;4.77;0.0;0.0;55.0;26.3;48;Low;0.15
16/06/2026;16:00:00;1.313;0.227;239.29;5.49;0.0;0.0;55.0;26.2;48;Low;0.15
16/06/2026;17:00:00;2.242;0.326;240.03;9.34;0.0;0.0;55.0;26.5;47;Medium;0.5
16/06/2026;18:00:00;2.855;0.533;237.24;12.04;7.0;0.0;55.0;26.5;45;High;0.85
16/06/2026;19:00:00;3.639;0.456;241.7;15.06;12.7;0.0;55.0;26.0;47;High;0.85
16/06/2026;20:00:00;3.89;0.519;235.88;16.49;7.9;0.0;55.0;25.7;43;High;0.85
16/06/2026;21:00:00;3.595;0.589;239.73;15.0;19.6;0.0;55.0;24.6;47;High;0.85
16/06/2026;22:00:00;2.671;0.234;239.96;11.13;0.0;0.0;55.0;23.4;55;High;0.85
16/06/2026;23:00:00;1.53;0.177;238.78;6.41;0.0;0.0;55.0;22.0;62;Medium;0.5
17/06/2026;00:00:00;0.678;0.106;235.08;2.88;0.0;0.0;55.0;20.9;67;Low;0.15
17/06/2026;01:00:00;0.691;0.038;235.06;2.94;0.0;0.0;55.0;20.0;70;Low;0.15
17/06/2026;02:00:00;4.312;0.536;237.91;18.12;0.0;0.0;55.0;19.1;75;Low;0.15
17/06/2026;03:00:00;0.542;0.082;241.51;2.24;0.0;0.0;55.0;18.7;78;Low;0.15
17/06/2026;04:00:00;0.827;0.177;240.81;3.43;0.0;0.0;55.0;18.3;80;Low;0.15
17/06/2026;05:00:00;1.129;0.225;239.95;4.71;0.0;0.0;55.0;18.1;81;Low;0.15
17/06/2026;06:00:00;1.586;0.155;237.52;6.68;0.0;0.0;55.0;17.8;81;Medium;0.5
17/06/2026;07:00:00;2.157;0.294;240.96;8.95;0.0;13.5;55.0;18.5;74;Medium;0.5
17/06/2026;08:00:00;2.584;0.154;234.96;11.0;0.0;3.7;55.0;20.0;66;Medium;0.5
17/06/2026;09:00:00;2.32;0.211;233.29;9.94;0.0;10.4;55.0;22.4;55;Medium;0.5
17/06/2026;10:00:00;1.61;0.293;239.32;6.73;0.0;0.0;55.0;24.4;48;Low;0.15
17/06/2026;11:00:00;1.154;0.082;238.47;4.84;0.0;0.0;55.0;26.0;44;Low;0.15
17/06/2026;12:00:00;1.307;0.123;242.84;5.38;0.0;0.0;55.0;27.5;39;Low;0.15
17/06/2026;13:00:00;1.099;0.231;240.44;4.57;0.0;0.0;55.0;28.7;36;Low;0.15
17/06/2026;14:00:00;1.116;0.212;244.62;4.56;0.0;0.0;55.0;29.5;36;Low;0.15
17/06/2026;15:00:00;1.591;0.291;238.46;6.67;0.0;0.0;55.0;30.9;33;Low;0.15
17/06/2026;16:00:00;1.544;0.304;241.36;6.4;0.0;0.0;55.0;31.8;32;Low;0.15
17/06/2026;17:00:00;2.516;0.446;239.29;10.51;0.0;0.0;55.0;32.4;31;Medium;0.5
17/06/2026;18:00:00;3.739;0.264;243.87;15.33;19.0;0.0;55.0;31.8;32;High;0.85
17/06/2026;19:00:00;4.048;0.558;239.43;16.91;11.5;0.0;55.0;31.3;32;High;0.85
17/06/2026;20:00:00;4.211;0.529;242.39;17.37;2.0;0.0;55.0;31.2;30;High;0.85
17/06/2026;21:00:00;3.972;0.409;236.98;16.76;15.8;0.0;55.0;30.4;33;High;0.85
17/06/2026;22:00:00;3.222;0.618;238.84;13.49;0.0;0.0;55.0;29.3;37;High;0.85
17/06/2026;23:00:00;2.224;0.287;239.76;9.28;0.0;0.0;55.0;28.3;41;Medium;0.5
18/06/2026;00:00:00;0.873;0.053;243.54;3.58;0.0;0.0;55.0;23.8;65;Low;0.15
18/06/2026;01:00:00;0.559;0.054;233.85;2.39;0.0;0.0;55.0;22.0;72;Low;0.15
18/06/2026;02:00:00;0.832;0.074;239.07;3.48;0.0;0.0;55.0;20.7;74;Low;0.15
18/06/2026;03:00:00;0.694;0.139;238.97;2.9;0.0;0.0;55.0;19.8;77;Low;0.15
18/06/2026;04:00:00;0.784;0.125;234.18;3.35;0.0;0.0;55.0;19.3;77;Low;0.15
18/06/2026;05:00:00;0.83;0.121;238.7;3.48;0.0;0.0;55.0;18.9;78;Low;0.15
18/06/2026;06:00:00;1.753;0.239;235.69;7.44;0.0;0.0;55.0;18.4;80;Medium;0.5
18/06/2026;07:00:00;2.261;0.363;233.47;9.68;0.0;17.5;55.0;18.7;78;Medium;0.5
18/06/2026;08:00:00;2.653;0.473;239.27;11.09;0.0;0.5;55.0;20.2;70;Medium;0.5
18/06/2026;09:00:00;2.249;0.324;239.17;9.4;0.0;8.1;55.0;22.7;61;Medium;0.5
18/06/2026;10:00:00;1.566;0.328;239.31;6.54;0.0;0.0;55.0;25.8;52;Low;0.15
18/06/2026;11:00:00;1.529;0.33;240.71;6.35;0.0;0.0;55.0;29.1;42;Low;0.15
18/06/2026;12:00:00;1.46;0.32;237.54;6.14;0.0;0.0;55.0;31.9;34;Low;0.15
18/06/2026;13:00:00;1.549;0.254;245.01;6.32;0.0;0.0;55.0;34.0;28;Low;0.15
18/06/2026;14:00:00;1.665;0.347;239.91;6.94;0.0;0.0;55.0;35.0;26;Low;0.15
18/06/2026;15:00:00;1.95;0.232;243.6;8.0;0.0;0.0;55.0;35.9;24;Low;0.15
18/06/2026;16:00:00;2.044;0.401;235.3;8.69;0.0;0.0;55.0;36.0;24;Low;0.15
18/06/2026;17:00:00;2.836;0.58;237.66;11.93;0.0;0.0;55.0;36.3;23;Medium;0.5
18/06/2026;18:00:00;3.357;0.684;241.92;13.88;16.1;0.0;55.0;30.9;41;High;0.85
18/06/2026;19:00:00;3.394;0.649;239.37;14.18;12.7;0.0;55.0;25.5;73;High;0.85
18/06/2026;20:00:00;3.728;0.444;237.0;15.73;3.8;0.0;55.0;25.6;70;High;0.85
18/06/2026;21:00:00;3.643;0.281;234.85;15.51;23.3;0.0;55.0;25.8;66;High;0.85
18/06/2026;22:00:00;2.849;0.304;242.05;11.77;0.0;0.0;55.0;25.5;71;High;0.85
18/06/2026;23:00:00;2.09;0.377;241.82;8.64;0.0;0.0;55.0;25.5;71;Medium;0.5
19/06/2026;00:00:00;0.983;0.088;240.68;4.08;0.0;0.0;55.0;24.8;73;Low;0.15
19/06/2026;01:00:00;0.926;0.122;238.61;3.88;0.0;0.0;55.0;24.4;73;Low;0.15
19/06/2026;02:00:00;0.933;0.136;236.88;3.94;0.0;0.0;55.0;23.1;72;Low;0.15
19/06/2026;03:00:00;0.741;0.113;239.85;3.09;0.0;0.0;55.0;23.0;69;Low;0.15
19/06/2026;04:00:00;0.824;0.172;236.32;3.49;0.0;0.0;55.0;22.6;69;Low;0.15
19/06/2026;05:00:00;0.834;0.136;237.9;3.51;0.0;0.0;55.0;22.0;72;Low;0.15
19/06/2026;06:00:00;1.869;0.343;243.53;7.68;0.0;0.0;55.0;21.7;73;Medium;0.5
19/06/2026;07:00:00;2.501;0.372;234.82;10.65;0.0;14.7;55.0;22.2;72;Medium;0.5
19/06/2026;08:00:00;2.77;0.531;241.9;11.45;0.0;9.5;55.0;23.8;68;Medium;0.5
19/06/2026;09:00:00;2.613;0.248;244.18;10.7;0.0;8.5;55.0;25.6;61;Medium;0.5
19/06/2026;10:00:00;2.009;0.172;242.29;8.29;0.0;0.0;55.0;28.4;50;Low;0.15
19/06/2026;11:00:00;1.582;0.328;241.11;6.56;0.0;0.0;55.0;30.8;42;Low;0.15
19/06/2026;12:00:00;3.526;0.592;238.7;14.77;0.0;0.0;55.0;33.0;35;Low;0.15
19/06/2026;13:00:00;1.786;0.293;238.19;7.5;0.0;0.0;55.0;34.8;30;Low;0.15
19/06/2026;14:00:00;1.386;0.179;233.71;5.93;0.0;0.0;55.0;30.6;42;Low;0.15
19/06/2026;15:00:00;1.618;0.185;240.1;6.74;0.0;0.0;55.0;32.4;31;Low;0.15
19/06/2026;16:00:00;1.728;0.25;238.87;7.23;0.0;0.0;55.0;32.3;32;Low;0.15
19/06/2026;17:00:00;2.484;0.175;238.05;10.44;0.0;0.0;55.0;33.9;28;Medium;0.5
19/06/2026;18:00:00;3.659;0.466;239.94;15.25;7.8;0.0;55.0;34.4;25;High;0.85
19/06/2026;19:00:00;4.212;0.537;240.17;17.54;20.9;0.0;55.0;32.2;29;High;0.85
19/06/2026;20:00:00;4.109;0.581;238.22;17.25;1.0;0.0;55.0;28.8;47;High;0.85
19/06/2026;21:00:00;3.929;0.62;244.52;16.07;17.3;0.0;55.0;28.0;55;High;0.85
19/06/2026;22:00:00;2.933;0.624;242.05;12.12;0.0;0.0;55.0;26.5;62;High;0.85
19/06/2026;23:00:00;1.871;0.301;242.51;7.71;0.0;0.0;55.0;25.4;68;Medium;0.5
20/06/2026;00:00:00;0.832;0.167;239.71;3.47;0.0;0.0;55.0;24.2;75;Low;0.15
20/06/2026;01:00:00;0.742;0.107;241.43;3.07;0.0;0.0;55.0;23.1;81;Low;0.15
20/06/2026;02:00:00;0.74;0.116;237.49;3.12;0.0;0.0;55.0;21.3;86;Low;0.15
20/06/2026;03:00:00;0.593;0.037;241.87;2.45;0.0;0.0;55.0;20.6;86;Low;0.15
20/06/2026;04:00:00;0.855;0.062;239.43;3.57;0.0;0.0;55.0;19.7;86;Low;0.15
20/06/2026;05:00:00;1.124;0.167;237.14;4.74;0.0;0.0;55.0;19.5;88;Low;0.15
20/06/2026;06:00:00;1.725;0.202;239.94;7.19;0.0;0.0;55.0;19.1;91;Medium;0.5
20/06/2026;07:00:00;2.615;0.486;239.18;10.93;0.0;19.9;55.0;19.5;87;Medium;0.5
20/06/2026;08:00:00;2.774;0.395;246.5;11.25;0.0;11.5;55.0;20.7;75;Medium;0.5
20/06/2026;09:00:00;2.654;0.531;241.22;11.0;0.0;13.4;55.0;22.7;65;Medium;0.5
20/06/2026;10:00:00;2.081;0.448;244.42;8.52;0.0;0.0;55.0;25.1;56;Medium;0.5
20/06/2026;11:00:00;1.987;0.149;243.17;8.17;0.0;0.0;55.0;27.6;48;High;0.85
20/06/2026;12:00:00;1.875;0.22;240.11;7.81;0.0;0.0;55.0;29.9;43;High;0.85
20/06/2026;13:00:00;1.714;0.279;238.76;7.18;0.0;0.0;55.0;32.1;37;High;0.85
20/06/2026;14:00:00;2.019;0.206;235.13;8.59;0.0;0.0;55.0;32.8;40;High;0.85
20/06/2026;15:00:00;3.83;0.365;237.56;16.12;0.0;0.0;55.0;29.3;48;High;0.85
20/06/2026;16:00:00;1.769;0.333;241.86;7.31;0.0;0.0;55.0;29.1;53;Medium;0.5
20/06/2026;17:00:00;2.569;0.557;239.15;10.74;0.0;0.0;55.0;31.2;46;Medium;0.5
20/06/2026;18:00:00;3.54;0.643;241.05;14.68;19.7;0.0;55.0;31.0;45;High;0.85
20/06/2026;19:00:00;4.021;0.559;234.32;17.16;7.1;0.0;55.0;28.0;58;High;0.85
20/06/2026;20:00:00;4.306;0.539;241.27;17.85;18.6;0.0;55.0;27.8;60;High;0.85
20/06/2026;21:00:00;4.112;0.583;243.07;16.92;19.4;0.0;55.0;29.0;51;High;0.85
20/06/2026;22:00:00;3.462;0.445;235.03;14.73;0.0;0.0;55.0;28.1;57;High;0.85
20/06/2026;23:00:00;2.123;0.288;241.04;8.81;0.0;0.0;55.0;26.6;67;Medium;0.5
21/06/2026;00:00:00;0.867;0.073;243.76;3.56;0.0;0.0;55.0;25.2;76;Low;0.15
21/06/2026;01:00:00;0.833;0.17;244.7;3.4;0.0;0.0;55.0;24.7;78;Low;0.15
21/06/2026;02:00:00;2.729;0.487;238.59;11.44;0.0;0.0;55.0;22.4;92;Low;0.15
21/06/2026;03:00:00;0.74;0.123;242.18;3.05;0.0;0.0;55.0;22.3;91;Low;0.15
21/06/2026;04:00:00;0.414;0.088;244.0;1.7;0.0;0.0;55.0;21.5;94;Low;0.15
21/06/2026;05:00:00;1.029;0.101;241.12;4.27;0.0;0.0;55.0;20.8;95;Low;0.15
21/06/2026;06:00:00;1.872;0.119;243.6;7.69;0.0;0.0;55.0;20.1;95;Medium;0.5
21/06/2026;07:00:00;2.385;0.454;239.9;9.94;0.0;15.7;55.0;20.5;93;Medium;0.5
21/06/2026;08:00:00;2.783;0.611;241.1;11.54;0.0;2.4;55.0;22.0;84;Medium;0.5
21/06/2026;09:00:00;2.645;0.392;238.26;11.1;0.0;11.7;55.0;24.5;71;Medium;0.5
21/06/2026;10:00:00;2.053;0.123;239.54;8.57;0.0;0.0;55.0;27.0;60;Medium;0.5
21/06/2026;11:00:00;2.067;0.378;241.21;8.57;0.0;0.0;55.0;29.4;51;High;0.85
21/06/2026;12:00:00;1.818;0.114;238.05;7.64;0.0;0.0;55.0;31.6;43;High;0.85
21/06/2026;13:00:00;2.009;0.285;239.37;8.39;0.0;0.0;55.0;33.5;37;High;0.85
21/06/2026;14:00:00;2.397;0.233;242.13;9.9;0.0;0.0;55.0;34.8;30;High;0.85
21/06/2026;15:00:00;2.352;0.483;245.75;9.57;0.0;0.0;55.0;36.2;26;High;0.85
21/06/2026;16:00:00;2.599;0.329;234.26;11.09;0.0;0.0;55.0;36.7;25;Medium;0.5
21/06/2026;17:00:00;3.065;0.621;245.53;12.48;0.0;0.0;55.0;37.1;25;Medium;0.5
21/06/2026;18:00:00;3.881;0.391;239.27;16.22;19.8;0.0;55.0;37.0;25;High;0.85
21/06/2026;19:00:00;4.823;0.559;242.7;19.87;19.6;0.0;55.0;36.2;26;High;0.85
21/06/2026;20:00:00;5.008;1.057;243.25;20.59;18.0;0.0;55.0;35.4;26;High;0.85
21/06/2026;21:00:00;4.498;0.379;244.38;18.4;6.7;0.0;55.0;33.5;35;High;0.85
21/06/2026;22:00:00;3.694;0.548;237.96;15.52;0.0;0.0;55.0;32.1;40;High;0.85
21/06/2026;23:00:00;2.485;0.288;239.37;10.38;0.0;0.0;55.0;29.7;53;Medium;0.5
22/06/2026;00:00:00;1.245;0.226;239.85;5.19;0.0;0.0;55.0;28.4;58;Low;0.15
22/06/2026;01:00:00;1.212;0.087;239.0;5.07;0.0;0.0;55.0;27.4;61;Low;0.15
22/06/2026;02:00:00;1.096;0.136;243.69;4.5;0.0;0.0;55.0;26.9;67;Low;0.15
22/06/2026;03:00:00;0.868;0.146;239.78;3.62;0.0;0.0;55.0;26.2;70;Low;0.15
22/06/2026;04:00:00;0.944;0.112;235.47;4.01;0.0;0.0;55.0;25.5;72;Low;0.15
22/06/2026;05:00:00;1.419;0.085;238.23;5.96;0.0;0.0;55.0;24.9;75;Low;0.15
22/06/2026;06:00:00;1.88;0.319;235.58;7.98;0.0;0.0;55.0;24.3;77;Medium;0.5
22/06/2026;07:00:00;4.715;0.639;239.36;19.7;0.0;10.9;55.0;24.4;77;Medium;0.5
22/06/2026;08:00:00;3.093;0.161;241.88;12.79;0.0;7.4;55.0;26.1;71;Medium;0.5
22/06/2026;09:00:00;2.798;0.431;238.17;11.75;0.0;0.8;55.0;28.1;62;Medium;0.5
22/06/2026;10:00:00;2.056;0.424;238.87;8.61;0.0;0.0;55.0;30.3;53;Low;0.15
22/06/2026;11:00:00;1.745;0.12;239.23;7.29;0.0;0.0;55.0;32.7;44;Low;0.15
22/06/2026;12:00:00;1.546;0.233;240.39;6.43;0.0;0.0;55.0;34.6;35;Low;0.15
22/06/2026;13:00:00;1.772;0.308;241.45;7.34;0.0;0.0;55.0;35.7;32;Low;0.15
22/06/2026;14:00:00;1.971;0.122;242.26;8.14;0.0;0.0;55.0;36.5;30;Low;0.15
22/06/2026;15:00:00;1.868;0.101;246.32;7.58;0.0;0.0;55.0;36.5;29;Low;0.15
22/06/2026;16:00:00;2.149;0.277;240.35;8.94;0.0;0.0;55.0;36.0;30;Low;0.15
22/06/2026;17:00:00;2.773;0.512;242.06;11.46;0.0;0.0;55.0;34.3;35;Medium;0.5
22/06/2026;18:00:00;3.592;0.278;235.55;15.25;3.2;0.0;55.0;35.0;31;High;0.85
22/06/2026;19:00:00;4.252;0.817;238.94;17.8;13.6;0.0;55.0;34.4;34;High;0.85
22/06/2026;20:00:00;4.446;0.719;239.24;18.58;22.5;0.0;55.0;34.0;40;High;0.85
22/06/2026;21:00:00;4.087;0.435;237.15;17.23;8.5;0.0;55.0;32.8;44;High;0.85
22/06/2026;22:00:00;3.298;0.454;238.5;13.83;0.0;0.0;55.0;31.8;48;High;0.85
22/06/2026;23:00:00;2.302;0.493;239.7;9.6;0.0;0.0;55.0;30.6;53;Medium;0.5
23/06/2026;00:00:00;1.396;0.121;238.59;5.85;0.0;0.0;55.0;29.4;56;Low;0.15
23/06/2026;01:00:00;1.075;0.145;247.29;4.35;0.0;0.0;55.0;28.3;59;Low;0.15
23/06/2026;02:00:00;1.092;0.17;241.43;4.52;0.0;0.0;55.0;27.2;64;Low;0.15
23/06/2026;03:00:00;0.971;0.071;245.6;3.95;0.0;0.0;55.0;26.4;66;Low;0.15
23/06/2026;04:00:00;1.125;0.065;244.18;4.61;0.0;0.0;55.0;25.7;68;Low;0.15
23/06/2026;05:00:00;1.256;0.066;238.21;5.27;0.0;0.0;55.0;24.9;71;Low;0.15
23/06/2026;06:00:00;1.886;0.198;240.11;7.86;0.0;0.0;55.0;24.2;73;Medium;0.5
23/06/2026;07:00:00;2.509;0.157;238.78;10.51;0.0;12.2;55.0;24.4;71;Medium;0.5
23/06/2026;08:00:00;2.938;0.548;239.55;12.26;0.0;5.9;55.0;26.2;67;Medium;0.5
23/06/2026;09:00:00;2.671;0.586;237.27;11.26;0.0;2.8;55.0;28.3;59;Medium;0.5
23/06/2026;10:00:00;2.244;0.136;238.76;9.4;0.0;0.0;55.0;30.6;50;Low;0.15
23/06/2026;11:00:00;1.409;0.174;241.01;5.85;0.0;0.0;55.0;29.4;56;Low;0.15
23/06/2026;12:00:00;1.506;0.082;240.93;6.25;0.0;0.0;55.0;31.1;49;Low;0.15
23/06/2026;13:00:00;1.708;0.124;240.71;7.1;0.0;0.0;55.0;33.6;41;Low;0.15
23/06/2026;14:00:00;1.586;0.166;239.83;6.61;0.0;0.0;55.0;33.9;34;Low;0.15
23/06/2026;15:00:00;1.96;0.229;242.41;8.08;0.0;0.0;55.0;35.6;28;Low;0.15
23/06/2026;16:00:00;2.24;0.47;239.28;9.36;0.0;0.0;55.0;36.7;26;Low;0.15
23/06/2026;17:00:00;3.085;0.362;243.9;12.65;0.0;0.0;55.0;37.1;26;Medium;0.5
23/06/2026;18:00:00;3.772;0.507;234.83;16.06;19.4;0.0;55.0;36.7;28;High;0.85
23/06/2026;19:00:00;4.241;0.389;241.84;17.54;18.3;0.0;55.0;35.3;33;High;0.85
23/06/2026;20:00:00;4.545;0.227;241.37;18.83;6.5;0.0;55.0;34.6;38;High;0.85
23/06/2026;21:00:00;4.262;0.865;238.11;17.9;21.3;0.0;55.0;33.7;39;High;0.85
23/06/2026;22:00:00;7.021;0.449;239.01;29.38;0.0;0.0;55.0;32.9;42;High;0.85
23/06/2026;23:00:00;2.465;0.527;241.3;10.21;0.0;0.0;55.0;32.0;43;Medium;0.5
24/06/2026;00:00:00;1.216;0.088;242.56;5.01;0.0;0.0;55.0;31.3;43;Low;0.15
24/06/2026;01:00:00;1.398;0.214;235.1;5.94;0.0;0.0;55.0;30.6;44;Low;0.15
24/06/2026;02:00:00;1.38;0.304;241.76;5.71;0.0;0.0;55.0;28.5;52;Low;0.15
24/06/2026;03:00:00;1.123;0.083;238.72;4.71;0.0;0.0;55.0;27.1;59;Low;0.15
24/06/2026;04:00:00;1.132;0.138;243.15;4.66;0.0;0.0;55.0;26.5;61;Low;0.15
24/06/2026;05:00:00;1.254;0.229;234.85;5.34;0.0;0.0;55.0;25.8;62;Low;0.15
24/06/2026;06:00:00;1.92;0.106;246.85;7.78;0.0;0.0;55.0;25.2;64;Medium;0.5
24/06/2026;07:00:00;2.659;0.445;237.52;11.2;0.0;5.7;55.0;25.5;62;Medium;0.5
24/06/2026;08:00:00;3.073;0.196;244.0;12.59;0.0;19.0;55.0;27.1;57;Medium;0.5
24/06/2026;09:00:00;2.815;0.254;239.81;11.74;0.0;4.4;55.0;29.0;51;Medium;0.5
24/06/2026;10:00:00;2.042;0.158;237.71;8.59;0.0;0.0;55.0;31.5;44;Low;0.15
24/06/2026;11:00:00;1.82;0.372;240.74;7.56;0.0;0.0;55.0;33.9;36;Low;0.15
24/06/2026;12:00:00;1.847;0.149;242.88;7.61;0.0;0.0;55.0;35.8;31;Low;0.15
24/06/2026;13:00:00;3.875;0.22;235.65;16.44;0.0;0.0;55.0;37.4;27;Low;0.15
24/06/2026;14:00:00;2.057;0.308;241.96;8.5;0.0;0.0;55.0;38.7;23;Low;0.15
24/06/2026;15:00:00;2.228;0.243;239.97;9.28;0.0;0.0;55.0;39.7;21;Low;0.15
24/06/2026;16:00:00;2.535;0.302;241.62;10.49;0.0;0.0;55.0;40.3;20;Low;0.15
24/06/2026;17:00:00;3.296;0.232;240.03;13.73;0.0;0.0;55.0;40.3;20;Medium;0.5
24/06/2026;18:00:00;4.099;0.726;238.4;17.19;20.6;0.0;55.0;40.1;19;High;0.85
24/06/2026;19:00:00;4.503;0.686;236.88;19.01;10.2;0.0;55.0;38.6;20;High;0.85
24/06/2026;20:00:00;4.865;0.544;241.88;20.11;15.6;0.0;55.0;38.4;20;High;0.85
24/06/2026;21:00:00;4.51;0.357;241.87;18.65;2.4;0.0;55.0;37.0;24;High;0.85
24/06/2026;22:00:00;3.58;0.54;241.85;14.8;0.0;0.0;55.0;36.0;27;High;0.85
24/06/2026;23:00:00;2.859;0.521;241.2;11.85;0.0;0.0;55.0;34.7;31;Medium;0.5
25/06/2026;00:00:00;1.581;0.163;242.65;6.51;0.0;0.0;55.0;33.3;34;Low;0.15
25/06/2026;01:00:00;1.509;0.082;243.94;6.18;0.0;0.0;55.0;32.1;38;Low;0.15
25/06/2026;02:00:00;1.504;0.13;234.75;6.41;0.0;0.0;55.0;30.8;46;Low;0.15
25/06/2026;03:00:00;1.222;0.203;233.44;5.23;0.0;0.0;55.0;29.7;50;Low;0.15
25/06/2026;04:00:00;1.296;0.283;244.81;5.3;0.0;0.0;55.0;28.6;54;Low;0.15
25/06/2026;05:00:00;1.33;0.07;236.25;5.63;0.0;0.0;55.0;27.6;57;Low;0.15
25/06/2026;06:00:00;1.997;0.204;236.96;8.43;0.0;0.0;55.0;26.9;58;Medium;0.5
25/06/2026;07:00:00;2.633;0.159;239.19;11.01;0.0;17.4;55.0;27.3;55;Medium;0.5
25/06/2026;08:00:00;3.36;0.349;235.37;14.27;0.0;15.6;55.0;29.1;48;Medium;0.5
25/06/2026;09:00:00;2.985;0.355;238.93;12.49;0.0;10.4;55.0;31.2;42;Medium;0.5
25/06/2026;10:00:00;2.367;0.489;237.35;9.97;0.0;0.0;55.0;33.7;35;Low;0.15
25/06/2026;11:00:00;1.825;0.116;239.35;7.63;0.0;0.0;55.0;36.0;27;Low;0.15
25/06/2026;12:00:00;2.054;0.374;240.78;8.53;0.0;0.0;55.0;37.3;24;Low;0.15
25/06/2026;13:00:00;2.076;0.243;239.04;8.68;0.0;0.0;55.0;38.2;22;Low;0.15
25/06/2026;14:00:00;2.115;0.398;238.9;8.86;0.0;0.0;55.0;39.7;17;Low;0.15
25/06/2026;15:00:00;2.169;0.298;240.72;9.01;0.0;0.0;55.0;39.8;14;Low;0.15
25/06/2026;16:00:00;2.379;0.135;242.92;9.79;0.0;0.0;55.0;38.9;16;Low;0.15
25/06/2026;17:00:00;3.341;0.704;244.49;13.67;0.0;0.0;55.0;39.6;16;Medium;0.5
25/06/2026;18:00:00;3.835;0.246;239.39;16.02;15.7;0.0;55.0;39.1;17;High;0.85
25/06/2026;19:00:00;4.712;0.714;245.11;19.22;8.4;0.0;55.0;38.6;18;High;0.85
25/06/2026;20:00:00;4.8;0.956;242.45;19.8;9.6;0.0;55.0;38.3;19;High;0.85
25/06/2026;21:00:00;4.56;0.29;236.55;19.27;16.3;0.0;55.0;37.7;21;High;0.85
25/06/2026;22:00:00;3.642;0.525;236.47;15.4;0.0;0.0;55.0;34.8;32;High;0.85
25/06/2026;23:00:00;2.597;0.494;238.38;10.9;0.0;0.0;55.0;33.7;33;Medium;0.5
26/06/2026;00:00:00;1.533;0.334;244.04;6.28;0.0;0.0;55.0;32.9;32;Low;0.15
26/06/2026;01:00:00;1.357;0.235;238.6;5.69;0.0;0.0;55.0;32.1;31;Low;0.15
26/06/2026;02:00:00;1.47;0.143;234.7;6.26;0.0;0.0;55.0;30.8;37;Low;0.15
26/06/2026;03:00:00;1.122;0.189;239.36;4.69;0.0;0.0;55.0;29.9;38;Low;0.15
26/06/2026;04:00:00;1.333;0.227;234.45;5.69;0.0;0.0;55.0;29.1;41;Low;0.15
26/06/2026;05:00:00;1.38;0.233;237.05;5.82;0.0;0.0;55.0;28.5;43;Low;0.15
26/06/2026;06:00:00;1.979;0.386;238.36;8.3;0.0;0.0;55.0;27.9;44;Medium;0.5
26/06/2026;07:00:00;2.786;0.181;240.42;11.59;0.0;19.9;55.0;28.0;45;Medium;0.5
26/06/2026;08:00:00;2.813;0.193;242.87;11.58;0.0;13.4;55.0;26.3;56;Medium;0.5
26/06/2026;09:00:00;2.834;0.45;241.94;11.71;0.0;16.7;55.0;28.8;48;Medium;0.5
26/06/2026;10:00:00;1.971;0.418;236.7;8.33;0.0;0.0;55.0;31.4;41;Low;0.15
26/06/2026;11:00:00;1.899;0.245;238.96;7.95;0.0;0.0;55.0;34.0;35;Low;0.15
26/06/2026;12:00:00;1.691;0.361;240.21;7.04;0.0;0.0;55.0;35.4;32;Low;0.15
26/06/2026;13:00:00;1.773;0.371;239.27;7.41;0.0;0.0;55.0;36.3;29;Low;0.15
26/06/2026;14:00:00;1.527;0.311;239.25;6.38;0.0;0.0;55.0;32.1;48;Low;0.15
26/06/2026;15:00:00;1.643;0.336;235.18;6.99;0.0;0.0;55.0;33.9;38;Low;0.15
26/06/2026;16:00:00;1.838;0.372;236.77;7.76;0.0;0.0;55.0;32.7;38;Low;0.15
26/06/2026;17:00:00;2.593;0.491;238.87;10.85;0.0;0.0;55.0;35.0;28;Medium;0.5
26/06/2026;18:00:00;3.786;0.637;231.34;16.37;10.0;0.0;55.0;35.5;28;High;0.85
26/06/2026;19:00:00;4.53;0.245;241.79;18.73;15.6;0.0;55.0;35.1;31;High;0.85
26/06/2026;20:00:00;4.867;0.353;236.16;20.61;10.0;0.0;55.0;34.5;36;High;0.85
26/06/2026;21:00:00;4.123;0.3;241.92;17.04;1.0;0.0;55.0;32.1;45;High;0.85
26/06/2026;22:00:00;3.322;0.179;241.68;13.75;0.0;0.0;55.0;29.5;47;High;0.85
26/06/2026;23:00:00;1.998;0.14;238.48;8.38;0.0;0.0;55.0;27.9;49;Medium;0.5
27/06/2026;00:00:00;4.681;0.966;242.8;19.28;0.0;0.0;55.0;26.6;51;Low;0.15
27/06/2026;01:00:00;1.036;0.169;242.08;4.28;0.0;0.0;55.0;25.7;52;Low;0.15
27/06/2026;02:00:00;0.783;0.081;239.13;3.27;0.0;0.0;55.0;24.1;57;Low;0.15
27/06/2026;03:00:00;0.89;0.164;238.82;3.73;0.0;0.0;55.0;23.2;59;Low;0.15
27/06/2026;04:00:00;0.725;0.096;243.07;2.98;0.0;0.0;55.0;22.4;60;Low;0.15
27/06/2026;05:00:00;0.881;0.065;240.65;3.66;0.0;0.0;55.0;21.9;61;Low;0.15
27/06/2026;06:00:00;1.776;0.356;242.93;7.31;0.0;0.0;55.0;21.6;61;Medium;0.5
27/06/2026;07:00:00;2.384;0.256;233.31;10.22;0.0;19.9;55.0;21.9;60;Medium;0.5
27/06/2026;08:00:00;3.07;0.518;240.28;12.78;0.0;12.7;55.0;23.1;58;Medium;0.5
27/06/2026;09:00:00;2.649;0.263;235.58;11.24;0.0;2.2;55.0;25.3;48;Medium;0.5
27/06/2026;10:00:00;2.024;0.273;239.93;8.43;0.0;0.0;55.0;27.0;43;Medium;0.5
27/06/2026;11:00:00;1.841;0.348;242.0;7.61;0.0;0.0;55.0;28.0;45;High;0.85
27/06/2026;12:00:00;1.952;0.15;244.87;7.97;0.0;0.0;55.0;29.9;44;High;0.85
27/06/2026;13:00:00;1.907;0.412;237.37;8.04;0.0;0.0;55.0;31.6;41;High;0.85
27/06/2026;14:00:00;2.044;0.127;238.53;8.57;0.0;0.0;55.0;34.0;35;High;0.85
27/06/2026;15:00:00;2.328;0.328;239.73;9.71;0.0;0.0;55.0;35.5;33;High;0.85
27/06/2026;16:00:00;2.375;0.489;237.27;10.01;0.0;0.0;55.0;35.5;32;Medium;0.5
27/06/2026;17:00:00;2.807;0.592;242.74;11.56;0.0;0.0;55.0;35.8;28;Medium;0.5
27/06/2026;18:00:00;3.698;0.331;239.8;15.42;18.9;0.0;55.0;33.9;33;High;0.85
27/06/2026;19:00:00;4.738;0.353;240.34;19.71;1.8;0.0;55.0;33.3;36;High;0.85
27/06/2026;20:00:00;4.909;0.85;241.74;20.31;20.1;0.0;55.0;35.1;26;High;0.85
27/06/2026;21:00:00;4.503;0.257;239.8;18.78;16.0;0.0;55.0;33.4;32;High;0.85
27/06/2026;22:00:00;3.201;0.424;237.71;13.47;0.0;0.0;55.0;26.7;60;High;0.85
27/06/2026;23:00:00;2.019;0.374;239.82;8.42;0.0;0.0;55.0;25.0;76;Medium;0.5
28/06/2026;00:00:00;0.989;0.144;237.6;4.16;0.0;0.0;55.0;25.3;74;Low;0.15
28/06/2026;01:00:00;1.005;0.082;240.3;4.18;0.0;0.0;55.0;25.1;76;Low;0.15
28/06/2026;02:00:00;0.633;0.084;242.79;2.61;0.0;0.0;55.0;21.9;87;Low;0.15
28/06/2026;03:00:00;0.546;0.113;236.71;2.31;0.0;0.0;55.0;21.4;89;Low;0.15
28/06/2026;04:00:00;0.846;0.131;235.71;3.59;0.0;0.0;55.0;21.1;90;Low;0.15
28/06/2026;05:00:00;0.918;0.158;240.14;3.82;0.0;0.0;55.0;21.0;91;Low;0.15
28/06/2026;06:00:00;1.902;0.204;237.85;8.0;0.0;0.0;55.0;20.9;92;Medium;0.5
28/06/2026;07:00:00;2.266;0.186;240.09;9.44;0.0;5.4;55.0;21.4;91;Medium;0.5
28/06/2026;08:00:00;2.964;0.277;240.9;12.3;0.0;8.8;55.0;22.8;83;Medium;0.5
28/06/2026;09:00:00;2.866;0.403;234.0;12.25;0.0;3.5;55.0;24.3;73;Medium;0.5
28/06/2026;10:00:00;1.941;0.19;241.93;8.02;0.0;0.0;55.0;25.1;69;Medium;0.5
28/06/2026;11:00:00;1.694;0.241;236.72;7.15;0.0;0.0;55.0;25.3;67;High;0.85
28/06/2026;12:00:00;1.426;0.243;239.94;5.94;0.0;0.0;55.0;23.9;74;High;0.85
28/06/2026;13:00:00;1.505;0.263;238.15;6.32;0.0;0.0;55.0;26.5;61;High;0.85
28/06/2026;14:00:00;1.676;0.131;238.45;7.03;0.0;0.0;55.0;28.1;54;High;0.85
28/06/2026;15:00:00;1.851;0.329;244.74;7.56;0.0;0.0;55.0;29.2;49;High;0.85
28/06/2026;16:00:00;1.86;0.306;240.89;7.72;0.0;0.0;55.0;29.8;46;Medium;0.5
28/06/2026;17:00:00;2.6;0.135;242.53;10.72;0.0;0.0;55.0;30.2;43;Medium;0.5
28/06/2026;18:00:00;3.396;0.204;240.42;14.12;21.5;0.0;55.0;28.1;48;High;0.85
28/06/2026;19:00:00;4.136;0.661;241.74;17.11;12.6;0.0;55.0;28.1;46;High;0.85
28/06/2026;20:00:00;4.428;0.51;241.17;18.36;13.3;0.0;55.0;27.0;53;High;0.85
28/06/2026;21:00:00;3.845;0.288;240.71;15.97;14.6;0.0;55.0;25.1;61;High;0.85
28/06/2026;22:00:00;2.848;0.164;243.1;11.72;0.0;0.0;55.0;22.8;72;High;0.85
28/06/2026;23:00:00;1.761;0.136;240.44;7.32;0.0;0.0;55.0;21.9;74;Medium;0.5
29/06/2026;00:00:00;0.663;0.141;246.4;2.69;0.0;0.0;55.0;21.0;75;Low;0.15
29/06/2026;01:00:00;0.557;0.097;242.69;2.29;0.0;0.0;55.0;20.6;78;Low;0.15
29/06/2026;02:00:00;0.613;0.086;236.81;2.59;0.0;0.0;55.0;19.7;75;Low;0.15
29/06/2026;03:00:00;0.617;0.13;239.51;2.58;0.0;0.0;55.0;18.7;70;Low;0.15
29/06/2026;04:00:00;0.924;0.143;241.11;3.83;0.0;0.0;55.0;17.8;64;Low;0.15
29/06/2026;05:00:00;0.615;0.107;240.12;2.56;0.0;0.0;55.0;16.8;68;Low;0.15
29/06/2026;06:00:00;1.606;0.157;241.92;6.64;0.0;0.0;55.0;16.3;72;Medium;0.5
29/06/2026;07:00:00;2.459;0.369;242.23;10.15;0.0;15.4;55.0;16.4;72;Medium;0.5
29/06/2026;08:00:00;2.637;0.196;236.19;11.17;0.0;15.7;55.0;17.2;71;Medium;0.5
29/06/2026;09:00:00;2.362;0.28;243.59;9.7;0.0;7.0;55.0;18.1;68;Medium;0.5
29/06/2026;10:00:00;1.371;0.076;238.61;5.75;0.0;0.0;55.0;19.6;63;Low;0.15
29/06/2026;11:00:00;0.826;0.072;238.33;3.47;0.0;0.0;55.0;20.9;59;Low;0.15
29/06/2026;12:00:00;0.536;0.034;238.32;2.25;0.0;0.0;55.0;22.6;53;Low;0.15
29/06/2026;13:00:00;0.903;0.105;242.26;3.73;0.0;0.0;55.0;24.6;45;Low;0.15
29/06/2026;14:00:00;0.828;0.16;239.25;3.46;0.0;0.0;55.0;24.7;50;Low;0.15
29/06/2026;15:00:00;0.968;0.111;238.14;4.06;0.0;0.0;55.0;25.5;47;Low;0.15
29/06/2026;16:00:00;1.257;0.241;238.81;5.27;0.0;0.0;55.0;26.0;45;Low;0.15
29/06/2026;17:00:00;2.255;0.364;234.97;9.6;0.0;0.0;55.0;26.7;41;Medium;0.5
29/06/2026;18:00:00;3.268;0.446;237.64;13.75;9.8;0.0;55.0;26.8;40;High;0.85
29/06/2026;19:00:00;3.711;0.335;236.53;15.69;6.5;0.0;55.0;26.8;38;High;0.85
29/06/2026;20:00:00;3.917;0.81;239.25;16.37;13.3;0.0;55.0;26.7;37;High;0.85
29/06/2026;21:00:00;3.46;0.205;241.86;14.3;7.0;0.0;55.0;25.4;38;High;0.85
29/06/2026;22:00:00;2.858;0.478;241.55;11.83;0.0;0.0;55.0;24.1;44;High;0.85
29/06/2026;23:00:00;1.882;0.293;243.52;7.73;0.0;0.0;55.0;21.6;50;Medium;0.5
30/06/2026;00:00:00;0.638;0.08;242.9;2.63;0.0;0.0;55.0;20.3;53;Low;0.15
30/06/2026;01:00:00;2.425;0.22;238.52;10.17;0.0;0.0;55.0;19.1;56;Low;0.15
30/06/2026;02:00:00;0.73;0.09;240.05;3.04;0.0;0.0;55.0;17.4;65;Low;0.15
30/06/2026;03:00:00;0.768;0.152;239.91;3.2;0.0;0.0;55.0;16.6;70;Low;0.15
30/06/2026;04:00:00;0.552;0.106;233.98;2.36;0.0;0.0;55.0;16.1;72;Low;0.15
30/06/2026;05:00:00;0.91;0.191;236.59;3.85;0.0;0.0;55.0;15.6;74;Low;0.15
30/06/2026;06:00:00;1.669;0.171;239.53;6.97;0.0;0.0;55.0;15.2;75;Medium;0.5
30/06/2026;07:00:00;2.279;0.264;239.52;9.51;0.0;9.0;55.0;15.4;74;Medium;0.5
30/06/2026;08:00:00;2.546;0.135;241.43;10.54;0.0;15.5;55.0;16.9;68;Medium;0.5
30/06/2026;09:00:00;2.388;0.502;241.3;9.9;0.0;10.1;55.0;18.8;64;Medium;0.5
30/06/2026;10:00:00;1.321;0.14;235.04;5.62;0.0;0.0;55.0;20.9;59;Low;0.15
30/06/2026;11:00:00;0.808;0.096;241.45;3.35;0.0;0.0;55.0;22.8;55;Low;0.15
30/06/2026;12:00:00;0.643;0.131;240.5;2.67;0.0;0.0;55.0;23.7;53;Low;0.15
30/06/2026;13:00:00;1.064;0.149;241.75;4.4;0.0;0.0;55.0;25.3;48;Low;0.15
30/06/2026;14:00:00;1.071;0.157;242.99;4.41;0.0;0.0;55.0;26.0;47;Low;0.15
30/06/2026;15:00:00;1.185;0.095;239.6;4.94;0.0;0.0;55.0;27.1;44;Low;0.15
30/06/2026;16:00:00;1.391;0.188;243.49;5.71;0.0;0.0;55.0;27.6;42;Low;0.15
30/06/2026;17:00:00;2.099;0.433;237.51;8.84;0.0;0.0;55.0;27.6;40;Medium;0.5
30/06/2026;18:00:00;2.88;0.417;237.35;12.13;2.1;0.0;55.0;26.3;44;High;0.85
30/06/2026;19:00:00;3.47;0.324;241.2;14.39;0.5;0.0;55.0;24.6;49;High;0.85
30/06/2026;20:00:00;3.567;0.197;238.97;14.93;9.4;0.0;55.0;24.4;45;High;0.85
30/06/2026;21:00:00;3.376;0.362;240.73;14.02;17.6;0.0;55.0;23.8;48;High;0.85
30/06/2026;22:00:00;2.684;0.395;245.58;10.93;0.0;0.0;55.0;22.9;52;High;0.85
30/06/2026;23:00:00;1.765;0.101;241.1;7.32;0.0;0.0;55.0;21.9;57;Medium;0.5
01/07/2026;00:00:00;0.659;0.101;240.59;2.74;0.0;0.0;55.0;20.7;60;Low;0.15
01/07/2026;01:00:00;0.742;0.103;237.57;3.12;0.0;0.0;55.0;19.2;59;Low;0.15
01/07/2026;02:00:00;0.798;0.146;235.24;3.39;0.0;0.0;55.0;18.0;65;Low;0.15
01/07/2026;03:00:00;0.775;0.043;239.8;3.23;0.0;0.0;55.0;17.3;67;Low;0.15
01/07/2026;04:00:00;0.758;0.139;242.99;3.12;0.0;0.0;55.0;16.6;69;Low;0.15
01/07/2026;05:00:00;0.894;0.124;239.1;3.74;0.0;0.0;55.0;16.0;71;Low;0.15
01/07/2026;06:00:00;1.526;0.172;241.12;6.33;0.0;0.0;55.0;15.6;73;Medium;0.5
01/07/2026;07:00:00;2.36;0.505;243.99;9.67;0.0;8.1;55.0;15.8;72;Medium;0.5
01/07/2026;08:00:00;2.793;0.216;243.92;11.45;0.0;10.8;55.0;17.0;71;Medium;0.5
01/07/2026;09:00:00;2.32;0.33;241.2;9.62;0.0;17.4;55.0;18.5;67;Medium;0.5
01/07/2026;10:00:00;1.553;0.162;240.48;6.46;0.0;0.0;55.0;20.1;59;Low;0.15
01/07/2026;11:00:00;0.74;0.103;235.75;3.14;0.0;0.0;55.0;20.9;55;Low;0.15
01/07/2026;12:00:00;0.596;0.086;238.24;2.5;0.0;0.0;55.0;21.7;51;Low;0.15
01/07/2026;13:00:00;0.784;0.051;239.21;3.28;0.0;0.0;55.0;22.3;50;Low;0.15
01/07/2026;14:00:00;0.804;0.131;237.61;3.38;0.0;0.0;55.0;23.1;47;Low;0.15
01/07/2026;15:00:00;1.011;0.16;240.7;4.2;0.0;0.0;55.0;23.4;45;Low;0.15
01/07/2026;16:00:00;4.686;0.847;245.35;19.1;0.0;0.0;55.0;24.5;41;Low;0.15
01/07/2026;17:00:00;3.793;0.248;244.25;15.53;0.0;0.0;55.0;24.2;41;Medium;0.5
01/07/2026;18:00:00;2.798;0.281;240.68;11.62;21.3;0.0;55.0;24.2;41;High;0.85
01/07/2026;19:00:00;3.28;0.527;242.18;13.54;8.5;0.0;55.0;23.6;43;High;0.85
01/07/2026;20:00:00;7.111;0.521;237.96;29.88;24.1;0.0;55.0;23.7;41;High;0.85
01/07/2026;21:00:00;3.491;0.577;244.1;14.3;6.7;0.0;55.0;23.1;43;High;0.85
01/07/2026;22:00:00;2.73;0.164;235.63;11.59;0.0;0.0;55.0;21.9;48;High;0.85
01/07/2026;23:00:00;1.74;0.186;242.56;7.18;0.0;0.0;55.0;20.8;54;Medium;0.5
02/07/2026;00:00:00;0.49;0.095;241.39;2.03;0.0;0.0;55.0;19.7;62;Low;0.15
02/07/2026;01:00:00;0.627;0.114;237.88;2.63;0.0;0.0;55.0;18.7;68;Low;0.15
02/07/2026;02:00:00;0.541;0.086;239.42;2.26;0.0;0.0;55.0;17.4;74;Low;0.15
02/07/2026;03:00:00;0.787;0.156;236.82;3.32;0.0;0.0;55.0;16.8;78;Low;0.15
02/07/2026;04:00:00;0.653;0.111;236.94;2.75;0.0;0.0;55.0;16.2;79;Low;0.15
02/07/2026;05:00:00;0.784;0.108;235.55;3.33;0.0;0.0;55.0;15.8;83;Low;0.15
02/07/2026;06:00:00;1.627;0.352;242.15;6.72;0.0;0.0;55.0;15.3;86;Medium;0.5
02/07/2026;07:00:00;2.222;0.374;243.37;9.13;0.0;12.9;55.0;15.5;83;Medium;0.5
02/07/2026;08:00:00;2.773;0.422;233.95;11.85;0.0;15.2;55.0;16.6;75;Medium;0.5
02/07/2026;09:00:00;2.213;0.264;245.15;9.03;0.0;1.5;55.0;17.8;68;Medium;0.5
02/07/2026;10:00:00;1.221;0.248;239.97;5.09;0.0;0.0;55.0;19.6;60;Low;0.15
02/07/2026;11:00:00;0.677;0.068;240.81;2.81;0.0;0.0;55.0;21.6;59;Low;0.15
02/07/2026;12:00:00;0.709;0.037;235.88;3.0;0.0;0.0;55.0;21.4;63;Low;0.15
02/07/2026;13:00:00;0.618;0.052;243.7;2.54;0.0;0.0;55.0;21.5;65;Low;0.15
02/07/2026;14:00:00;0.627;0.043;240.56;2.61;0.0;0.0;55.0;23.0;60;Low;0.15
02/07/2026;15:00:00;1.007;0.105;243.19;4.14;0.0;0.0;55.0;23.5;59;Low;0.15
02/07/2026;16:00:00;1.238;0.236;243.42;5.09;0.0;0.0;55.0;24.3;56;Low;0.15
02/07/2026;17:00:00;1.997;0.321;243.74;8.19;0.0;0.0;55.0;25.7;49;Medium;0.5
02/07/2026;18:00:00;3.052;0.24;238.18;12.81;0.7;0.0;55.0;25.4;51;High;0.85
02/07/2026;19:00:00;3.572;0.658;239.42;14.92;10.3;0.0;55.0;24.5;53;High;0.85
02/07/2026;20:00:00;3.633;0.493;238.29;15.25;3.9;0.0;55.0;23.6;54;High;0.85
02/07/2026;21:00:00;3.226;0.442;242.51;13.3;16.1;0.0;55.0;22.3;56;High;0.85
02/07/2026;22:00:00;2.725;0.304;240.93;11.31;0.0;0.0;55.0;21.2;60;High;0.85
02/07/2026;23:00:00;1.744;0.344;242.99;7.18;0.0;0.0;55.0;20.2;65;Medium;0.5
03/07/2026;00:00:00;0.679;0.071;243.12;2.79;0.0;0.0;55.0;19.3;70;Low;0.15
03/07/2026;01:00:00;0.578;0.038;235.16;2.46;0.0;0.0;55.0;18.3;76;Low;0.15
03/07/2026;02:00:00;0.724;0.073;243.78;2.97;0.0;0.0;55.0;17.0;82;Low;0.15
03/07/2026;03:00:00;0.594;0.102;242.66;2.45;0.0;0.0;55.0;16.5;85;Low;0.15
03/07/2026;04:00:00;0.701;0.113;238.97;2.93;0.0;0.0;55.0;16.1;87;Low;0.15
03/07/2026;05:00:00;1.037;0.085;240.98;4.3;0.0;0.0;55.0;15.5;89;Low;0.15
03/07/2026;06:00:00;1.558;0.107;239.65;6.5;0.0;0.0;55.0;15.1;91;Medium;0.5
03/07/2026;07:00:00;2.129;0.346;241.72;8.81;0.0;7.3;55.0;15.5;89;Medium;0.5
03/07/2026;08:00:00;2.52;0.416;238.96;10.54;0.0;14.2;55.0;16.6;83;Medium;0.5
03/07/2026;09:00:00;2.386;0.268;241.34;9.89;0.0;13.7;55.0;18.6;73;Medium;0.5
03/07/2026;10:00:00;1.387;0.268;240.19;5.77;0.0;0.0;55.0;20.2;65;Low;0.15
03/07/2026;11:00:00;0.88;0.19;238.79;3.68;0.0;0.0;55.0;22.0;59;Low;0.15
03/07/2026;12:00:00;0.789;0.067;240.53;3.28;0.0;0.0;55.0;23.6;52;Low;0.15
03/07/2026;13:00:00;0.963;0.143;247.58;3.89;0.0;0.0;55.0;25.0;44;Low;0.15
03/07/2026;14:00:00;0.981;0.05;238.08;4.12;0.0;0.0;55.0;26.7;36;Low;0.15
03/07/2026;15:00:00;1.239;0.212;239.3;5.18;0.0;0.0;55.0;27.5;31;Low;0.15
03/07/2026;16:00:00;1.378;0.166;238.13;5.79;0.0;0.0;55.0;27.8;30;Low;0.15
03/07/2026;17:00:00;2.078;0.172;238.42;8.72;0.0;0.0;55.0;27.8;30;Medium;0.5
03/07/2026;18:00:00;3.035;0.54;242.28;12.53;23.3;0.0;55.0;27.7;30;High;0.85
03/07/2026;19:00:00;3.7;0.695;242.0;15.29;12.6;0.0;55.0;27.4;30;High;0.85
03/07/2026;20:00:00;3.991;0.275;239.98;16.63;0.5;0.0;55.0;27.1;28;High;0.85
03/07/2026;21:00:00;3.617;0.206;242.87;14.89;20.4;0.0;55.0;25.6;30;High;0.85
03/07/2026;22:00:00;2.394;0.256;242.22;9.88;0.0;0.0;55.0;23.5;32;High;0.85
03/07/2026;23:00:00;3.631;0.568;239.55;15.16;0.0;0.0;55.0;22.1;34;Medium;0.5
04/07/2026;00:00:00;0.623;0.115;235.71;2.64;0.0;0.0;55.0;20.6;38;Low;0.15
04/07/2026;01:00:00;0.813;0.116;242.32;3.36;0.0;0.0;55.0;19.4;43;Low;0.15
04/07/2026;02:00:00;0.555;0.083;240.48;2.31;0.0;0.0;55.0;17.2;53;Low;0.15
04/07/2026;03:00:00;0.686;0.128;240.06;2.86;0.0;0.0;55.0;16.3;58;Low;0.15
04/07/2026;04:00:00;0.868;0.121;238.7;3.64;0.0;0.0;55.0;15.6;62;Low;0.15
04/07/2026;05:00:00;0.808;0.124;242.09;3.34;0.0;0.0;55.0;14.8;67;Low;0.15
04/07/2026;06:00:00;1.822;0.251;240.98;7.56;0.0;0.0;55.0;14.1;71;Medium;0.5
04/07/2026;07:00:00;2.47;0.493;239.34;10.32;0.0;6.3;55.0;14.0;73;Medium;0.5
04/07/2026;08:00:00;2.83;0.255;236.57;11.96;0.0;6.6;55.0;15.5;68;Medium;0.5
04/07/2026;09:00:00;2.41;0.229;242.99;9.92;0.0;2.5;55.0;18.3;57;Medium;0.5
04/07/2026;10:00:00;1.656;0.119;241.69;6.85;0.0;0.0;55.0;21.0;46;Medium;0.5
04/07/2026;11:00:00;1.836;0.348;240.72;7.63;0.0;0.0;55.0;23.4;33;High;0.85
04/07/2026;12:00:00;1.601;0.192;232.56;6.88;0.0;0.0;55.0;25.4;23;High;0.85
04/07/2026;13:00:00;1.711;0.187;239.89;7.13;0.0;0.0;55.0;27.0;19;High;0.85
04/07/2026;14:00:00;1.788;0.388;239.32;7.47;0.0;0.0;55.0;28.5;20;High;0.85
04/07/2026;15:00:00;1.732;0.36;238.27;7.27;0.0;0.0;55.0;29.3;22;High;0.85
04/07/2026;16:00:00;1.978;0.426;242.11;8.17;0.0;0.0;55.0;30.0;24;Medium;0.5
04/07/2026;17:00:00;2.576;0.191;242.0;10.65;0.0;0.0;55.0;30.1;26;Medium;0.5
04/07/2026;18:00:00;3.4;0.685;241.22;14.1;11.7;0.0;55.0;29.8;31;High;0.85
04/07/2026;19:00:00;4.256;0.451;242.91;17.52;13.3;0.0;55.0;28.7;37;High;0.85
04/07/2026;20:00:00;7.99;0.417;237.14;33.69;15.9;0.0;55.0;27.9;37;High;0.85
04/07/2026;21:00:00;4.144;0.483;238.73;17.36;18.3;0.0;55.0;26.2;41;High;0.85
04/07/2026;22:00:00;3.02;0.412;240.21;12.57;0.0;0.0;55.0;24.5;50;High;0.85
04/07/2026;23:00:00;1.799;0.123;238.26;7.55;0.0;0.0;55.0;23.1;57;Medium;0.5
05/07/2026;00:00:00;0.626;0.089;242.04;2.59;0.0;0.0;55.0;21.4;64;Low;0.15
05/07/2026;01:00:00;0.806;0.153;238.54;3.38;0.0;0.0;55.0;20.1;70;Low;0.15
05/07/2026;02:00:00;0.48;0.055;243.64;1.97;0.0;0.0;55.0;19.3;73;Low;0.15
05/07/2026;03:00:00;0.463;0.051;237.39;1.95;0.0;0.0;55.0;18.6;76;Low;0.15
05/07/2026;04:00:00;0.727;0.078;245.97;2.96;0.0;0.0;55.0;18.0;79;Low;0.15
05/07/2026;05:00:00;0.883;0.183;245.68;3.59;0.0;0.0;55.0;17.4;83;Low;0.15
05/07/2026;06:00:00;1.729;0.101;239.73;7.21;0.0;0.0;55.0;16.9;87;Medium;0.5
05/07/2026;07:00:00;2.585;0.325;243.21;10.63;0.0;1.9;55.0;17.2;87;Medium;0.5
05/07/2026;08:00:00;2.825;0.268;238.88;11.83;0.0;18.3;55.0;18.3;82;Medium;0.5
05/07/2026;09:00:00;2.303;0.465;242.84;9.48;0.0;12.4;55.0;19.8;74;Medium;0.5
05/07/2026;10:00:00;1.933;0.128;239.51;8.07;0.0;0.0;55.0;21.7;62;Medium;0.5
05/07/2026;11:00:00;1.432;0.172;236.4;6.06;0.0;0.0;55.0;23.0;57;High;0.85
05/07/2026;12:00:00;1.33;0.159;230.11;5.78;0.0;0.0;55.0;24.4;51;High;0.85
05/07/2026;13:00:00;1.623;0.326;239.25;6.79;0.0;0.0;55.0;25.9;46;High;0.85
05/07/2026;14:00:00;1.596;0.138;240.78;6.63;0.0;0.0;55.0;27.2;43;High;0.85
05/07/2026;15:00:00;1.806;0.288;243.72;7.41;0.0;0.0;55.0;28.3;40;High;0.85
05/07/2026;16:00:00;1.907;0.139;240.1;7.94;0.0;0.0;55.0;29.0;37;Medium;0.5
05/07/2026;17:00:00;2.497;0.53;242.81;10.29;0.0;0.0;55.0;29.1;35;Medium;0.5
05/07/2026;18:00:00;3.396;0.512;238.73;14.23;3.6;0.0;55.0;29.1;36;High;0.85
05/07/2026;19:00:00;4.311;0.675;239.06;18.03;20.3;0.0;55.0;28.7;38;High;0.85
05/07/2026;20:00:00;4.198;0.519;242.95;17.28;14.6;0.0;55.0;27.8;41;High;0.85
05/07/2026;21:00:00;4.083;0.442;233.1;17.52;18.5;0.0;55.0;26.8;45;High;0.85
05/07/2026;22:00:00;3.074;0.265;240.04;12.8;0.0;0.0;55.0;25.7;50;High;0.85
05/07/2026;23:00:00;2.174;0.332;238.88;9.1;0.0;0.0;55.0;24.7;54;Medium;0.5
06/07/2026;00:00:00;0.797;0.169;243.81;3.27;0.0;0.0;55.0;23.5;58;Low;0.15
06/07/2026;01:00:00;0.635;0.071;238.52;2.66;0.0;0.0;55.0;22.5;63;Low;0.15
06/07/2026;02:00:00;0.729;0.146;241.45;3.02;0.0;0.0;55.0;20.9;68;Low;0.15
06/07/2026;03:00:00;0.758;0.057;242.58;3.13;0.0;0.0;55.0;20.0;72;Low;0.15
06/07/2026;04:00:00;0.775;0.162;235.82;3.29;0.0;0.0;55.0;19.0;76;Low;0.15
06/07/2026;05:00:00;0.79;0.087;239.61;3.3;0.0;0.0;55.0;18.2;80;Low;0.15
06/07/2026;06:00:00;1.575;0.18;238.79;6.6;0.0;0.0;55.0;17.6;84;Medium;0.5
06/07/2026;07:00:00;2.286;0.294;242.65;9.42;0.0;14.0;55.0;17.7;83;Medium;0.5
06/07/2026;08:00:00;2.621;0.451;241.89;10.83;0.0;1.4;55.0;18.8;78;Medium;0.5
06/07/2026;09:00:00;2.361;0.407;239.35;9.87;0.0;14.4;55.0;21.1;66;Medium;0.5
06/07/2026;10:00:00;1.272;0.167;237.07;5.37;0.0;0.0;55.0;23.4;56;Low;0.15
06/07/2026;11:00:00;1.222;0.17;242.91;5.03;0.0;0.0;55.0;25.7;48;Low;0.15
06/07/2026;12:00:00;1.147;0.063;239.81;4.78;0.0;0.0;55.0;27.8;38;Low;0.15
06/07/2026;13:00:00;1.214;0.124;235.47;5.16;0.0;0.0;55.0;29.8;30;Low;0.15
06/07/2026;14:00:00;1.399;0.152;235.71;5.94;0.0;0.0;55.0;31.8;22;Low;0.15
06/07/2026;15:00:00;1.611;0.234;241.23;6.68;0.0;0.0;55.0;32.8;18;Low;0.15
06/07/2026;16:00:00;1.547;0.224;236.43;6.54;0.0;0.0;55.0;33.5;17;Low;0.15
06/07/2026;17:00:00;4.57;0.78;245.21;18.64;0.0;0.0;55.0;33.7;17;Medium;0.5
06/07/2026;18:00:00;3.492;0.6;237.38;14.71;11.8;0.0;55.0;33.7;17;High;0.85
06/07/2026;19:00:00;4.287;0.386;240.0;17.86;7.5;0.0;55.0;33.6;17;High;0.85
06/07/2026;20:00:00;4.411;0.798;240.45;18.34;12.9;0.0;55.0;33.3;17;High;0.85
06/07/2026;21:00:00;4.108;0.219;237.96;17.26;20.6;0.0;55.0;32.3;19;High;0.85
06/07/2026;22:00:00;3.445;0.592;233.73;14.74;0.0;0.0;55.0;30.1;25;High;0.85
06/07/2026;23:00:00;2.316;0.156;240.53;9.63;0.0;0.0;55.0;28.4;29;Medium;0.5
07/07/2026;00:00:00;1.161;0.202;237.89;4.88;0.0;0.0;55.0;27.1;31;Low;0.15
07/07/2026;01:00:00;0.933;0.13;240.33;3.88;0.0;0.0;55.0;26.0;36;Low;0.15
07/07/2026;02:00:00;0.877;0.109;239.66;3.66;0.0;0.0;55.0;24.0;45;Low;0.15
07/07/2026;03:00:00;0.726;0.121;240.74;3.01;0.0;0.0;55.0;23.0;45;Low;0.15
07/07/2026;04:00:00;2.699;0.152;244.37;11.05;0.0;0.0;55.0;22.1;46;Low;0.15
07/07/2026;05:00:00;0.934;0.082;238.47;3.91;0.0;0.0;55.0;21.6;49;Low;0.15
07/07/2026;06:00:00;1.564;0.242;238.69;6.55;0.0;0.0;55.0;21.1;52;Medium;0.5
07/07/2026;07:00:00;2.436;0.473;235.34;10.35;0.0;7.1;55.0;21.4;52;Medium;0.5
07/07/2026;08:00:00;2.649;0.304;239.45;11.06;0.0;3.8;55.0;22.5;49;Medium;0.5
07/07/2026;09:00:00;2.62;0.246;241.15;10.87;0.0;16.5;55.0;25.4;40;Medium;0.5
07/07/2026;10:00:00;1.995;0.276;238.65;8.36;0.0;0.0;55.0;28.1;31;Low;0.15
07/07/2026;11:00:00;3.628;0.565;241.17;15.04;0.0;0.0;55.0;29.9;26;Low;0.15
07/07/2026;12:00:00;1.299;0.158;239.5;5.42;0.0;0.0;55.0;31.1;26;Low;0.15
07/07/2026;13:00:00;1.535;0.305;236.35;6.49;0.0;0.0;55.0;32.2;25;Low;0.15
07/07/2026;14:00:00;1.687;0.234;240.87;7.0;0.0;0.0;55.0;33.4;21;Low;0.15
07/07/2026;15:00:00;1.793;0.101;239.42;7.49;0.0;0.0;55.0;33.7;20;Low;0.15
07/07/2026;16:00:00;1.82;0.16;240.34;7.57;0.0;0.0;55.0;33.8;20;Low;0.15
07/07/2026;17:00:00;2.526;0.32;238.41;10.6;0.0;0.0;55.0;33.1;21;Medium;0.5
07/07/2026;18:00:00;3.575;0.603;238.16;15.01;21.9;0.0;55.0;32.4;19;High;0.85
07/07/2026;19:00:00;3.997;0.349;240.44;16.62;23.4;0.0;55.0;31.6;18;High;0.85
07/07/2026;20:00:00;4.278;0.924;239.35;17.87;2.2;0.0;55.0;31.0;19;High;0.85
07/07/2026;21:00:00;4.071;0.424;244.83;16.63;22.1;0.0;55.0;29.6;21;High;0.85
07/07/2026;22:00:00;3.11;0.437;242.24;12.84;0.0;0.0;55.0;27.9;25;High;0.85
07/07/2026;23:00:00;1.983;0.106;241.53;8.21;0.0;0.0;55.0;26.4;29;Medium;0.5
08/07/2026;00:00:00;0.815;0.163;239.5;3.4;0.0;0.0;55.0;25.0;33;Low;0.15
08/07/2026;01:00:00;0.832;0.153;234.33;3.55;0.0;0.0;55.0;23.7;36;Low;0.15
08/07/2026;02:00:00;0.53;0.044;237.74;2.23;0.0;0.0;55.0;21.7;44;Low;0.15
08/07/2026;03:00:00;0.644;0.134;238.19;2.71;0.0;0.0;55.0;20.8;47;Low;0.15
08/07/2026;04:00:00;0.744;0.077;239.23;3.11;0.0;0.0;55.0;19.8;51;Low;0.15
08/07/2026;05:00:00;1.022;0.171;239.91;4.26;0.0;0.0;55.0;19.2;54;Low;0.15
08/07/2026;06:00:00;1.691;0.32;241.84;6.99;0.0;0.0;55.0;18.7;56;Medium;0.5
08/07/2026;07:00:00;2.215;0.39;240.76;9.2;0.0;6.0;55.0;18.9;57;Medium;0.5
08/07/2026;08:00:00;2.743;0.565;243.25;11.28;0.0;4.2;55.0;20.6;52;Medium;0.5
08/07/2026;09:00:00;2.32;0.457;239.13;9.7;0.0;8.3;55.0;22.8;47;Medium;0.5
08/07/2026;10:00:00;1.494;0.327;240.72;6.21;0.0;0.0;55.0;25.2;41;Low;0.15
08/07/2026;11:00:00;1.315;0.107;240.96;5.46;0.0;0.0;55.0;27.5;36;Low;0.15
08/07/2026;12:00:00;1.448;0.147;240.69;6.01;0.0;0.0;55.0;29.4;31;Low;0.15
08/07/2026;13:00:00;1.403;0.222;243.59;5.76;0.0;0.0;55.0;30.9;28;Low;0.15
08/07/2026;14:00:00;1.507;0.263;242.25;6.22;0.0;0.0;55.0;32.2;27;Low;0.15
08/07/2026;15:00:00;1.812;0.255;236.31;7.67;0.0;0.0;55.0;33.0;27;Low;0.15
08/07/2026;16:00:00;1.748;0.109;239.68;7.29;0.0;0.0;55.0;33.3;27;Low;0.15
08/07/2026;17:00:00;2.528;0.488;239.96;10.53;0.0;0.0;55.0;33.9;27;Medium;0.5
08/07/2026;18:00:00;3.402;0.726;246.02;13.83;2.1;0.0;55.0;33.5;28;High;0.85
08/07/2026;19:00:00;4.231;0.503;239.08;17.7;3.5;0.0;55.0;33.1;28;High;0.85
08/07/2026;20:00:00;4.436;0.391;237.25;18.7;22.1;0.0;55.0;32.4;30;High;0.85
08/07/2026;21:00:00;4.188;0.223;241.23;17.36;12.3;0.0;55.0;31.1;33;High;0.85
08/07/2026;22:00:00;3.34;0.302;241.39;13.83;0.0;0.0;55.0;30.4;35;High;0.85
08/07/2026;23:00:00;2.232;0.377;239.79;9.31;0.0;0.0;55.0;29.1;41;Medium;0.5
09/07/2026;00:00:00;1.135;0.233;239.38;4.74;0.0;0.0;55.0;27.9;45;Low;0.15
09/07/2026;01:00:00;1.066;0.07;242.66;4.39;0.0;0.0;55.0;26.9;49;Low;0.15
09/07/2026;02:00:00;0.736;0.106;237.61;3.1;0.0;0.0;55.0;25.0;56;Low;0.15
09/07/2026;03:00:00;1.116;0.188;239.05;4.67;0.0;0.0;55.0;24.2;59;Low;0.15
09/07/2026;04:00:00;0.875;0.085;238.54;3.67;0.0;0.0;55.0;23.4;62;Low;0.15
09/07/2026;05:00:00;2.97;0.436;243.06;12.22;0.0;0.0;55.0;22.7;65;Low;0.15
09/07/2026;06:00:00;1.685;0.289;240.8;7.0;0.0;0.0;55.0;22.0;68;Medium;0.5
09/07/2026;07:00:00;4.357;0.838;237.02;18.38;0.0;14.6;55.0;21.9;68;Medium;0.5
09/07/2026;08:00:00;2.683;0.341;237.3;11.31;0.0;18.9;55.0;22.9;66;Medium;0.5
09/07/2026;09:00:00;2.439;0.432;245.25;9.95;0.0;10.1;55.0;24.7;59;Medium;0.5
09/07/2026;10:00:00;1.773;0.18;243.03;7.3;0.0;0.0;55.0;26.4;50;Low;0.15
09/07/2026;11:00:00;1.395;0.12;242.36;5.76;0.0;0.0;55.0;27.8;44;Low;0.15
09/07/2026;12:00:00;1.199;0.098;240.03;4.99;0.0;0.0;55.0;29.1;39;Low;0.15
09/07/2026;13:00:00;1.472;0.163;244.22;6.03;0.0;0.0;55.0;30.2;36;Low;0.15
09/07/2026;14:00:00;3.487;0.196;236.91;14.72;0.0;0.0;55.0;31.6;31;Low;0.15
09/07/2026;15:00:00;1.665;0.163;242.11;6.88;0.0;0.0;55.0;32.3;28;Low;0.15
09/07/2026;16:00:00;1.99;0.32;238.76;8.34;0.0;0.0;55.0;32.8;27;Low;0.15
09/07/2026;17:00:00;2.586;0.414;239.3;10.81;0.0;0.0;55.0;33.0;25;Medium;0.5
09/07/2026;18:00:00;3.547;0.222;242.03;14.65;16.2;0.0;55.0;32.9;25;High;0.85
09/07/2026;19:00:00;4.21;0.416;239.6;17.57;7.1;0.0;55.0;32.3;25;High;0.85
09/07/2026;20:00:00;4.299;0.631;238.78;18.0;13.3;0.0;55.0;31.8;25;High;0.85
09/07/2026;21:00:00;3.991;0.416;238.61;16.73;3.1;0.0;55.0;30.5;29;High;0.85
09/07/2026;22:00:00;3.232;0.391;234.44;13.78;0.0;0.0;55.0;29.2;35;High;0.85
09/07/2026;23:00:00;2.097;0.359;242.14;8.66;0.0;0.0;55.0;28.1;41;Medium;0.5
10/07/2026;00:00:00;1.294;0.067;237.18;5.46;0.0;0.0;55.0;27.0;47;Low;0.15
10/07/2026;01:00:00;0.842;0.082;245.2;3.43;0.0;0.0;55.0;26.0;51;Low;0.15
10/07/2026;02:00:00;0.725;0.054;239.19;3.03;0.0;0.0;55.0;24.4;55;Low;0.15
10/07/2026;03:00:00;0.928;0.067;243.67;3.81;0.0;0.0;55.0;23.6;57;Low;0.15
10/07/2026;04:00:00;0.854;0.182;234.93;3.64;0.0;0.0;55.0;22.9;59;Low;0.15
10/07/2026;05:00:00;0.806;0.092;242.05;3.33;0.0;0.0;55.0;22.2;62;Low;0.15
10/07/2026;06:00:00;1.685;0.235;242.77;6.94;0.0;0.0;55.0;21.7;63;Medium;0.5
10/07/2026;07:00:00;2.433;0.425;243.65;9.99;0.0;16.2;55.0;21.8;63;Medium;0.5
10/07/2026;08:00:00;2.71;0.157;235.72;11.5;0.0;18.5;55.0;23.1;57;Medium;0.5
10/07/2026;09:00:00;2.786;0.253;238.03;11.7;0.0;11.2;55.0;25.0;49;Medium;0.5
10/07/2026;10:00:00;5.105;0.977;241.61;21.13;0.0;0.0;55.0;27.2;42;Low;0.15
10/07/2026;11:00:00;1.546;0.304;240.42;6.43;0.0;0.0;55.0;29.3;36;Low;0.15
10/07/2026;12:00:00;1.541;0.175;240.82;6.4;0.0;0.0;55.0;30.9;33;Low;0.15
10/07/2026;13:00:00;1.563;0.178;238.99;6.54;0.0;0.0;55.0;32.0;30;Low;0.15
10/07/2026;14:00:00;1.573;0.281;244.34;6.44;0.0;0.0;55.0;33.3;24;Low;0.15
10/07/2026;15:00:00;1.643;0.165;247.3;6.64;0.0;0.0;55.0;33.3;24;Low;0.15
10/07/2026;16:00:00;1.928;0.135;240.29;8.02;0.0;0.0;55.0;33.2;25;Low;0.15
10/07/2026;17:00:00;2.714;0.254;241.27;11.25;0.0;0.0;55.0;33.6;25;Medium;0.5
10/07/2026;18:00:00;3.639;0.422;240.16;15.15;4.4;0.0;55.0;33.7;25;High;0.85
10/07/2026;19:00:00;4.329;0.255;243.6;17.77;21.0;0.0;55.0;33.5;27;High;0.85
10/07/2026;20:00:00;4.406;0.579;242.32;18.18;8.2;0.0;55.0;33.5;26;High;0.85
10/07/2026;21:00:00;4.147;0.729;237.01;17.5;24.7;0.0;55.0;32.8;27;High;0.85
10/07/2026;22:00:00;3.221;0.442;238.28;13.52;0.0;0.0;55.0;30.4;39;High;0.85
10/07/2026;23:00:00;2.21;0.137;237.17;9.32;0.0;0.0;55.0;28.8;41;Medium;0.5
11/07/2026;00:00:00;1.236;0.154;247.55;4.99;0.0;0.0;55.0;27.9;41;Low;0.15
11/07/2026;01:00:00;1.073;0.183;241.78;4.44;0.0;0.0;55.0;27.0;41;Low;0.15
11/07/2026;02:00:00;1.228;0.074;238.33;5.15;0.0;0.0;55.0;25.8;45;Low;0.15
11/07/2026;03:00:00;0.937;0.056;238.11;3.94;0.0;0.0;55.0;25.1;45;Low;0.15
11/07/2026;04:00:00;0.908;0.103;242.25;3.75;0.0;0.0;55.0;24.3;46;Low;0.15
11/07/2026;05:00:00;1.066;0.089;242.53;4.39;0.0;0.0;55.0;23.6;46;Low;0.15
11/07/2026;06:00:00;1.745;0.365;242.23;7.2;0.0;0.0;55.0;23.0;47;Medium;0.5
11/07/2026;07:00:00;2.557;0.381;238.81;10.71;0.0;16.7;55.0;22.9;47;Medium;0.5
11/07/2026;08:00:00;3.137;0.31;240.86;13.02;0.0;17.1;55.0;23.8;46;Medium;0.5
11/07/2026;09:00:00;2.798;0.475;240.31;11.64;0.0;9.7;55.0;25.7;42;Medium;0.5
11/07/2026;10:00:00;2.105;0.239;237.38;8.87;0.0;0.0;55.0;27.7;38;Medium;0.5
11/07/2026;11:00:00;1.984;0.144;237.41;8.36;0.0;0.0;55.0;29.8;34;High;0.85
11/07/2026;12:00:00;1.983;0.179;241.15;8.22;0.0;0.0;55.0;31.8;29;High;0.85
11/07/2026;13:00:00;2.096;0.334;240.55;8.72;0.0;0.0;55.0;33.1;25;High;0.85
11/07/2026;14:00:00;2.33;0.137;241.55;9.65;0.0;0.0;55.0;34.4;21;High;0.85
11/07/2026;15:00:00;2.215;0.213;242.21;9.14;0.0;0.0;55.0;35.0;20;High;0.85
11/07/2026;16:00:00;2.331;0.199;244.2;9.54;0.0;0.0;55.0;35.3;20;Medium;0.5
11/07/2026;17:00:00;2.891;0.243;237.83;12.16;0.0;0.0;55.0;35.2;20;Medium;0.5
11/07/2026;18:00:00;3.71;0.616;241.76;15.35;7.4;0.0;55.0;34.9;21;High;0.85
11/07/2026;19:00:00;4.508;0.858;242.1;18.62;23.1;0.0;55.0;34.1;24;High;0.85
11/07/2026;20:00:00;4.832;0.83;239.13;20.2;22.6;0.0;55.0;33.9;25;High;0.85
11/07/2026;21:00:00;7.892;1.2;240.34;32.83;20.0;0.0;55.0;32.6;28;High;0.85
11/07/2026;22:00:00;3.601;0.741;239.2;15.05;0.0;0.0;55.0;31.0;32;High;0.85
11/07/2026;23:00:00;2.421;0.145;245.9;9.85;0.0;0.0;55.0;29.7;33;Medium;0.5
12/07/2026;00:00:00;1.127;0.088;240.29;4.69;0.0;0.0;55.0;28.5;35;Low;0.15
12/07/2026;01:00:00;1.145;0.138;241.26;4.75;0.0;0.0;55.0;27.5;37;Low;0.15
12/07/2026;02:00:00;1.123;0.127;239.26;4.7;0.0;0.0;55.0;25.6;44;Low;0.15
12/07/2026;03:00:00;1.066;0.129;238.66;4.47;0.0;0.0;55.0;24.9;47;Low;0.15
12/07/2026;04:00:00;4.194;0.357;236.35;17.74;0.0;0.0;55.0;24.1;51;Low;0.15
12/07/2026;05:00:00;1.089;0.082;243.08;4.48;0.0;0.0;55.0;23.3;54;Low;0.15
12/07/2026;06:00:00;1.775;0.242;242.15;7.33;0.0;0.0;55.0;22.8;56;Medium;0.5
12/07/2026;07:00:00;2.578;0.536;239.16;10.78;0.0;4.9;55.0;22.9;55;Medium;0.5
12/07/2026;08:00:00;3.0;0.35;237.48;12.63;0.0;6.4;55.0;24.0;50;Medium;0.5
12/07/2026;09:00:00;2.822;0.162;240.5;11.73;0.0;8.6;55.0;26.0;42;Medium;0.5
12/07/2026;10:00:00;2.224;0.378;238.61;9.32;0.0;0.0;55.0;28.0;37;Medium;0.5
12/07/2026;11:00:00;2.042;0.203;239.38;8.53;0.0;0.0;55.0;30.1;33;High;0.85
12/07/2026;12:00:00;1.947;0.178;236.46;8.23;0.0;0.0;55.0;31.9;27;High;0.85
12/07/2026;13:00:00;2.012;0.212;240.61;8.36;0.0;0.0;55.0;32.7;26;High;0.85
12/07/2026;14:00:00;2.21;0.382;240.66;9.18;0.0;0.0;55.0;34.1;22;High;0.85
12/07/2026;15:00:00;2.369;0.448;243.07;9.75;0.0;0.0;55.0;34.5;21;High;0.85
12/07/2026;16:00:00;2.408;0.361;239.58;10.05;0.0;0.0;55.0;34.8;21;Medium;0.5
12/07/2026;17:00:00;2.804;0.294;239.07;11.73;0.0;0.0;55.0;34.9;20;Medium;0.5
12/07/2026;18:00:00;3.914;0.402;235.64;16.61;5.9;0.0;55.0;34.8;20;High;0.85
12/07/2026;19:00:00;4.719;0.336;243.08;19.41;6.7;0.0;55.0;34.5;19;High;0.85
12/07/2026;20:00:00;5.032;1.05;242.5;20.75;18.7;0.0;55.0;34.1;19;High;0.85
12/07/2026;21:00:00;4.489;0.711;240.08;18.7;22.2;0.0;55.0;32.9;21;High;0.85
12/07/2026;22:00:00;3.599;0.196;236.28;15.23;0.0;0.0;55.0;31.5;23;High;0.85
12/07/2026;23:00:00;2.496;0.406;236.6;10.55;0.0;0.0;55.0;30.2;28;Medium;0.5
13/07/2026;00:00:00;1.076;0.136;238.47;4.51;0.0;0.0;55.0;28.6;36;Low;0.15
13/07/2026;01:00:00;1.083;0.233;242.7;4.46;0.0;0.0;55.0;27.5;39;Low;0.15
13/07/2026;02:00:00;1.058;0.2;240.81;4.39;0.0;0.0;55.0;26.0;44;Low;0.15
13/07/2026;03:00:00;1.005;0.08;235.82;4.26;0.0;0.0;55.0;25.4;45;Low;0.15
13/07/2026;04:00:00;0.9;0.155;241.13;3.73;0.0;0.0;55.0;24.7;47;Low;0.15
13/07/2026;05:00:00;1.09;0.145;237.65;4.59;0.0;0.0;55.0;24.2;50;Low;0.15
13/07/2026;06:00:00;3.693;0.302;238.54;15.48;0.0;0.0;55.0;23.9;50;Medium;0.5
13/07/2026;07:00:00;2.501;0.422;242.72;10.3;0.0;0.6;55.0;23.8;48;Medium;0.5
13/07/2026;08:00:00;2.777;0.397;242.14;11.47;0.0;3.7;55.0;24.0;48;Medium;0.5
13/07/2026;09:00:00;2.547;0.14;243.06;10.48;0.0;19.1;55.0;25.6;43;Medium;0.5
13/07/2026;10:00:00;1.717;0.275;239.94;7.16;0.0;0.0;55.0;26.9;39;Low;0.15
13/07/2026;11:00:00;3.454;0.546;242.47;14.25;0.0;0.0;55.0;29.1;34;Low;0.15
13/07/2026;12:00:00;1.403;0.105;238.36;5.89;0.0;0.0;55.0;31.2;29;Low;0.15
13/07/2026;13:00:00;1.628;0.178;239.28;6.8;0.0;0.0;55.0;33.1;24;Low;0.15
13/07/2026;14:00:00;1.562;0.234;239.09;6.53;0.0;0.0;55.0;33.4;21;Low;0.15
13/07/2026;15:00:00;1.943;0.143;240.07;8.09;0.0;0.0;55.0;34.7;20;Low;0.15
13/07/2026;16:00:00;2.086;0.407;236.4;8.82;0.0;0.0;55.0;33.9;20;Low;0.15
13/07/2026;17:00:00;2.575;0.141;239.37;10.76;0.0;0.0;55.0;34.0;19;Medium;0.5
13/07/2026;18:00:00;3.642;0.246;244.06;14.92;11.1;0.0;55.0;34.4;19;High;0.85
13/07/2026;19:00:00;4.2;0.293;236.94;17.73;16.9;0.0;55.0;34.0;19;High;0.85
13/07/2026;20:00:00;4.363;0.61;236.28;18.46;19.4;0.0;55.0;32.1;26;High;0.85
13/07/2026;21:00:00;4.122;0.641;236.5;17.43;0.8;0.0;55.0;29.7;39;High;0.85
13/07/2026;22:00:00;3.156;0.374;247.45;12.76;0.0;0.0;55.0;28.8;42;High;0.85
13/07/2026;23:00:00;2.22;0.22;241.3;9.2;0.0;0.0;55.0;28.0;44;Medium;0.5
14/07/2026;00:00:00;1.141;0.214;239.24;4.77;0.0;0.0;55.0;27.3;45;Low;0.15
14/07/2026;01:00:00;0.922;0.057;240.19;3.84;0.0;0.0;55.0;26.5;48;Low;0.15
14/07/2026;02:00:00;0.85;0.083;240.64;3.53;0.0;0.0;55.0;25.4;55;Low;0.15
14/07/2026;03:00:00;0.732;0.041;238.21;3.07;0.0;0.0;55.0;24.3;58;Low;0.15
14/07/2026;04:00:00;0.734;0.038;238.55;3.08;0.0;0.0;55.0;23.4;63;Low;0.15
14/07/2026;05:00:00;0.632;0.07;239.56;2.64;0.0;0.0;55.0;22.3;67;Low;0.15
14/07/2026;06:00:00;1.678;0.14;237.97;7.05;0.0;0.0;55.0;21.6;69;Medium;0.5
14/07/2026;07:00:00;2.492;0.238;238.89;10.43;0.0;4.6;55.0;21.3;70;Medium;0.5
14/07/2026;08:00:00;2.64;0.5;240.99;10.95;0.0;5.5;55.0;21.6;70;Medium;0.5
14/07/2026;09:00:00;2.225;0.173;237.21;9.38;0.0;6.2;55.0;23.0;65;Medium;0.5
14/07/2026;10:00:00;1.529;0.279;247.31;6.18;0.0;0.0;55.0;24.9;58;Low;0.15
14/07/2026;11:00:00;1.239;0.204;242.11;5.12;0.0;0.0;55.0;26.9;52;Low;0.15
14/07/2026;12:00:00;1.138;0.12;236.44;4.81;0.0;0.0;55.0;28.6;46;Low;0.15
14/07/2026;13:00:00;1.432;0.205;233.06;6.15;0.0;0.0;55.0;30.4;41;Low;0.15
14/07/2026;14:00:00;1.579;0.198;238.07;6.63;0.0;0.0;55.0;32.1;33;Low;0.15
14/07/2026;15:00:00;1.572;0.113;241.92;6.5;0.0;0.0;55.0;33.5;29;Low;0.15
14/07/2026;16:00:00;2.036;0.416;241.37;8.43;0.0;0.0;55.0;34.2;27;Low;0.15
14/07/2026;17:00:00;2.849;0.418;239.69;11.89;0.0;0.0;55.0;34.4;26;Medium;0.5
14/07/2026;18:00:00;3.817;0.762;238.32;16.02;22.8;0.0;55.0;34.3;27;High;0.85
14/07/2026;19:00:00;4.512;0.858;237.47;19.0;18.4;0.0;55.0;33.5;29;High;0.85
14/07/2026;20:00:00;4.337;0.276;238.87;18.16;2.3;0.0;55.0;32.5;30;High;0.85
14/07/2026;21:00:00;4.38;0.373;237.17;18.47;21.7;0.0;55.0;31.9;31;High;0.85
14/07/2026;22:00:00;3.328;0.249;238.88;13.93;0.0;0.0;55.0;31.0;33;High;0.85
14/07/2026;23:00:00;2.293;0.438;243.73;9.41;0.0;0.0;55.0;30.1;36;Medium;0.5
15/07/2026;00:00:00;1.263;0.248;237.84;5.31;0.0;0.0;55.0;29.1;39;Low;0.15
15/07/2026;01:00:00;1.116;0.156;241.71;4.62;0.0;0.0;55.0;28.4;40;Low;0.15
15/07/2026;02:00:00;1.103;0.075;242.14;4.56;0.0;0.0;55.0;27.0;45;Low;0.15
15/07/2026;03:00:00;0.873;0.064;236.98;3.68;0.0;0.0;55.0;26.2;47;Low;0.15
15/07/2026;04:00:00;0.999;0.188;237.64;4.2;0.0;0.0;55.0;25.9;46;Low;0.15
15/07/2026;05:00:00;1.269;0.264;242.99;5.22;0.0;0.0;55.0;25.1;45;Low;0.15
15/07/2026;06:00:00;1.802;0.151;237.41;7.59;0.0;0.0;55.0;24.3;45;Medium;0.5
15/07/2026;07:00:00;2.444;0.127;239.84;10.19;0.0;16.8;55.0;23.8;47;Medium;0.5
15/07/2026;08:00:00;2.865;0.304;245.71;11.66;0.0;9.4;55.0;24.4;47;Medium;0.5
15/07/2026;09:00:00;2.683;0.148;242.74;11.05;0.0;14.3;55.0;25.5;45;Medium;0.5
15/07/2026;10:00:00;1.58;0.301;240.24;6.58;0.0;0.0;55.0;26.8;43;Low;0.15
15/07/2026;11:00:00;1.431;0.191;242.35;5.91;0.0;0.0;55.0;28.0;39;Low;0.15
15/07/2026;12:00:00;1.261;0.201;239.84;5.26;0.0;0.0;55.0;29.2;34;Low;0.15
15/07/2026;13:00:00;1.363;0.163;242.85;5.61;0.0;0.0;55.0;30.4;30;Low;0.15
15/07/2026;14:00:00;1.524;0.166;234.27;6.5;0.0;0.0;55.0;31.1;28;Low;0.15
15/07/2026;15:00:00;1.393;0.122;239.61;5.81;0.0;0.0;55.0;31.3;26;Low;0.15
15/07/2026;16:00:00;1.686;0.305;234.16;7.2;0.0;0.0;55.0;32.0;24;Low;0.15
15/07/2026;17:00:00;2.295;0.386;240.45;9.54;0.0;0.0;55.0;31.8;25;Medium;0.5
15/07/2026;18:00:00;3.356;0.374;239.34;14.02;14.1;0.0;55.0;31.6;26;High;0.85
15/07/2026;19:00:00;4.183;0.437;243.81;17.15;4.2;0.0;55.0;31.3;27;High;0.85
15/07/2026;20:00:00;4.247;0.213;241.99;17.55;4.4;0.0;55.0;30.4;31;High;0.85
15/07/2026;21:00:00;3.779;0.23;238.53;15.85;0.3;0.0;55.0;29.6;32;High;0.85
15/07/2026;22:00:00;3.139;0.489;238.86;13.14;0.0;0.0;55.0;28.8;33;High;0.85
15/07/2026;23:00:00;2.051;0.282;241.07;8.51;0.0;0.0;55.0;28.2;35;Medium;0.5
16/07/2026;00:00:00;0.982;0.122;238.4;4.12;0.0;0.0;55.0;27.4;37;Low;0.15
16/07/2026;01:00:00;1.045;0.199;239.91;4.36;0.0;0.0;55.0;26.3;38;Low;0.15
16/07/2026;02:00:00;0.786;0.107;243.69;3.22;0.0;0.0;55.0;25.0;41;Low;0.15
16/07/2026;03:00:00;0.948;0.109;237.68;3.99;0.0;0.0;55.0;24.1;43;Low;0.15
16/07/2026;04:00:00;0.792;0.061;238.75;3.32;0.0;0.0;55.0;23.1;45;Low;0.15
16/07/2026;05:00:00;0.917;0.174;239.14;3.84;0.0;0.0;55.0;22.2;46;Low;0.15
16/07/2026;06:00:00;1.596;0.236;248.84;6.41;0.0;0.0;55.0;21.6;48;Medium;0.5
16/07/2026;07:00:00;2.364;0.155;241.7;9.78;0.0;0.1;55.0;21.5;48;Medium;0.5
16/07/2026;08:00:00;2.719;0.436;243.17;11.18;0.0;12.0;55.0;22.2;48;Medium;0.5
16/07/2026;09:00:00;2.48;0.303;242.15;10.24;0.0;8.2;55.0;24.0;44;Medium;0.5
16/07/2026;10:00:00;1.738;0.327;242.34;7.17;0.0;0.0;55.0;26.0;41;Low;0.15
16/07/2026;11:00:00;1.343;0.277;241.33;5.57;0.0;0.0;55.0;27.9;37;Low;0.15
16/07/2026;12:00:00;1.374;0.209;241.02;5.7;0.0;0.0;55.0;29.6;33;Low;0.15
16/07/2026;13:00:00;1.369;0.239;235.94;5.8;0.0;0.0;55.0;31.1;30;Low;0.15
16/07/2026;14:00:00;1.41;0.084;241.0;5.85;0.0;0.0;55.0;31.0;31;Low;0.15
16/07/2026;15:00:00;1.565;0.227;239.7;6.53;0.0;0.0;55.0;32.3;28;Low;0.15
16/07/2026;16:00:00;1.806;0.322;241.53;7.48;0.0;0.0;55.0;32.8;26;Low;0.15
16/07/2026;17:00:00;2.523;0.339;239.8;10.52;0.0;0.0;55.0;33.1;26;Medium;0.5
16/07/2026;18:00:00;3.394;0.512;242.14;14.02;15.8;0.0;55.0;30.8;31;High;0.85
16/07/2026;19:00:00;3.437;0.697;242.63;14.16;4.8;0.0;55.0;21.8;93;High;0.85
16/07/2026;20:00:00;4.377;0.366;231.85;18.88;21.8;0.0;55.0;30.4;35;High;0.85
16/07/2026;21:00:00;3.548;0.237;238.79;14.86;17.6;0.0;55.0;26.6;49;High;0.85
16/07/2026;22:00:00;2.956;0.495;234.8;12.59;0.0;0.0;55.0;24.3;68;High;0.85
16/07/2026;23:00:00;1.712;0.325;240.67;7.11;0.0;0.0;55.0;22.5;87;Medium;0.5
17/07/2026;00:00:00;0.803;0.156;239.16;3.36;0.0;0.0;55.0;23.0;81;Low;0.15
17/07/2026;01:00:00;0.588;0.094;243.8;2.41;0.0;0.0;55.0;22.2;86;Low;0.15
17/07/2026;02:00:00;0.677;0.13;240.58;2.82;0.0;0.0;55.0;20.0;81;Low;0.15
17/07/2026;03:00:00;0.7;0.118;238.64;2.94;0.0;0.0;55.0;19.6;80;Low;0.15
17/07/2026;04:00:00;0.563;0.036;242.63;2.32;0.0;0.0;55.0;19.3;83;Low;0.15
17/07/2026;05:00:00;0.953;0.171;239.11;3.99;0.0;0.0;55.0;18.7;88;Low;0.15
17/07/2026;06:00:00;1.758;0.142;238.61;7.37;0.0;0.0;55.0;18.4;90;Medium;0.5
17/07/2026;07:00:00;2.269;0.205;241.1;9.41;0.0;6.5;55.0;18.5;92;Medium;0.5
17/07/2026;08:00:00;2.761;0.323;244.52;11.29;0.0;18.5;55.0;19.3;90;Medium;0.5
17/07/2026;09:00:00;2.267;0.235;242.39;9.35;0.0;0.0;55.0;20.7;83;Medium;0.5
17/07/2026;10:00:00;1.446;0.151;241.59;5.99;0.0;0.0;55.0;22.0;75;Low;0.15
17/07/2026;11:00:00;0.711;0.056;247.7;2.87;0.0;0.0;55.0;22.5;73;Low;0.15
17/07/2026;12:00:00;1.082;0.108;237.95;4.55;0.0;0.0;55.0;23.6;70;Low;0.15
17/07/2026;13:00:00;1.04;0.055;237.89;4.37;0.0;0.0;55.0;24.7;65;Low;0.15
17/07/2026;14:00:00;0.749;0.098;240.41;3.12;0.0;0.0;55.0;23.1;68;Low;0.15
17/07/2026;15:00:00;0.699;0.126;244.24;2.86;0.0;0.0;55.0;23.6;67;Low;0.15
17/07/2026;16:00:00;1.2;0.236;237.36;5.06;0.0;0.0;55.0;24.3;66;Low;0.15
17/07/2026;17:00:00;3.592;0.681;244.91;14.67;0.0;0.0;55.0;22.4;73;Medium;0.5
17/07/2026;18:00:00;2.808;0.339;235.97;11.9;15.0;0.0;55.0;23.5;68;High;0.85
17/07/2026;19:00:00;3.427;0.597;239.66;14.3;2.7;0.0;55.0;23.0;69;High;0.85
17/07/2026;20:00:00;7.169;0.709;240.49;29.81;19.2;0.0;55.0;24.2;61;High;0.85
17/07/2026;21:00:00;3.602;0.214;237.53;15.16;18.9;0.0;55.0;24.3;59;High;0.85
17/07/2026;22:00:00;2.852;0.47;238.26;11.97;0.0;0.0;55.0;23.6;67;High;0.85
17/07/2026;23:00:00;1.866;0.299;242.23;7.7;0.0;0.0;55.0;22.8;70;Medium;0.5
18/07/2026;00:00:00;0.663;0.124;244.04;2.72;0.0;0.0;55.0;21.9;73;Low;0.15
18/07/2026;01:00:00;0.521;0.081;234.08;2.23;0.0;0.0;55.0;21.3;71;Low;0.15
18/07/2026;02:00:00;0.761;0.058;240.5;3.16;0.0;0.0;55.0;19.7;74;Low;0.15
18/07/2026;03:00:00;0.643;0.125;239.68;2.68;0.0;0.0;55.0;19.0;74;Low;0.15
18/07/2026;04:00:00;0.579;0.091;240.3;2.41;0.0;0.0;55.0;18.3;77;Low;0.15
18/07/2026;05:00:00;1.062;0.199;239.11;4.44;0.0;0.0;55.0;17.7;79;Low;0.15
18/07/2026;06:00:00;1.939;0.352;236.39;8.2;0.0;0.0;55.0;17.2;81;Medium;0.5
18/07/2026;07:00:00;2.486;0.25;244.32;10.18;0.0;11.7;55.0;17.1;82;Medium;0.5
18/07/2026;08:00:00;3.096;0.194;243.25;12.73;0.0;15.4;55.0;17.8;80;Medium;0.5
18/07/2026;09:00:00;2.5;0.2;239.71;10.43;0.0;14.6;55.0;19.5;72;Medium;0.5
18/07/2026;10:00:00;1.691;0.111;238.63;7.08;0.0;0.0;55.0;21.2;66;Medium;0.5
18/07/2026;11:00:00;1.461;0.134;238.29;6.13;0.0;0.0;55.0;22.9;59;High;0.85
18/07/2026;12:00:00;1.6;0.205;232.76;6.87;0.0;0.0;55.0;24.4;51;High;0.85
18/07/2026;13:00:00;1.395;0.285;240.99;5.79;0.0;0.0;55.0;25.4;45;High;0.85
18/07/2026;14:00:00;1.628;0.323;242.18;6.72;0.0;0.0;55.0;26.2;43;High;0.85
18/07/2026;15:00:00;1.669;0.287;240.39;6.94;0.0;0.0;55.0;27.2;42;High;0.85
18/07/2026;16:00:00;1.708;0.092;239.76;7.13;0.0;0.0;55.0;27.7;41;Medium;0.5
18/07/2026;17:00:00;2.388;0.258;240.37;9.93;0.0;0.0;55.0;27.8;40;Medium;0.5
18/07/2026;18:00:00;3.296;0.547;237.61;13.87;11.3;0.0;55.0;27.9;39;High;0.85
18/07/2026;19:00:00;3.919;0.282;238.6;16.42;20.5;0.0;55.0;26.2;42;High;0.85
18/07/2026;20:00:00;4.229;0.787;239.53;17.65;8.6;0.0;55.0;24.1;52;High;0.85
18/07/2026;21:00:00;3.943;0.81;241.95;16.3;21.9;0.0;55.0;24.0;52;High;0.85
18/07/2026;22:00:00;2.934;0.323;243.86;12.03;0.0;0.0;55.0;22.1;59;High;0.85
18/07/2026;23:00:00;1.756;0.298;239.36;7.33;0.0;0.0;55.0;20.4;60;Medium;0.5
19/07/2026;00:00:00;0.611;0.046;237.07;2.58;0.0;0.0;55.0;18.4;61;Low;0.15
19/07/2026;01:00:00;0.671;0.112;240.1;2.79;0.0;0.0;55.0;17.3;65;Low;0.15
19/07/2026;02:00:00;0.695;0.037;245.63;2.83;0.0;0.0;55.0;16.3;69;Low;0.15
19/07/2026;03:00:00;0.571;0.043;237.32;2.41;0.0;0.0;55.0;15.6;73;Low;0.15
19/07/2026;04:00:00;0.791;0.135;242.48;3.26;0.0;0.0;55.0;15.0;76;Low;0.15
19/07/2026;05:00:00;0.966;0.165;243.74;3.96;0.0;0.0;55.0;14.5;80;Low;0.15
19/07/2026;06:00:00;1.623;0.258;238.99;6.79;0.0;0.0;55.0;13.9;84;Medium;0.5
19/07/2026;07:00:00;2.464;0.323;238.04;10.35;0.0;1.7;55.0;13.9;84;Medium;0.5
19/07/2026;08:00:00;2.83;0.466;241.61;11.71;0.0;12.8;55.0;15.0;80;Medium;0.5
19/07/2026;09:00:00;2.483;0.451;240.99;10.3;0.0;11.7;55.0;16.4;73;Medium;0.5
19/07/2026;10:00:00;1.918;0.411;241.95;7.93;0.0;0.0;55.0;18.2;61;Medium;0.5
19/07/2026;11:00:00;1.476;0.297;245.81;6.0;0.0;0.0;55.0;19.6;53;High;0.85
19/07/2026;12:00:00;1.16;0.215;240.47;4.82;0.0;0.0;55.0;20.8;46;High;0.85
19/07/2026;13:00:00;1.223;0.206;236.66;5.17;0.0;0.0;55.0;22.0;38;High;0.85
19/07/2026;14:00:00;1.28;0.189;240.19;5.33;0.0;0.0;55.0;23.2;37;High;0.85
19/07/2026;15:00:00;1.461;0.103;240.68;6.07;0.0;0.0;55.0;23.5;35;High;0.85
19/07/2026;16:00:00;1.485;0.116;243.55;6.1;0.0;0.0;55.0;23.6;34;Medium;0.5
19/07/2026;17:00:00;2.07;0.392;239.45;8.64;0.0;0.0;55.0;23.6;33;Medium;0.5
19/07/2026;18:00:00;2.995;0.559;238.85;12.54;22.7;0.0;55.0;23.7;31;High;0.85
19/07/2026;19:00:00;3.915;0.605;236.16;16.58;23.2;0.0;55.0;23.6;31;High;0.85
19/07/2026;20:00:00;4.118;0.513;241.53;17.05;18.8;0.0;55.0;23.0;34;High;0.85
19/07/2026;21:00:00;3.576;0.195;249.37;14.34;6.1;0.0;55.0;22.3;35;High;0.85
19/07/2026;22:00:00;3.083;0.326;239.38;12.88;0.0;0.0;55.0;21.0;39;High;0.85
19/07/2026;23:00:00;1.854;0.225;241.27;7.68;0.0;0.0;55.0;19.2;48;Medium;0.5
20/07/2026;00:00:00;0.579;0.077;238.47;2.43;0.0;0.0;55.0;17.8;54;Low;0.15
20/07/2026;01:00:00;2.828;0.588;236.41;11.96;0.0;0.0;55.0;16.7;57;Low;0.15
20/07/2026;02:00:00;0.871;0.06;241.22;3.61;0.0;0.0;55.0;15.5;62;Low;0.15
20/07/2026;03:00:00;0.672;0.093;240.08;2.8;0.0;0.0;55.0;14.9;65;Low;0.15
20/07/2026;04:00:00;0.703;0.079;233.32;3.01;0.0;0.0;55.0;14.3;68;Low;0.15
20/07/2026;05:00:00;0.953;0.208;244.51;3.9;0.0;0.0;55.0;13.7;71;Low;0.15
20/07/2026;06:00:00;1.809;0.356;241.16;7.5;0.0;0.0;55.0;13.1;74;Medium;0.5
20/07/2026;07:00:00;2.534;0.316;240.21;10.55;0.0;3.1;55.0;13.0;76;Medium;0.5
20/07/2026;08:00:00;2.742;0.603;238.82;11.48;0.0;12.7;55.0;14.0;73;Medium;0.5
20/07/2026;09:00:00;2.296;0.316;241.13;9.52;0.0;16.7;55.0;15.7;65;Medium;0.5
20/07/2026;10:00:00;1.511;0.118;241.26;6.26;0.0;0.0;55.0;17.3;54;Low;0.15
20/07/2026;11:00:00;0.861;0.124;241.12;3.57;0.0;0.0;55.0;19.0;44;Low;0.15
20/07/2026;12:00:00;0.815;0.072;242.99;3.35;0.0;0.0;55.0;20.0;40;Low;0.15
20/07/2026;13:00:00;0.646;0.102;243.63;2.65;0.0;0.0;55.0;21.2;38;Low;0.15
20/07/2026;14:00:00;0.733;0.153;245.62;2.98;0.0;0.0;55.0;21.8;38;Low;0.15
20/07/2026;15:00:00;0.757;0.139;237.66;3.18;0.0;0.0;55.0;22.0;37;Low;0.15
20/07/2026;16:00:00;3.07;0.296;238.39;12.88;0.0;0.0;55.0;23.1;32;Low;0.15
20/07/2026;17:00:00;1.794;0.18;241.01;7.45;0.0;0.0;55.0;23.6;31;Medium;0.5
20/07/2026;18:00:00;2.938;0.181;237.82;12.35;7.3;0.0;55.0;24.0;30;High;0.85
20/07/2026;19:00:00;3.336;0.329;238.27;14.0;15.0;0.0;55.0;23.3;32;High;0.85
20/07/2026;20:00:00;3.609;0.237;241.33;14.96;11.0;0.0;55.0;23.2;31;High;0.85
20/07/2026;21:00:00;5.542;0.748;242.52;22.85;20.1;0.0;55.0;22.3;35;High;0.85
20/07/2026;22:00:00;2.741;0.467;243.57;11.25;0.0;0.0;55.0;20.9;42;High;0.85
20/07/2026;23:00:00;1.466;0.26;239.46;6.12;0.0;0.0;55.0;19.9;45;Medium;0.5
21/07/2026;00:00:00;0.606;0.036;241.3;2.51;0.0;0.0;55.0;18.9;49;Low;0.15
21/07/2026;01:00:00;0.481;0.052;240.68;2.0;0.0;0.0;55.0;18.0;53;Low;0.15
21/07/2026;02:00:00;0.568;0.056;240.05;2.37;0.0;0.0;55.0;16.6;59;Low;0.15
21/07/2026;03:00:00;0.355;0.024;237.72;1.49;0.0;0.0;55.0;15.9;62;Low;0.15
21/07/2026;04:00:00;0.697;0.078;237.36;2.94;0.0;0.0;55.0;15.1;66;Low;0.15
21/07/2026;05:00:00;0.814;0.082;241.87;3.37;0.0;0.0;55.0;14.4;69;Low;0.15
21/07/2026;06:00:00;1.702;0.269;237.67;7.16;0.0;0.0;55.0;13.8;73;Medium;0.5
21/07/2026;07:00:00;2.208;0.442;235.02;9.39;0.0;15.5;55.0;13.6;74;Medium;0.5
21/07/2026;08:00:00;2.657;0.338;239.91;11.08;0.0;1.9;55.0;14.6;71;Medium;0.5
21/07/2026;09:00:00;4.245;0.751;244.07;17.39;0.0;6.1;55.0;16.2;65;Medium;0.5
21/07/2026;10:00:00;1.512;0.113;232.17;6.51;0.0;0.0;55.0;18.1;58;Low;0.15
21/07/2026;11:00:00;1.034;0.209;239.19;4.32;0.0;0.0;55.0;20.0;50;Low;0.15
21/07/2026;12:00:00;0.79;0.06;241.89;3.27;0.0;0.0;55.0;21.6;43;Low;0.15
21/07/2026;13:00:00;0.706;0.058;234.89;3.0;0.0;0.0;55.0;22.8;40;Low;0.15
21/07/2026;14:00:00;1.056;0.072;239.4;4.41;0.0;0.0;55.0;24.1;35;Low;0.15
21/07/2026;15:00:00;0.845;0.087;236.81;3.57;0.0;0.0;55.0;24.9;32;Low;0.15
21/07/2026;16:00:00;1.119;0.161;237.18;4.72;0.0;0.0;55.0;25.4;30;Low;0.15
21/07/2026;17:00:00;1.976;0.431;238.87;8.27;0.0;0.0;55.0;25.5;29;Medium;0.5
21/07/2026;18:00:00;3.141;0.581;236.86;13.26;20.9;0.0;55.0;25.4;29;High;0.85
21/07/2026;19:00:00;3.517;0.403;236.62;14.86;21.1;0.0;55.0;24.9;31;High;0.85
21/07/2026;20:00:00;3.785;0.56;239.83;15.78;6.4;0.0;55.0;24.7;32;High;0.85
21/07/2026;21:00:00;3.305;0.516;246.24;13.42;8.8;0.0;55.0;23.8;36;High;0.85
21/07/2026;22:00:00;2.826;0.537;242.12;11.67;0.0;0.0;55.0;23.1;38;High;0.85
21/07/2026;23:00:00;1.799;0.315;242.83;7.41;0.0;0.0;55.0;21.7;44;Medium;0.5
22/07/2026;00:00:00;0.741;0.109;242.23;3.06;0.0;0.0;55.0;19.6;56;Low;0.15
22/07/2026;01:00:00;0.6;0.098;238.05;2.52;0.0;0.0;55.0;18.5;62;Low;0.15
22/07/2026;02:00:00;0.592;0.105;240.87;2.46;0.0;0.0;55.0;17.2;66;Low;0.15
22/07/2026;03:00:00;0.54;0.039;243.07;2.22;0.0;0.0;55.0;16.7;68;Low;0.15
22/07/2026;04:00:00;0.719;0.06;242.32;2.97;0.0;0.0;55.0;16.1;71;Low;0.15
22/07/2026;05:00:00;0.785;0.131;240.54;3.26;0.0;0.0;55.0;15.4;74;Low;0.15
22/07/2026;06:00:00;1.518;0.295;241.46;6.29;0.0;0.0;55.0;14.8;77;Medium;0.5
22/07/2026;07:00:00;2.268;0.271;246.9;9.19;0.0;11.9;55.0;14.6;78;Medium;0.5
22/07/2026;08:00:00;2.576;0.558;242.35;10.63;0.0;14.1;55.0;15.7;75;Medium;0.5
22/07/2026;09:00:00;2.232;0.194;239.12;9.34;0.0;0.4;55.0;17.3;68;Medium;0.5
22/07/2026;10:00:00;1.408;0.17;239.79;5.87;0.0;0.0;55.0;19.0;60;Low;0.15
22/07/2026;11:00:00;0.901;0.103;237.05;3.8;0.0;0.0;55.0;20.8;51;Low;0.15
22/07/2026;12:00:00;0.683;0.142;246.57;2.77;0.0;0.0;55.0;21.9;48;Low;0.15
22/07/2026;13:00:00;0.773;0.076;244.49;3.16;0.0;0.0;55.0;23.0;45;Low;0.15
22/07/2026;14:00:00;0.711;0.092;240.23;2.96;0.0;0.0;55.0;23.5;43;Low;0.15
22/07/2026;15:00:00;0.987;0.081;246.11;4.01;0.0;0.0;55.0;24.6;39;Low;0.15
22/07/2026;16:00:00;1.25;0.173;241.77;5.17;0.0;0.0;55.0;25.1;37;Low;0.15
22/07/2026;17:00:00;1.818;0.356;238.79;7.61;0.0;0.0;55.0;25.3;36;Medium;0.5
22/07/2026;18:00:00;2.999;0.305;242.54;12.36;19.9;0.0;55.0;25.2;36;High;0.85
22/07/2026;19:00:00;3.449;0.648;241.12;14.31;7.1;0.0;55.0;24.9;36;High;0.85
22/07/2026;20:00:00;3.797;0.778;242.35;15.67;16.1;0.0;55.0;24.5;37;High;0.85
22/07/2026;21:00:00;3.534;0.221;236.17;14.96;2.5;0.0;55.0;23.4;39;High;0.85
22/07/2026;22:00:00;2.752;0.491;237.73;11.58;0.0;0.0;55.0;22.2;45;High;0.85
22/07/2026;23:00:00;1.708;0.16;244.17;6.99;0.0;0.0;55.0;21.6;48;Medium;0.5
23/07/2026;00:00:00;0.626;0.05;244.74;2.56;0.0;0.0;55.0;20.8;52;Low;0.15
23/07/2026;01:00:00;0.757;0.115;243.96;3.1;0.0;0.0;55.0;19.8;56;Low;0.15
23/07/2026;02:00:00;0.731;0.124;246.21;2.97;0.0;0.0;55.0;18.4;62;Low;0.15
23/07/2026;03:00:00;0.607;0.071;241.62;2.51;0.0;0.0;55.0;17.8;63;Low;0.15
23/07/2026;04:00:00;4.132;0.234;241.42;17.11;0.0;0.0;55.0;17.0;65;Low;0.15
23/07/2026;05:00:00;0.685;0.14;237.44;2.89;0.0;0.0;55.0;16.4;67;Low;0.15
23/07/2026;06:00:00;1.639;0.286;238.37;6.88;0.0;0.0;55.0;15.8;71;Medium;0.5
23/07/2026;07:00:00;2.278;0.219;234.43;9.72;0.0;14.6;55.0;15.6;72;Medium;0.5
23/07/2026;08:00:00;2.739;0.368;239.1;11.45;0.0;10.5;55.0;16.2;71;Medium;0.5
23/07/2026;09:00:00;2.322;0.127;234.24;9.91;0.0;2.0;55.0;17.5;67;Medium;0.5
23/07/2026;10:00:00;1.495;0.161;243.03;6.15;0.0;0.0;55.0;18.9;60;Low;0.15
23/07/2026;11:00:00;0.823;0.114;241.09;3.41;0.0;0.0;55.0;20.4;51;Low;0.15
23/07/2026;12:00:00;2.826;0.39;234.33;12.06;0.0;0.0;55.0;21.6;45;Low;0.15
23/07/2026;13:00:00;0.709;0.061;239.47;2.96;0.0;0.0;55.0;23.1;40;Low;0.15
23/07/2026;14:00:00;0.903;0.164;245.51;3.68;0.0;0.0;55.0;23.7;38;Low;0.15
23/07/2026;15:00:00;0.806;0.081;239.65;3.36;0.0;0.0;55.0;24.3;37;Low;0.15
23/07/2026;16:00:00;3.235;0.481;237.2;13.64;0.0;0.0;55.0;24.8;34;Low;0.15
23/07/2026;17:00:00;1.722;0.166;235.0;7.33;0.0;0.0;55.0;24.7;36;Medium;0.5
23/07/2026;18:00:00;2.808;0.343;235.08;11.95;9.8;0.0;55.0;24.4;37;High;0.85
23/07/2026;19:00:00;3.518;0.3;241.5;14.57;7.4;0.0;55.0;24.1;37;High;0.85
23/07/2026;20:00:00;3.703;0.584;238.79;15.51;23.4;0.0;55.0;24.1;39;High;0.85
23/07/2026;21:00:00;3.312;0.405;239.02;13.86;18.0;0.0;55.0;23.4;41;High;0.85
23/07/2026;22:00:00;2.776;0.146;238.8;11.62;0.0;0.0;55.0;22.6;43;High;0.85
23/07/2026;23:00:00;1.694;0.093;239.61;7.07;0.0;0.0;55.0;21.6;48;Medium;0.5
24/07/2026;00:00:00;0.614;0.08;236.56;2.59;0.0;0.0;55.0;20.6;52;Low;0.15
24/07/2026;01:00:00;0.667;0.054;240.89;2.77;0.0;0.0;55.0;19.6;56;Low;0.15
24/07/2026;02:00:00;0.927;0.139;236.02;3.93;0.0;0.0;55.0;18.1;62;Low;0.15
24/07/2026;03:00:00;0.784;0.094;237.88;3.3;0.0;0.0;55.0;17.4;65;Low;0.15
24/07/2026;04:00:00;2.827;0.456;242.83;11.64;0.0;0.0;55.0;16.8;68;Low;0.15
24/07/2026;05:00:00;0.936;0.198;241.05;3.88;0.0;0.0;55.0;16.2;71;Low;0.15
24/07/2026;06:00:00;1.641;0.229;241.92;6.78;0.0;0.0;55.0;15.6;74;Medium;0.5
24/07/2026;07:00:00;2.047;0.376;246.02;8.32;0.0;9.0;55.0;15.5;75;Medium;0.5
24/07/2026;08:00:00;2.557;0.455;239.83;10.66;0.0;10.0;55.0;16.4;72;Medium;0.5
24/07/2026;09:00:00;2.238;0.463;240.06;9.32;0.0;7.5;55.0;18.4;63;Medium;0.5
24/07/2026;10:00:00;1.174;0.101;239.26;4.91;0.0;0.0;55.0;20.5;54;Low;0.15
24/07/2026;11:00:00;0.817;0.156;238.76;3.42;0.0;0.0;55.0;22.5;46;Low;0.15
24/07/2026;12:00:00;0.682;0.139;237.17;2.87;0.0;0.0;55.0;24.1;42;Low;0.15
24/07/2026;13:00:00;0.934;0.109;240.24;3.89;0.0;0.0;55.0;25.3;39;Low;0.15
24/07/2026;14:00:00;1.124;0.116;240.99;4.66;0.0;0.0;55.0;26.4;36;Low;0.15
24/07/2026;15:00:00;1.279;0.271;241.15;5.3;0.0;0.0;55.0;27.0;34;Low;0.15
24/07/2026;16:00:00;1.469;0.23;240.18;6.12;0.0;0.0;55.0;27.5;33;Low;0.15
24/07/2026;17:00:00;2.064;0.237;242.59;8.51;0.0;0.0;55.0;27.7;33;Medium;0.5
24/07/2026;18:00:00;6.406;1.183;240.08;26.68;21.7;0.0;55.0;27.7;33;High;0.85
24/07/2026;19:00:00;3.546;0.361;238.85;14.85;23.3;0.0;55.0;27.2;35;High;0.85
24/07/2026;20:00:00;3.861;0.309;237.4;16.26;15.6;0.0;55.0;27.0;35;High;0.85
24/07/2026;21:00:00;3.553;0.506;235.66;15.07;21.5;0.0;55.0;26.2;37;High;0.85
24/07/2026;22:00:00;2.883;0.422;244.09;11.81;0.0;0.0;55.0;25.2;40;High;0.85
24/07/2026;23:00:00;1.787;0.34;238.04;7.51;0.0;0.0;55.0;24.3;42;Medium;0.5
25/07/2026;00:00:00;0.808;0.103;237.41;3.41;0.0;0.0;55.0;23.4;45;Low;0.15
25/07/2026;01:00:00;0.679;0.128;238.83;2.84;0.0;0.0;55.0;22.5;47;Low;0.15
25/07/2026;02:00:00;0.664;0.068;239.22;2.78;0.0;0.0;55.0;19.8;58;Low;0.15
25/07/2026;03:00:00;0.784;0.116;244.59;3.21;0.0;0.0;55.0;18.9;63;Low;0.15
25/07/2026;04:00:00;0.6;0.051;239.08;2.51;0.0;0.0;55.0;18.3;68;Low;0.15
25/07/2026;05:00:00;0.969;0.112;247.37;3.92;0.0;0.0;55.0;17.7;72;Low;0.15
25/07/2026;06:00:00;1.727;0.338;240.18;7.19;0.0;0.0;55.0;17.1;76;Medium;0.5
25/07/2026;07:00:00;2.457;0.213;245.76;10.0;0.0;5.6;55.0;17.1;77;Medium;0.5
25/07/2026;08:00:00;2.969;0.557;242.5;12.24;0.0;13.0;55.0;17.6;75;Medium;0.5
25/07/2026;09:00:00;2.578;0.253;241.01;10.7;0.0;2.4;55.0;19.7;65;Medium;0.5
25/07/2026;10:00:00;1.666;0.093;244.42;6.82;0.0;0.0;55.0;22.4;55;Medium;0.5
25/07/2026;11:00:00;1.658;0.114;243.14;6.82;0.0;0.0;55.0;24.8;45;High;0.85
25/07/2026;12:00:00;1.624;0.287;241.78;6.72;0.0;0.0;55.0;26.4;39;High;0.85
25/07/2026;13:00:00;1.63;0.154;246.49;6.61;0.0;0.0;55.0;27.7;35;High;0.85
25/07/2026;14:00:00;1.789;0.288;238.6;7.5;0.0;0.0;55.0;28.4;33;High;0.85
25/07/2026;15:00:00;1.929;0.326;237.21;8.13;0.0;0.0;55.0;29.4;30;High;0.85
25/07/2026;16:00:00;2.122;0.231;238.11;8.91;0.0;0.0;55.0;30.0;28;Medium;0.5
25/07/2026;17:00:00;5.816;0.76;244.91;23.75;0.0;0.0;55.0;30.1;27;Medium;0.5
25/07/2026;18:00:00;6.981;0.828;244.06;28.6;22.6;0.0;55.0;29.9;27;High;0.85
25/07/2026;19:00:00;4.124;0.87;238.53;17.29;10.8;0.0;55.0;29.4;27;High;0.85
25/07/2026;20:00:00;4.504;0.47;233.41;19.3;16.6;0.0;55.0;28.2;29;High;0.85
25/07/2026;21:00:00;3.813;0.31;239.42;15.93;21.3;0.0;55.0;26.4;34;High;0.85
25/07/2026;22:00:00;3.136;0.352;237.16;13.22;0.0;0.0;55.0;25.0;40;High;0.85
25/07/2026;23:00:00;1.902;0.312;238.62;7.97;0.0;0.0;55.0;23.8;45;Medium;0.5
26/07/2026;00:00:00;0.605;0.102;237.05;2.55;0.0;0.0;55.0;22.2;49;Low;0.15
26/07/2026;01:00:00;0.518;0.107;235.49;2.2;0.0;0.0;55.0;20.9;56;Low;0.15
26/07/2026;02:00:00;0.617;0.123;245.27;2.51;0.0;0.0;55.0;19.6;65;Low;0.15
26/07/2026;03:00:00;0.779;0.077;238.09;3.27;0.0;0.0;55.0;18.8;69;Low;0.15
26/07/2026;04:00:00;0.716;0.091;243.96;2.93;0.0;0.0;55.0;18.0;73;Low;0.15
26/07/2026;05:00:00;0.99;0.175;239.38;4.14;0.0;0.0;55.0;17.3;76;Low;0.15
26/07/2026;06:00:00;1.895;0.39;236.83;8.0;0.0;0.0;55.0;16.7;78;Medium;0.5
26/07/2026;07:00:00;2.517;0.27;241.43;10.42;0.0;13.4;55.0;16.5;79;Medium;0.5
26/07/2026;08:00:00;2.824;0.355;238.91;11.82;0.0;14.7;55.0;17.4;77;Medium;0.5
26/07/2026;09:00:00;2.537;0.515;239.42;10.6;0.0;16.8;55.0;19.1;70;Medium;0.5
26/07/2026;10:00:00;5.174;0.574;240.41;21.52;0.0;0.0;55.0;19.9;68;Medium;0.5
26/07/2026;11:00:00;1.402;0.185;237.73;5.9;0.0;0.0;55.0;20.2;68;High;0.85
26/07/2026;12:00:00;1.092;0.223;235.46;4.64;0.0;0.0;55.0;21.1;64;High;0.85
26/07/2026;13:00:00;1.294;0.241;239.86;5.39;0.0;0.0;55.0;21.9;61;High;0.85
26/07/2026;14:00:00;1.284;0.117;242.7;5.29;0.0;0.0;55.0;23.3;56;High;0.85
26/07/2026;15:00:00;1.455;0.153;237.48;6.13;0.0;0.0;55.0;23.6;55;High;0.85
26/07/2026;16:00:00;1.387;0.153;240.43;5.77;0.0;0.0;55.0;24.4;53;Medium;0.5
26/07/2026;17:00:00;2.081;0.427;244.22;8.52;0.0;0.0;55.0;24.7;50;Medium;0.5
26/07/2026;18:00:00;3.009;0.662;239.75;12.55;20.8;0.0;55.0;24.8;52;High;0.85
26/07/2026;19:00:00;3.817;0.693;240.24;15.89;8.4;0.0;55.0;24.6;55;High;0.85
26/07/2026;20:00:00;7.679;1.016;240.15;31.98;12.7;0.0;55.0;23.8;60;High;0.85
26/07/2026;21:00:00;3.854;0.199;238.09;16.19;19.9;0.0;55.0;23.9;54;High;0.85
26/07/2026;22:00:00;2.875;0.485;237.22;12.12;0.0;0.0;55.0;22.2;55;High;0.85
26/07/2026;23:00:00;1.644;0.191;237.23;6.93;0.0;0.0;55.0;20.9;59;Medium;0.5
27/07/2026;00:00:00;0.962;0.152;241.03;3.99;0.0;0.0;55.0;19.6;61;Low;0.15
27/07/2026;01:00:00;0.837;0.128;242.12;3.46;0.0;0.0;55.0;18.8;63;Low;0.15
27/07/2026;02:00:00;0.735;0.097;242.25;3.04;0.0;0.0;55.0;17.8;68;Low;0.15
27/07/2026;03:00:00;0.594;0.125;238.94;2.48;0.0;0.0;55.0;17.4;72;Low;0.15
27/07/2026;04:00:00;0.7;0.038;243.06;2.88;0.0;0.0;55.0;17.0;75;Low;0.15
27/07/2026;05:00:00;0.838;0.143;240.86;3.48;0.0;0.0;55.0;16.6;78;Low;0.15
27/07/2026;06:00:00;1.75;0.209;240.2;7.29;0.0;0.0;55.0;16.2;80;Medium;0.5
27/07/2026;07:00:00;2.313;0.396;230.65;10.03;0.0;16.6;55.0;16.1;81;Medium;0.5
27/07/2026;08:00:00;2.547;0.42;237.71;10.71;0.0;11.7;55.0;17.0;79;Medium;0.5
27/07/2026;09:00:00;2.239;0.116;235.74;9.5;0.0;1.2;55.0;18.7;72;Medium;0.5
27/07/2026;10:00:00;1.474;0.145;241.76;6.1;0.0;0.0;55.0;20.5;61;Low;0.15
27/07/2026;11:00:00;1.053;0.086;240.27;4.38;0.0;0.0;55.0;21.8;53;Low;0.15
27/07/2026;12:00:00;0.913;0.072;237.0;3.85;0.0;0.0;55.0;22.6;48;Low;0.15
27/07/2026;13:00:00;0.79;0.137;240.85;3.28;0.0;0.0;55.0;22.5;48;Low;0.15
27/07/2026;14:00:00;0.824;0.075;236.01;3.49;0.0;0.0;55.0;24.0;43;Low;0.15
27/07/2026;15:00:00;0.644;0.084;237.08;2.72;0.0;0.0;55.0;24.5;41;Low;0.15
27/07/2026;16:00:00;4.829;0.444;238.01;20.29;0.0;0.0;55.0;25.9;36;Low;0.15
27/07/2026;17:00:00;2.048;0.304;241.51;8.48;0.0;0.0;55.0;26.3;35;Medium;0.5
27/07/2026;18:00:00;3.033;0.523;243.92;12.44;2.0;0.0;55.0;26.7;34;High;0.85
27/07/2026;19:00:00;3.679;0.391;238.36;15.43;10.6;0.0;55.0;26.6;35;High;0.85
27/07/2026;20:00:00;3.783;0.577;243.7;15.52;1.4;0.0;55.0;26.1;35;High;0.85
27/07/2026;21:00:00;3.609;0.687;240.13;15.03;17.4;0.0;55.0;25.1;38;High;0.85
27/07/2026;22:00:00;2.858;0.189;240.66;11.88;0.0;0.0;55.0;23.9;44;High;0.85
27/07/2026;23:00:00;1.828;0.312;239.82;7.62;0.0;0.0;55.0;22.7;49;Medium;0.5
28/07/2026;00:00:00;0.757;0.079;239.45;3.16;0.0;0.0;55.0;21.5;54;Low;0.15
28/07/2026;01:00:00;0.723;0.051;241.23;3.0;0.0;0.0;55.0;20.5;58;Low;0.15
28/07/2026;02:00:00;0.622;0.089;242.07;2.57;0.0;0.0;55.0;18.8;66;Low;0.15
28/07/2026;03:00:00;4.162;0.368;237.52;17.52;0.0;0.0;55.0;18.1;69;Low;0.15
28/07/2026;04:00:00;0.72;0.137;239.47;3.01;0.0;0.0;55.0;17.6;72;Low;0.15
28/07/2026;05:00:00;0.903;0.052;244.67;3.69;0.0;0.0;55.0;17.1;75;Low;0.15
28/07/2026;06:00:00;1.724;0.115;240.5;7.17;0.0;0.0;55.0;16.7;78;Medium;0.5
28/07/2026;07:00:00;2.351;0.326;240.8;9.76;0.0;2.2;55.0;16.7;78;Medium;0.5
28/07/2026;08:00:00;2.833;0.425;243.27;11.64;0.0;7.7;55.0;17.6;72;Medium;0.5
28/07/2026;09:00:00;2.507;0.436;238.6;10.51;0.0;13.0;55.0;20.0;59;Medium;0.5
28/07/2026;10:00:00;1.401;0.132;239.9;5.84;0.0;0.0;55.0;22.4;49;Low;0.15
28/07/2026;11:00:00;0.709;0.137;242.29;2.93;0.0;0.0;55.0;24.5;43;Low;0.15
28/07/2026;12:00:00;1.188;0.252;243.47;4.88;0.0;0.0;55.0;26.4;38;Low;0.15
28/07/2026;13:00:00;1.1;0.148;233.38;4.71;0.0;0.0;55.0;28.0;34;Low;0.15
28/07/2026;14:00:00;1.226;0.22;237.94;5.15;0.0;0.0;55.0;29.7;30;Low;0.15
28/07/2026;15:00:00;1.448;0.202;237.2;6.11;0.0;0.0;55.0;31.0;28;Low;0.15
28/07/2026;16:00:00;3.727;0.23;239.65;15.55;0.0;0.0;55.0;31.8;26;Low;0.15
28/07/2026;17:00:00;2.589;0.273;237.42;10.91;0.0;0.0;55.0;32.3;25;Medium;0.5
28/07/2026;18:00:00;5.319;0.345;241.86;21.99;21.5;0.0;55.0;32.4;26;High;0.85
28/07/2026;19:00:00;5.998;1.2;240.48;24.94;9.1;0.0;55.0;32.0;27;High;0.85
28/07/2026;20:00:00;7.914;0.704;242.49;32.64;5.5;0.0;55.0;31.9;26;High;0.85
28/07/2026;21:00:00;4.088;0.646;242.67;16.85;12.2;0.0;55.0;31.0;28;High;0.85
28/07/2026;22:00:00;3.339;0.328;241.9;13.8;0.0;0.0;55.0;29.9;31;High;0.85
28/07/2026;23:00:00;2.177;0.351;239.06;9.11;0.0;0.0;55.0;28.9;33;Medium;0.5
29/07/2026;00:00:00;1.029;0.088;240.29;4.28;0.0;0.0;55.0;27.8;37;Low;0.15
29/07/2026;01:00:00;0.988;0.181;238.71;4.14;0.0;0.0;55.0;26.7;40;Low;0.15
29/07/2026;02:00:00;0.879;0.061;236.18;3.72;0.0;0.0;55.0;24.4;48;Low;0.15
29/07/2026;03:00:00;0.914;0.185;242.67;3.76;0.0;0.0;55.0;23.2;52;Low;0.15
29/07/2026;04:00:00;0.546;0.105;239.76;2.28;0.0;0.0;55.0;22.5;55;Low;0.15
29/07/2026;05:00:00;0.87;0.144;235.79;3.69;0.0;0.0;55.0;21.8;58;Low;0.15
29/07/2026;06:00:00;1.491;0.092;241.5;6.17;0.0;0.0;55.0;21.1;61;Medium;0.5
29/07/2026;07:00:00;2.121;0.181;239.37;8.86;0.0;18.0;55.0;20.9;63;Medium;0.5
29/07/2026;08:00:00;2.722;0.534;234.23;11.62;0.0;0.5;55.0;21.8;58;Medium;0.5
29/07/2026;09:00:00;2.549;0.18;236.15;10.79;0.0;11.0;55.0;24.6;48;Medium;0.5
29/07/2026;10:00:00;1.878;0.144;238.04;7.89;0.0;0.0;55.0;27.9;38;Low;0.15
29/07/2026;11:00:00;1.721;0.245;240.59;7.15;0.0;0.0;55.0;31.2;28;Low;0.15
29/07/2026;12:00:00;3.552;0.343;242.21;14.66;0.0;0.0;55.0;33.1;23;Low;0.15
29/07/2026;13:00:00;1.631;0.143;242.11;6.74;0.0;0.0;55.0;34.5;21;Low;0.15
29/07/2026;14:00:00;2.044;0.302;241.69;8.46;0.0;0.0;55.0;36.2;17;Low;0.15
29/07/2026;15:00:00;1.927;0.218;239.9;8.03;0.0;0.0;55.0;36.8;16;Low;0.15
29/07/2026;16:00:00;2.293;0.169;244.82;9.37;0.0;0.0;55.0;37.4;15;Low;0.15
29/07/2026;17:00:00;2.977;0.42;241.96;12.3;0.0;0.0;55.0;37.9;14;Medium;0.5
29/07/2026;18:00:00;3.746;0.434;240.62;15.57;10.4;0.0;55.0;38.1;14;High;0.85
29/07/2026;19:00:00;4.317;0.755;241.59;17.87;1.1;0.0;55.0;37.2;15;High;0.85
29/07/2026;20:00:00;4.714;0.318;238.88;19.73;21.6;0.0;55.0;36.8;15;High;0.85
29/07/2026;21:00:00;4.499;0.7;239.84;18.76;21.6;0.0;55.0;35.6;16;High;0.85
29/07/2026;22:00:00;3.65;0.453;234.17;15.59;0.0;0.0;55.0;33.6;20;High;0.85
29/07/2026;23:00:00;2.644;0.315;238.92;11.06;0.0;0.0;55.0;32.6;23;Medium;0.5
30/07/2026;00:00:00;1.268;0.113;244.93;5.18;0.0;0.0;55.0;30.8;24;Low;0.15
30/07/2026;01:00:00;1.248;0.069;240.42;5.19;0.0;0.0;55.0;27.3;43;Low;0.15
30/07/2026;02:00:00;4.267;0.828;240.3;17.76;0.0;0.0;55.0;24.5;56;Low;0.15
30/07/2026;03:00:00;0.81;0.085;242.8;3.34;0.0;0.0;55.0;23.5;60;Low;0.15
30/07/2026;04:00:00;0.766;0.127;241.0;3.18;0.0;0.0;55.0;22.7;63;Low;0.15
30/07/2026;05:00:00;0.875;0.185;237.8;3.68;0.0;0.0;55.0;21.9;63;Low;0.15
30/07/2026;06:00:00;1.758;0.257;240.07;7.32;0.0;0.0;55.0;21.2;64;Medium;0.5
30/07/2026;07:00:00;2.216;0.26;236.82;9.36;0.0;15.3;55.0;20.9;61;Medium;0.5
30/07/2026;08:00:00;2.49;0.238;240.51;10.35;0.0;12.0;55.0;20.9;61;Medium;0.5
30/07/2026;09:00:00;2.304;0.481;237.65;9.7;0.0;14.0;55.0;22.2;57;Medium;0.5
30/07/2026;10:00:00;1.345;0.223;242.6;5.55;0.0;0.0;55.0;22.3;60;Low;0.15
30/07/2026;11:00:00;1.23;0.201;238.57;5.16;0.0;0.0;55.0;20.5;79;Low;0.15
30/07/2026;12:00:00;0.78;0.095;237.69;3.28;0.0;0.0;55.0;20.0;85;Low;0.15
30/07/2026;13:00:00;0.721;0.14;239.68;3.01;0.0;0.0;55.0;23.1;70;Low;0.15
30/07/2026;14:00:00;0.64;0.11;241.02;2.66;0.0;0.0;55.0;22.7;75;Low;0.15
30/07/2026;15:00:00;0.844;0.083;236.62;3.57;0.0;0.0;55.0;25.3;65;Low;0.15
30/07/2026;16:00:00;1.277;0.194;238.54;5.35;0.0;0.0;55.0;26.9;57;Low;0.15
30/07/2026;17:00:00;2.204;0.271;240.29;9.17;0.0;0.0;55.0;28.1;51;Medium;0.5
30/07/2026;18:00:00;3.314;0.169;243.75;13.6;18.6;0.0;55.0;28.6;47;High;0.85
30/07/2026;19:00:00;3.938;0.738;232.92;16.91;5.9;0.0;55.0;28.5;47;High;0.85
30/07/2026;20:00:00;4.098;0.291;241.72;16.96;18.4;0.0;55.0;28.1;51;High;0.85
30/07/2026;21:00:00;3.625;0.496;238.93;15.17;7.2;0.0;55.0;26.4;61;High;0.85
30/07/2026;22:00:00;2.87;0.308;238.62;12.03;0.0;0.0;55.0;24.5;70;High;0.85
30/07/2026;23:00:00;1.756;0.19;238.09;7.38;0.0;0.0;55.0;23.3;69;Medium;0.5
31/07/2026;00:00:00;0.834;0.109;238.98;3.49;0.0;0.0;55.0;21.4;76;Low;0.15
31/07/2026;01:00:00;0.644;0.141;241.74;2.66;0.0;0.0;55.0;20.8;77;Low;0.15
31/07/2026;02:00:00;0.654;0.078;238.5;2.74;0.0;0.0;55.0;19.6;78;Low;0.15
31/07/2026;03:00:00;0.447;0.036;244.64;1.83;0.0;0.0;55.0;19.4;79;Low;0.15
31/07/2026;04:00:00;0.692;0.107;241.75;2.86;0.0;0.0;55.0;19.0;81;Low;0.15
31/07/2026;05:00:00;0.976;0.088;240.55;4.06;0.0;0.0;55.0;18.9;82;Low;0.15
31/07/2026;06:00:00;1.517;0.103;239.54;6.33;0.0;0.0;55.0;18.6;84;Medium;0.5
31/07/2026;07:00:00;2.211;0.129;243.33;9.09;0.0;13.7;55.0;18.5;84;Medium;0.5
31/07/2026;08:00:00;2.704;0.146;243.74;11.09;0.0;20.0;55.0;18.2;86;Medium;0.5
31/07/2026;09:00:00;2.139;0.264;236.75;9.03;0.0;15.9;55.0;19.3;81;Medium;0.5
31/07/2026;10:00:00;1.467;0.18;238.03;6.16;0.0;0.0;55.0;20.9;74;Low;0.15
31/07/2026;11:00:00;0.855;0.07;241.78;3.54;0.0;0.0;55.0;22.2;69;Low;0.15
31/07/2026;12:00:00;0.785;0.144;242.62;3.24;0.0;0.0;55.0;23.4;65;Low;0.15
31/07/2026;13:00:00;0.754;0.054;239.16;3.15;0.0;0.0;55.0;24.4;62;Low;0.15
31/07/2026;14:00:00;1.016;0.209;237.92;4.27;0.0;0.0;55.0;25.6;53;Low;0.15
31/07/2026;15:00:00;1.406;0.211;240.22;5.85;0.0;0.0;55.0;26.9;48;Low;0.15
31/07/2026;16:00:00;1.465;0.08;244.13;6.0;0.0;0.0;55.0;27.0;47;Low;0.15
31/07/2026;17:00:00;2.042;0.436;240.11;8.5;0.0;0.0;55.0;27.3;45;Medium;0.5
31/07/2026;18:00:00;3.181;0.326;236.46;13.45;5.3;0.0;55.0;27.3;42;High;0.85
31/07/2026;19:00:00;3.69;0.467;240.31;15.35;16.4;0.0;55.0;27.2;41;High;0.85
31/07/2026;20:00:00;4.101;0.403;242.19;16.93;22.7;0.0;55.0;26.7;45;High;0.85
31/07/2026;21:00:00;3.61;0.628;239.72;15.06;11.5;0.0;55.0;24.8;50;High;0.85
31/07/2026;22:00:00;2.429;0.322;243.52;9.97;0.0;0.0;55.0;23.0;56;High;0.85
31/07/2026;23:00:00;5.104;0.37;242.42;21.05;0.0;0.0;55.0;21.4;66;Medium;0.5
01/08/2026;00:00:00;0.757;0.051;239.83;3.16;0.0;0.0;55.0;20.4;70;Low;0.15
01/08/2026;01:00:00;0.678;0.117;240.12;2.82;0.0;0.0;55.0;19.6;73;Low;0.15
01/08/2026;02:00:00;0.561;0.051;234.84;2.39;0.0;0.0;55.0;18.5;79;Low;0.15
01/08/2026;03:00:00;0.607;0.045;243.39;2.49;0.0;0.0;55.0;18.2;81;Low;0.15
01/08/2026;04:00:00;0.528;0.071;239.08;2.21;0.0;0.0;55.0;17.6;84;Low;0.15
01/08/2026;05:00:00;0.918;0.171;238.88;3.84;0.0;0.0;55.0;17.4;85;Low;0.15
01/08/2026;06:00:00;1.95;0.19;238.46;8.18;0.0;0.0;55.0;17.3;85;Medium;0.5
01/08/2026;07:00:00;2.571;0.249;241.28;10.66;0.0;19.9;55.0;17.2;85;Medium;0.5
01/08/2026;08:00:00;3.099;0.594;236.84;13.08;0.0;8.7;55.0;17.4;83;Medium;0.5
01/08/2026;09:00:00;2.579;0.194;237.24;10.87;0.0;6.2;55.0;18.7;76;Medium;0.5
01/08/2026;10:00:00;1.831;0.284;239.85;7.64;0.0;0.0;55.0;20.2;70;Medium;0.5
01/08/2026;11:00:00;1.65;0.35;238.25;6.92;0.0;0.0;55.0;21.9;64;High;0.85
01/08/2026;12:00:00;1.394;0.269;240.94;5.79;0.0;0.0;55.0;23.4;57;High;0.85
01/08/2026;13:00:00;1.39;0.084;238.35;5.83;0.0;0.0;55.0;24.6;49;High;0.85
01/08/2026;14:00:00;1.65;0.172;244.47;6.75;0.0;0.0;55.0;26.1;39;High;0.85
01/08/2026;15:00:00;1.83;0.136;241.94;7.56;0.0;0.0;55.0;26.7;36;High;0.85
01/08/2026;16:00:00;1.667;0.352;241.91;6.89;0.0;0.0;55.0;27.2;33;Medium;0.5
01/08/2026;17:00:00;2.189;0.476;238.31;9.19;0.0;0.0;55.0;27.5;31;Medium;0.5
01/08/2026;18:00:00;3.291;0.296;246.74;13.34;23.1;0.0;55.0;27.2;32;High;0.85
01/08/2026;19:00:00;4.098;0.672;238.77;17.16;22.7;0.0;55.0;26.9;32;High;0.85
01/08/2026;20:00:00;4.387;0.847;238.0;18.43;21.8;0.0;55.0;26.5;35;High;0.85
01/08/2026;21:00:00;3.777;0.339;241.98;15.61;5.6;0.0;55.0;25.7;37;High;0.85
01/08/2026;22:00:00;3.189;0.261;240.55;13.26;0.0;0.0;55.0;23.7;43;High;0.85
01/08/2026;23:00:00;1.789;0.093;237.71;7.53;0.0;0.0;55.0;22.4;47;Medium;0.5
02/08/2026;00:00:00;0.636;0.076;246.15;2.58;0.0;0.0;55.0;21.0;53;Low;0.15
02/08/2026;01:00:00;0.572;0.116;242.73;2.36;0.0;0.0;55.0;20.1;55;Low;0.15
02/08/2026;02:00:00;0.933;0.19;240.01;3.89;0.0;0.0;55.0;18.5;63;Low;0.15
02/08/2026;03:00:00;0.694;0.05;246.72;2.81;0.0;0.0;55.0;17.9;64;Low;0.15
02/08/2026;04:00:00;0.633;0.054;242.27;2.61;0.0;0.0;55.0;17.4;65;Low;0.15
02/08/2026;05:00:00;1.013;0.121;239.97;4.22;0.0;0.0;55.0;16.9;64;Low;0.15
02/08/2026;06:00:00;1.806;0.33;246.39;7.33;0.0;0.0;55.0;16.4;65;Medium;0.5
02/08/2026;07:00:00;2.472;0.381;241.85;10.22;0.0;17.2;55.0;16.2;64;Medium;0.5
02/08/2026;08:00:00;2.964;0.407;241.72;12.26;0.0;15.2;55.0;17.1;63;Medium;0.5
02/08/2026;09:00:00;2.408;0.363;238.92;10.08;0.0;9.5;55.0;19.3;54;Medium;0.5
02/08/2026;10:00:00;1.687;0.112;240.14;7.03;0.0;0.0;55.0;22.1;45;Medium;0.5
02/08/2026;11:00:00;1.483;0.195;238.85;6.21;0.0;0.0;55.0;24.9;37;High;0.85
02/08/2026;12:00:00;1.504;0.329;244.03;6.16;0.0;0.0;55.0;26.9;32;High;0.85
02/08/2026;13:00:00;1.878;0.122;235.49;7.97;0.0;0.0;55.0;28.2;29;High;0.85
02/08/2026;14:00:00;2.015;0.279;243.82;8.26;0.0;0.0;55.0;29.9;25;High;0.85
02/08/2026;15:00:00;2.011;0.202;237.54;8.47;0.0;0.0;55.0;30.7;24;High;0.85
02/08/2026;16:00:00;2.209;0.313;239.84;9.21;0.0;0.0;55.0;31.3;23;Medium;0.5
02/08/2026;17:00:00;2.565;0.378;239.17;10.72;0.0;0.0;55.0;31.5;22;Medium;0.5
02/08/2026;18:00:00;3.605;0.534;238.54;15.11;17.4;0.0;55.0;31.6;22;High;0.85
02/08/2026;19:00:00;4.365;0.851;241.93;18.04;6.7;0.0;55.0;31.2;22;High;0.85
02/08/2026;20:00:00;4.647;0.54;239.99;19.36;4.2;0.0;55.0;30.9;22;High;0.85
02/08/2026;21:00:00;4.218;0.581;238.13;17.71;22.2;0.0;55.0;29.7;24;High;0.85
02/08/2026;22:00:00;3.456;0.179;240.43;14.37;0.0;0.0;55.0;28.0;30;High;0.85
02/08/2026;23:00:00;2.212;0.408;238.05;9.29;0.0;0.0;55.0;26.7;34;Medium;0.5
03/08/2026;00:00:00;1.03;0.097;238.49;4.32;0.0;0.0;55.0;25.7;35;Low;0.15
03/08/2026;01:00:00;1.014;0.191;235.81;4.3;0.0;0.0;55.0;25.1;37;Low;0.15
03/08/2026;02:00:00;0.774;0.074;238.74;3.24;0.0;0.0;55.0;22.9;44;Low;0.15
03/08/2026;03:00:00;0.58;0.03;241.38;2.4;0.0;0.0;55.0;22.1;50;Low;0.15
03/08/2026;04:00:00;0.576;0.044;240.1;2.4;0.0;0.0;55.0;21.5;55;Low;0.15
03/08/2026;05:00:00;0.907;0.197;245.08;3.7;0.0;0.0;55.0;21.0;60;Low;0.15
03/08/2026;06:00:00;1.607;0.168;247.32;6.5;0.0;0.0;55.0;20.8;63;Medium;0.5
03/08/2026;07:00:00;2.295;0.157;238.7;9.61;0.0;8.1;55.0;20.7;65;Medium;0.5
03/08/2026;08:00:00;2.623;0.184;237.67;11.04;0.0;2.2;55.0;21.3;64;Medium;0.5
03/08/2026;09:00:00;2.673;0.275;243.16;10.99;0.0;0.8;55.0;23.6;55;Medium;0.5
03/08/2026;10:00:00;1.604;0.09;240.94;6.66;0.0;0.0;55.0;26.7;45;Low;0.15
03/08/2026;11:00:00;1.302;0.178;243.18;5.35;0.0;0.0;55.0;29.6;37;Low;0.15
03/08/2026;12:00:00;1.577;0.136;241.12;6.54;0.0;0.0;55.0;32.4;31;Low;0.15
03/08/2026;13:00:00;1.621;0.224;239.46;6.77;0.0;0.0;55.0;34.3;28;Low;0.15
03/08/2026;14:00:00;1.585;0.117;239.47;6.62;0.0;0.0;55.0;32.8;33;Low;0.15
03/08/2026;15:00:00;1.722;0.212;241.21;7.14;0.0;0.0;55.0;33.2;32;Low;0.15
03/08/2026;16:00:00;1.828;0.277;239.41;7.63;0.0;0.0;55.0;30.9;39;Low;0.15
03/08/2026;17:00:00;2.361;0.143;243.41;9.7;0.0;0.0;55.0;32.1;34;Medium;0.5
03/08/2026;18:00:00;3.444;0.406;236.35;14.57;12.2;0.0;55.0;32.7;33;High;0.85
03/08/2026;19:00:00;4.18;0.424;243.4;17.17;4.0;0.0;55.0;32.4;34;High;0.85
03/08/2026;20:00:00;4.033;0.366;234.75;17.18;18.0;0.0;55.0;26.6;59;High;0.85
03/08/2026;21:00:00;3.949;0.603;240.41;16.43;8.3;0.0;55.0;27.3;55;High;0.85
03/08/2026;22:00:00;3.115;0.467;239.07;13.03;0.0;0.0;55.0;26.7;59;High;0.85
03/08/2026;23:00:00;2.01;0.316;235.75;8.53;0.0;0.0;55.0;25.9;62;Medium;0.5
04/08/2026;00:00:00;0.845;0.065;234.23;3.61;0.0;0.0;55.0;25.4;62;Low;0.15
04/08/2026;01:00:00;0.814;0.08;236.93;3.44;0.0;0.0;55.0;24.6;65;Low;0.15
04/08/2026;02:00:00;0.7;0.06;240.13;2.91;0.0;0.0;55.0;23.2;68;Low;0.15
04/08/2026;03:00:00;0.735;0.104;238.31;3.08;0.0;0.0;55.0;21.7;78;Low;0.15
04/08/2026;04:00:00;2.737;0.351;237.09;11.54;0.0;0.0;55.0;21.8;81;Low;0.15
04/08/2026;05:00:00;0.76;0.081;243.79;3.12;0.0;0.0;55.0;21.5;79;Low;0.15
04/08/2026;06:00:00;1.58;0.29;236.55;6.68;0.0;0.0;55.0;21.3;79;Medium;0.5
04/08/2026;07:00:00;2.374;0.157;241.9;9.81;0.0;16.0;55.0;21.3;81;Medium;0.5
04/08/2026;08:00:00;2.66;0.574;237.51;11.2;0.0;19.9;55.0;21.9;77;Medium;0.5
04/08/2026;09:00:00;2.455;0.171;236.86;10.37;0.0;16.2;55.0;23.4;71;Medium;0.5
04/08/2026;10:00:00;1.584;0.287;238.31;6.65;0.0;0.0;55.0;24.3;67;Low;0.15
04/08/2026;11:00:00;1.287;0.145;241.74;5.33;0.0;0.0;55.0;24.9;65;Low;0.15
04/08/2026;12:00:00;1.087;0.214;236.16;4.6;0.0;0.0;55.0;26.4;62;Low;0.15
04/08/2026;13:00:00;1.156;0.072;240.8;4.8;0.0;0.0;55.0;28.5;55;Low;0.15
04/08/2026;14:00:00;1.118;0.127;237.31;4.71;0.0;0.0;55.0;28.5;50;Low;0.15
04/08/2026;15:00:00;1.449;0.155;237.81;6.09;0.0;0.0;55.0;30.2;44;Low;0.15
04/08/2026;16:00:00;4.947;1.083;241.12;20.52;0.0;0.0;55.0;30.8;36;Low;0.15
04/08/2026;17:00:00;2.406;0.523;246.09;9.78;0.0;0.0;55.0;31.0;32;Medium;0.5
04/08/2026;18:00:00;3.287;0.27;237.45;13.84;20.1;0.0;55.0;30.3;34;High;0.85
04/08/2026;19:00:00;5.817;0.914;242.02;24.04;23.4;0.0;55.0;30.1;36;High;0.85
04/08/2026;20:00:00;4.063;0.573;239.12;16.99;20.5;0.0;55.0;29.1;41;High;0.85
04/08/2026;21:00:00;3.882;0.296;238.67;16.27;1.2;0.0;55.0;28.2;44;High;0.85
04/08/2026;22:00:00;3.082;0.242;243.0;12.68;0.0;0.0;55.0;27.2;48;High;0.85
04/08/2026;23:00:00;2.034;0.444;237.64;8.56;0.0;0.0;55.0;26.0;53;Medium;0.5
05/08/2026;00:00:00;2.941;0.373;236.77;12.42;0.0;0.0;55.0;25.1;57;Low;0.15
05/08/2026;01:00:00;0.888;0.063;241.29;3.68;0.0;0.0;55.0;24.7;60;Low;0.15
05/08/2026;02:00:00;0.899;0.078;244.47;3.68;0.0;0.0;55.0;23.4;60;Low;0.15
05/08/2026;03:00:00;0.729;0.07;242.1;3.01;0.0;0.0;55.0;22.6;63;Low;0.15
05/08/2026;04:00:00;0.565;0.077;236.06;2.39;0.0;0.0;55.0;21.7;67;Low;0.15
05/08/2026;05:00:00;1.056;0.113;238.28;4.43;0.0;0.0;55.0;21.0;71;Low;0.15
05/08/2026;06:00:00;1.661;0.212;242.74;6.84;0.0;0.0;55.0;20.3;75;Medium;0.5
05/08/2026;07:00:00;2.227;0.174;244.43;9.11;0.0;19.3;55.0;19.8;79;Medium;0.5
05/08/2026;08:00:00;2.5;0.264;240.64;10.39;0.0;2.6;55.0;20.6;77;Medium;0.5
05/08/2026;09:00:00;2.326;0.144;238.38;9.76;0.0;15.2;55.0;21.6;72;Medium;0.5
05/08/2026;10:00:00;1.422;0.286;244.61;5.81;0.0;0.0;55.0;22.9;63;Low;0.15
05/08/2026;11:00:00;1.234;0.103;239.79;5.15;0.0;0.0;55.0;24.3;54;Low;0.15
05/08/2026;12:00:00;0.965;0.172;238.3;4.05;0.0;0.0;55.0;25.6;47;Low;0.15
05/08/2026;13:00:00;0.951;0.104;237.83;4.0;0.0;0.0;55.0;26.5;40;Low;0.15
05/08/2026;14:00:00;1.123;0.147;236.65;4.75;0.0;0.0;55.0;26.3;39;Low;0.15
05/08/2026;15:00:00;1.253;0.125;247.93;5.05;0.0;0.0;55.0;26.9;37;Low;0.15
05/08/2026;16:00:00;1.428;0.24;243.98;5.85;0.0;0.0;55.0;27.3;35;Low;0.15
05/08/2026;17:00:00;2.172;0.42;238.16;9.12;0.0;0.0;55.0;27.0;36;Medium;0.5
05/08/2026;18:00:00;2.975;0.294;244.85;12.15;0.3;0.0;55.0;26.2;38;High;0.85
05/08/2026;19:00:00;3.609;0.329;241.49;14.94;6.8;0.0;55.0;25.5;39;High;0.85
05/08/2026;20:00:00;3.952;0.655;241.33;16.38;17.6;0.0;55.0;25.1;39;High;0.85
05/08/2026;21:00:00;7.084;0.589;237.99;29.77;21.8;0.0;55.0;24.7;38;High;0.85
05/08/2026;22:00:00;2.666;0.423;238.56;11.18;0.0;0.0;55.0;22.5;49;High;0.85
05/08/2026;23:00:00;1.839;0.121;239.88;7.67;0.0;0.0;55.0;21.7;50;Medium;0.5
06/08/2026;00:00:00;0.426;0.066;234.5;1.82;0.0;0.0;55.0;20.9;52;Low;0.15
06/08/2026;01:00:00;0.868;0.119;238.64;3.64;0.0;0.0;55.0;20.0;54;Low;0.15
06/08/2026;02:00:00;0.492;0.034;240.01;2.05;0.0;0.0;55.0;18.4;61;Low;0.15
06/08/2026;03:00:00;0.606;0.097;243.67;2.49;0.0;0.0;55.0;18.2;63;Low;0.15
06/08/2026;04:00:00;0.707;0.089;238.27;2.97;0.0;0.0;55.0;17.7;64;Low;0.15
06/08/2026;05:00:00;0.878;0.076;242.27;3.62;0.0;0.0;55.0;17.1;67;Low;0.15
06/08/2026;06:00:00;1.725;0.19;234.23;7.36;0.0;0.0;55.0;16.7;70;Medium;0.5
06/08/2026;07:00:00;2.18;0.291;243.27;8.96;0.0;4.6;55.0;16.2;73;Medium;0.5
06/08/2026;08:00:00;2.651;0.174;237.48;11.16;0.0;4.1;55.0;16.6;74;Medium;0.5
06/08/2026;09:00:00;2.228;0.474;240.36;9.27;0.0;18.9;55.0;17.6;70;Medium;0.5
06/08/2026;10:00:00;1.391;0.227;241.14;5.77;0.0;0.0;55.0;19.1;63;Low;0.15
06/08/2026;11:00:00;0.886;0.06;240.59;3.68;0.0;0.0;55.0;20.8;54;Low;0.15
06/08/2026;12:00:00;0.729;0.138;239.7;3.04;0.0;0.0;55.0;22.1;47;Low;0.15
06/08/2026;13:00:00;0.707;0.074;236.52;2.99;0.0;0.0;55.0;23.1;42;Low;0.15
06/08/2026;14:00:00;0.807;0.122;237.51;3.4;0.0;0.0;55.0;24.1;40;Low;0.15
06/08/2026;15:00:00;1.013;0.098;242.79;4.17;0.0;0.0;55.0;24.7;37;Low;0.15
06/08/2026;16:00:00;1.306;0.228;238.33;5.48;0.0;0.0;55.0;24.8;36;Low;0.15
06/08/2026;17:00:00;1.852;0.32;239.71;7.73;0.0;0.0;55.0;24.6;34;Medium;0.5
06/08/2026;18:00:00;2.772;0.399;235.82;11.76;1.1;0.0;55.0;24.7;31;High;0.85
06/08/2026;19:00:00;3.567;0.324;242.4;14.71;2.0;0.0;55.0;24.5;31;High;0.85
06/08/2026;20:00:00;3.744;0.349;236.31;15.84;8.2;0.0;55.0;24.0;32;High;0.85
06/08/2026;21:00:00;3.445;0.396;242.56;14.2;10.4;0.0;55.0;22.7;36;High;0.85
06/08/2026;22:00:00;2.553;0.191;237.02;10.77;0.0;0.0;55.0;21.1;42;High;0.85
06/08/2026;23:00:00;1.526;0.164;242.84;6.28;0.0;0.0;55.0;19.6;48;Medium;0.5
07/08/2026;00:00:00;0.609;0.101;240.03;2.54;0.0;0.0;55.0;18.6;51;Low;0.15
07/08/2026;01:00:00;0.586;0.112;238.44;2.46;0.0;0.0;55.0;17.8;53;Low;0.15
07/08/2026;02:00:00;0.655;0.07;244.48;2.68;0.0;0.0;55.0;15.9;59;Low;0.15
07/08/2026;03:00:00;0.605;0.054;239.81;2.52;0.0;0.0;55.0;15.0;62;Low;0.15
07/08/2026;04:00:00;0.827;0.158;238.99;3.46;0.0;0.0;55.0;14.3;66;Low;0.15
07/08/2026;05:00:00;4.442;0.895;242.55;18.31;0.0;0.0;55.0;13.7;70;Low;0.15
07/08/2026;06:00:00;1.747;0.209;235.85;7.41;0.0;0.0;55.0;13.2;73;Medium;0.5
07/08/2026;07:00:00;2.428;0.133;232.92;10.42;0.0;2.9;55.0;12.9;76;Medium;0.5
07/08/2026;08:00:00;2.722;0.458;243.24;11.19;0.0;1.9;55.0;13.7;75;Medium;0.5
07/08/2026;09:00:00;2.284;0.419;237.66;9.61;0.0;7.2;55.0;15.9;66;Medium;0.5
07/08/2026;10:00:00;1.412;0.075;242.42;5.83;0.0;0.0;55.0;18.4;54;Low;0.15
07/08/2026;11:00:00;0.813;0.123;240.13;3.39;0.0;0.0;55.0;20.3;47;Low;0.15
07/08/2026;12:00:00;0.852;0.128;236.74;3.6;0.0;0.0;55.0;21.9;41;Low;0.15
07/08/2026;13:00:00;0.739;0.084;241.7;3.06;0.0;0.0;55.0;23.1;36;Low;0.15
07/08/2026;14:00:00;0.791;0.14;238.85;3.31;0.0;0.0;55.0;24.9;28;Low;0.15
07/08/2026;15:00:00;1.115;0.137;236.98;4.7;0.0;0.0;55.0;26.1;24;Low;0.15
07/08/2026;16:00:00;1.278;0.211;237.06;5.39;0.0;0.0;55.0;26.7;24;Low;0.15
07/08/2026;17:00:00;2.163;0.298;235.15;9.2;0.0;0.0;55.0;26.9;24;Medium;0.5
07/08/2026;18:00:00;3.24;0.299;241.13;13.44;19.1;0.0;55.0;26.7;26;High;0.85
07/08/2026;19:00:00;3.547;0.543;237.38;14.94;4.8;0.0;55.0;26.0;28;High;0.85
07/08/2026;20:00:00;3.909;0.685;239.9;16.29;1.6;0.0;55.0;25.6;27;High;0.85
07/08/2026;21:00:00;3.338;0.72;239.49;13.94;13.9;0.0;55.0;24.6;29;High;0.85
07/08/2026;22:00:00;2.809;0.322;237.36;11.83;0.0;0.0;55.0;23.5;32;High;0.85
07/08/2026;23:00:00;1.648;0.1;235.74;6.99;0.0;0.0;55.0;22.4;36;Medium;0.5
08/08/2026;00:00:00;0.6;0.131;247.09;2.43;0.0;0.0;55.0;21.4;38;Low;0.15
08/08/2026;01:00:00;0.552;0.086;239.86;2.3;0.0;0.0;55.0;20.6;41;Low;0.15
08/08/2026;02:00:00;0.736;0.155;245.11;3.0;0.0;0.0;55.0;18.4;49;Low;0.15
08/08/2026;03:00:00;0.771;0.052;243.26;3.17;0.0;0.0;55.0;17.8;51;Low;0.15
08/08/2026;04:00:00;0.721;0.078;239.1;3.01;0.0;0.0;55.0;17.0;54;Low;0.15
08/08/2026;05:00:00;0.841;0.061;240.51;3.5;0.0;0.0;55.0;16.2;57;Low;0.15
08/08/2026;06:00:00;1.888;0.363;240.43;7.85;0.0;0.0;55.0;15.6;59;Medium;0.5
08/08/2026;07:00:00;2.415;0.482;245.16;9.85;0.0;7.9;55.0;15.3;61;Medium;0.5
08/08/2026;08:00:00;4.664;0.631;242.32;19.25;0.0;2.5;55.0;16.2;58;Medium;0.5
08/08/2026;09:00:00;2.536;0.207;237.74;10.67;0.0;17.3;55.0;18.1;51;Medium;0.5
08/08/2026;10:00:00;1.618;0.116;240.98;6.72;0.0;0.0;55.0;20.4;44;Medium;0.5
08/08/2026;11:00:00;1.623;0.243;242.25;6.7;0.0;0.0;55.0;22.9;37;High;0.85
08/08/2026;12:00:00;1.454;0.198;236.71;6.14;0.0;0.0;55.0;25.1;31;High;0.85
08/08/2026;13:00:00;1.645;0.277;241.38;6.82;0.0;0.0;55.0;26.8;27;High;0.85
08/08/2026;14:00:00;1.895;0.193;243.77;7.77;0.0;0.0;55.0;28.7;23;High;0.85
08/08/2026;15:00:00;1.812;0.215;237.6;7.63;0.0;0.0;55.0;29.8;21;High;0.85
08/08/2026;16:00:00;1.922;0.103;237.99;8.08;0.0;0.0;55.0;30.5;20;Medium;0.5
08/08/2026;17:00:00;2.533;0.389;243.25;10.42;0.0;0.0;55.0;31.0;19;Medium;0.5
08/08/2026;18:00:00;3.743;0.456;239.01;15.66;1.4;0.0;55.0;31.1;18;High;0.85
08/08/2026;19:00:00;4.261;0.879;237.25;17.96;22.6;0.0;55.0;30.8;18;High;0.85
08/08/2026;20:00:00;4.584;0.729;242.47;18.91;0.5;0.0;55.0;30.7;17;High;0.85
08/08/2026;21:00:00;4.263;0.502;241.62;17.64;20.1;0.0;55.0;29.4;20;High;0.85
08/08/2026;22:00:00;3.292;0.312;240.26;13.7;0.0;0.0;55.0;28.1;24;High;0.85
08/08/2026;23:00:00;2.196;0.448;243.15;9.03;0.0;0.0;55.0;26.5;25;Medium;0.5
09/08/2026;00:00:00;0.787;0.042;243.35;3.24;0.0;0.0;55.0;25.5;28;Low;0.15
09/08/2026;01:00:00;1.092;0.115;239.77;4.55;0.0;0.0;55.0;24.6;30;Low;0.15
09/08/2026;02:00:00;0.536;0.113;245.53;2.18;0.0;0.0;55.0;22.1;39;Low;0.15
09/08/2026;03:00:00;0.638;0.103;244.43;2.61;0.0;0.0;55.0;21.4;41;Low;0.15
09/08/2026;04:00:00;0.715;0.101;234.44;3.05;0.0;0.0;55.0;20.7;44;Low;0.15
09/08/2026;05:00:00;1.118;0.095;237.12;4.72;0.0;0.0;55.0;20.3;45;Low;0.15
09/08/2026;06:00:00;1.596;0.306;233.69;6.83;0.0;0.0;55.0;20.0;46;Medium;0.5
09/08/2026;07:00:00;2.689;0.228;239.09;11.25;0.0;3.9;55.0;20.2;45;Medium;0.5
09/08/2026;08:00:00;2.956;0.273;236.61;12.49;0.0;2.8;55.0;19.6;52;Medium;0.5
09/08/2026;09:00:00;6.032;0.498;237.72;25.38;0.0;1.7;55.0;21.2;46;Medium;0.5
09/08/2026;10:00:00;1.71;0.131;243.05;7.04;0.0;0.0;55.0;23.0;38;Medium;0.5
09/08/2026;11:00:00;1.653;0.351;235.09;7.03;0.0;0.0;55.0;23.8;35;High;0.85
09/08/2026;12:00:00;1.596;0.243;240.36;6.64;0.0;0.0;55.0;27.3;29;High;0.85
09/08/2026;13:00:00;1.944;0.308;240.35;8.09;0.0;0.0;55.0;29.7;26;High;0.85
09/08/2026;14:00:00;1.666;0.354;239.77;6.95;0.0;0.0;55.0;28.8;30;High;0.85
09/08/2026;15:00:00;2.033;0.181;240.37;8.46;0.0;0.0;55.0;31.2;26;High;0.85
09/08/2026;16:00:00;2.067;0.105;233.75;8.84;0.0;0.0;55.0;32.3;24;Medium;0.5
09/08/2026;17:00:00;6.094;0.925;237.73;25.63;0.0;0.0;55.0;32.9;23;Medium;0.5
09/08/2026;18:00:00;3.808;0.519;244.32;15.58;8.2;0.0;55.0;32.9;24;High;0.85
09/08/2026;19:00:00;4.525;0.594;236.65;19.12;17.4;0.0;55.0;32.6;24;High;0.85
09/08/2026;20:00:00;4.876;0.295;244.67;19.93;6.8;0.0;55.0;32.1;25;High;0.85
09/08/2026;21:00:00;4.173;0.531;236.06;17.68;7.1;0.0;55.0;31.1;29;High;0.85
09/08/2026;22:00:00;3.608;0.357;235.72;15.31;0.0;0.0;55.0;30.0;32;High;0.85
09/08/2026;23:00:00;2.52;0.244;237.34;10.62;0.0;0.0;55.0;27.6;40;Medium;0.5
10/08/2026;00:00:00;0.897;0.079;243.16;3.69;0.0;0.0;55.0;25.5;48;Low;0.15
10/08/2026;01:00:00;1.076;0.115;238.47;4.51;0.0;0.0;55.0;24.8;49;Low;0.15
10/08/2026;02:00:00;0.717;0.079;240.97;2.97;0.0;0.0;55.0;23.0;53;Low;0.15
10/08/2026;03:00:00;0.548;0.056;240.21;2.28;0.0;0.0;55.0;22.2;56;Low;0.15
10/08/2026;04:00:00;0.68;0.147;239.85;2.84;0.0;0.0;55.0;21.2;58;Low;0.15
10/08/2026;05:00:00;0.997;0.208;243.57;4.09;0.0;0.0;55.0;20.3;60;Low;0.15
10/08/2026;06:00:00;1.54;0.227;242.16;6.36;0.0;0.0;55.0;19.7;62;Medium;0.5
10/08/2026;07:00:00;2.226;0.483;236.8;9.4;0.0;2.9;55.0;19.1;65;Medium;0.5
10/08/2026;08:00:00;2.684;0.587;239.23;11.22;0.0;9.0;55.0;19.3;67;Medium;0.5
10/08/2026;09:00:00;2.287;0.253;244.88;9.34;0.0;3.2;55.0;20.9;63;Medium;0.5
10/08/2026;10:00:00;1.492;0.188;240.89;6.19;0.0;0.0;55.0;22.9;57;Low;0.15
10/08/2026;11:00:00;1.156;0.246;235.78;4.9;0.0;0.0;55.0;25.0;50;Low;0.15
10/08/2026;12:00:00;1.152;0.177;235.98;4.88;0.0;0.0;55.0;26.9;42;Low;0.15
10/08/2026;13:00:00;1.135;0.098;242.49;4.68;0.0;0.0;55.0;28.3;37;Low;0.15
10/08/2026;14:00:00;1.345;0.225;241.97;5.56;0.0;0.0;55.0;29.9;32;Low;0.15
10/08/2026;15:00:00;1.387;0.118;237.42;5.84;0.0;0.0;55.0;30.9;29;Low;0.15
10/08/2026;16:00:00;1.852;0.199;242.09;7.65;0.0;0.0;55.0;31.2;28;Low;0.15
10/08/2026;17:00:00;2.385;0.211;244.48;9.75;0.0;0.0;55.0;31.3;29;Medium;0.5
10/08/2026;18:00:00;3.484;0.319;244.08;14.27;9.3;0.0;55.0;31.1;30;High;0.85
10/08/2026;19:00:00;3.962;0.201;244.49;16.21;16.7;0.0;55.0;30.5;31;High;0.85
10/08/2026;20:00:00;4.248;0.848;241.56;17.58;16.7;0.0;55.0;30.0;30;High;0.85
10/08/2026;21:00:00;3.8;0.381;239.5;15.87;1.4;0.0;55.0;28.8;31;High;0.85
10/08/2026;22:00:00;2.966;0.192;238.87;12.41;0.0;0.0;55.0;27.3;33;High;0.85
10/08/2026;23:00:00;1.826;0.118;239.95;7.61;0.0;0.0;55.0;25.7;39;Medium;0.5
11/08/2026;00:00:00;0.725;0.105;237.55;3.05;0.0;0.0;55.0;24.1;48;Low;0.15
11/08/2026;01:00:00;0.718;0.157;238.99;3.0;0.0;0.0;55.0;23.1;53;Low;0.15
11/08/2026;02:00:00;0.684;0.051;243.57;2.81;0.0;0.0;55.0;21.4;60;Low;0.15
11/08/2026;03:00:00;0.77;0.052;235.49;3.27;0.0;0.0;55.0;20.7;63;Low;0.15
11/08/2026;04:00:00;0.666;0.083;235.69;2.83;0.0;0.0;55.0;20.0;66;Low;0.15
11/08/2026;05:00:00;0.804;0.117;242.33;3.32;0.0;0.0;55.0;19.5;68;Low;0.15
11/08/2026;06:00:00;1.48;0.148;239.02;6.19;0.0;0.0;55.0;18.9;70;Medium;0.5
11/08/2026;07:00:00;2.334;0.237;234.61;9.95;0.0;18.8;55.0;18.4;71;Medium;0.5
11/08/2026;08:00:00;2.763;0.338;239.83;11.52;0.0;3.5;55.0;18.9;69;Medium;0.5
11/08/2026;09:00:00;2.413;0.25;239.43;10.08;0.0;9.4;55.0;20.7;61;Medium;0.5
11/08/2026;10:00:00;1.488;0.306;238.79;6.23;0.0;0.0;55.0;22.7;54;Low;0.15
11/08/2026;11:00:00;1.189;0.068;241.92;4.91;0.0;0.0;55.0;24.9;47;Low;0.15
11/08/2026;12:00:00;1.298;0.117;236.27;5.49;0.0;0.0;55.0;27.2;41;Low;0.15
11/08/2026;13:00:00;1.268;0.238;240.04;5.28;0.0;0.0;55.0;29.0;36;Low;0.15
11/08/2026;14:00:00;1.434;0.275;239.41;5.99;0.0;0.0;55.0;30.5;31;Low;0.15
11/08/2026;15:00:00;1.496;0.103;240.11;6.23;0.0;0.0;55.0;31.5;29;Low;0.15
11/08/2026;16:00:00;1.659;0.358;235.15;7.06;0.0;0.0;55.0;32.1;28;Low;0.15
11/08/2026;17:00:00;2.452;0.412;238.54;10.28;0.0;0.0;55.0;32.2;27;Medium;0.5
11/08/2026;18:00:00;3.442;0.332;240.06;14.34;7.0;0.0;55.0;32.0;27;High;0.85
11/08/2026;19:00:00;4.064;0.518;241.52;16.83;8.9;0.0;55.0;31.4;29;High;0.85
11/08/2026;20:00:00;4.492;0.452;245.17;18.32;12.7;0.0;55.0;30.9;29;High;0.85
11/08/2026;21:00:00;3.922;0.296;242.26;16.19;14.6;0.0;55.0;29.6;32;High;0.85
11/08/2026;22:00:00;3.257;0.324;241.29;13.5;0.0;0.0;55.0;28.2;35;High;0.85
11/08/2026;23:00:00;2.061;0.306;243.56;8.46;0.0;0.0;55.0;27.0;36;Medium;0.5
12/08/2026;00:00:00;0.927;0.177;239.15;3.88;0.0;0.0;55.0;25.7;38;Low;0.15
12/08/2026;01:00:00;2.738;0.306;244.35;11.2;0.0;0.0;55.0;24.6;40;Low;0.15
12/08/2026;02:00:00;0.669;0.073;243.13;2.75;0.0;0.0;55.0;23.0;43;Low;0.15
12/08/2026;03:00:00;0.762;0.099;238.75;3.19;0.0;0.0;55.0;22.5;42;Low;0.15
12/08/2026;04:00:00;0.712;0.114;245.39;2.9;0.0;0.0;55.0;21.9;41;Low;0.15
12/08/2026;05:00:00;0.987;0.175;241.25;4.09;0.0;0.0;55.0;21.4;41;Low;0.15
12/08/2026;06:00:00;1.642;0.173;246.14;6.67;0.0;0.0;55.0;21.0;41;Medium;0.5
12/08/2026;07:00:00;2.251;0.337;240.85;9.35;0.0;8.1;55.0;20.7;40;Medium;0.5
12/08/2026;08:00:00;2.84;0.33;238.43;11.91;0.0;14.9;55.0;21.4;38;Medium;0.5
12/08/2026;09:00:00;2.389;0.41;237.85;10.04;0.0;15.7;55.0;23.4;31;Medium;0.5
12/08/2026;10:00:00;1.766;0.138;239.0;7.39;0.0;0.0;55.0;25.6;26;Low;0.15
12/08/2026;11:00:00;1.317;0.123;238.4;5.52;0.0;0.0;55.0;27.8;23;Low;0.15
12/08/2026;12:00:00;1.431;0.175;243.56;5.87;0.0;0.0;55.0;30.1;22;Low;0.15
12/08/2026;13:00:00;1.551;0.312;239.92;6.47;0.0;0.0;55.0;31.8;21;Low;0.15
12/08/2026;14:00:00;1.631;0.24;235.48;6.92;0.0;0.0;55.0;33.5;18;Low;0.15
12/08/2026;15:00:00;1.517;0.325;240.6;6.3;0.0;0.0;55.0;34.3;16;Low;0.15
12/08/2026;16:00:00;2.021;0.137;240.35;8.41;0.0;0.0;55.0;34.9;15;Low;0.15
12/08/2026;17:00:00;2.875;0.369;238.69;12.05;0.0;0.0;55.0;35.1;15;Medium;0.5
12/08/2026;18:00:00;3.736;0.453;240.75;15.52;13.3;0.0;55.0;35.0;15;High;0.85
12/08/2026;19:00:00;4.35;0.661;239.88;18.13;8.0;0.0;55.0;34.5;16;High;0.85
12/08/2026;20:00:00;4.375;0.823;241.77;18.1;14.3;0.0;55.0;34.0;16;High;0.85
12/08/2026;21:00:00;4.057;0.783;241.61;16.79;2.0;0.0;55.0;32.3;19;High;0.85
12/08/2026;22:00:00;3.404;0.558;241.02;14.12;0.0;0.0;55.0;31.0;23;High;0.85
12/08/2026;23:00:00;2.353;0.374;236.36;9.96;0.0;0.0;55.0;29.6;28;Medium;0.5
13/08/2026;00:00:00;1.296;0.274;245.93;5.27;0.0;0.0;55.0;28.4;32;Low;0.15
13/08/2026;01:00:00;1.088;0.125;235.64;4.62;0.0;0.0;55.0;27.5;34;Low;0.15
13/08/2026;02:00:00;0.928;0.178;239.64;3.87;0.0;0.0;55.0;24.8;40;Low;0.15
13/08/2026;03:00:00;0.863;0.178;236.94;3.64;0.0;0.0;55.0;24.4;40;Low;0.15
13/08/2026;04:00:00;0.748;0.1;241.11;3.1;0.0;0.0;55.0;23.7;41;Low;0.15
13/08/2026;05:00:00;0.755;0.131;240.39;3.14;0.0;0.0;55.0;23.1;43;Low;0.15
13/08/2026;06:00:00;1.723;0.197;239.53;7.19;0.0;0.0;55.0;22.7;43;Medium;0.5
13/08/2026;07:00:00;2.328;0.179;244.25;9.53;0.0;5.6;55.0;22.3;44;Medium;0.5
13/08/2026;08:00:00;2.635;0.395;243.1;10.84;0.0;3.4;55.0;22.9;41;Medium;0.5
13/08/2026;09:00:00;2.38;0.199;239.08;9.96;0.0;5.2;55.0;25.2;34;Medium;0.5
13/08/2026;10:00:00;1.896;0.242;242.25;7.83;0.0;0.0;55.0;27.9;27;Low;0.15
13/08/2026;11:00:00;1.554;0.308;244.38;6.36;0.0;0.0;55.0;30.6;23;Low;0.15
13/08/2026;12:00:00;1.64;0.106;243.08;6.74;0.0;0.0;55.0;32.9;20;Low;0.15
13/08/2026;13:00:00;1.877;0.104;239.62;7.83;0.0;0.0;55.0;34.7;19;Low;0.15
13/08/2026;14:00:00;1.612;0.247;235.55;6.84;0.0;0.0;55.0;36.2;17;Low;0.15
13/08/2026;15:00:00;1.906;0.203;240.91;7.91;0.0;0.0;55.0;37.1;16;Low;0.15
13/08/2026;16:00:00;2.206;0.267;241.87;9.12;0.0;0.0;55.0;37.5;15;Low;0.15
13/08/2026;17:00:00;3.098;0.369;237.85;13.02;0.0;0.0;55.0;37.6;15;Medium;0.5
13/08/2026;18:00:00;3.704;0.24;240.06;15.43;3.1;0.0;55.0;37.3;15;High;0.85
13/08/2026;19:00:00;4.683;0.237;239.77;19.53;6.1;0.0;55.0;36.8;15;High;0.85
13/08/2026;20:00:00;4.745;0.962;243.89;19.46;1.9;0.0;55.0;36.3;15;High;0.85
13/08/2026;21:00:00;6.328;0.551;245.19;25.81;18.8;0.0;55.0;34.9;17;High;0.85
13/08/2026;22:00:00;3.527;0.432;243.29;14.5;0.0;0.0;55.0;33.3;19;High;0.85
13/08/2026;23:00:00;2.461;0.53;239.76;10.26;0.0;0.0;55.0;32.0;21;Medium;0.5
14/08/2026;00:00:00;1.487;0.283;243.21;6.12;0.0;0.0;55.0;31.0;24;Low;0.15
14/08/2026;01:00:00;1.22;0.083;241.82;5.04;0.0;0.0;55.0;30.3;25;Low;0.15
14/08/2026;02:00:00;1.09;0.149;239.79;4.54;0.0;0.0;55.0;26.9;31;Low;0.15
14/08/2026;03:00:00;0.959;0.167;245.86;3.9;0.0;0.0;55.0;26.1;33;Low;0.15
14/08/2026;04:00:00;0.907;0.153;237.93;3.81;0.0;0.0;55.0;25.4;36;Low;0.15
14/08/2026;05:00:00;1.391;0.249;241.69;5.76;0.0;0.0;55.0;25.0;38;Low;0.15
14/08/2026;06:00:00;1.85;0.236;242.35;7.63;0.0;0.0;55.0;24.3;39;Medium;0.5
14/08/2026;07:00:00;2.484;0.198;239.2;10.38;0.0;5.9;55.0;23.7;41;Medium;0.5
14/08/2026;08:00:00;2.883;0.372;241.57;11.93;0.0;10.6;55.0;23.8;40;Medium;0.5
14/08/2026;09:00:00;2.48;0.397;242.65;10.22;0.0;9.4;55.0;26.2;34;Medium;0.5
14/08/2026;10:00:00;2.121;0.325;240.68;8.81;0.0;0.0;55.0;29.3;28;Low;0.15
14/08/2026;11:00:00;1.514;0.094;241.32;6.27;0.0;0.0;55.0;32.9;22;Low;0.15
14/08/2026;12:00:00;1.691;0.103;240.3;7.04;0.0;0.0;55.0;35.2;18;Low;0.15
14/08/2026;13:00:00;1.796;0.385;242.23;7.42;0.0;0.0;55.0;36.6;17;Low;0.15
14/08/2026;14:00:00;2.004;0.152;239.36;8.37;0.0;0.0;55.0;37.7;16;Low;0.15
14/08/2026;15:00:00;2.086;0.209;239.13;8.72;0.0;0.0;55.0;38.2;16;Low;0.15
14/08/2026;16:00:00;2.339;0.422;240.06;9.74;0.0;0.0;55.0;39.1;16;Low;0.15
14/08/2026;17:00:00;3.063;0.366;243.31;12.59;0.0;0.0;55.0;39.0;16;Medium;0.5
14/08/2026;18:00:00;3.897;0.315;235.11;16.58;18.5;0.0;55.0;38.9;16;High;0.85
14/08/2026;19:00:00;4.428;0.573;237.45;18.65;5.9;0.0;55.0;37.9;17;High;0.85
14/08/2026;20:00:00;4.932;0.724;246.37;20.02;8.0;0.0;55.0;37.9;15;High;0.85
14/08/2026;21:00:00;4.407;0.56;240.77;18.3;19.7;0.0;55.0;34.9;23;High;0.85
14/08/2026;22:00:00;3.73;0.769;238.86;15.61;0.0;0.0;55.0;33.6;26;High;0.85
14/08/2026;23:00:00;2.353;0.232;242.23;9.71;0.0;0.0;55.0;31.1;34;Medium;0.5
15/08/2026;00:00:00;1.316;0.214;237.8;5.53;0.0;0.0;55.0;29.3;36;Low;0.15
15/08/2026;01:00:00;1.05;0.073;234.11;4.49;0.0;0.0;55.0;27.2;40;Low;0.15
15/08/2026;02:00:00;0.942;0.11;240.99;3.91;0.0;0.0;55.0;24.0;60;Low;0.15
15/08/2026;03:00:00;0.82;0.144;237.95;3.45;0.0;0.0;55.0;22.6;62;Low;0.15
15/08/2026;04:00:00;0.739;0.065;240.28;3.08;0.0;0.0;55.0;21.6;71;Low;0.15
15/08/2026;05:00:00;0.893;0.134;240.92;3.71;0.0;0.0;55.0;21.1;76;Low;0.15
15/08/2026;06:00:00;1.825;0.139;240.4;7.59;0.0;0.0;55.0;21.1;80;Medium;0.5
15/08/2026;07:00:00;2.555;0.172;235.21;10.86;0.0;8.3;55.0;20.8;80;Medium;0.5
15/08/2026;08:00:00;2.812;0.391;240.07;11.71;0.0;10.1;55.0;21.2;83;Medium;0.5
15/08/2026;09:00:00;2.358;0.388;241.24;9.77;0.0;17.5;55.0;21.8;80;Medium;0.5
15/08/2026;10:00:00;1.956;0.135;236.08;8.28;0.0;0.0;55.0;25.2;62;Medium;0.5
15/08/2026;11:00:00;1.996;0.411;235.75;8.47;0.0;0.0;55.0;26.9;54;High;0.85
15/08/2026;12:00:00;1.807;0.16;237.01;7.62;0.0;0.0;55.0;27.6;52;High;0.85
15/08/2026;13:00:00;1.61;0.113;242.09;6.65;0.0;0.0;55.0;28.5;49;High;0.85
15/08/2026;14:00:00;1.726;0.146;234.4;7.36;0.0;0.0;55.0;29.8;46;High;0.85
15/08/2026;15:00:00;2.012;0.159;242.32;8.3;0.0;0.0;55.0;29.2;47;High;0.85
15/08/2026;16:00:00;1.745;0.114;241.1;7.24;0.0;0.0;55.0;29.0;48;Medium;0.5
15/08/2026;17:00:00;4.456;0.827;239.28;18.62;0.0;0.0;55.0;29.3;48;Medium;0.5
15/08/2026;18:00:00;3.4;0.456;235.85;14.42;14.2;0.0;55.0;29.5;46;High;0.85
15/08/2026;19:00:00;4.369;0.507;237.77;18.37;0.1;0.0;55.0;29.3;48;High;0.85
15/08/2026;20:00:00;4.414;0.934;242.19;18.23;0.4;0.0;55.0;28.8;51;High;0.85
15/08/2026;21:00:00;4.186;0.473;243.52;17.19;3.6;0.0;55.0;27.6;58;High;0.85
15/08/2026;22:00:00;3.256;0.255;237.11;13.73;0.0;0.0;55.0;26.7;61;High;0.85
15/08/2026;23:00:00;4.126;0.399;243.2;16.97;0.0;0.0;55.0;25.5;66;Medium;0.5
16/08/2026;00:00:00;0.633;0.057;241.92;2.62;0.0;0.0;55.0;24.1;73;Low;0.15
16/08/2026;01:00:00;0.546;0.074;239.98;2.28;0.0;0.0;55.0;23.3;77;Low;0.15
16/08/2026;02:00:00;0.641;0.064;237.93;2.69;0.0;0.0;55.0;21.6;89;Low;0.15
16/08/2026;03:00:00;0.695;0.096;238.37;2.91;0.0;0.0;55.0;21.2;92;Low;0.15
16/08/2026;04:00:00;0.606;0.099;245.1;2.47;0.0;0.0;55.0;21.1;90;Low;0.15
16/08/2026;05:00:00;0.818;0.149;240.5;3.4;0.0;0.0;55.0;20.8;91;Low;0.15
16/08/2026;06:00:00;3.785;0.646;243.72;15.53;0.0;0.0;55.0;20.4;92;Medium;0.5
16/08/2026;07:00:00;2.547;0.216;240.68;10.58;0.0;9.9;55.0;20.0;93;Medium;0.5
16/08/2026;08:00:00;2.866;0.2;238.73;12.01;0.0;0.6;55.0;20.1;91;Medium;0.5
16/08/2026;09:00:00;2.568;0.365;241.64;10.63;0.0;6.3;55.0;21.4;83;Medium;0.5
16/08/2026;10:00:00;1.683;0.141;246.04;6.84;0.0;0.0;55.0;22.9;75;Medium;0.5
16/08/2026;11:00:00;1.625;0.105;238.2;6.82;0.0;0.0;55.0;24.6;67;High;0.85
16/08/2026;12:00:00;1.785;0.249;242.56;7.36;0.0;0.0;55.0;26.7;57;High;0.85
16/08/2026;13:00:00;1.68;0.177;240.53;6.98;0.0;0.0;55.0;27.9;51;High;0.85
16/08/2026;14:00:00;1.783;0.318;235.94;7.56;0.0;0.0;55.0;28.9;47;High;0.85
16/08/2026;15:00:00;2.163;0.224;235.88;9.17;0.0;0.0;55.0;29.8;45;High;0.85
16/08/2026;16:00:00;1.799;0.389;238.73;7.53;0.0;0.0;55.0;30.0;44;Medium;0.5
16/08/2026;17:00:00;2.541;0.455;240.97;10.54;0.0;0.0;55.0;30.0;44;Medium;0.5
16/08/2026;18:00:00;5.604;0.335;242.46;23.11;11.7;0.0;55.0;29.2;46;High;0.85
16/08/2026;19:00:00;4.183;0.571;235.6;17.75;13.0;0.0;55.0;29.4;44;High;0.85
16/08/2026;20:00:00;4.553;0.663;241.83;18.83;24.7;0.0;55.0;28.5;44;High;0.85
16/08/2026;21:00:00;4.021;0.676;239.67;16.78;21.9;0.0;55.0;28.2;44;High;0.85
16/08/2026;22:00:00;3.233;0.435;240.01;13.47;0.0;0.0;55.0;27.5;45;High;0.85
16/08/2026;23:00:00;2.212;0.292;241.65;9.15;0.0;0.0;55.0;26.4;48;Medium;0.5
17/08/2026;00:00:00;1.022;0.115;244.89;4.17;0.0;0.0;55.0;25.5;50;Low;0.15
17/08/2026;01:00:00;0.959;0.092;240.85;3.98;0.0;0.0;55.0;24.3;53;Low;0.15
17/08/2026;02:00:00;0.868;0.183;236.2;3.67;0.0;0.0;55.0;22.6;60;Low;0.15
17/08/2026;03:00:00;0.67;0.07;239.48;2.8;0.0;0.0;55.0;22.1;64;Low;0.15
17/08/2026;04:00:00;0.83;0.05;242.39;3.43;0.0;0.0;55.0;21.8;67;Low;0.15
17/08/2026;05:00:00;0.858;0.067;242.48;3.54;0.0;0.0;55.0;21.3;71;Low;0.15
17/08/2026;06:00:00;1.714;0.336;241.86;7.09;0.0;0.0;55.0;20.9;72;Medium;0.5
17/08/2026;07:00:00;2.307;0.345;238.57;9.67;0.0;17.7;55.0;20.5;73;Medium;0.5
17/08/2026;08:00:00;2.67;0.487;236.17;11.3;0.0;10.2;55.0;20.4;72;Medium;0.5
17/08/2026;09:00:00;2.329;0.437;241.65;9.64;0.0;19.1;55.0;21.7;63;Medium;0.5
17/08/2026;10:00:00;1.257;0.239;236.6;5.31;0.0;0.0;55.0;22.7;57;Low;0.15
17/08/2026;11:00:00;0.988;0.142;241.94;4.08;0.0;0.0;55.0;24.6;49;Low;0.15
17/08/2026;12:00:00;1.01;0.081;241.94;4.18;0.0;0.0;55.0;25.6;48;Low;0.15
17/08/2026;13:00:00;0.906;0.068;238.69;3.79;0.0;0.0;55.0;27.0;43;Low;0.15
17/08/2026;14:00:00;1.229;0.181;239.69;5.13;0.0;0.0;55.0;27.7;42;Low;0.15
17/08/2026;15:00:00;1.439;0.162;240.56;5.98;0.0;0.0;55.0;29.3;37;Low;0.15
17/08/2026;16:00:00;1.612;0.234;238.28;6.77;0.0;0.0;55.0;29.4;36;Low;0.15
17/08/2026;17:00:00;2.144;0.289;236.13;9.08;0.0;0.0;55.0;28.9;37;Medium;0.5
17/08/2026;18:00:00;3.293;0.502;239.89;13.73;17.8;0.0;55.0;28.4;38;High;0.85
17/08/2026;19:00:00;3.909;0.217;240.18;16.28;5.9;0.0;55.0;27.0;45;High;0.85
17/08/2026;20:00:00;3.994;0.222;243.81;16.38;9.9;0.0;55.0;26.9;43;High;0.85
17/08/2026;21:00:00;3.653;0.631;237.81;15.36;7.1;0.0;55.0;25.7;49;High;0.85
17/08/2026;22:00:00;2.879;0.239;242.99;11.85;0.0;0.0;55.0;24.7;54;High;0.85
17/08/2026;23:00:00;1.893;0.305;236.79;8.0;0.0;0.0;55.0;23.7;59;Medium;0.5
18/08/2026;00:00:00;0.747;0.107;236.24;3.16;0.0;0.0;55.0;23.2;61;Low;0.15
18/08/2026;01:00:00;0.691;0.15;239.16;2.89;0.0;0.0;55.0;22.4;66;Low;0.15
18/08/2026;02:00:00;0.754;0.145;237.37;3.18;0.0;0.0;55.0;20.8;74;Low;0.15
18/08/2026;03:00:00;0.904;0.109;236.2;3.83;0.0;0.0;55.0;20.5;77;Low;0.15
18/08/2026;04:00:00;0.571;0.088;245.44;2.33;0.0;0.0;55.0;20.0;80;Low;0.15
18/08/2026;05:00:00;0.882;0.062;238.74;3.7;0.0;0.0;55.0;19.6;82;Low;0.15
18/08/2026;06:00:00;1.506;0.174;246.47;6.11;0.0;0.0;55.0;19.3;83;Medium;0.5
18/08/2026;07:00:00;2.445;0.427;237.21;10.31;0.0;0.4;55.0;19.3;82;Medium;0.5
18/08/2026;08:00:00;6.066;0.945;235.22;25.79;0.0;5.6;55.0;19.6;78;Medium;0.5
18/08/2026;09:00:00;2.142;0.284;243.62;8.79;0.0;3.2;55.0;20.1;72;Medium;0.5
18/08/2026;10:00:00;1.425;0.114;237.97;5.99;0.0;0.0;55.0;21.2;65;Low;0.15
18/08/2026;11:00:00;1.139;0.212;240.39;4.74;0.0;0.0;55.0;22.9;57;Low;0.15
18/08/2026;12:00:00;0.986;0.095;236.2;4.18;0.0;0.0;55.0;24.6;51;Low;0.15
18/08/2026;13:00:00;1.031;0.195;239.89;4.3;0.0;0.0;55.0;26.2;47;Low;0.15
18/08/2026;14:00:00;1.059;0.163;236.16;4.48;0.0;0.0;55.0;26.1;52;Low;0.15
18/08/2026;15:00:00;1.245;0.141;239.79;5.19;0.0;0.0;55.0;26.2;55;Low;0.15
18/08/2026;16:00:00;1.316;0.075;238.67;5.51;0.0;0.0;55.0;27.2;51;Low;0.15
18/08/2026;17:00:00;2.149;0.192;240.64;8.93;0.0;0.0;55.0;27.7;48;Medium;0.5
18/08/2026;18:00:00;3.054;0.614;241.75;12.63;9.2;0.0;55.0;27.7;48;High;0.85
18/08/2026;19:00:00;3.541;0.669;240.68;14.71;24.3;0.0;55.0;26.4;53;High;0.85
18/08/2026;20:00:00;3.795;0.561;241.26;15.73;17.7;0.0;55.0;25.0;59;High;0.85
18/08/2026;21:00:00;3.592;0.464;239.69;14.99;9.3;0.0;55.0;24.2;63;High;0.85
18/08/2026;22:00:00;2.844;0.455;238.78;11.91;0.0;0.0;55.0;23.8;66;High;0.85
18/08/2026;23:00:00;1.873;0.242;241.32;7.76;0.0;0.0;55.0;23.3;69;Medium;0.5
19/08/2026;00:00:00;0.765;0.122;239.69;3.19;0.0;0.0;55.0;23.1;71;Low;0.15
19/08/2026;01:00:00;0.755;0.077;239.79;3.15;0.0;0.0;55.0;22.5;74;Low;0.15
19/08/2026;02:00:00;0.583;0.112;241.11;2.42;0.0;0.0;55.0;21.2;83;Low;0.15
19/08/2026;03:00:00;0.638;0.108;237.11;2.69;0.0;0.0;55.0;21.6;80;Low;0.15
19/08/2026;04:00:00;0.73;0.077;244.0;2.99;0.0;0.0;55.0;21.3;84;Low;0.15
19/08/2026;05:00:00;0.92;0.176;239.3;3.85;0.0;0.0;55.0;21.1;85;Low;0.15
19/08/2026;06:00:00;3.656;0.486;240.35;15.21;0.0;0.0;55.0;20.8;85;Medium;0.5
19/08/2026;07:00:00;2.272;0.181;239.88;9.47;0.0;2.6;55.0;20.2;89;Medium;0.5
19/08/2026;08:00:00;2.587;0.164;241.83;10.7;0.0;9.6;55.0;20.7;87;Medium;0.5
19/08/2026;09:00:00;2.602;0.44;240.95;10.8;0.0;10.5;55.0;21.1;82;Medium;0.5
19/08/2026;10:00:00;1.476;0.291;239.86;6.15;0.0;0.0;55.0;22.3;73;Low;0.15
19/08/2026;11:00:00;1.078;0.202;244.06;4.42;0.0;0.0;55.0;23.8;67;Low;0.15
19/08/2026;12:00:00;0.961;0.155;231.03;4.16;0.0;0.0;55.0;25.4;59;Low;0.15
19/08/2026;13:00:00;4.521;0.335;243.48;18.57;0.0;0.0;55.0;26.9;52;Low;0.15
19/08/2026;14:00:00;1.125;0.074;242.58;4.64;0.0;0.0;55.0;27.6;47;Low;0.15
19/08/2026;15:00:00;1.245;0.135;234.86;5.3;0.0;0.0;55.0;27.6;46;Low;0.15
19/08/2026;16:00:00;1.255;0.245;242.6;5.17;0.0;0.0;55.0;27.7;46;Low;0.15
19/08/2026;17:00:00;2.035;0.435;242.96;8.38;0.0;0.0;55.0;28.1;43;Medium;0.5
19/08/2026;18:00:00;2.835;0.258;241.57;11.74;11.1;0.0;55.0;25.2;55;High;0.85
19/08/2026;19:00:00;3.326;0.597;235.63;14.12;1.8;0.0;55.0;21.9;78;High;0.85
19/08/2026;20:00:00;3.564;0.526;241.91;14.73;8.2;0.0;55.0;20.0;92;High;0.85
19/08/2026;21:00:00;3.453;0.191;242.82;14.22;8.8;0.0;55.0;19.6;85;High;0.85
19/08/2026;22:00:00;2.495;0.355;238.4;10.47;0.0;0.0;55.0;18.9;83;High;0.85
19/08/2026;23:00:00;1.629;0.305;241.24;6.75;0.0;0.0;55.0;18.4;82;Medium;0.5
20/08/2026;00:00:00;0.815;0.079;239.01;3.41;0.0;0.0;55.0;17.9;84;Low;0.15
20/08/2026;01:00:00;0.676;0.137;242.48;2.79;0.0;0.0;55.0;17.4;86;Low;0.15
20/08/2026;02:00:00;0.752;0.068;239.12;3.14;0.0;0.0;55.0;17.4;86;Low;0.15
20/08/2026;03:00:00;0.874;0.055;238.38;3.67;0.0;0.0;55.0;16.7;88;Low;0.15
20/08/2026;04:00:00;0.642;0.05;239.89;2.67;0.0;0.0;55.0;16.1;89;Low;0.15
20/08/2026;05:00:00;0.883;0.17;236.24;3.74;0.0;0.0;55.0;15.6;91;Low;0.15
20/08/2026;06:00:00;1.597;0.193;239.61;6.66;0.0;0.0;55.0;15.3;92;Medium;0.5
20/08/2026;07:00:00;2.091;0.388;241.01;8.67;0.0;0.3;55.0;15.2;91;Medium;0.5
20/08/2026;08:00:00;2.594;0.364;242.44;10.7;0.0;10.5;55.0;16.0;88;Medium;0.5
20/08/2026;09:00:00;2.374;0.313;240.7;9.86;0.0;0.1;55.0;17.3;78;Medium;0.5
20/08/2026;10:00:00;1.415;0.265;235.99;6.0;0.0;0.0;55.0;18.5;71;Low;0.15
20/08/2026;11:00:00;0.955;0.116;243.79;3.92;0.0;0.0;55.0;20.0;62;Low;0.15
20/08/2026;12:00:00;4.174;0.778;244.02;17.11;0.0;0.0;55.0;21.4;54;Low;0.15
20/08/2026;13:00:00;0.609;0.041;240.32;2.53;0.0;0.0;55.0;21.9;50;Low;0.15
20/08/2026;14:00:00;0.873;0.138;237.89;3.67;0.0;0.0;55.0;22.7;47;Low;0.15
20/08/2026;15:00:00;0.822;0.139;238.51;3.45;0.0;0.0;55.0;23.3;44;Low;0.15
20/08/2026;16:00:00;1.177;0.239;239.43;4.91;0.0;0.0;55.0;24.0;40;Low;0.15
20/08/2026;17:00:00;1.88;0.166;240.78;7.81;0.0;0.0;55.0;24.0;40;Medium;0.5
20/08/2026;18:00:00;2.893;0.442;239.15;12.1;0.3;0.0;55.0;23.3;44;High;0.85
20/08/2026;19:00:00;3.459;0.428;237.6;14.56;7.3;0.0;55.0;22.7;48;High;0.85
